8
21
16
-21
-46
-15
-6
7
56
78
30
23
-4
-69
-74
-21
34
76
68
47
62
60
76
37
23
-1
61
91
64
42
20
-13
-43
-5
27
53
46
86
112
142
213
221
149
99
45
84
59
-9
-33
15
53
76
65
46
41
34
32
54
48
-44
-69
-103
-114
-30
49
83
90
49
31
23
2
-9
-25
-80
-88
-90
-98
-66
-2
-32
-106
-81
-58
-32
12
37
57
53
0
18
-5
-15
-23
-16
-7
16
34
89
114
59
47
11
8
51
60
51
71
71
86
98
151
168
197
196
123
102
78
52
66
24
77
63
82
137
148
145
129
109
66
85
61
59
49
24
41
34
63
34
-15
-44
-6
6
-3
9
60
62
102
41
19
22
19
34
0
-81
-41
12
-29
-67
-73
-130
-170
-136
-36
39
-1
-24
-20
-53
-84
-63
1
25
-24
-80
-67
-58
-43
-3
-8
-103
-102
-29
41
62
11
-32
-58
-55
13
34
6
11
95
78
82
58
9
54
16
48
29
37
-10
30
14
12
10
28
22
30
7
0
53
42
14
12
-21
-25
0
5
25
26
1
13
-68
-161
-201
86
53
57
27
26
23
8
-169
-141
-102
-99
-108
-76
-83
-82
-111
-188
-77
-44
45
95
34
-2
-11
31
-13
-47
-99
-84
-54
-84
-25
-99
-98
-72
30
26
-7
4
82
-3
42
59
61
0
-43
-65
-82
59
-3
64
78
-78
-37
-53
-40
68
49
25
-41
-77
-74
-65
-109
-112
-101
-75
-60
-69
-62
-21
13
70
70
118
64
52
-22
-103
-153
-148
-166
-145
-111
-120
-101
-76
-88
-101
-87
-66
-62
-77
-21
-8
-20
-24
-45
-33
-58
-56
-64
-37
-11
33
81
57
-27
-47
-19
18
-37
-51
-102
-70
-51
9
-26
9
-51
-45
-11
-57
-42
-27
25
117
108
92
25
-5
-29
-90
-116
-218
-227
-191
-180
-112
-27
9
26
50
41
63
75
117
97
56
17
-45
-83
-79
-34
-21
-21
-46
-106
-75
-62
-52
-78
-91
-66
-64
-48
-40
-52
-104
-124
-122
-127
-129
-76
39
90
90
117
156
151
71
-3
-26
26
12
24
-8
-64
-88
-50
32
67
55
35
30
24
92
141
87
70
37
62
41
-3
-87
-94
-70
-18
-4
-33
-43
-28
9
49
33
-13
-18
-40
-9
50
30
20
15
-28
-34
-2
-16
-46
-62
-86
-84
-44
-15
31
39
78
48
22
25
27
20
37
35
-1
-9
11
-64
-97
-132
-121
-128
-160
-129
-72
-29
24
66
23
-47
-35
17
8
-21
-43
-94
-70
-35
-5
-40
-131
-169
-155
-155
-146
-142
-118
-106
-65
-21
54
80
100
100
89
7
-1
-34
-63
-88
-132
-165
-121
-73
-24
-6
46
33
4
-14
39
44
13
6
-6
19
-1
15
16
23
-23
-32
10
25
36
77
115
118
126
66
26
-47
-34
-81
-99
-138
-174
-203
-158
-94
-87
-76
-22
-25
-1
40
98
69
39
13
49
34
49
36
-24
-81
-124
-141
-129
-119
-103
-108
-63
-39
-62
-120
-107
-104
-57
-17
12
-7
-24
-1
54
116
84
18
-29
-63
-63
1
27
3
-18
-31
-7
27
35
60
52
30
20
-62
-101
-35
12
50
77
68
46
52
68
43
5
-72
-99
-93
-120
-88
-53
-46
-22
-28
-14
43
105
108
82
-2
-45
-60
-26
-1
-66
-102
-110
-79
-65
-48
-42
-38
-43
-23
35
74
141
148
147
123
122
107
75
0
-51
-45
-22
-67
-72
-40
19
2
-42
-68
-88
-53
14
92
33
2
-29
-34
-33
-97
-128
-79
-40
-5
22
51
65
88
93
164
164
76
-25
-70
-94
-90
-71
-44
-20
-65
-104
-85
-53
-24
-16
1
63
114
69
10
-33
17
2
17
46
65
59
25
36
116
119
52
-71
-104
-86
-126
-96
-66
-65
-69
-122
-124
-112
-38
1
31
55
71
19
-52
-88
-38
-2
20
32
60
6
2
26
41
-13
-70
-67
-10
-37
-43
-120
-132
-115
-88
-62
-41
6
48
54
54
69
129
125
147
162
146
90
63
31
15
51
-10
-89
-152
-132
-106
-80
-87
-49
-14
12
71
75
54
37
49
77
90
44
35
45
16
-58
-87
-120
-80
9
19
11
93
113
30
-65
-118
-105
-65
-111
-75
-6
48
90
52
56
72
115
78
38
19
41
33
50
19
-2
-56
-24
26
161
156
84
50
85
63
57
42
23
0
48
107
140
139
165
186
157
90
46
51
91
104
77
33
-42
-77
-77
-71
-70
-29
-54
-20
15
60
45
70
85
55
41
47
54
38
37
92
103
55
37
-46
-70
-53
-29
-16
3
-27
-53
-38
8
37
2
-81
-80
-92
-61
22
55
61
30
3
34
61
87
65
52
20
-12
-6
-8
-13
-61
-105
-83
-50
-87
-85
-58
-70
-57
-64
-43
17
25
25
19
-39
-58
-26
8
86
111
26
-31
-46
-5
2
-10
-18
-33
-88
-119
-67
-61
-48
-67
-29
-30
27
75
77
88
100
47
52
110
94
83
76
105
39
34
55
40
-15
-76
-106
-85
-17
-7
53
32
31
23
64
83
84
108
-40
-66
-11
77
86
67
70
17
-25
6
34
-4
-15
-2
-32
-112
-95
-49
-59
-36
-48
-86
-51
17
24
44
31
-17
-73
-104
-42
37
82
103
76
39
12
47
102
54
40
7
-54
-114
-134
-100
-20
-23
2
22
2
-15
-33
-15
0
7
20
26
14
5
-3
-23
-27
-10
14
39
38
22
19
18
-11
-4
50
74
39
53
76
77
85
105
70
62
50
63
58
3
-18
-70
-104
-156
-120
-83
-49
-50
-27
-23
-22
47
88
58
85
96
129
108
116
70
14
-36
-59
-59
-5
-33
-30
-45
-42
-14
-33
-75
-79
-33
-24
-33
-4
-3
-39
-35
10
-38
-50
-20
-16
-22
64
86
56
45
37
78
39
0
28
107
114
51
-49
-47
-76
-25
3
1
4
61
119
156
119
55
67
89
43
55
91
124
94
12
-38
-58
-44
31
61
71
26
31
33
7
-10
14
69
115
161
198
144
-36
-43
21
-58
-31
-69
-67
-53
-14
-46
-82
-88
-50
-47
-12
27
66
66
53
69
56
20
25
90
126
38
-58
-66
-7
-20
-59
-57
-22
0
-20
-14
-14
-69
-83
-35
-31
-34
-88
-110
-40
31
70
63
98
109
77
3
-29
3
-9
-45
-120
-146
-133
-125
-99
-102
-103
-114
-75
-19
51
43
40
62
77
19
-49
-60
-51
-31
-42
-42
-41
-64
-80
-27
-27
-26
-45
-93
-41
-20
-50
-49
-50
-58
-30
15
24
-17
-66
-69
-75
-62
-41
0
-16
-66
-89
-132
-177
-135
-134
-127
-82
-49
-100
-187
-195
-135
-137
-118
-94
-84
-120
-97
-51
-33
-62
3
22
33
14
-21
-35
-29
-60
-83
-52
-13
-33
-105
-149
-133
-113
-88
-55
-24
-27
-22
-15
30
33
14
-16
-20
-24
11
20
37
11
-4
-33
-45
-46
-88
-79
-52
-17
-47
-36
-15
19
29
0
-15
-9
75
123
117
100
51
11
6
-4
25
-30
-54
-77
-127
-143
-128
-114
-121
-74
-37
22
-3
-5
38
66
34
-22
-59
-90
-110
-124
-73
-18
-10
-2
-21
-3
72
101
105
104
37
-1
22
36
45
35
-8
8
42
42
8
-12
-11
47
90
112
112
76
53
11
-11
-32
0
11
-13
-44
-29
-31
-47
-65
-74
-44
-27
34
119
137
108
90
127
125
32
7
30
6
-74
-125
-91
6
35
26
32
-27
-89
-84
-79
-44
-10
20
14
-48
-137
-127
-62
-48
-26
-51
-37
-9
-78
-116
-139
-97
-96
-88
-43
-40
-36
31
54
34
-41
-49
-5
49
81
77
73
67
48
49
38
38
47
58
51
41
22
-37
-7
22
37
70
48
31
39
5
39
35
47
52
23
53
131
116
136
122
96
78
46
93
98
46
36
35
23
-2
2
40
72
114
128
70
42
37
45
89
50
58
35
7
-8
-46
-39
8
-9
-13
-62
-73
-68
-61
3
-9
-48
-50
-91
-172
-157
-84
-12
38
-9
19
82
75
39
54
95
128
103
97
72
83
68
39
31
-7
-16
-39
-26
7
74
135
155
111
85
59
61
78
48
50
42
16
29
25
13
65
130
133
97
72
70
89
88
26
-46
-35
-20
-17
-50
-29
18
59
40
66
74
59
1
-9
-24
-47
-58
-26
15
26
17
-23
27
-44
-143
-148
-125
-102
-72
-81
-79
-95
-95
-89
-3
91
152
134
106
92
102
92
66
-10
-21
-41
-41
5
36
59
27
22
4
19
7
13
30
48
56
-33
-37
-36
17
73
52
70
75
37
-20
-42
7
65
123
95
24
9
-16
18
-10
-27
28
39
96
154
65
2
38
107
117
77
93
86
12
26
49
37
39
20
-41
-66
-45
12
82
92
59
87
62
35
70
78
73
6
-31
-71
-22
73
90
99
108
145
131
89
107
120
82
-40
-50
-6
46
-18
-42
-18
-44
-29
16
58
126
137
109
64
77
68
125
150
172
208
161
109
50
49
34
28
-24
-94
-122
-32
-44
-76
-73
-27
68
84
84
74
38
66
76
72
55
41
76
99
149
180
131
107
97
140
145
94
89
70
54
90
22
-9
-22
-6
21
38
21
-12
6
45
50
-12
-44
-28
64
102
72
104
112
49
50
64
43
85
73
12
-43
-11
57
105
132
106
50
56
94
101
118
83
59
73
125
169
127
79
61
116
81
100
110
108
65
66
95
102
71
28
-18
0
34
44
107
176
173
147
54
10
28
47
21
-33
-71
-72
-73
-41
38
134
210
183
138
56
3
-14
2
20
27
57
84
77
128
165
169
143
93
47
8
18
37
40
38
26
-8
-53
-43
-52
-46
-36
-33
-36
-36
-6
51
84
85
149
140
148
168
138
79
25
-17
37
73
25
-29
-66
5
21
-18
-18
26
69
104
187
224
169
142
182
204
141
63
6
-40
-43
-13
9
8
19
4
17
83
139
104
33
-38
-85
-110
-54
0
43
51
73
81
45
-3
23
-31
-49
-41
-39
-58
-78
-96
-85
-20
59
34
21
32
7
-12
-61
-68
-27
-50
18
77
74
99
148
108
96
69
41
40
-8
-39
-1
5
7
18
-3
53
117
192
200
143
73
55
11
6
-45
-47
-4
15
77
125
87
71
58
67
50
15
-5
0
3
6
-20
-47
12
41
23
5
-6
23
41
75
103
42
3
-33
-56
-76
-92
-44
-17
-8
20
-20
-22
-23
-19
-28
-81
-117
-127
-94
-34
-96
-133
-130
-14
44
72
44
57
62
80
97
77
16
-12
50
110
98
-7
-89
-50
28
-12
-49
-9
70
133
78
7
-24
-7
17
-11
-7
-26
-88
-15
58
64
85
74
83
94
51
-8
20
-56
-117
-135
-123
-140
-150
-172
-102
-59
-35
-10
-10
38
43
-45
-5
27
35
-48
-58
-98
-151
-166
-189
-146
-73
-24
39
102
139
75
26
-77
-96
-114
-135
-110
-83
-98
-66
-24
-20
-71
-83
8
49
93
78
24
6
-37
-32
-26
4
59
158
210
179
51
-17
-87
-48
-76
-79
-93
43
82
105
81
22
-34
-16
-20
-57
-49
-82
-41
-6
-50
-62
-84
-20
-88
-96
-61
-18
-63
-127
-143
-109
-65
-35
-17
-7
-71
-112
-147
-140
-153
-115
-95
-103
-92
-41
-21
22
1
29
85
72
43
53
46
56
-5
-30
-68
-57
-34
7
14
23
16
14
0
-33
15
47
34
15
25
53
87
76
72
39
9
16
38
-23
-99
-180
-155
-98
-75
-44
13
24
54
102
38
-109
-193
-194
-144
-105
-27
28
53
14
5
15
30
-42
-77
-98
-80
-120
-36
7
-31
-66
-53
-48
-9
-5
-9
6
-2
-78
-141
-199
-185
-58
2
-54
-96
-81
-7
42
47
29
58
32
76
31
12
-67
-101
-77
-22
-66
-61
-37
-34
-50
-100
-87
-62
-94
-92
-81
-58
-46
-36
85
92
81
18
-36
-37
6
-12
-65
9
77
16
-89
-163
-124
-17
49
34
52
35
20
28
36
25
84
43
10
30
17
-1
9
-81
-54
23
4
-25
56
175
191
96
-8
-116
-245
-253
-181
-90
-46
23
42
40
55
9
-1
33
48
112
174
134
64
-10
-24
-24
48
28
11
6
-23
26
86
156
174
155
63
-14
-22
25
40
38
31
51
3
-11
36
44
102
179
137
136
71
-12
-11
27
44
35
18
22
14
-37
-52
13
12
-6
54
47
69
17
-1
37
10
-28
-3
-18
-65
-83
-23
-31
-65
-151
-161
-163
-154
-135
-72
-67
-5
12
10
-16
33
100
70
30
13
-16
-88
-15
70
80
55
-1
-49
-133
-117
-32
-21
-71
-82
-73
-28
-27
-91
14
43
-5
-32
-104
-182
-108
-7
129
181
199
195
160
118
92
83
40
-37
-87
-85
-66
-34
33
109
96
71
79
5
-24
-25
51
83
109
12
-41
-108
-149
-79
10
0
19
-62
-41
-98
-120
-91
-102
-75
-77
-63
-17
-91
-111
-82
-78
-33
-57
-17
119
130
185
143
51
-37
-64
-135
-173
-131
-64
-8
-26
-51
-74
-25
-8
-17
49
-4
-9
10
-29
-6
-27
-21
-14
-24
-33
-36
-39
-3
94
188
156
50
22
26
10
7
16
44
-63
-164
-189
-210
-161
-20
98
94
-1
-34
-26
-26
-44
-94
-77
-6
55
-16
-47
-79
-87
-36
-8
8
-12
-94
-92
-116
-154
-139
-132
-79
-52
-59
-82
-85
-9
4
73
-13
-71
-78
-28
22
76
71
101
150
105
-21
-87
-104
-69
-36
-7
-21
15
-14
-8
39
-23
28
33
97
36
-73
-101
-61
-57
11
27
-46
-78
-48
43
49
33
-25
-78
-71
-26
21
28
44
109
149
77
-1
-61
-67
-52
-20
35
-24
-104
-163
-121
-61
-108
-122
-42
-11
29
31
-34
-51
32
94
87
48
20
31
47
32
9
-59
-77
-100
-54
-113
-78
-39
-4
41
102
92
38
16
14
20
39
-12
21
66
84
81
80
11
19
57
0
-26
-23
-23
-53
-61
-97
-66
69
129
79
42
-9
-20
5
15
70
83
57
47
103
148
244
258
128
-8
-84
-80
-27
-5
-41
-29
48
-19
-33
-107
-207
-269
-187
-137
-56
29
37
81
162
149
62
70
-20
-75
-157
-165
-134
-67
-33
1
-28
-24
50
57
38
33
30
-51
-52
-63
-31
31
80
77
59
73
79
-20
22
59
113
99
131
125
94
149
177
214
151
90
121
95
58
20
64
90
36
-9
-15
47
83
118
111
34
7
83
189
216
298
293
209
57
-49
-17
23
10
14
62
112
127
117
91
73
17
3
-114
-167
-154
-165
-56
61
62
52
-1
-12
22
-2
-39
-55
-34
73
72
39
-24
-74
-14
95
101
88
69
33
130
156
102
29
-39
-45
-18
36
78
122
91
51
2
13
47
104
96
66
12
-20
-58
-100
4
101
136
139
24
-49
-102
-107
-90
-63
25
73
46
23
-19
-14
-19
9
-4
-108
-212
-237
-191
-89
17
141
166
203
135
111
45
106
116
36
-78
-113
-36
-25
39
70
36
-52
-106
-136
-142
-174
-159
-34
26
96
55
-6
-51
-56
2
-2
-6
101
188
148
54
-4
50
90
64
19
-69
-184
-150
-116
-127
-23
33
92
1
-116
-113
-126
-131
-107
-95
-67
-122
-172
-90
-36
-16
-34
-37
-11
30
56
52
36
-3
-71
-105
-57
-94
5
64
139
108
63
15
34
-58
-119
-70
-2
39
87
124
153
149
117
83
67
12
8
38
-12
-37
25
4
-19
-69
-132
-60
-68
-74
-36
-8
36
36
67
48
22
-41
12
98
126
22
-145
-114
-105
-77
-67
52
107
181
119
97
32
-4
-31
-11
19
38
88
125
97
58
49
83
74
-11
-103
-134
-112
-23
110
171
119
-10
-94
-89
-34
37
94
5
5
26
27
122
52
31
-43
-48
26
13
-63
-140
-109
-23
-22
-23
20
8
-26
11
88
59
-4
48
97
86
81
27
48
93
89
114
7
-43
45
41
22
-60
-112
-151
-102
-32
92
100
77
-2
-5
12
-23
-40
-6
31
68
28
30
68
68
30
33
73
164
127
51
-13
60
22
18
58
135
116
76
70
23
-33
-4
11
81
75
-5
-19
9
41
81
6
-54
-88
-93
-35
36
92
104
44
16
-97
-147
-100
-71
-61
-58
-57
-57
-17
-9
-24
54
143
222
132
100
27
-120
-115
-96
-18
77
113
239
297
238
190
139
64
58
55
114
58
13
25
26
82
129
25
-57
-94
-17
96
88
32
13
9
29
22
13
37
-98
-86
-84
-46
-40
-87
-137
-55
-40
-60
-87
-212
-219
-180
-98
33
97
89
30
31
27
34
47
-45
-85
-54
-111
-87
-106
-131
-140
-113
-161
-200
-199
-59
81
138
150
104
27
106
87
8
3
-9
-3
16
-77
-142
-38
20
98
170
91
76
-25
-41
-89
-88
-45
-30
-8
16
-15
-29
-13
-4
31
64
23
44
26
14
17
-5
10
-49
-21
-5
5
-3
-55
-46
-25
11
77
47
27
53
99
-15
-46
-53
-6
4
-6
-13
-1
-41
-75
-144
-241
-304
-235
-195
-13
6
11
25
-31
-141
-68
-64
-74
-42
6
35
111
171
205
107
34
11
29
78
131
213
166
127
140
176
165
91
148
60
-18
27
100
129
136
82
4
-49
-9
50
45
75
16
-24
1
-61
-99
-52
-63
30
77
98
97
84
58
-57
-129
3
-28
-81
106
135
119
87
91
-122
-127
-34
-51
63
-48
-70
-150
80
-85
64
77
72
164
173
52
-27
-89
-199
-13
-102
34
34
97
65
134
-53
-145
-155
-43
-46
-16
-124
-140
-159
-76
-113
-34
-46
10
-34
52
111
103
94
130
121
202
231
107
92
-54
-42
-135
26
-46
49
-90
27
-4
19
-54
-92
-191
-167
-154
-84
0
19
-12
4
86
169
245
50
-99
-177
-146
-52
35
24
42
-74
-59
-41
10
1
-1
-136
-68
-84
13
20
14
-92
-123
-21
0
33
-42
-86
56
131
49
46
1
41
142
171
90
-26
-95
-217
-199
-54
-18
-60
-151
-143
-35
86
160
257
149
75
-21
4
172
123
115
109
87
45
40
45
14
-132
-154
-160
-60
-89
-104
-156
-117
-135
-104
-18
5
4
-45
-30
-64
3
44
45
-27
-17
-113
-150
-208
-133
-33
50
88
90
-70
-138
-100
-56
29
19
-121
-117
-64
20
60
-44
-111
5
84
167
133
94
159
99
102
43
-32
1
93
163
158
33
-67
-46
1
159
135
97
32
71
27
-52
-61
-93
-99
-86
-60
-157
-256
-286
-236
-76
-99
-126
-80
-69
3
90
31
-46
-91
-134
-110
-38
17
-14
87
72
110
97
96
130
92
24
113
63
-36
-31
-24
73
121
45
-37
-99
-91
-36
-19
-28
42
41
-21
-133
-226
-166
-165
-71
-29
-28
-8
-36
-14
13
-66
-125
-98
-75
-101
-135
-74
-76
-173
-140
-88
-97
21
-35
7
37
-54
-116
-94
-4
98
190
46
2
-17
-79
-2
-2
-36
91
95
7
10
-13
-93
-29
-102
-27
105
46
15
20
-46
-9
-38
-29
-20
-1
-19
65
23
65
-13
-107
-192
-235
-188
-130
-82
-80
-15
-62
-79
-68
-44
-30
15
81
83
25
-59
-137
-82
-19
-68
-89
-82
-62
59
130
185
145
-14
-156
-62
-73
93
148
60
119
82
-5
15
-16
-82
-73
-121
-93
-59
8
25
-6
34
-33
-39
-124
-1
-15
17
6
-12
-12
-78
-95
-45
-6
15
-75
-66
-38
-95
-115
-37
85
68
-2
-40
-16
-54
-48
-44
-85
-150
-241
-255
-115
17
45
-3
-27
-33
-59
103
127
140
74
22
142
218
186
42
-22
-8
31
-15
-38
-52
-70
-105
-152
-45
22
40
128
110
-1
-81
-127
-65
56
128
159
152
41
-17
-54
23
181
228
85
43
-59
-94
-194
-187
-167
-164
-99
-154
-45
23
-21
23
49
-34
34
-42
1
11
-108
-78
-7
70
92
-5
-95
-62
-124
-74
-86
-109
-117
-184
-149
-12
32
-79
11
-57
-29
-10
-51
5
66
1
93
23
-8
24
-10
114
143
72
-21
-26
21
0
64
83
196
189
114
39
-20
41
-45
-68
4
-52
-125
-47
-23
126
143
9
-53
-79
-123
-159
-208
-170
-99
-48
17
39
-3
-10
-7
-9
-73
-159
-70
88
74
121
18
-109
-67
-145
-202
-45
-13
-3
0
-95
22
65
-35
-70
-20
47
-4
2
4
0
-78
-74
-52
-10
65
18
78
116
83
82
45
-30
-4
-32
-130
-143
-176
-94
-56
3
12
40
77
184
144
148
73
8
41
30
62
24
-20
-17
-36
17
43
16
-84
-66
-54
-34
-107
-182
-155
-21
46
98
26
-66
-138
-84
-40
-26
-96
-73
-74
22
5
14
76
2
-58
-90
-184
-154
-61
-46
-2
70
32
-52
-42
-73
-15
48
-9
6
-60
-45
7
-28
141
237
195
171
-81
-143
-76
-130
0
105
-5
48
-79
-84
57
-43
-101
-272
-279
-229
-157
-164
-136
-9
-26
-56
-75
-125
-26
-43
-124
-45
-125
-132
-195
-96
10
64
59
89
34
7
-36
20
128
147
14
-67
-37
39
6
21
121
101
-40
-73
-74
-18
-13
-63
48
75
4
-128
-247
-118
-123
-38
14
3
-35
-12
-46
72
111
-21
-12
-49
21
-12
19
-5
-93
-53
-25
-32
-112
-210
-73
-54
1
17
-105
-60
21
78
266
103
3
-68
-126
-7
34
52
-53
-40
-70
-18
38
-34
-132
-96
-156
-127
-48
-30
15
10
-122
-126
-26
16
95
42
-152
-98
-111
4
134
75
88
101
13
110
82
48
114
56
29
79
-96
-162
-65
-100
29
53
3
56
27
-13
48
121
102
62
-19
-46
-87
-59
42
31
119
153
42
-50
-33
27
95
45
-6
-96
-146
-203
-84
-42
-126
-136
-137
-135
-119
-156
-83
-15
77
92
128
72
61
-24
-24
16
6
-39
-78
52
82
68
47
-33
76
44
-5
-26
-161
-144
-42
106
193
138
110
53
39
-2
-53
-70
-119
-52
-97
-44
-56
-114
-52
-13
52
119
-71
-152
-92
-83
137
79
99
214
1
53
21
-45
91
21
50
111
109
62
126
81
73
-15
-127
-30
8
13
-49
-47
-30
98
92
160
169
0
-35
122
120
191
23
-43
-4
-122
-67
-27
-111
-116
-97
-47
-6
19
-40
-6
17
16
-56
-133
-124
-43
19
26
84
122
23
-118
-5
-3
126
162
-14
83
79
44
40
43
-74
-47
-134
-22
-11
-6
-13
13
15
7
45
67
234
115
32
-61
-103
-22
101
153
270
169
56
61
-82
51
119
77
115
23
-64
-52
8
116
117
206
143
86
-40
-199
-101
140
260
253
68
-48
-23
-33
34
101
93
33
-23
-121
-105
-74
-122
-31
5
46
175
42
14
-43
-66
21
16
73
93
108
39
12
-20
-102
-23
-76
-38
14
26
72
67
49
29
-27
50
100
-7
17
67
39
149
62
2
115
83
131
215
158
74
17
-28
-13
-46
-32
78
236
249
140
-24
-78
-2
24
95
121
66
103
23
-107
-201
-75
86
126
106
112
-89
-100
-26
-10
137
191
96
80
-43
-128
16
72
147
161
82
40
-42
-15
52
91
155
113
50
4
-33
120
136
60
34
-101
-194
-39
15
118
261
174
169
53
40
3
1
19
-32
-35
24
-165
-152
-27
36
116
-44
-78
-176
-162
-144
-123
68
189
24
-11
-92
-108
-10
-27
54
102
-5
-32
-56
3
133
142
26
24
12
27
33
-133
-172
-47
2
31
54
4
-38
17
-6
9
-22
-76
-57
-18
43
5
-7
10
-9
6
-14
7
-7
107
46
-53
141
-46
-189
75
56
71
58
59
-104
97
-102
46
141
83
10
-51
232
99
136
157
-33
35
-12
-22
124
-4
-4
-11
-192
-148
-100
-48
43
-49
23
-131
-59
82
35
-70
-50
-153
-56
12
-88
-198
-175
-164
-45
-65
-82
-238
-161
60
195
335
45
-85
37
171
211
223
32
48
14
61
95
87
0
1
-36
-3
39
23
16
28
40
8
18
61
6
75
69
57
158
59
116
118
115
76
185
148
166
64
-24
47
96
169
116
-36
-193
-248
-174
41
51
130
9
-34
-46
77
51
-83
-56
-28
98
36
4
-10
-45
-46
71
38
-38
-82
-146
0
84
-5
29
-61
-52
-15
-13
-48
62
-11
-68
19
91
169
156
7
33
89
157
60
-9
-75
-171
-72
-8
102
101
-54
-51
-90
-34
-57
-133
-71
22
6
22
-63
-58
-4
-28
-5
56
-74
-70
-38
-27
8
2
75
154
150
12
-162
-111
-60
-50
11
78
76
-19
-81
-78
-73
100
138
170
202
-1
-100
-161
-39
119
100
69
-38
-139
-177
-196
-168
-43
-97
42
56
14
-3
-180
-111
-24
-3
-14
-63
-83
62
61
82
79
-69
-157
-205
-123
-97
-51
-86
-74
-54
-23
-63
3
-68
-74
16
66
-53
-169
-167
-25
58
88
64
-21
-91
-178
-90
-28
16
-4
-51
-113
-107
-71
-4
108
168
-7
-107
-138
-66
36
-50
4
51
8
-32
-71
-92
-9
-12
28
57
-27
-69
-145
-82
52
62
1
17
-134
-82
-39
-66
-11
-21
-62
11
-61
-179
-68
-129
-72
-72
-89
-62
9
-51
-37
28
72
45
8
-87
-167
-68
-90
-47
74
-43
-46
-139
-179
-87
-55
-18
8
24
65
-43
-86
-103
-43
-8
17
-55
-48
-90
-167
-45
6
45
32
-60
-208
-176
-49
13
20
-79
-133
-36
83
96
47
13
-21
-47
-66
-125
-86
-100
-63
-18
54
31
-44
-26
-137
-103
-71
-1
31
29
-120
-96
-89
-20
-19
92
70
-5
-5
-80
-17
57
-71
-60
-56
-70
25
-18
-5
49
71
47
-10
75
28
83
63
-27
6
-33
-97
-57
-12
0
-59
-112
-125
-138
-104
-67
-42
-70
-118
-111
-50
5
-4
-62
-78
-93
-129
-143
-147
-122
-202
-206
-80
75
117
61
-40
-131
-78
-94
-136
-45
-16
73
126
5
-21
-19
-86
89
21
-89
-115
-143
-100
85
153
218
176
173
86
-32
-97
-97
-32
9
-82
-42
-97
5
31
40
2
-37
-20
50
25
-52
-9
97
10
-62
-71
-109
47
-1
-100
-74
-146
-190
-152
-92
-138
36
-26
-98
-12
-54
-29
-91
-263
-154
-77
19
123
-35
-24
-131
-46
8
-92
-65
-123
-103
-71
-88
-115
-105
-49
-56
24
53
-40
-64
-125
-189
-14
93
89
34
-99
-153
-46
-63
15
52
30
120
76
21
-73
-154
-86
-26
16
-24
-35
-14
-48
-39
-104
-87
19
131
134
52
-48
-94
46
56
46
-37
-65
-74
-21
2
-58
-96
-34
82
78
-31
-83
-95
49
-2
-20
9
17
-8
118
181
-13
-126
-241
-197
-35
-69
69
-5
-98
-113
-110
-138
-58
-78
-50
38
-31
-50
-74
-102
-36
-1
4
-83
-54
-7
-59
-69
-137
-32
39
-24
-20
-89
-163
-108
-201
-140
-27
-78
-184
-266
-174
-34
113
96
31
-13
50
-18
-35
-84
-43
89
27
6
-37
-95
-51
16
89
125
66
41
50
30
18
2
-48
-6
-131
-173
-108
-68
50
117
7
-77
-100
-124
3
-35
26
-14
-87
-55
-100
-59
-136
-69
19
51
22
-126
-254
-209
3
107
98
33
-76
-69
-72
-197
-68
-27
33
125
215
117
72
-204
-159
21
48
168
49
11
-37
-54
-91
53
162
48
32
-65
-14
82
118
102
31
-19
112
61
18
4
-67
134
115
-15
69
44
-18
50
-119
0
82
-30
-4
-123
-96
31
90
61
111
71
-18
53
66
38
75
16
75
70
83
12
-4
77
56
90
-34
-55
67
137
167
141
139
106
81
79
213
135
-3
-33
108
139
200
149
114
207
202
157
158
-57
-98
-21
-49
78
44
22
146
150
62
-5
-59
66
180
49
-25
-162
-32
-31
42
90
13
-55
-153
-81
20
-19
-12
-55
-26
74
-20
3
62
115
195
122
38
-14
26
10
90
95
68
126
46
117
116
98
186
45
-8
-6
-34
-36
61
139
197
199
30
-17
135
175
103
38
-18
-13
-2
110
159
83
71
59
12
84
70
-6
4
-108
-26
-6
19
-4
32
-6
41
24
133
37
2
18
-69
-35
38
-31
-19
10
139
157
75
-46
-68
-12
96
193
20
28
-123
-192
-10
83
146
127
26
65
74
-12
-5
-13
-38
-17
-2
76
105
28
-92
-78
-108
-16
46
-94
-145
-222
-175
-7
4
59
89
-7
25
-119
-106
-20
41
21
-12
-141
-55
105
109
168
56
-54
-121
-50
16
107
131
-103
-84
-22
108
167
30
-61
-39
33
109
39
65
71
-43
-36
-6
67
130
29
-99
-69
55
103
96
27
-3
-23
99
136
87
65
-1
56
40
-15
-36
66
98
251
218
151
7
-100
-28
7
95
59
-158
-39
42
80
112
-6
29
93
105
155
71
36
47
34
164
201
122
-24
-69
26
107
41
-70
-61
-48
-42
23
48
81
68
17
-11
-114
-62
123
153
116
140
66
61
104
189
230
77
-198
-123
-6
92
122
119
-2
-26
5
-11
16
4
-4
-14
-59
-18
-32
5
95
125
192
111
18
3
56
157
117
7
-8
-29
73
134
166
177
197
74
-43
-71
-141
49
142
119
104
-41
28
143
145
171
226
126
8
-14
-1
-54
-112
-2
0
-70
-60
-102
-9
45
-131
-107
-223
-190
-55
89
165
147
28
-42
-31
105
211
240
8
-215
-177
-47
27
213
119
9
9
-87
-95
-63
-5
66
146
215
45
-76
-84
-64
176
133
125
12
-169
-35
20
64
95
-59
-149
-209
-221
-159
-49
2
64
61
105
37
-164
-70
38
67
80
-65
-70
38
-9
63
58
-5
13
39
73
-40
-22
-148
-66
-15
-83
-59
-26
65
40
65
-49
-20
26
5
-64
-82
-119
-137
-51
164
173
113
-41
-149
-4
105
173
132
-154
-178
-282
-161
26
8
-9
-117
-94
-30
-57
-27
148
138
23
-94
-179
-109
14
-8
40
76
-10
-15
-21
17
26
25
-59
-44
-8
-90
-15
50
35
0
-39
-37
-4
43
2
-50
29
30
-32
-14
-8
-36
-62
-97
-136
-57
-116
-79
-49
-126
-33
-2
40
15
86
38
19
20
-77
-158
-14
30
55
6
-167
-143
-60
-36
35
-42
-98
-130
-14
67
-12
36
-36
31
-8
-68
-77
19
57
102
6
-10
5
-55
-72
-80
61
56
57
-3
-157
-112
-60
68
120
28
34
37
42
18
-46
-72
-103
-114
27
125
58
174
8
-159
-54
-2
58
15
-160
-78
72
71
-61
-174
-233
-101
-93
32
26
-74
-53
-14
89
174
9
-65
-110
-67
10
11
69
18
12
-28
0
25
-34
-82
-121
-119
5
-65
6
-55
-16
-39
-35
-12
17
-24
-31
-109
-165
4
146
107
-19
-74
-14
56
9
-131
-180
-139
-111
-52
-55
-125
3
-4
77
80
-47
-74
-90
11
61
57
1
-47
-9
-39
-5
80
24
-197
-157
-158
-115
5
-146
-156
-139
-266
-145
124
92
85
-113
-208
-90
8
96
33
-38
-136
-109
-34
16
44
45
-2
-163
-215
-282
-174
-70
-29
1
10
9
61
120
43
60
25
-1
-51
-58
5
14
-38
-143
-55
16
-28
31
-64
-74
-98
-123
-54
-24
29
-2
-41
-82
-53
119
147
127
78
-3
-95
-183
-176
-4
56
146
64
-23
-52
-13
5
-95
-139
-21
152
88
14
-98
-75
86
48
116
51
-91
-102
-104
-37
9
-37
-61
50
155
117
-77
-145
-180
-122
-69
-58
-88
-136
-49
47
114
136
60
50
43
10
-63
-57
-69
17
32
133
191
85
111
6
22
-26
-106
-47
6
69
44
-9
-36
56
30
49
59
-65
-31
44
115
155
-45
-40
66
134
184
0
-123
-234
-86
11
-10
108
-33
-137
-49
9
43
32
33
23
-96
-123
-66
15
46
106
26
91
117
-78
-39
-37
83
141
-83
-130
-114
68
174
41
42
20
-42
-14
-81
-81
38
49
13
-124
-66
9
140
121
48
42
26
1
-43
-77
-66
-135
-134
54
36
-69
-118
-123
-43
18
-87
-101
-114
-1
112
48
-4
-111
-71
0
87
72
-54
-194
-116
44
-10
-15
-5
-16
35
-5
27
37
44
77
46
29
31
15
105
143
103
101
2
-34
-38
65
138
92
21
-120
-94
-53
-8
-3
-30
-70
-71
-56
38
-74
-18
61
22
109
-47
-19
-20
-98
-19
-11
-29
-16
-51
-19
91
77
18
-50
1
37
12
12
-55
-2
32
71
96
87
122
120
49
36
-15
-23
46
78
34
-44
-43
-115
8
62
44
-16
-196
-231
-113
103
51
-66
-117
-111
-28
-7
-23
25
29
73
19
-65
-65
-53
-33
82
-25
-31
-72
-77
64
-27
-45
-93
-135
-86
-48
-96
-11
-83
-113
-96
-138
-72
-24
-69
-54
-27
-67
-13
-13
49
38
18
-80
-127
-63
-129
-44
-90
-68
73
-47
4
-65
-81
-30
58
55
50
39
-58
-60
-38
-23
-5
-35
-59
-101
-66
42
85
29
-10
-9
-13
-52
-113
-120
-125
-87
-69
-18
-23
-68
-96
-131
-48
28
4
-17
-30
-178
-149
-124
-9
35
71
-25
-73
-109
-118
-54
75
64
32
-100
-222
-64
-103
-2
54
82
150
32
-156
-213
-111
-37
95
133
7
-150
-179
-161
-4
66
47
21
-22
-116
-97
-14
3
-17
-53
-10
16
51
-42
-86
30
40
65
-26
-136
-91
47
26
94
86
-54
-66
-145
-126
-5
-14
-71
4
-10
-48
-18
-8
34
70
22
-95
-151
-162
-57
38
-22
-55
-44
-80
-31
-38
19
-28
-71
-90
-57
-36
-31
-76
-87
-114
-97
-81
-112
-78
-50
-62
5
-21
-41
-54
-68
-7
-62
-117
-83
13
41
13
36
-6
21
54
140
40
-78
-74
-56
27
67
48
-9
-73
-67
25
106
117
15
-55
-61
-13
-71
-39
-16
-54
-8
38
69
-21
-25
53
92
72
-52
-72
-3
50
14
10
42
-23
-64
-117
-109
-68
-51
-10
8
-55
-104
-23
79
118
15
-34
-19
51
120
31
-26
-35
-90
-56
55
-11
51
7
-48
20
-16
11
57
44
8
-10
-26
3
36
10
52
7
65
68
11
49
94
114
117
103
122
113
112
88
-26
-122
-80
-19
73
161
160
145
103
-65
-70
32
23
3
-36
-41
37
79
69
78
50
52
98
44
85
95
-61
-22
0
8
62
-7
14
35
14
1
47
7
45
20
-26
37
107
69
28
-67
-21
54
39
161
126
69
-26
-119
-9
123
149
136
72
-1
-53
-34
51
166
112
105
142
124
61
51
68
161
256
177
136
121
45
19
4
104
137
36
-7
23
92
150
37
21
101
28
6
-64
-43
-7
-8
5
-1
-21
-64
-105
21
129
163
124
36
-39
-69
58
52
168
97
-65
-103
-113
-88
-30
49
128
86
41
-40
-80
-18
57
78
52
-39
-65
-102
-38
1
82
158
116
34
-27
-104
-100
-35
60
160
177
84
16
-29
-1
40
7
33
108
65
21
48
79
70
61
35
104
33
17
-16
-31
16
-17
-6
48
-36
33
62
-8
-11
-59
58
37
-108
-187
-144
6
162
170
130
80
5
11
71
21
35
2
-65
-9
-47
-60
-49
-74
-10
55
100
101
3
-36
-45
-8
84
86
16
64
31
-22
-68
-105
-31
97
136
74
15
-111
-146
-95
46
73
50
-65
-187
-123
-91
-40
24
53
37
-1
-65
-47
16
55
108
23
-43
-98
-67
-2
37
89
148
126
90
17
-96
-128
-100
13
94
77
29
30
-38
-76
-8
67
71
11
-71
-95
-72
18
46
24
-3
-26
6
28
32
-14
-86
-84
-71
-42
-31
11
61
61
33
40
90
55
3
-120
-80
59
91
60
25
25
110
82
-19
-31
-4
24
39
119
123
137
113
81
32
11
1
45
55
42
22
34
62
41
17
42
21
55
39
79
50
0
23
32
-18
30
93
73
84
64
37
26
31
22
8
2
-27
37
42
33
-4
-95
-110
-6
52
64
-14
-86
0
116
129
95
71
18
36
81
119
169
129
82
108
70
46
79
53
77
137
126
94
23
7
39
50
24
54
183
146
34
-79
-46
41
100
132
117
94
68
56
91
74
38
-48
-20
-27
-5
3
68
-5
-38
-27
13
96
76
26
43
32
85
50
35
99
130
129
67
33
92
83
66
40
-4
6
15
76
80
52
16
13
69
77
119
61
0
57
117
77
30
-13
1
113
102
178
194
127
65
4
-12
-5
-7
-14
-7
8
52
94
-13
-17
70
119
134
9
3
62
126
190
171
93
21
-21
28
75
87
4
-49
-37
-11
58
69
53
16
26
41
14
34
30
26
53
134
134
99
-31
-60
55
115
133
94
26
19
9
-1
60
-15
16
74
111
113
55
-21
11
16
69
57
72
91
76
-14
-32
34
97
93
74
30
3
3
23
44
2
-41
-87
-94
-58
-57
-13
50
20
-58
-85
-27
58
40
38
19
16
9
-15
42
65
97
77
10
-40
-16
74
97
41
39
26
-13
-19
-49
19
45
-6
21
-42
-45
7
34
49
79
38
1
5
-5
32
37
-24
24
83
30
-31
-6
35
11
-29
2
7
-20
-27
-31
42
-1
-43
-31
-80
-3
18
4
28
-79
-106
16
93
164
62
-103
-105
-66
-19
-14
-106
-85
10
57
5
-3
-28
-38
-3
-28
-22
-85
-111
-114
-131
-97
-6
10
25
46
31
6
-85
-137
-92
-22
25
80
-21
-90
-107
-58
2
-6
7
104
107
56
-32
-83
-12
41
80
30
-94
-117
-66
57
114
17
-70
-48
-33
28
58
22
46
15
-1
-15
-10
-19
16
-11
-53
-59
-77
-88
-106
-77
-38
31
46
-28
-146
-221
-77
-5
32
63
18
-7
-38
-71
-16
53
-14
-42
8
2
-16
-2
21
60
-3
-26
-4
13
47
5
-13
23
18
9
-10
-25
-12
61
142
134
93
35
-37
-10
46
101
77
2
-35
-25
23
26
-2
-42
9
-33
-80
-79
-109
-93
-17
34
21
-7
-32
-42
-4
-27
-1
28
64
40
-70
-154
-129
-30
21
43
-28
-35
-37
-43
-84
-66
-112
-81
18
27
28
-3
-22
49
88
93
90
-4
21
48
59
156
86
53
41
-48
-3
33
36
132
114
4
-32
-36
10
74
57
89
156
177
144
61
-40
-39
16
95
78
-21
-39
-42
-50
69
132
61
16
-54
-77
-13
-36
-3
-32
-36
-46
-53
-58
-61
-106
-123
-94
-13
17
-45
-94
-35
-146
-167
-153
-91
-40
-98
-153
-66
-35
-24
-64
-76
18
53
19
-70
-57
-13
26
26
-32
-83
-71
-74
-36
-79
-98
-97
-102
-71
-48
-26
-32
-82
13
71
13
-18
-72
-25
50
40
-2
-7
33
62
54
37
-3
-23
-58
-38
19
-2
-54
-121
-127
-64
-32
-60
-65
-53
15
26
-2
-12
1
2
13
-59
-31
28
-7
-15
-5
13
19
-59
-129
-128
-105
-10
63
-25
-128
-145
-145
-19
33
10
3
-48
-41
-113
-64
4
11
46
50
-26
-58
-97
-69
13
18
-50
-118
-70
15
79
83
-17
-54
-59
-12
92
84
-3
-46
-24
30
7
10
-32
-71
-41
10
22
0
-39
-47
-56
-14
56
22
-11
9
-77
-42
8
32
31
-21
-10
2
-36
-80
-85
-105
-111
-92
-47
-12
-79
-152
-128
-129
-135
-84
-43
2
-48
-109
-110
-52
-9
0
-21
-102
-97
-91
-46
90
116
16
-83
-131
-144
-55
-33
-18
-24
-30
-6
-32
-77
-104
-42
79
111
90
50
-10
-32
37
45
52
44
56
49
-17
-36
-22
-46
-45
-52
-31
-48
-35
-32
-31
-9
20
-3
-53
-35
-49
6
55
72
56
13
-24
-30
37
-22
-55
-85
-130
-68
-26
-3
-4
-64
-102
-70
-17
30
59
36
5
-8
-17
-62
-82
-65
6
46
54
-9
-56
-53
-24
-36
-64
-82
-48
-50
-46
3
58
15
-27
-14
25
71
95
20
-54
-114
-44
27
73
113
86
34
-19
-18
-20
-54
-93
-39
41
27
-31
-46
-43
-29
4
30
38
6
0
10
11
11
4
-36
-36
-10
-5
-42
-47
-55
-55
-105
-82
-32
-31
-16
-19
7
-68
-171
-191
-162
-80
-25
-1
22
-10
-28
-51
-28
-24
-25
-28
-87
-167
-128
-96
-100
-76
-64
-55
-82
-104
-157
-88
-106
-75
-22
0
12
-23
-11
-15
-19
-33
-72
-52
-38
23
59
23
-16
-39
-41
-11
-47
-34
-81
-138
-123
-107
-54
-34
-16
-23
9
-29
-55
-36
-61
-12
-13
11
40
19
-2
-9
9
-57
-85
-88
-92
-4
14
-90
-112
-107
-56
-3
-90
-128
-101
-9
25
12
-3
-31
11
55
79
54
-35
-92
-62
-21
-30
-21
-26
11
40
29
-6
-48
-67
-95
-40
33
24
23
12
-1
35
0
17
60
11
-13
-3
-38
-12
-23
-37
-2
43
45
63
70
74
84
109
108
95
34
5
50
101
66
0
-53
-10
67
25
22
35
28
51
9
-58
-70
-22
36
14
-8
-44
-38
20
102
136
69
48
19
56
122
53
70
55
20
90
82
22
10
54
40
26
16
36
68
85
98
85
35
71
105
74
38
9
57
117
105
118
70
80
93
49
54
68
47
-6
-7
-13
10
47
80
128
85
53
50
75
129
183
150
56
0
-32
16
55
30
10
-16
10
74
122
67
14
-4
16
52
60
5
-48
-53
-58
-1
33
14
-48
-66
-61
-3
71
90
76
54
29
12
14
28
12
-36
-31
-38
-25
27
29
97
96
28
11
52
49
75
108
56
31
57
77
101
92
51
68
76
99
53
-6
-8
21
48
95
91
65
-12
-19
18
88
70
57
69
122
148
109
60
19
30
34
24
2
15
13
-30
-31
4
-44
-47
-56
-58
-38
-25
1
29
70
111
83
50
11
47
71
41
-7
-10
-8
-17
-18
23
5
-43
-30
-39
-59
-13
32
124
115
54
10
-21
-10
74
79
28
67
59
46
94
92
50
55
35
74
53
9
-38
-68
-41
-14
-14
-20
-6
41
38
6
-7
-12
30
37
73
83
72
7
-8
-17
28
36
44
7
-34
-50
-26
42
41
5
-17
-45
-20
-1
45
62
45
32
59
90
31
-24
-9
52
94
5
-49
-56
-81
-55
7
10
42
59
26
-1
-63
-94
-35
44
82
57
-10
-29
-2
49
112
93
46
-6
-38
14
82
68
54
22
5
-13
-57
-86
-45
41
103
91
28
-9
21
77
125
157
149
61
-22
-33
-20
14
45
73
91
64
31
-14
3
23
15
3
31
54
26
12
-43
-52
41
80
33
-13
-44
47
122
91
27
-76
-106
-61
-25
-1
-10
-48
-28
-33
8
68
41
-14
-9
54
39
8
-47
-16
19
-9
-22
14
27
38
63
17
-27
-29
-39
-61
-88
-25
11
34
0
-80
-116
-50
53
138
78
-3
-14
22
66
46
7
22
36
2
-3
-41
-52
-34
-47
-79
-96
-92
-80
-67
-50
-32
-77
-31
57
50
-9
-46
-55
0
33
-13
-17
-1
0
23
-9
-10
-20
-53
-79
-55
-57
-89
-109
-96
-24
1
27
5
-38
-3
37
77
94
51
-55
-61
-10
80
113
52
-45
-35
-47
-84
-41
-26
-3
0
-8
27
3
-34
-35
3
17
40
21
17
14
43
64
33
17
39
24
52
40
-11
-58
-64
-38
-43
-49
-16
18
-3
-26
-53
-50
-5
52
124
93
31
-26
-36
44
110
101
63
34
-16
-20
-60
-2
23
6
-26
-92
-135
-123
-46
-3
-41
-64
-40
0
-13
-70
-86
-40
7
61
32
4
15
31
-2
-62
0
19
-36
-92
-95
-66
-31
-52
11
63
27
-34
-69
-9
91
121
87
36
-4
-46
-55
-24
-52
-32
-7
-64
-87
-117
-123
-86
-30
31
46
-12
-58
-55
-13
-3
64
51
58
22
-31
-80
-139
-43
-68
-54
-79
-87
-126
-59
-26
-40
-110
-161
-182
-163
-131
-102
-125
-105
-99
-122
-108
-66
-74
-90
-65
-10
9
1
3
-26
-50
-51
-24
-67
-117
-126
-99
-66
-97
-71
-27
-44
-44
-81
-95
-45
-41
-3
-11
-15
-30
-23
20
47
48
93
90
86
1
-64
-45
-28
-56
-84
-56
-21
-46
-39
-41
-44
-52
-55
-26
14
-14
-21
-38
-58
-53
-67
-18
43
39
35
81
31
-19
-15
-35
1
-22
-99
-46
-40
-60
-56
-66
-118
-111
-75
-21
6
20
-21
-37
-25
24
80
78
57
34
26
-15
-14
-2
-43
-56
2
54
54
47
17
-10
-49
-46
4
24
28
8
47
55
20
-3
-23
3
24
-19
-42
-34
-27
2
-31
-60
-70
-62
-12
-22
-64
-86
-82
-13
3
-22
-69
-77
-11
42
50
-8
-50
-56
-87
-77
-80
-80
-98
-115
-139
-96
-22
-38
-73
-115
-97
-11
18
-1
-37
16
14
-61
-121
-129
-116
-72
-6
20
-29
-78
-63
-11
54
45
14
-26
4
26
44
24
-16
-31
-98
-79
-13
17
7
-21
-35
-45
-20
-1
12
63
46
66
55
45
23
6
2
34
23
-50
-81
-66
-76
-69
-79
-58
-43
-63
-72
-28
-9
-3
-51
-52
-54
-34
-20
-43
-58
-60
-49
-61
-83
-101
-60
-22
11
32
3
-91
-87
-33
-4
-5
-54
-82
-40
-48
-50
-45
-72
-105
-97
-99
-72
-53
-80
-96
-82
-32
19
35
10
-27
-74
-46
-21
22
16
33
9
-53
-55
-63
-54
-60
-88
-90
-68
-77
-53
-52
-39
17
40
40
33
8
16
26
47
8
-18
-43
-54
-46
3
27
33
-1
-86
-112
-134
-138
-84
-19
-38
-91
-91
-39
6
15
-22
-51
-42
0
32
42
-7
-19
-39
-43
-39
-24
42
103
86
21
-36
-78
-79
-68
-43
2
1
-32
-65
-74
-70
-44
5
63
56
-21
-38
6
46
52
46
7
-41
-73
-89
-43
-5
0
-26
-57
-61
-44
-8
1
14
-15
7
23
22
-3
-12
-67
-68
-31
-12
-46
-22
11
18
2
-33
-33
-3
17
23
25
-35
-91
-120
-118
-75
-47
4
26
9
-14
-47
-52
8
20
-3
13
-47
-71
-83
-68
0
4
-33
-40
-55
-41
-71
-114
-77
-62
-53
-29
-31
-26
12
9
-37
-49
-34
-18
20
63
53
27
13
-10
62
49
8
-8
-26
10
21
27
37
-40
-60
-27
19
-23
-50
-53
-47
13
37
18
-46
-74
-27
-27
-52
-20
-31
-57
-66
-62
11
45
-13
-53
-83
-79
-55
-13
-16
-36
-92
-72
-13
26
31
40
-25
-71
-45
7
37
13
-40
-37
-52
-44
-20
-19
9
0
-11
-85
-97
-39
11
58
97
36
-20
-25
-36
-25
-8
-39
2
28
50
-4
-39
13
73
89
36
-39
-58
-42
-12
-5
-6
-57
-78
-85
-86
-64
-67
-33
-6
-24
-73
-104
-75
-7
32
16
-58
-55
-69
-59
-79
-120
-101
-82
-75
-65
-70
-30
-17
-47
-15
-33
-46
-94
-72
-28
6
-38
-72
-87
-27
-6
-2
10
2
-3
25
9
17
-21
-37
3
3
-18
3
11
8
-16
-51
-66
-3
45
56
5
-46
12
50
54
50
30
20
17
-33
2
13
-20
-20
-43
-11
11
31
51
24
10
-6
-22
-58
-49
-3
64
81
39
30
10
-25
-19
2
-14
-27
-41
-55
-40
-41
-35
22
31
31
49
9
-12
-11
10
42
46
22
-21
-25
-8
-19
-17
-16
7
43
73
29
6
12
-4
-5
8
0
28
17
-4
1
37
43
45
15
56
89
78
35
-16
-8
64
84
61
79
66
44
52
44
28
10
13
56
80
30
7
-25
-11
25
18
4
-43
-56
8
75
75
80
51
74
78
80
52
7
7
0
63
94
38
-18
-14
6
15
50
60
83
70
3
-11
8
15
43
66
100
95
68
24
15
-18
-43
1
24
34
30
42
41
21
-6
13
-10
18
87
138
123
51
40
72
110
97
131
162
97
74
72
70
85
73
33
22
18
28
17
-17
39
71
70
44
8
-45
-38
-21
4
35
59
53
32
24
32
54
71
70
86
42
-6
-8
-4
-16
-35
-19
8
12
9
1
49
44
13
51
66
47
26
60
48
81
98
87
76
39
7
28
30
-9
-7
-20
-35
-35
-48
-29
44
61
72
58
32
28
-40
-84
-43
55
86
62
12
-12
-23
-57
-13
38
85
77
22
34
101
75
22
2
10
55
81
34
-18
-40
-34
14
40
21
5
7
23
71
38
30
73
78
42
37
26
21
45
31
-9
-37
-69
-44
-2
10
-14
-53
-27
15
9
9
18
43
41
22
24
48
47
7
3
1
-38
-41
-50
-54
-41
-57
-41
-20
4
33
56
34
-24
-83
-89
-33
28
34
22
-8
-17
-22
-39
-45
-9
30
55
40
13
-48
-114
-92
-51
-16
-39
-39
-100
-102
-110
-75
-69
-52
-29
-32
-29
-1
-1
-11
-3
-18
-31
11
-1
-23
-31
-14
-8
4
7
-18
-24
-27
-46
-40
-9
-15
-48
-54
-14
29
79
76
64
56
65
56
58
50
44
18
-4
-65
-84
-60
-22
8
-52
-92
-60
-7
-23
-43
-57
-32
9
22
13
23
0
21
40
23
-13
-23
-34
-5
27
56
21
-29
-65
-61
-43
-44
-29
-37
-87
-74
-14
32
16
34
74
107
70
-2
-6
23
47
19
-9
-17
-17
-41
-62
-52
-2
31
3
-34
-43
-59
-47
-15
-4
8
17
8
-59
-122
-109
-46
27
40
41
28
12
2
3
50
57
0
-52
-57
-40
-74
-103
-36
-2
4
-13
-2
-19
-31
-40
-22
-26
21
69
78
75
61
31
16
3
0
5
27
64
51
42
17
14
5
20
-2
-41
-35
30
91
47
-37
-4
3
0
19
42
84
76
52
10
-30
-42
-50
-64
-75
-46
-21
-4
16
-19
-35
-55
-59
-18
23
6
-16
-5
15
-22
-38
-29
6
17
-39
-48
-31
13
49
9
-31
-47
-37
-7
4
38
0
-50
15
56
50
24
24
45
73
90
45
10
3
-8
-1
41
-1
-53
-51
42
113
102
36
20
35
56
64
73
45
15
20
31
91
93
46
-4
-1
33
35
-26
-44
-23
44
75
30
-20
2
60
96
33
-61
-72
-36
7
34
55
77
64
5
-9
29
58
42
-33
-93
-46
46
115
137
71
-5
-35
34
72
55
33
15
-6
-12
-21
-28
-27
2
40
68
22
-60
-49
-21
9
9
37
16
14
42
65
43
-5
-5
17
42
69
21
-33
-46
-19
-5
-23
-76
-57
-8
8
-4
-36
-12
46
104
96
34
-6
40
81
68
88
91
32
4
-66
-69
-12
-1
37
40
33
39
48
12
-14
-17
-39
-55
-48
-7
2
-36
-50
-41
3
-29
-73
-99
-55
35
70
26
-33
-92
-46
20
54
7
-4
-1
7
-9
-12
-20
-41
-53
-10
2
-29
-32
-36
-26
0
-23
-18
-40
-70
-51
-24
-15
-39
-25
-33
-23
-42
-83
-66
-35
-56
-59
-33
3
-30
-69
-80
-67
-56
-50
-23
6
-10
-2
15
16
-13
-67
-101
-101
-11
41
-20
-70
-52
0
40
69
56
-3
-60
-21
32
29
37
25
-23
-40
-69
-48
-21
-38
-52
-72
-67
-6
41
25
-50
-97
-83
-8
-15
-45
-46
-47
-35
-7
29
64
73
33
-17
-47
-56
-21
-1
51
66
15
-44
-64
-27
24
58
62
45
15
-3
-8
-13
-19
-6
9
-13
-16
-9
-33
-30
-44
-33
30
72
77
30
-37
-50
-55
-64
-58
-90
-56
22
28
33
20
7
28
-3
8
64
109
74
48
16
6
-26
-57
-61
-73
-63
-19
-10
-2
21
0
-42
-33
-50
-69
-66
-36
-29
-26
1
-21
-66
-47
-7
15
11
38
59
46
17
71
95
89
45
-13
-16
40
100
132
81
46
40
108
94
40
75
92
71
-18
-95
-129
-93
-5
58
54
6
-13
10
-7
-22
-33
-15
23
46
35
54
39
28
43
44
7
-23
0
60
99
57
-32
-94
-65
9
51
4
-41
-46
-26
-14
-13
-29
-2
-15
-25
-24
-11
-1
-51
-132
-158
-130
-75
-42
-35
12
15
-28
-87
-95
-42
7
-6
-42
-100
-36
41
69
80
81
78
57
42
59
87
98
71
-18
-99
-92
-59
1
59
52
0
21
8
-6
-16
-14
9
-27
-44
-29
-15
-18
-14
11
3
-20
-58
-41
-24
12
68
94
69
73
78
52
31
-21
-25
-21
-22
-70
-94
-55
26
45
-3
-90
-137
-123
-61
-15
-47
-110
-84
-21
-29
-3
14
35
26
6
-30
-71
-59
-50
-66
-44
-27
13
22
9
8
-7
-36
-18
33
61
57
8
23
43
54
97
90
39
32
47
16
-29
-34
6
32
7
-17
-12
22
17
-3
-3
52
67
68
51
-12
-11
-5
-34
-62
-67
-91
-64
-5
3
10
-20
-109
-126
-109
-55
2
18
24
9
23
36
16
-10
-9
18
49
51
-17
-22
3
-8
-23
-28
-2
7
-34
-52
-66
-56
-29
-24
13
34
11
-23
-17
-17
-10
-34
-14
4
30
23
-11
-53
-26
-6
-6
-21
-19
-22
-31
-48
-21
14
68
97
94
68
46
51
85
87
65
29
12
38
77
101
73
43
8
1
-6
13
6
-2
24
41
13
-34
-40
7
-18
-4
69
59
12
8
52
95
64
13
27
72
84
62
6
-36
-22
-27
-12
-4
-5
9
-22
-33
-28
-20
31
63
65
42
59
39
23
-2
5
49
83
69
42
19
10
0
26
73
111
75
42
24
23
71
108
76
35
40
86
127
113
83
44
47
46
57
67
49
25
68
63
11
-23
-52
-37
-32
4
13
-15
-24
-21
-7
-2
-42
-17
6
9
11
21
34
51
37
-8
-40
-8
-16
0
7
-33
-48
1
57
55
31
63
62
27
15
81
117
105
69
45
42
30
69
90
83
55
45
32
27
15
89
93
56
-3
-3
19
47
68
75
92
68
16
-13
-19
46
76
55
33
6
26
76
106
110
79
68
39
29
52
22
10
43
72
38
9
-31
-46
-16
32
18
1
31
79
56
-14
8
16
26
50
39
37
64
41
10
-30
-77
-110
-79
-33
-12
-36
-69
-62
-75
-126
-119
-63
3
3
4
-30
-68
-102
-118
-113
-63
-88
-102
-94
-145
-206
-224
-220
-200
-172
-156
-165
-178
-129
-97
-75
-97
-105
-59
4
48
109
106
116
140
166
160
125
113
92
91
112
126
110
141
158
156
133
116
83
66
57
51
111
127
112
173
242
252
245
227
199
183
150
96
128
171
194
172
172
143
102
161
212
204
135
98
119
206
222
150
151
176
209
200
155
102
87
119
154
120
82
60
45
34
-8
-19
-39
-73
-124
-154
-140
-124
-89
-106
-95
-122
-179
-199
-249
-250
-239
-253
-261
-282
-271
-291
-334
-352
-320
-275
-326
-413
-437
-386
-320
-247
-245
-199
-44
115
181
165
193
233
201
146
129
174
194
171
166
204
239
233
206
182
155
154
149
21
-61
21
164
286
369
445
473
422
379
316
262
251
280
279
258
257
235
172
170
171
168
127
87
60
11
-85
-105
-75
-28
28
51
85
122
132
95
45
10
0
66
146
192
193
153
163
229
222
191
173
149
121
80
55
41
78
135
170
220
234
204
165
160
142
161
175
213
204
224
237
180
142
143
158
144
120
117
105
68
-40
-104
-122
-115
-92
-140
-186
-225
-220
-219
-275
-324
-337
-347
-335
-329
-322
-328
-321
-369
-431
-446
-418
-417
-370
-282
-150
-48
96
185
228
287
320
240
163
87
51
39
57
143
226
214
185
143
97
74
53
-51
-106
-85
-25
21
98
254
407
480
479
430
386
336
262
210
206
171
140
127
174
190
189
151
62
-43
-82
-144
-159
-131
-87
-46
-5
22
90
168
239
264
278
248
231
205
198
214
209
209
200
203
226
162
91
82
111
65
1
-6
74
179
191
169
172
249
303
319
279
229
266
270
275
210
109
71
70
40
2
-22
-32
-87
-168
-210
-249
-261
-293
-313
-343
-307
-292
-341
-409
-475
-512
-496
-501
-547
-578
-532
-506
-508
-452
-305
-81
87
88
100
183
270
255
197
139
129
88
93
157
174
181
197
172
148
99
31
-26
-68
-70
-71
40
218
370
435
436
487
528
492
409
404
407
435
435
443
442
413
396
417
382
237
96
-28
-107
-166
-154
-142
-127
-96
11
156
218
193
171
246
307
283
189
144
156
210
279
270
250
192
159
115
74
15
-48
-40
-18
33
26
22
95
147
164
205
219
199
192
167
111
62
56
68
75
100
113
86
21
-30
-114
-211
-326
-392
-450
-476
-456
-488
-548
-568
-505
-474
-528
-568
-584
-646
-724
-727
-638
-548
-395
-92
130
224
237
307
406
422
265
123
77
113
116
115
159
178
192
142
36
-39
-106
-248
-365
-378
-304
-190
-74
89
293
367
418
465
453
346
270
220
184
204
235
268
224
250
336
348
264
93
-72
-160
-231
-268
-340
-338
-147
54
166
219
292
352
358
315
229
175
140
84
114
172
253
257
258
298
281
178
89
28
-32
-69
-66
199
209
174
87
-11
64
118
-18
-101
-159
-203
-184
-153
-119
-80
-97
-177
-243
-199
-136
-191
-327
-434
-500
-568
-605
-623
-648
-646
-680
-713
-778
-807
-869
-933
-997
-1000
-969
-949
-819
-437
-41
217
226
272
395
461
351
237
199
217
191
179
172
201
236
193
67
-18
-117
-341
-496
-502
-405
-314
-249
-56
167
296
354
441
553
554
450
360
309
289
299
349
374
396
391
393
327
132
-85
-280
-436
-525
-522
-426
-264
-144
1
179
284
295
221
159
97
55
20
-8
39
134
207
178
175
157
115
79
-10
-113
-212
-225
-193
-141
-78
-2
117
212
215
104
-1
-46
-56
-104
-193
-258
-210
-208
-204
-157
-185
-290
-340
-387
-430
-510
-640
-729
-782
-808
-784
-751
-787
-848
-828
-851
-948
-963
-888
-742
-717
-551
-143
258
359
304
407
567
527
332
215
235
231
191
168
267
361
291
175
116
111
-46
-303
-427
-453
-427
-406
-253
46
221
323
423
563
552
383
278
246
258
257
235
245
304
379
402
389
286
91
-120
-237
-269
-304
-281
-212
-80
30
113
245
348
315
210
131
79
50
30
72
129
144
162
183
238
246
194
134
123
97
24
-21
1
78
84
126
198
205
106
19
-26
-83
-160
-198
-177
-131
-113
-143
-184
-254
-321
-380
-434
-488
-564
-634
-710
-765
-807
-814
-763
-784
-828
-869
-902
-889
-815
-744
-628
-292
63
267
321
392
579
661
494
278
285
328
254
183
304
486
540
351
186
153
137
-72
-257
-285
-296
-261
-107
129
337
432
515
637
733
715
623
526
471
418
411
442
423
479
522
535
477
289
115
16
9
-29
-139
-171
-76
58
167
252
271
285
337
300
229
151
59
6
68
113
151
162
203
240
237
150
55
-20
-18
-32
-51
-41
-4
22
35
7
-2
-37
-135
-141
-168
-210
-229
-191
-183
-228
-275
-320
-354
-387
-466
-593
-696
-766
-803
-837
-877
-946
-963
-938
-918
-814
-787
-752
-681
-513
-207
160
368
453
548
717
789
722
504
347
349
360
309
269
325
378
340
255
232
178
-4
-206
-305
-303
-258
-196
-73
61
226
404
499
568
584
572
530
478
404
341
327
380
420
406
388
344
218
112
1
-55
-64
-64
-91
-107
-70
9
118
162
98
92
123
131
58
-43
-137
-89
-17
35
47
77
34
-7
1
-3
-67
-119
-155
-90
-27
-30
-34
-44
-50
-69
-79
-122
-101
-84
-146
-224
-248
-288
-269
-274
-365
-472
-502
-499
-547
-574
-623
-720
-794
-772
-758
-779
-828
-816
-748
-683
-700
-635
-474
-196
110
278
365
470
566
622
516
440
406
379
325
297
290
340
334
289
231
146
-16
-117
-194
-267
-336
-295
-165
4
164
271
378
511
634
687
607
561
542
501
473
463
531
535
517
543
605
601
507
349
203
85
-40
-173
-206
-130
-68
-27
19
82
93
33
-15
-47
-74
-118
-137
-114
-106
-75
-47
-17
33
51
-7
-82
-156
-227
-314
-387
-375
-343
-331
-364
-393
-383
-358
-375
-398
-411
-385
-414
-460
-540
-583
-594
-609
-697
-746
-777
-776
-855
-938
-952
-941
-965
-898
-805
-714
-589
-326
11
259
432
656
818
865
810
770
695
622
474
369
370
374
397
366
278
129
-57
-165
-230
-260
-335
-370
-275
-136
71
275
475
616
673
705
668
640
573
473
499
544
580
572
533
545
611
705
660
485
333
198
77
-111
-214
-174
-115
-113
-47
98
197
198
164
86
26
-29
-118
-177
-186
-155
-141
-134
-52
-37
-100
-182
-277
-307
-382
-424
-388
-344
-323
-337
-249
-152
-148
-185
-228
-242
-352
-506
-590
-646
-691
-719
-706
-695
-727
-705
-643
-652
-695
-697
-678
-724
-696
-584
-312
-52
211
397
517
617
721
730
723
693
690
666
667
658
654
678
641
567
521
428
279
94
-95
-192
-184
-135
-53
16
140
340
519
603
589
580
586
637
682
610
587
579
621
621
514
510
590
645
527
307
167
85
-48
-179
-208
-138
-82
-59
-19
92
99
23
54
32
34
34
28
26
-47
-50
-14
37
29
-58
-144
-231
-297
-361
-432
-408
-386
-384
-405
-423
-346
-299
-268
-336
-356
-337
-321
-363
-484
-593
-590
-562
-606
-707
-765
-815
-915
-980
-961
-850
-722
-672
-583
-323
-50
164
291
376
495
610
648
668
720
750
729
696
706
726
618
500
376
246
84
-65
-195
-241
-283
-254
-211
-48
88
175
280
396
526
593
600
597
600
606
588
608
616
616
504
412
356
392
538
584
400
166
111
154
47
-137
-153
-53
-17
-20
27
75
68
1
-36
-40
-32
-136
-232
-203
-189
-212
-207
-170
-115
-118
-173
-211
-253
-283
-334
-367
-385
-355
-400
-411
-381
-428
-486
-575
-613
-654
-783
-863
-862
-880
-910
-924
-910
-902
-931
-960
-949
-896
-840
-782
-722
-636
-375
-58
164
304
442
603
735
748
696
684
667
552
494
547
543
441
317
278
191
81
-73
-211
-268
-386
-414
-372
-244
-120
41
198
321
363
321
347
426
455
460
455
498
504
485
492
455
372
306
315
345
223
19
-148
-137
-199
-351
-376
-259
-204
-199
-126
-47
-34
-132
-174
-149
-181
-202
-282
-325
-277
-273
-282
-263
-187
-131
-221
-303
-283
-289
-376
-437
-442
-369
-367
-439
-409
-394
-433
-517
-564
-611
-689
-841
-948
-980
-1005
-1086
-1109
-1057
-1072
-1172
-1213
-1145
-953
-774
-568
-269
44
281
398
567
773
803
722
654
698
664
572
583
623
576
370
241
230
120
-107
-326
-352
-359
-349
-310
-129
90
191
245
417
573
605
525
565
663
708
661
611
653
724
658
539
441
375
285
284
300
205
37
111
0
-35
11
107
47
126
90
102
214
233
132
70
67
120
85
46
15
-20
-107
-145
-115
-83
-136
-231
-320
-392
-408
-423
-461
-457
-459
-499
-502
-550
-597
-622
-699
-731
-813
-874
-1002
-1080
-1129
-1184
-1232
-1330
-1403
-1362
-1257
-1134
-1049
-843
-486
-114
156
380
575
722
793
793
859
916
920
930
972
1051
1043
872
663
505
387
147
-124
-308
-396
-420
-409
-252
-80
148
307
416
574
656
680
764
816
790
752
820
940
1001
960
909
811
666
497
314
255
198
138
137
142
211
269
286
249
248
201
141
87
62
-3
-139
-201
-176
-144
-88
-103
-112
-104
-159
-222
-247
-244
-273
-326
-356
-320
-258
-238
-218
-217
-289
-347
-469
-626
-704
-698
-741
-817
-915
-924
-995
-1067
-1184
-1238
-1315
-1381
-1373
-1323
-1233
-1089
-871
-426
31
429
644
752
846
859
808
814
878
898
820
754
806
1017
1026
871
655
448
233
-67
-236
-312
-402
-460
-358
-42
284
507
600
637
767
847
917
880
771
728
668
746
863
859
878
845
736
524
258
134
135
72
-1
7
167
320
357
379
376
271
119
-29
-43
-83
-255
-402
-365
-188
-82
-68
-46
37
-13
-114
-203
-318
-390
-425
-495
-512
-491
-424
-395
-440
-544
-666
-692
-730
-753
-859
-963
-1091
-1140
-1172
-1238
-1286
-1280
-1297
-1297
-1341
-1272
-1071
-792
-428
-39
301
590
788
887
932
859
785
787
778
802
717
645
739
756
619
423
218
106
-116
-373
-483
-457
-406
-279
-8
347
653
791
897
990
1008
920
845
793
778
752
765
824
846
864
833
714
540
267
58
-13
-53
-71
-97
17
267
344
304
285
292
223
85
-42
-74
-173
-248
-259
-226
-174
-158
-134
-78
-121
-255
-332
-312
-283
-332
-402
-399
-305
-273
-254
-261
-343
-414
-618
-813
-920
-995
-1043
-1116
-1150
-1143
-1109
-1119
-1185
-1258
-1385
-1440
-1462
-1345
-965
-467
24
394
666
988
1226
1277
1140
1044
976
899
826
761
882
931
849
742
585
482
213
-184
-517
-720
-769
-809
-628
-330
62
372
538
745
882
898
892
750
707
751
775
819
857
860
906
906
824
644
454
324
180
-42
-199
-207
-154
-70
33
196
305
346
358
358
301
150
-41
-174
-276
-263
-277
-252
-186
-166
-185
-207
-194
-231
-280
-386
-464
-571
-603
-683
-732
-784
-865
-935
-956
-1003
-1089
-1202
-1348
-1400
-1488
-1575
-1616
-1669
-1691
-1622
-1425
-1034
-504
-56
248
450
696
940
1046
901
883
938
912
879
938
1118
1311
1216
1006
781
588
331
-79
-395
-572
-707
-730
-524
-194
211
510
725
935
986
949
872
863
819
793
782
943
1002
1021
1052
1063
969
708
419
345
291
42
-219
-280
-103
15
-24
-1
92
122
103
74
42
-56
-211
-232
-191
-142
-167
-218
-200
-200
-255
-360
-448
-522
-621
-835
-1010
-1043
-935
-917
-924
-990
-1032
-999
-968
-893
-896
-986
-1135
-1303
-1356
-1480
-1657
-1865
-1941
-1731
-1445
-954
-439
22
428
657
807
880
899
901
908
915
850
921
1149
1290
1260
966
705
543
265
-66
-495
-777
-882
-798
-626
-252
139
438
649
822
965
1033
951
900
844
843
855
929
1098
1266
1337
1244
1083
1016
892
703
389
-2
-251
-299
-289
-283
-272
-228
-145
47
124
159
84
-24
-143
-241
-270
-278
-302
-337
-330
-302
-265
-281
-312
-378
-561
-820
-1040
-1149
-1177
-1228
-1275
-1237
-1226
-1217
-1223
-1273
-1331
-1576
-1766
-1936
-2046
-2083
-2010
-1721
-1129
-470
33
445
819
1065
1104
1021
942
934
851
731
768
1054
1292
1293
1263
1185
959
538
7
-416
-746
-983
-1110
-962
-556
-108
419
761
1035
1141
1187
1264
1261
1142
982
982
1187
1403
1530
1644
1655
1645
1509
1310
1066
644
175
-172
-321
-383
-420
-378
-183
-38
34
74
164
199
31
-233
-373
-340
-317
-342
-316
-238
-173
-193
-269
-309
-430
-675
-933
-1174
-1291
-1338
-1365
-1369
-1372
-1370
-1341
-1434
-1482
-1545
-1665
-1812
-1862
-1953
-1918
-1731
-1377
-647
-8
449
811
1096
1304
1315
1173
1142
1130
984
864
870
1038
1198
1137
939
871
671
315
-46
-384
-675
-909
-944
-603
-148
237
537
821
999
1122
1145
1261
1284
1149
1105
1153
1375
1499
1535
1610
1729
1746
1581
1300
997
593
148
-236
-443
-429
-386
-256
-100
10
98
99
80
-37
-260
-519
-638
-681
-657
-631
-533
-422
-300
-240
-222
-308
-519
-759
-1021
-1154
-1357
-1455
-1488
-1505
-1537
-1618
-1697
-1774
-1975
-2170
-2323
-2334
-2187
-1872
-1252
-607
-64
386
807
1245
1540
1623
1610
1517
1321
1205
1148
1156
1148
1054
969
855
692
388
-11
-378
-791
-1117
-1242
-1065
-701
-401
-1
461
923
1262
1396
1536
1631
1584
1566
1549
1641
1712
1693
1819
1982
2015
1802
1441
1056
643
51
-409
-674
-728
-681
-604
-406
-107
115
214
260
169
-36
-334
-517
-667
-726
-730
-664
-521
-432
-358
-403
-603
-828
-1100
-1377
-1561
-1827
-1939
-1882
-1855
-1834
-1868
-1913
-1857
-1904
-1988
-2120
-2265
-2208
-1931
-1362
-601
-2
459
895
1307
1569
1563
1428
1378
1225
1045
913
991
1097
1141
1081
920
705
425
57
-317
-751
-1031
-1077
-910
-539
-180
154
554
807
1075
1231
1236
1186
1038
950
991
1190
1444
1697
1933
2147
2217
2110
1775
1333
851
263
-256
-549
-590
-481
-390
-260
-79
43
102
-11
-187
-399
-742
-972
-1081
-1023
-904
-770
-596
-363
-256
-280
-453
-760
-1113
-1456
-1763
-2007
-2089
-2227
-2272
-2391
-2460
-2427
-2389
-2242
-2052
-1752
-1323
-843
-523
-201
164
582
919
1034
1145
1399
1534
1538
1478
1474
1508
1304
914
670
423
88
-325
-696
-829
-828
-825
-668
-349
-85
220
384
583
947
1110
1319
1405
1598
1860
2035
2228
2422
2419
2373
2236
1992
1580
1018
569
166
-109
-245
-175
72
262
411
534
633
483
260
-23
-167
-389
-629
-812
-842
-715
-631
-651
-616
-628
-721
-915
-1121
-1236
-1417
-1623
-1734
-1835
-1773
-1736
-1736
-1815
-1893
-1961
-1997
-2126
-2131
-1938
-1480
-1019
-593
-220
322
877
1219
1174
1107
1183
1207
1096
863
846
1038
1132
1084
878
741
675
428
81
-255
-496
-534
-530
-430
-234
53
373
652
878
1024
1149
1106
1117
1097
1205
1387
1606
1903
2307
2609
2567
2269
1895
1555
1073
479
-33
-233
-190
-60
78
337
560
552
445
341
200
-143
-503
-785
-901
-870
-775
-575
-317
-208
-258
-425
-571
-810
-1184
-1659
-2150
-2475
-2665
-2811
-2902
-2793
-2635
-2308
-1909
-1304
-565
9
360
449
533
611
633
607
697
904
1160
1344
1401
1497
1475
1165
730
248
-212
-622
-1014
-1261
-1325
-1183
-764
-258
234
549
750
799
859
835
792
920
1159
1507
1846
2150
2520
2817
2835
2554
1999
1398
845
306
-84
-329
-328
-122
153
537
899
1060
1033
782
435
107
-261
-491
-727
-847
-849
-738
-570
-414
-356
-431
-682
-995
-1202
-1506
-1733
-1979
-2115
-2101
-1987
-1836
-1646
-1607
-1636
-1584
-1483
-1306
-1062
-851
-561
-247
72
453
756
961
1109
1128
1100
1106
1128
1012
935
760
616
513
301
246
154
-76
-233
-427
-409
-371
-353
-248
-121
69
332
544
730
900
968
1028
1139
1339
1586
1881
2148
2239
2148
1930
1733
1352
816
322
53
-100
-166
-216
-14
313
441
461
413
-650
-932
415
316
25
-346
-1008
-952
-860
-859
-912
-915
-886
-1045
-1405
-1873
-2222
-2555
-2792
-2948
-2933
-2779
-2533
-2238
-1610
-635
271
731
754
771
986
1008
774
539
642
982
1164
1199
1345
1721
1824
1287
540
20
-285
-774
-1397
-1722
-1659
-1255
-709
-120
427
808
930
854
750
629
458
474
697
1035
1391
1817
2348
2721
2675
2331
1814
1214
579
-59
-517
-760
-722
-419
81
556
867
1017
1001
813
403
-55
-463
-789
-1082
-1202
-1073
-759
-550
-472
-528
-667
-1068
-1541
-1966
-2389
-2707
-3061
-3212
-2998
-2743
-2384
-1983
-1376
-680
-83
269
523
558
512
475
584
741
869
939
1266
1652
1836
1738
1535
1301
906
332
-292
-668
-817
-1042
-1108
-943
-542
-2
318
518
577
547
414
264
251
327
439
718
1205
1826
2306
2555
2559
2378
1963
1394
770
209
-286
-523
-531
-358
-50
287
575
680
592
440
201
-157
-485
-853
-1042
-1130
-1068
-834
-723
-747
-846
-965
-1195
-1626
-2076
-2550
-2856
-3136
-3204
-3172
-2829
-2448
-2024
-1378
-583
195
617
683
765
921
977
873
734
808
1197
1393
1476
1582
1754
1733
1235
549
61
-301
-666
-1127
-1334
-1254
-859
-407
48
494
790
822
787
596
533
437
334
570
833
1326
1916
2337
2546
2405
1986
1605
1003
342
-237
-591
-630
-614
-405
33
470
748
788
663
448
14
-388
-791
-1162
-1352
-1378
-1186
-994
-985
-1011
-1171
-1460
-1730
-2158
-2580
-3021
-3341
-3419
-3341
-3105
-2600
-1810
-835
-48
390
709
927
1073
1029
746
653
806
1096
1261
1368
1605
1918
1976
1690
1145
672
184
-418
-933
-1304
-1254
-968
-572
-37
414
791
1002
975
889
684
542
497
497
733
1255
1941
2602
2810
2750
2464
2029
1494
689
-56
-442
-736
-745
-515
-100
437
710
799
770
584
288
-176
-716
-1168
-1513
-1593
-1440
-1203
-1128
-1179
-1229
-1456
-1787
-2235
-2770
-3144
-3506
-3687
-3628
-3280
-2619
-1754
-881
29
610
826
973
1004
947
663
375
601
914
1195
1407
1693
2090
2197
1831
1277
762
266
-476
-1155
-1393
-1234
-826
-352
173
684
1061
1192
1222
1069
865
599
358
450
882
1531
2245
2694
2817
2756
2472
1976
1164
339
-293
-704
-938
-842
-383
115
495
738
878
893
583
28
-529
-1071
-1486
-1751
-1758
-1477
-1233
-1212
-1306
-1461
-1592
-1957
-2500
-3039
-3523
-3817
-3874
-3566
-2951
-1929
-991
-158
398
774
1049
1138
877
486
247
273
592
818
1062
1528
1912
2024
1722
1230
916
465
-347
-982
-1291
-1126
-704
-352
160
743
1173
1327
1357
1216
1065
778
482
583
1044
1738
2394
2639
2662
2573
2285
1802
1006
192
-380
-804
-958
-739
-276
289
654
843
949
931
618
8
-607
-1117
-1489
-1650
-1623
-1321
-1116
-1154
-1305
-1508
-1782
-2204
-2858
-3408
-3772
-3957
-3855
-3439
-2573
-1406
-404
209
572
874
1054
1022
734
382
272
372
695
1096
1383
1677
1879
1761
1451
994
521
-12
-680
-1205
-1281
-917
-329
246
664
1114
1463
1557
1537
1365
1139
825
629
857
1521
2227
2573
2559
2497
2344
1813
1054
220
-297
-681
-936
-870
-465
54
463
693
817
846
637
275
-320
-856
-1339
-1640
-1629
-1396
-1218
-1201
-1253
-1421
-1750
-2114
-2623
-3142
-3655
-4005
-3909
-3392
-2470
-1459
-645
54
614
951
1085
1022
819
613
350
259
568
1034
1471
1683
1641
1614
1373
997
514
-50
-662
-1079
-1185
-841
-223
387
843
1212
1401
1590
1591
1464
1261
971
980
1347
1925
2484
2684
2641
2452
2072
1513
854
217
-323
-766
-958
-782
-344
123
389
532
659
643
411
-39
-635
-1101
-1500
-1636
-1571
-1418
-1247
-1168
-1305
-1560
-1921
-2316
-2714
-3171
-3580
-3707
-3418
-2722
-1805
-962
-318
219
618
824
868
723
580
405
278
334
609
1073
1475
1536
1311
1134
923
578
35
-582
-910
-989
-821
-340
196
802
1313
1603
1815
1900
1850
1636
1314
1282
1550
1974
2425
2674
2702
2537
2170
1679
1000
386
-167
-668
-948
-928
-543
-48
322
525
609
572
360
-4
-449
-1040
-1566
-1798
-1762
-1487
-1347
-1340
-1385
-1572
-1997
-2397
-2811
-3213
-3613
-3952
-3786
-2939
-1849
-899
-294
190
703
1014
929
764
538
335
162
115
392
999
1391
1421
1308
1162
1022
739
143
-428
-848
-1107
-933
-482
149
821
1252
1586
1829
1891
1940
1848
1564
1467
1652
2093
2639
2836
2878
2758
2476
1948
1302
722
224
-292
-728
-781
-400
162
539
701
726
724
519
141
-352
-963
-1508
-1815
-1893
-1718
-1640
-1615
-1661
-1956
-2310
-2614
-2957
-3293
-3771
-3968
-3551
-2735
-1836
-1044
-411
309
769
842
832
812
806
560
174
228
642
971
1173
1139
1148
1108
811
379
-97
-549
-915
-984
-805
-282
326
737
1150
1383
1002
524
73
-335
-565
-372
67
447
683
698
806
654
363
16
-527
-1054
-1444
-1659
-1538
-1498
-1412
-1477
1608
1775
1763
1582
1378
1292
1713
2280
2665
2878
2928
2752
2279
1630
-1756
-2104
-2415
-2759
-3108
-3622
-3945
-3668
-2931
-2037
-1218
-557
61
572
775
823
847
717
391
69
54
401
868
982
990
973
870
716
260
-280
-700
-1069
-1186
-1081
-723
-110
399
801
1138
1425
1629
1773
1659
1459
1432
1738
2235
2627
2805
2845
2705
2278
1741
1181
650
138
-332
-548
-342
-63
256
607
891
1016
838
509
118
-307
-757
-1215
-1489
-1514
-1441
-1479
-1643
-1786
-2083
-2356
-2653
-3024
-3378
-3591
-3327
-2596
-1775
-1098
-396
236
771
975
840
861
938
768
512
338
600
998
1063
965
921
868
582
80
-382
-692
-959
-1168
-1017
-622
-172
331
713
1130
1394
1441
1505
1516
1576
1772
2072
2408
2612
2545
2387
2170
1752
1236
614
147
-205
-491
-559
-344
47
387
561
734
741
533
186
-216
-504
-783
-1042
-1216
-1340
-1364
-1563
-1851
-2156
-2476
-2721
-3041
-3393
-3523
-3265
-2578
-1808
-1211
-702
-47
482
840
768
726
824
645
459
398
641
1101
1178
1052
877
798
689
265
-277
-641
-860
-902
-836
-471
15
467
799
977
1300
1527
1650
1594
1537
1758
2222
2652
2802
2591
2284
1961
1520
990
433
-42
-303
-608
-594
-344
-45
262
353
473
505
301
12
-412
-830
-1099
-1392
-1457
-1453
-1434
-1603
-1834
-2206
-2551
-2847
-3248
-3625
-3664
-3298
-2527
-1764
-1249
-666
-10
491
777
692
684
768
627
449
559
894
1272
1336
1139
1071
947
648
139
-473
-831
-967
-922
-687
-287
131
560
831
1093
1334
1515
1616
1597
1700
2048
2524
2804
2829
2636
2424
2010
1427
821
367
-4
-437
-769
-727
-363
-13
186
280
414
399
43
-382
-724
-1014
-1279
-1551
-1582
-1507
-1603
-1801
-2127
-2372
-2671
-3229
-3627
-3885
-3606
-2905
-2206
-1585
-992
-360
286
624
611
619
718
666
584
389
546
901
1154
1056
834
749
722
364
-287
-781
-906
-900
-781
-536
-165
448
830
1000
1202
1391
1665
1754
1708
1872
2349
2828
2953
2759
2508
2257
1703
1033
415
160
-93
-424
-534
-303
141
364
410
530
558
346
-112
-595
-799
-1059
-1356
-1458
-1400
-1443
-1705
-2205
-2539
-2738
-3180
-3557
-3789
-3429
-2695
-2074
-1632
-1096
-382
172
386
238
356
607
504
226
111
439
858
931
723
672
714
554
191
-369
-750
-805
-773
-518
-199
146
625
924
1170
1387
1501
1744
1818
1832
2077
2514
2900
2912
2593
2357
2093
1578
830
120
-116
-300
-554
-586
-327
185
413
360
439
458
321
-72
-568
-803
-1045
-1336
-1380
-1291
-1383
-1696
-2084
-2577
-3061
-3516
-2327
-3512
-2921
-2257
-1846
-1506
-831
-114
333
365
409
564
604
368
148
245
554
653
577
544
632
635
321
-107
-539
-828
-855
-800
-650
-407
-21
494
824
1074
1328
1678
2031
2152
2270
2732
3141
3252
2964
2569
2375
2019
1353
722
415
284
36
-250
-172
217
376
323
287
356
231
-98
-456
-650
-756
-973
-1111
-1113
-1193
-1514
-1885
-2154
-2373
-2793
-3237
-3239
-2687
-2009
-1671
-1381
-858
-186
290
273
232
449
601
500
298
347
785
886
684
563
493
456
230
-234
-575
-767
-795
-650
-516
-283
60
396
697
944
1176
1465
1756
1875
2076
2410
2894
3125
2933
2530
2219
1880
1330
738
404
296
155
-69
16
376
582
516
300
158
42
-274
-688
-999
-1161
-1263
-1381
-1339
-1372
-1569
-1934
-2202
-2471
-2852
-3226
-2972
-2292
-1738
-1558
-1306
-742
-3
288
234
271
572
672
415
194
481
812
721
427
369
538
575
184
-256
-489
-578
-530
-446
-214
133
333
562
849
1064
1286
1501
1639
1758
2127
2623
2947
2751
2267
1875
1670
1287
673
175
-80
-109
-125
-110
245
580
549
406
268
209
-31
-552
-981
-1165
-1391
-1511
-1448
-1410
-1658
-2053
-2299
-2451
-2789
-3262
-3267
-2648
-1987
-1628
-1395
-855
-83
330
195
226
642
810
550
126
256
758
698
375
272
379
393
85
-275
-459
-561
-618
-435
-217
81
359
541
802
1120
1247
1459
1689
1908
2164
2433
2821
3004
2732
2189
1783
1455
950
313
-34
-74
-22
-109
-83
300
590
558
362
143
2
-370
-846
-1042
-1227
-1516
-1678
-1750
-1734
-1949
-2281
-2592
-2898
-3148
-3155
-2717
-2055
-1723
-1569
-1176
-455
64
75
30
421
821
797
486
444
854
988
632
347
376
511
342
-186
-497
-480
-386
-223
-84
169
439
671
831
1009
1225
1452
1709
1910
2216
2514
2838
2916
2684
2190
1711
1242
780
346
-64
-237
-237
-211
11
279
475
428
265
105
-108
-455
-850
-1190
-1344
-1480
-1614
-1668
-1683
-1876
-2090
-2486
-2888
-3129
-3058
-2560
-2000
-1766
-1549
-1114
-530
-72
-9
44
378
535
425
233
286
651
643
266
115
248
287
33
-330
-539
-484
-412
-231
45
288
479
631
751
1007
1214
1443
1773
1909
2113
2441
2911
3252
2987
2275
1714
1257
768
151
-241
-287
-205
-150
73
500
823
737
429
226
14
-342
-912
-1289
-1441
-1643
-1648
-1707
-1737
-1898
-2199
-2540
-2804
-3019
-2763
-2178
-1725
-1548
-1385
-912
-154
193
101
86
442
694
479
173
326
686
608
100
-88
48
128
-209
-706
-792
-639
-473
-191
107
425
653
659
850
1112
1314
1538
1834
2221
2591
2832
3077
3091
2774
2083
1388
940
521
32
-355
-501
-350
-77
134
478
655
589
388
63
-247
-610
-1048
-1356
-1511
-1626
-1684
-1838
-1967
-2131
-2476
-2871
-3151
-3074
-2584
-1973
-1787
-1658
-1271
-627
-83
78
38
378
641
626
453
462
787
801
296
-100
-101
-36
-205
-683
-898
-719
-539
-364
-98
245
526
686
750
1060
1398
1669
1880
2029
2368
2842
3298
3384
3080
2514
2003
1458
853
227
-237
-411
-443
-351
-57
353
520
396
169
4
-193
-562
-950
-1218
-1459
-1764
-1907
-1917
-1870
-1939
-2213
-2582
-2805
-2693
-2187
-1785
-1712
-1707
-1447
-792
-256
-195
-117
239
628
716
465
535
871
807
271
-237
-221
50
-115
-604
-834
-662
-353
-213
-88
137
395
457
522
763
1065
1465
1765
2017
2456
2993
3498
3587
3154
2545
1964
1382
811
308
-44
-122
-134
58
308
648
759
528
236
-37
-316
-684
-1179
-1463
-1697
-1882
-1800
-1742
-1559
-1671
-2137
-2466
-2623
-2354
-1772
-1502
-1578
-1589
-1202
-478
-97
-96
-14
303
472
413
311
527
778
525
-85
-258
1
161
-180
-730
-862
-548
-357
-169
19
158
347
282
413
788
1106
1459
1661
1913
2448
2903
3186
3054
2592
2041
1480
958
609
258
23
-119
-71
209
508
738
732
475
309
-18
-419
-800
-1137
-1309
-1662
-1923
-1904
-1819
-1752
-2037
-2383
-2466
-2204
-1636
-1262
-1290
-1297
-1004
-469
-25
-14
27
356
536
531
361
444
730
579
23
-330
-258
-81
-271
-739
-936
-666
-367
-170
84
332
500
529
458
751
1090
1387
1581
1697
2042
2510
2831
2848
2480
1949
1481
938
525
161
-169
-341
-403
-167
210
540
703
612
414
150
-283
-725
-1161
-1298
-1577
-1910
-2065
-2029
-1935
-2067
-2488
-2615
-2554
-2019
-1496
-1295
-1284
-1125
-680
-106
-3
10
301
702
821
652
569
950
1013
486
-146
-186
80
51
-440
-807
-707
-374
-238
-52
225
594
717
607
775
1160
1572
1815
1874
2228
2830
3123
3048
2504
1962
1501
878
292
-46
-284
-384
-561
-443
-8
402
553
350
141
2
-342
-877
-1308
-1440
-1587
-2035
-2199
-2104
-2014
-2168
-2764
-2988
-2741
-2200
-1657
-1568
-1652
-1347
-849
-319
-113
-126
122
410
468
328
347
739
897
373
-174
-243
77
-23
-562
-844
-672
-180
36
153
488
804
948
943
1071
1461
1719
1836
2007
2255
2657
2992
2987
2753
2238
1638
1027
475
171
-144
-416
-526
-384
50
340
511
466
310
56
-361
-798
-1128
-1510
-1858
-2223
-2494
-2406
-2263
-2237
-2598
-2879
-2639
-1944
-1466
-1415
-1622
-1442
-932
-499
-430
-388
16
470
433
234
347
786
766
114
-442
-430
-154
-212
-668
-853
-553
-135
178
390
677
918
884
790
953
1382
1820
1983
2208
2624
3240
3515
3327
2849
2269
1627
935
305
-76
-247
-342
-369
-126
386
863
987
760
541
285
-199
-754
-1177
-1320
-1599
-2052
-2339
-2219
-2146
-2322
-2854
-3097
-2797
-2158
-1753
-1718
-1770
-1371
-718
-298
-215
-99
314
652
568
377
527
886
779
87
-392
-233
75
-172
-800
-1023
-702
-305
-155
30
430
843
923
999
1275
1833
2134
2309
2582
3025
3416
3464
3194
2791
2200
1550
934
433
194
11
-163
-173
87
463
697
724
642
540
222
-144
-492
-773
-1067
-1426
-1747
-1943
-1951
-2091
-2506
-2949
-3067
-2527
-1870
-1567
-1543
-1561
-1157
-696
-494
-589
-434
-18
269
133
97
452
928
736
88
-91
135
222
-259
-839
-847
-485
-186
97
365
790
1144
1058
1117
1448
1904
2234
2380
2648
3149
3488
3602
3378
2909
2300
1644
1078
558
131
-149
-256
-161
141
468
811
836
608
327
-82
-380
-740
-1092
-1356
-1649
-1933
-1927
-1886
-1987
-2466
-2944
-2834
-2187
-1502
-1311
-1346
-1205
-738
-329
-297
-354
-189
119
222
82
111
496
684
307
-244
-330
-97
-155
-723
-1171
-1036
-603
-274
-137
154
559
792
811
952
1278
1746
2048
2281
2570
3055
3414
3568
3331
2771
2152
1521
943
441
112
-65
-104
4
225
512
763
773
560
262
-48
-378
-733
-1051
-1469
-1813
-1965
-1933
-2004
-2265
-2780
-3121
-2926
-2238
-1638
-1491
-1585
-1288
-685
-210
-183
-174
82
430
384
149
247
661
667
118
-431
-382
-131
-406
-1016
-1236
-990
-590
-342
-172
180
581
645
717
998
1506
1854
1919
2153
2648
3211
3478
3378
3007
2548
1910
1334
832
380
-14
-252
-270
-72
238
566
720
653
453
146
-186
-540
-835
-1174
-1643
-1935
-1996
-1893
-2004
-2342
-2942
-3190
-2823
-2056
-1608
-1604
-1725
-1336
-681
-316
-290
-245
41
388
383
214
417
781
624
-75
-532
-230
27
-372
-1052
-1248
-976
-594
-454
-263
116
400
364
468
806
1356
1672
1857
2117
2640
3154
3335
3217
2785
2197
1662
1274
847
443
76
-162
-23
170
423
638
738
628
379
28
-273
-668
-1058
-1374
-1701
-1961
-2010
-1934
-1996
-2436
-3030
-3040
-2437
-1806
-1558
-1693
-1618
-1058
-505
-383
-451
-320
74
256
124
112
529
777
328
-338
-516
-157
-186
-740
-1215
-1155
-767
-464
-304
-36
444
718
760
807
1119
1553
1745
1819
2054
2603
3098
3252
3017
2584
2114
1614
1144
674
252
-56
-221
-151
198
596
824
793
613
337
47
-356
-791
-1193
-1619
-1950
-2035
-1944
-1865
-2081
-2608
-2961
-2657
-1909
-1391
-1455
-1729
-1550
-928
-490
-452
-400
-61
342
379
193
369
699
570
-189
-751
-523
-133
-398
-1056
-1272
-952
-497
-265
-60
332
597
544
562
865
1372
1853
2028
2115
2473
2895
3236
3175
2656
1989
1422
993
725
343
62
-97
-150
36
384
751
898
806
481
167
-178
-643
-1013
-1343
-1784
-2058
-1992
-1809
-1750
-2132
-2634
-2791
-2248
-1628
-1369
-1474
-1517
-1131
-555
-335
-369
-256
8
226
157
60
397
608
202
-471
-698
-331
-103
-576
-1062
-1080
-772
-464
-257
2
403
525
519
702
1133
1626
1801
1759
1984
2607
3120
3288
2990
2547
2054
1484
966
532
116
-119
-253
-164
184
604
886
828
692
512
202
-197
-619
-1002
-1457
-1929
-1980
-1759
-1545
-1714
-2227
-2633
-2490
-1881
-1326
-1225
-1470
-1416
-813
-171
-35
-120
40
390
561
351
305
650
644
8
-696
-653
-43
-123
-852
-1293
-1040
-499
-194
-36
301
589
519
488
747
1288
1688
1725
1813
2221
2848
3151
3007
2617
2138
1609
1109
744
431
125
-190
-256
33
424
748
807
683
545
314
-33
-496
-966
-1410
-1817
-2079
-2037
-1752
-1729
-2077
-2612
-2895
-2364
-1609
-1273
-1364
-1518
-1149
-445
-70
-153
-129
148
499
469
276
544
887
578
-207
-597
-288
36
-440
-1120
-1165
-781
-391
-108
124
445
597
501
688
1140
1548
1749
1619
1919
2517
2971
3136
2971
2554
2025
1330
788
413
-18
-291
-475
-424
-76
257
559
619
455
308
5
-400
-871
-1334
-1730
-2123
-2171
-1958
-1813
-1936
-2442
-2946
-2809
-2044
-1419
-1323
-1600
-1417
-681
-104
-125
-174
64
498
692
410
387
911
926
316
-454
-484
122
58
-758
-1195
-1020
-551
-275
-174
145
514
507
504
843
1365
1752
1760
1765
2167
2749
3070
3067
2766
2336
1784
1181
671
264
-81
-392
-478
-216
231
625
702
566
354
104
-219
-635
-1146
-1647
-2127
-2391
-2266
-1920
-1767
-2125
-2696
-2898
-2232
-1359
-1045
-1322
-1542
-1099
-386
-179
-198
-109
236
502
430
299
701
994
586
-172
-473
-23
245
-319
-954
-972
-594
-226
-12
212
537
667
491
646
1105
1599
1720
1574
1860
2561
3036
3017
2668
2262
1758
1149
639
352
3
-331
-534
-418
62
497
659
564
413
275
-47
-573
-1078
-1575
-2009
-2390
-2431
-2148
-1870
-2007
-2603
-3035
-2635
-1733
-1138
-1253
-1582
-1253
-460
21
-28
-94
253
647
678
406
616
1147
1034
180
-474
-209
268
-69
-799
-955
-573
-181
-54
153
598
853
706
673
1120
1772
2011
1847
1926
2563
3172
3288
2974
2520
2040
1337
741
376
146
-119
-516
-561
-129
381
656
567
383
276
8
-494
-1008
-1430
-1833
-2308
-2603
-2402
-2006
-1961
-2474
-3176
-3139
-2170
-1361
-1314
-1692
-1552
-787
-198
-170
-232
60
511
614
343
415
1020
1158
413
-389
-312
358
360
-474
-995
-766
-275
9
122
487
839
748
651
986
1619
2037
1887
1753
2216
2986
3372
3174
2762
2342
1850
1236
703
368
35
-369
-631
-433
147
664
728
465
260
146
-108
-674
-1250
-1634
-2057
-2501
-2523
-2113
-1913
-2248
-3022
-3228
-2380
-1473
-1282
-1705
-1934
-1376
-630
-484
-599
-375
57
297
163
79
622
957
463
-328
-578
-44
291
-347
-974
-930
-560
-90
174
436
875
893
714
927
1478
2033
2183
1987
2313
3048
3499
3493
3137
2639
2070
1419
917
543
153
-248
-519
-388
16
458
675
527
334
114
-228
-618
-1177
-1606
-1968
-2416
-2525
-2311
-2084
-2128
-2734
-3220
-2696
-1672
-1089
-1349
-1778
-1402
-577
-254
-420
-361
46
500
353
12
405
961
628
-259
-727
-232
356
-201
-968
-1020
-613
-150
89
294
851
1025
838
964
1458
2194
2411
2109
2218
2823
3508
3718
3343
2866
2344
1721
1265
910
570
184
-303
-389
-91
458
842
672
397
172
-52
-366
-997
-1491
-1907
-2300
-2552
-2379
-2030
-2080
-2683
-3153
-2701
-1625
-1047
-1242
-1641
-1390
-703
-398
-468
-363
32
377
352
93
423
963
707
-141
-681
-360
144
-189
-930
-1192
-830
-311
82
324
734
957
768
770
1162
1723
2004
1919
2029
2618
3321
3547
3332
2915
2378
1731
1133
693
423
162
-193
-268
-24
519
965
926
592
286
-31
-425
-985
-1526
-1902
-2270
-2512
-2404
-2081
-1974
-2431
-3173
-3006
-1959
-1198
-1197
-1773
-1712
-890
-439
-480
-579
-212
375
382
-37
222
895
937
41
-755
-499
161
-86
-923
-1235
-952
-470
-237
-105
352
723
553
515
869
1573
2185
2171
2146
2539
3034
3378
3223
2726
2083
1455
1032
796
533
218
-103
-225
-51
289
738
880
649
254
-121
-299
-729
-1231
-1673
-2047
-2369
-2457
-2372
-2235
-2498
-3238
-3259
-2358
-1335
-1033
-1436
-1498
-830
-341
-401
-530
-270
189
271
-120
-39
696
936
307
-508
-500
193
158
-649
-1105
-909
-488
-116
31
479
999
930
897
1162
1673
2093
2018
1978
2475
3031
3304
3111
2767
2327
1699
1021
615
373
123
-208
-353
-182
208
609
781
669
434
94
-198
-684
-1242
-1687
-2047
-2298
-2360
-2288
-2167
-2379
-3028
-3152
-2390
-1400
-1033
-1437
-1553
-788
-165
-177
-450
-334
262
503
99
71
694
1017
372
-577
-649
2
90
-715
-1253
-1129
-659
-221
-93
317
822
881
815
1029
1572
2153
2178
2084
2487
3040
3423
3275
2843
2377
1757
1241
892
541
256
-122
-256
-118
234
655
804
672
384
99
-180
-613
-1176
-1598
-1897
-2120
-2274
-2240
-2178
-2422
-3056
-3290
-2399
-1374
-1023
-1407
-1566
-857
-128
-175
-366
-170
296
518
69
-44
631
966
386
-468
-642
10
115
-791
-1344
-1193
-760
-325
-79
298
885
902
848
1148
1611
2058
2187
2056
2441
2938
3280
3225
2849
2337
1777
1216
786
408
34
-260
-390
-197
119
529
764
663
363
-29
-287
-609
-1138
-1658
-2044
-2347
-2464
-2479
-2486
-2679
-3250
-3343
-2509
-1549
-1118
-1396
-1581
-952
-260
-290
-468
-276
163
461
123
60
776
1134
555
-326
-496
119
223
-666
-1264
-1107
-698
-288
-39
318
904
952
783
1084
1468
1965
2057
1929
2338
2966
3358
3324
2972
2547
1981
1350
868
440
82
-252
-427
-266
50
540
822
725
464
129
-148
-501
-1162
-1631
-1993
-2287
-2421
-2294
-2170
-2376
-3029
-3227
-2318
-1360
-952
-1373
-1635
-976
-295
-325
-545
-341
189
513
147
-4
712
1180
579
-355
-608
57
256
-622
-1163
-965
-541
-130
151
466
1074
1052
930
1186
1527
1999
2192
2080
2524
3032
3379
3368
2943
2462
1835
1249
910
540
230
-58
-173
-42
141
535
835
771
479
-20
-300
-630
-1300
-1748
-1992
-2367
-2457
-2516
-2414
-2569
-3214
-3091
-2094
-1225
-1011
-1423
-1403
-611
-179
-412
-597
-359
188
374
-81
23
767
968
267
-515
-498
102
-53
-935
-1190
-969
-593
-76
214
667
1164
1029
1103
1334
1596
2117
2336
2353
2693
2981
3385
3455
3032
2492
1815
1312
965
448
63
-230
-171
-3
97
559
928
855
448
-172
-394
-828
-1540
-1950
-2278
-2493
-2594
-2631
-2517
-2729
-3127
-2657
-1727
-1067
-1178
-1582
-1367
-642
-551
-834
-869
-329
224
161
-357
32
760
646
-239
-800
-495
-88
-673
-1358
-1197
-711
-361
15
358
966
1254
1149
1292
1549
1819
2229
2351
2528
2929
3183
3477
3399
3025
2376
1606
1145
809
330
-62
-291
-37
150
337
761
1007
868
340
-246
-567
-1103
-1768
-2165
-2532
-2683
-2655
-2685
-2698
-3129
-3003
-2179
-1386
-1189
-1484
-1603
-990
-631
-849
-968
-660
-36
210
-185
-189
503
841
237
-665
-749
-300
-489
-1274
-1571
-1111
-640
-270
53
613
1102
1159
1207
1478
1671
1921
2143
2375
2880
3148
3391
3502
3274
2759
1982
1355
1072
534
6
-369
-270
132
289
545
945
1066
765
128
-353
-701
-1423
-2078
-2383
-2518
-2475
-2503
-2430
-2625
-2921
-2295
-1409
-920
-1219
-1652
-1303
-610
-615
-925
-842
-226
348
187
-239
166
791
522
-505
-988
-541
-221
-887
-1635
-1436
-810
-423
-66
264
858
1052
901
1088
1411
1701
1950
2056
2569
3140
3426
3609
3439
3080
2430
1607
1112
750
268
-149
-393
-65
357
593
853
1000
872
415
-268
-750
-1314
-1937
-2294
-2509
-2504
-2429
-2322
-2449
-2896
-2527
-1601
-922
-1039
-1558
-1476
-767
-568
-847
-871
-410
276
345
-141
4
621
604
-299
-1107
-910
-386
-777
-1509
-1534
-992
-525
-204
76
635
943
796
873
1206
1467
1826
1990
2316
2984
3300
3575
3519
3138
2616
1810
1169
848
380
37
-201
-66
378
620
841
1005
956
613
-18
-492
-961
-1635
-2088
-2365
-2398
-2271
-2299
-2261
-2662
-2601
-1822
-1079
-982
-1421
-1615
-922
-493
-705
-860
-551
113
487
46
-141
425
654
33
-963
-1049
-372
-407
-1244
-1683
-1248
-646
-220
-44
300
778
770
716
1016
1313
1711
1917
2093
2763
3202
3423
3508
3256
2885
2217
1348
1001
637
302
2
-139
221
586
787
997
971
724
218
-313
-716
-1312
-1865
-2221
-2412
-2257
-2199
-2181
-2463
-2678
-1990
-1084
-758
-1081
-1516
-1099
-529
-569
-828
-710
-170
246
50
-272
170
705
374
-616
-1121
-659
-317
-855
-1526
-1372
-775
-382
-90
208
677
909
750
928
1245
1522
1838
1891
2382
3018
3352
3517
3343
2993
2455
1611
1024
755
439
192
-55
128
588
881
1096
1114
903
451
-159
-648
-1215
-1793
-2137
-2391
-2385
-2316
-2260
-2435
-2782
-2341
-1453
-853
-1010
-1528
-1371
-635
-403
-634
-748
-340
273
320
-135
-48
419
385
-460
-1267
-1021
-477
-800
-1466
-1568
-1007
-451
-170
62
527
855
740
748
1023
1321
1657
1848
2203
2819
3178
3406
3314
2956
2470
1755
1144
915
538
256
27
71
470
732
941
1033
875
499
-61
-477
-1003
-1650
-2047
-2349
-2482
-2363
-2281
-2265
-2704
-2554
-1574
-770
-777
-1285
-1353
-607
-263
-586
-750
-402
211
329
-177
-248
365
445
-391
-1279
-1177
-622
-811
-1525
-1759
-1204
-633
-233
49
468
881
796
726
995
1296
1597
1731
1883
2517
2945
3249
3299
3036
2546
1945
1276
907
409
-18
-235
-199
210
553
892
1105
1012
597
14
-470
-910
-1590
-2075
-2366
-2512
-2457
-2348
-2162
-2431
-2482
-941
-421
-620
-1717
-853
-707
-1230
-1584
-798
-500
239
624
192
-22
493
737
71
-1055
-1338
-772
-801
-1479
-1803
-1324
-696
-342
-67
407
903
889
730
942
1186
1535
1884
2009
2541
2931
3242
3398
3036
2489
1837
1170
870
519
131
-77
-130
267
588
820
1060
1025
667
107
-430
-827
-1501
-1973
-2265
-2415
-2347
-2326
-2210
-2418
-2579
-1832
-963
-709
-1139
-1493
-957
-325
-487
-771
-590
111
555
170
-218
264
685
209
-884
-1285
-703
-534
-1227
-1782
-1380
-667
-273
23
326
821
975
850
1088
1334
1595
1893
2009
2527
3035
3209
3344
3044
1934
2528
1232
896
682
326
187
110
416
802
988
1276
1279
911
362
-306
-765
-1441
-2001
-2235
-2385
-2357
-2323
-2252
-2358
-2574
-1885
-1029
-666
-1066
-1491
-1029
-264
-354
-646
-539
54
590
301
-195
152
606
254
-825
-1409
-906
-590
-1230
-1834
-1597
-872
-391
-124
149
675
886
780
1059
1362
1666
2046
2095
2478
2953
3141
3316
3023
2514
1964
1245
868
573
160
40
-14
217
566
796
1223
1299
939
352
-260
-665
-1272
-1909
-2121
-2315
-2242
-2271
-2225
-2342
-2528
-1876
-1026
-691
-978
-1346
-945
-279
-397
-709
-635
-85
473
261
-186
171
576
210
-808
-1343
-898
-697
-1367
-1912
-1648
-989
-580
-268
88
608
789
729
1026
1332
1573
1939
2096
2557
2941
3080
3278
3076
2540
1929
1198
871
616
163
-22
-21
329
691
855
1132
1269
928
339
-281
-634
-1219
-1903
-2186
-2310
-2208
-2223
-2280
-2407
-2422
-1616
-821
-622
-971
-1299
-845
-272
-433
-652
-567
-27
536
310
-27
326
535
104
-852
-1363
-886
-810
-1487
-1914
-1654
-913
-393
-110
234
679
816
796
1046
1296
1551
1927
2108
2548
2943
3136
3332
3123
2576
1961
1234
867
540
109
-50
7
359
762
957
1269
1376
1016
352
-221
-610
-1271
-1908
-2201
-2415
-2328
-2306
-2242
-2357
-2403
-1633
-856
-653
-1032
-1288
-868
-323
-526
-665
-479
109
578
305
-34
373
613
83
-944
-1363
-929
-886
-1532
-1946
-1594
-913
-459
-119
264
745
857
775
1072
1350
1569
1848
2072
2614
3019
3115
3211
2985
2498
1838
1120
721
403
3
-180
-192
251
654
866
1156
1234
961
341
-323
-734
-1380
-1939
-2168
-2283
-2204
-2179
-2172
-2317
-2297
-1602
-832
-615
-1092
-1413
-889
-356
-502
-655
-548
85
597
266
-54
293
523
48
-995
-1375
-896
-916
-1470
-1776
-1468
-853
-461
-193
199
642
722
736
1008
1327
1724
1968
2070
2494
2868
3155
3260
2929
2458
1856
1238
965
576
207
73
7
292
655
969
1344
1258
860
350
-171
-586
-1216
-1725
-1985
-2141
-2223
-2220
-2070
-2318
-2434
-1722
-929
-494
-879
-1264
-809
-310
-514
-714
-628
55
602
265
-71
376
754
292
-766
-1236
-816
-837
-1629
-2042
-1705
-1119
-678
-371
67
607
722
701
970
1158
1386
1615
1752
2398
2986
3289
3441
3152
2735
2090
1306
834
383
-12
-190
-181
209
583
959
1387
1496
1256
693
102
-389
-1210
-1801
-2130
-2282
-2175
-2079
-1947
-2029
-2260
-1607
-777
-414
-765
-1330
-1097
-477
-542
-785
-757
-143
539
480
113
382
788
448
-592
-1265
-978
-720
-1315
-1934
-1722
-1076
-600
-244
39
513
697
508
681
915
1126
1475
1607
2032
2754
3212
3585
3427
2988
2370
1630
1072
575
60
-199
-372
6
426
839
1338
1495
1260
788
130
-307
-1037
-1830
-2161
-2307
-2321
-2181
-2038
-1820
-2198
-2135
-1279
-494
-487
-1174
-1457
-822
-455
-648
-787
-396
360
656
171
10
579
736
-19
-1133
-1301
-708
-774
-1498
-1780
-1266
-668
-304
-87
300
730
611
478
700
884
1273
1548
1754
2424
3075
3602
3691
3279
2721
1987
1202
641
135
-159
-340
-222
262
723
1268
1581
1493
1109
533
44
-498
-1398
-1976
-2269
-2404
-2277
-2106
-1873
-1977
-2465
-1956
-1034
-581
-919
-1498
-1247
-514
-470
-662
-508
39
582
481
-7
253
719
338
-716
-1445
-1150
-671
-1157
-1826
-1648
-1032
-642
-272
-42
504
711
415
536
782
1102
1644
1751
2054
2681
3236
3770
3659
3192
2607
1753
1081
658
154
-120
-353
-173
304
779
1293
1471
1274
844
325
-125
-730
-1515
-1929
-2221
-2323
-2255
-2074
-1855
-2171
-2446
-1750
-942
-584
-1051
-1447
-990
-494
-584
-718
-472
78
498
271
-107
368
818
300
-744
-1254
-860
-647
-1339
-1869
-1509
-1026
-594
-215
135
758
795
589
773
910
1348
1678
1788
2512
3136
3578
3735
3473
3193
2425
1408
851
420
85
-128
-333
76
601
969
1315
1385
1276
823
35
-578
-1265
-1777
-2106
-2351
-2233
-2027
-1799
-1837
-2325
-2113
-1334
-723
-754
-1390
-1443
-774
-435
-543
-591
-149
438
621
167
-12
528
620
-173
-1044
-1167
-655
-674
-1459
-1740
-1352
-946
-447
-160
190
650
504
467
683
870
1494
1805
1952
2591
3045
3566
3642
3243
2720
1974
1239
845
349
33
-188
-124
269
676
1084
1358
1295
926
349
-169
-752
-1430
-1748
-2086
-2252
-2259
-2116
-1818
-1999
-2610
-2360
-1548
-873
-921
-1570
-1422
-688
-384
-507
-530
-76
442
467
-27
-5
577
493
-435
-1169
-1112
-516
-790
-1596
-1689
-1287
-897
-456
-261
212
592
399
497
668
969
1574
1711
1881
2426
2964
3543
3537
3212
2586
1787
1152
713
225
-112
-302
-106
286
573
1052
1338
1299
872
225
-141
-653
-1354
-1721
-2135
-2276
-2226
-2051
-1805
-2074
-2692
-2444
-1624
-946
-1009
-1524
-1446
-716
-379
-557
-535
-141
333
454
-28
63
713
559
-317
-1071
-1087
-437
-755
-1513
-1555
-1202
-816
-349
-182
291
591
438
492
674
977
1564
1709
1858
2511
3188
3756
3756
3396
2802
2125
1410
902
351
-92
-266
-171
107
504
998
1288
1233
749
247
-115
-671
-1366
-1817
-2170
-2263
-2179
-1993
-1725
-1938
-2534
-2445
-1653
-1025
-986
-1474
-1516
-932
-523
-553
-532
-229
171
392
0
18
571
540
-201
-950
-1097
-544
-648
-1311
-1446
-1209
-873
-385
-143
207
526
368
372
577
806
1344
1700
1774
2313
2956
3557
3834
3557
2934
2262
1647
1220
714
236
-44
46
321
603
1055
1388
1441
1055
436
113
-350
-1092
-1654
-1988
-2135
-2125
-2083
-1794
-1754
-2272
-2623
-1968
-1146
-728
-1132
-1535
-1119
-420
-324
-447
-329
106
560
354
-14
412
764
253
-683
-1230
-759
-403
-1093
-1580
-1458
-1072
-601
-265
1
519
555
406
512
701
1216
1622
1575
2031
2837
3511
3817
3588
3129
2526
1710
1110
724
263
-62
-184
-24
370
824
1233
1355
1125
709
322
-136
-875
-1454
-1829
-2121
-2165
-2111
-1806
-1686
-2055
-2559
-2218
-1436
-845
-1105
-1620
-1366
-585
-297
-460
-441
107
609
491
-7
183
718
433
-517
-1258
-1032
-422
-855
-1549
-1567
-1140
-673
-370
-252
270
496
342
365
562
980
1510
1638
1964
2637
3234
3651
3587
3196
2599
1875
1221
793
389
52
-136
-101
121
510
966
1163
1047
619
237
-160
-749
-1253
-1607
-1907
-2125
-2197
-1972
-1776
-2051
-2715
-2664
-1766
-974
-920
-1435
-1443
-759
-370
-489
-571
-127
415
407
-62
-41
585
663
-184
-1021
-1112
-533
-636
-1364
-1588
-1253
-861
-471
-222
224
613
468
372
490
871
1418
1504
1462
1982
2778
3416
3502
3187
2768
2266
1575
1020
549
179
-59
-140
-50
290
819
1110
1049
790
446
172
-348
-1044
-1520
-1964
-2339
-2441
-2254
-1944
-2017
-2555
-2721
-1930
-1129
-785
-1140
-1430
-981
-447
-376
-402
-237
107
373
235
120
546
728
142
-679
-1130
-719
-483
-1035
-1413
-1296
-916
-355
-36
220
624
570
398
439
638
1098
1340
1362
1828
2643
3457
3820
3734
3280
2606
1877
1244
688
183
-259
-551
-415
11
554
1009
1112
926
552
206
-85
-726
-1422
-1949
-2291
-2369
-2299
-2016
-1934
-2378
-2838
-2351
-1430
-893
-1158
-1722
-1508
-790
-531
-542
-423
37
462
420
131
473
875
478
-463
-1138
-857
-338
-848
-1456
-1496
-1146
-678
-278
42
500
532
304
359
620
1074
1432
1371
1649
2381
3155
3670
3742
3514
2948
2152
1471
1041
529
-39
-391
-384
-41
492
893
1103
971
586
257
-68
-500
-1074
-1678
-2198
-2412
-2300
-1982
-1746
-1961
-2529
-2523
-1707
-998
-942
-1516
-1703
-1047
-527
-588
-566
-189
268
412
55
82
746
815
12
-858
-1063
-406
-376
-1092
-1376
-1131
-702
-262
-55
292
677
510
423
603
854
1223
1327
1371
2085
2840
3435
3714
3584
3175
2505
1711
1221
781
244
-203
-431
-188
293
787
1070
1154
957
550
109
-409
-1042
-1602
-2156
-2530
-2515
-2298
-1960
-1936
-2415
-2626
-1966
-1098
-691
-1165
-1616
-1222
-611
-479
-600
-392
128
505
305
51
523
936
382
-554
-1088
-696
-311
-919
-1405
-1242
-862
-360
-93
177
699
674
479
514
753
1253
1548
1501
1813
2601
3494
3920
3821
3317
2720
2034
1338
765
255
-181
-366
-257
34
590
1107
1202
916
484
245
-14
-675
-1331
-1718
-2009
-2170
-2046
-1754
-1671
-2078
-2805
-2616
-1710
-1104
-1161
-1671
-1644
-842
-384
-421
-309
-30
303
313
-28
190
809
676
-74
-801
-778
-211
-385
-1027
-1200
-1043
-725
-302
-78
307
596
456
461
698
1050
1555
1491
1460
2143
2955
3496
3585
3315
2976
2410
1721
1253
755
270
-143
-333
-139
352
882
1120
962
790
567
283
-346
-1106
-1562
-2093
-2474
-2470
-2244
-1859
-1967
-2607
-2637
-1694
-783
-574
-1301
-1648
-1038
-474
-553
-781
-505
67
300
106
42
784
1065
284
-689
-1045
-435
-269
-1060
-1495
-1320
-894
-380
-160
201
664
520
325
427
805
1361
1472
1325
1808
2657
3435
3696
3489
3036
2462
1772
1177
720
241
-168
-368
-267
253
850
1171
1117
781
458
204
-246
-889
-1487
-1864
-2201
-2237
-2106
-1737
-1683
-2223
-2691
-2186
-1290
-834
-1242
-1796
-1536
-763
-494
-568
-441
-19
397
327
84
485
897
468
-356
-898
-519
-43
-560
-1160
-1225
-965
-539
-208
31
467
551
373
511
772
1256
1618
1627
1869
2470
3003
3293
3199
2906
2443
1863
1318
959
558
123
-263
-270
63
540
840
901
799
538
262
-54
-650
-1214
-1718
-2194
-2457
-2459
-2231
-2053
-2398
-2854
-2323
-1289
-675
-877
-1496
-1329
-630
-518
-794
-798
-312
274
318
49
506
1157
860
-119
-945
-804
-265
-748
-1478
-1475
-1078
-528
-137
99
646
824
500
410
653
1073
1467
1387
1618
2406
3162
3581
3538
3214
2708
1932
1201
794
375
-26
-322
-298
49
569
958
1021
822
462
98
-310
-915
-1519
-1894
-2234
-2297
-2215
-1983
-1844
-2102
-2543
-2265
-1530
-978
-1086
-1605
-1549
-938
-642
-723
-772
-447
35
113
-102
77
589
456
-245
-817
-730
-232
-514
-1121
-1206
-887
-452
-95
-15
313
490
335
377
566
959
1387
1416
1584
2229
2899
3270
3136
2882
2521
2027
1419
920
544
239
-66
-145
32
424
828
888
720
497
298
48
-561
-1296
-1739
-2126
-2439
-2517
-2354
-2117
-2275
-2768
-2516
-1514
-763
-795
-1359
-1527
-908
-558
-739
-821
-497
120
376
82
281
904
903
120
-791
-904
-430
-682
-1404
-1541
-1176
-605
-136
109
505
772
574
457
588
897
1390
1461
1538
2166
2886
3456
3576
3280
2841
2199
1506
1013
544
128
-153
-245
19
459
928
1164
985
547
147
-169
-667
-1291
-1792
-2131
-2301
-2326
-2132
-1958
-2031
-2395
-2140
-1445
-857
-870
-1386
-1485
-950
-692
-804
-829
-458
97
227
-15
271
945
936
235
-500
-580
-237
-554
-1250
-1366
-1005
-483
-68
95
507
800
654
552
566
777
1287
1397
1610
2315
3028
3577
3602
3277
2859
2206
1450
869
293
-52
-217
-206
33
450
984
1311
1160
715
258
-134
-784
-1508
-1958
-2323
-2428
-2480
-2338
-2047
-2124
-2395
-2025
-1247
-705
-784
-1333
-1381
-887
-644
-699
-661
-286
315
503
221
398
902
827
120
-629
-693
-299
-620
-1218
-1260
-969
-430
23
143
463
700
536
488
542
790
1289
1426
1739
2469
3132
3617
3580
3195
2720
2022
1323
793
292
15
-137
-71
192
595
1034
1180
934
444
-2
-462
-1129
-1817
-2213
-2481
-2500
-2331
-2135
-1976
-2230
-2242
-1653
-996
-764
-1119
-1445
-1157
-693
-658
-806
-586
-41
456
350
98
503
838
306
-586
-1009
-714
-488
-957
-1398
-1224
-810
-309
135
302
621
664
487
503
577
955
1356
1448
1899
2625
3282
3684
3579
3157
2588
1867
1275
664
43
-300
-388
-172
85
500
1035
1135
852
387
-55
-437
-1108
-1777
-2251
-2523
-2527
-2437
-2208
-2034
-2146
-1832
-1152
-696
-684
-1157
-1426
-1045
-880
-930
-920
-549
44
384
222
261
664
658
-13
-768
-977
-678
-779
-1294
-1322
-918
-457
39
247
501
742
605
539
578
623
1099
1417
1821
2478
2938
3368
3541
3263
2729
1958
1300
900
358
-82
-245
-110
336
630
927
1265
1181
730
108
-435
-936
-1581
-2082
-2399
-2389
-2239
-2129
-1937
-2160
-2280
-1656
-1082
-813
-1122
-1521
-1158
-669
-630
-673
-605
-126
357
231
-47
279
676
388
-466
-1007
-766
-498
-969
-1469
-1336
-903
-393
-88
154
647
726
623
729
810
1103
1427
1510
2042
2616
3054
3337
3179
2975
2493
1739
1211
779
268
-87
-254
-68
270
496
774
854
735
356
-156
-657
-1229
-1660
-1985
-2235
-2239
-2195
-2150
-2159
-2477
-2117
-1353
-875
-853
-1298
-1364
-838
-640
-689
-770
-485
94
356
105
116
512
584
-56
-768
-847
-474
-604
-1191
-1322
-904
-495
-78
88
335
627
568
554
667
801
1163
1372
1715
2375
2859
3218
3250
3017
2584
1891
1289
940
488
151
-51
40
358
584
811
981
1004
773
188
-339
-857
-1456
-1902
-2245
-2362
-2267
-2158
-2067
-2259
-2335
-1643
-896
-578
-861
-1216
-868
-398
-486
-742
-758
-266
182
155
-42
289
675
346
-506
-940
-651
-426
-965
-1500
-1268
-669
-127
155
285
610
704
547
488
640
941
1307
1529
2092
2779
3249
3468
3331
2962
2299
1504
976
543
134
-105
-265
-5
420
717
988
1003
778
373
-233
-736
-1236
-1729
-2049
-2283
-2308
-2208
-2143
-2167
-2380
-2142
-1458
-939
-878
-1212
-1213
-724
-442
-544
-640
-404
74
315
37
-23
400
442
-141
-889
-962
-530
-554
-1103
-1302
-906
-371
-14
122
306
623
599
491
631
902
1334
1580
1761
2366
2919
3218
3299
2964
2599
2055
1457
1051
584
190
-77
-128
71
324
536
737
730
-617
-821
-1173
545
193
-198
-660
-1273
-1734
-2136
-2370
-2295
-2202
-2182
-2364
-2409
-1665
-924
-888
-391
-427
-612
-591
-177
289
180
-10
371
625
278
-583
-1095
-803
-507
-950
-1492
-1373
-879
-296
90
276
622
732
600
623
708
1003
1474
1643
2025
2600
3089
3479
3356
2889
2327
1682
1241
813
319
-61
-174
66
305
504
779
896
703
238
-269
-541
-1096
-1656
-2059
-2276
-2141
-2039
-2024
-2005
-2288
-2090
-1410
-989
-942
-1229
-1251
-690
-433
-571
-600
-337
132
287
-91
-131
265
348
-179
-779
-800
-393
-464
-1100
-1319
-970
-536
-177
19
245
566
491
525
765
989
1373
1589
1735
2276
2748
3141
3168
2922
2609
2107
1615
1188
698
287
-54
-98
138
340
576
755
783
565
164
-164
-577
-1193
-1698
-2114
-2338
-2310
-2307
-2277
-2456
-2664
-2085
-1252
-769
-908
-1268
-1048
-479
-361
-550
-600
-281
194
278
25
186
559
378
-347
-960
-825
-413
-741
-1358
-1390
-1000
-474
-48
105
452
686
582
683
797
1028
1425
1492
1796
2438
3027
3441
3380
3037
2676
2134
1633
1186
656
219
-63
-35
200
487
807
932
849
558
144
-187
-702
-1310
-1752
-2132
-2248
-2200
-2134
-2152
-2456
-2618
-1929
-1190
-833
-1059
-1349
-1039
-532
-490
-632
-579
-233
172
224
24
355
734
329
-395
-856
-731
-469
-972
-1476
-1287
-830
-282
181
371
725
787
625
716
798
986
1353
1450
1828
2483
3043
3386
3291
2973
2471
1859
1381
928
370
-8
-136
73
338
525
752
885
739
355
-104
-442
-962
-1538
-1904
-2196
-2189
-2112
-2058
-2063
-2424
-2429
-1650
-980
-768
-1053
-1243
-867
-426
-447
-524
-433
-91
255
154
18
425
651
130
-668
-1048
-808
-629
-1144
-1511
-1306
-909
-354
65
262
544
532
471
619
733
1052
1430
1617
2053
2573
2968
3209
3027
2675
2156
1615
1294
947
493
184
59
255
422
554
720
741
523
67
-305
-542
-1015
-1433
-1816
-2062
-2101
-2075
-2103
-2233
-2556
-2338
-1616
-1041
-893
-1124
-1159
-685
-387
-503
-643
-535
-176
90
5
2
413
497
-9
-587
-833
-613
-684
-1289
-1522
-1225
-818
-273
58
375
722
724
705
839
892
1200
1478
1645
2156
2700
3197
3422
3185
2726
2203
1630
1201
687
158
-159
-164
65
293
552
830
867
621
164
-206
-568
-1165
-1671
-2081
-2273
-2140
-2009
-1945
-2133
-2438
-1941
-1184
-741
-809
-1182
-1120
-619
-497
-601
-601
-317
114
260
31
211
627
412
-342
-949
-937
-583
-843
-1343
-1264
-867
-433
-9
173
493
644
450
523
700
940
1402
1594
1951
2561
2982
3317
3315
3016
2558
1940
1481
1188
711
300
20
118
374
557
770
882
794
472
-23
-352
-787
-1320
-1730
-2100
-2180
-2025
-2036
-2016
-2276
-2223
-1511
-939
-709
-942
-1193
-835
-439
-464
-520
-413
-58
309
261
56
353
578
131
-596
-1027
-824
-638
-1144
-1544
-1378
-930
-349
24
246
651
716
703
839
925
1218
1500
1542
1978
2512
3062
3381
3203
2816
2350
1883
1466
953
406
5
-236
-38
206
477
817
923
795
378
-69
-419
-1017
-1587
-1974
-2246
-2195
-2127
-1992
-2027
-2333
-1984
-1258
-816
-838
-1190
-1160
-678
-550
-654
-629
-270
245
399
98
152
583
504
-217
-885
-961
-596
-807
-1471
-1542
-1110
-622
-167
49
411
781
658
667
765
867
1186
1370
1640
2269
2705
3110
3217
2999
2646
2025
1460
1050
544
145
-152
-69
240
414
669
816
790
560
-12
-427
-884
-1491
-1907
-2197
-2235
-2101
-2015
-1942
-2159
-2232
-1608
-980
-696
-970
-1258
-884
-463
-550
-655
-659
-229
226
116
-67
245
517
190
-569
-1039
-805
-678
-1215
-1637
-1399
-861
-326
-40
183
662
738
641
740
788
1041
1319
1383
1912
2512
2962
3212
2987
2685
2216
1524
1120
704
299
19
-132
79
378
592
797
865
697
319
-165
-611
-1194
-1668
-2012
-2220
-2171
-2090
-2035
-2071
-2241
-1738
-993
-660
-753
-1147
-1083
-552
-450
-549
-576
-356
192
358
124
201
457
275
-379
-1007
-1039
-759
-1012
-1575
-1604
-1153
-591
-116
74
396
686
638
739
897
1018
1326
1468
1799
2416
2804
3073
3023
2759
2436
1868
1353
972
531
197
-111
-91
210
451
624
719
712
549
85
-341
-838
-1453
-1846
-2139
-2190
-2060
-2039
-1995
-2198
-2063
-1281
-688
-607
-977
-1219
-813
-459
-623
-754
-647
-138
291
159
-21
288
431
5
-795
-1152
-892
-837
-1387
-1724
-1433
-870
-300
-17
225
620
663
580
743
848
1133
1319
1410
2048
2652
3020
3196
2968
2738
2263
1581
1148
708
294
-10
-121
189
492
740
907
875
754
394
-87
-575
-1192
-1659
-1964
-2157
-2037
-1925
-1877
-2012
-2154
-1602
-920
-687
-803
-1102
-966
-556
-527
-606
-602
-304
135
182
11
196
434
145
-554
-1074
-1003
-816
-1148
-1636
-1568
-1041
-442
27
216
547
724
598
641
719
852
1202
1341
1778
2412
2747
2998
2892
2564
2174
1544
1038
714
333
81
-128
12
399
694
907
915
799
537
58
-322
-783
-1282
-1636
-1942
-1939
-1883
-1945
-2031
-2238
-1886
-1094
-675
-676
-984
-1013
-513
-341
-505
-562
-374
90
375
180
176
523
470
-163
-912
-1099
-799
-942
-1532
-1763
-1392
-804
-255
7
266
624
648
585
727
846
1246
1500
1661
2280
2793
3056
3074
2781
2432
1928
1288
880
480
152
-106
-163
161
495
765
844
722
513
115
-257
-677
-1228
-1598
-1878
-2044
-2005
-1957
-1896
-2051
-2084
-1444
-799
-615
-871
-1152
-777
-332
-386
-505
-434
-45
409
316
100
403
622
208
-606
-1052
-819
-721
-1219
-1645
-1453
-865
-332
-7
171
509
656
593
714
860
1104
1467
1644
2042
2616
2892
3036
2852
2530
2071
1476
998
616
227
-14
-131
136
460
680
867
873
689
304
-182
-516
-986
-1512
-1784
-1948
-1888
-1829
-1872
-1935
-2119
-1770
-1024
-659
-813
-1168
-1084
-508
-333
-502
-528
-267
195
304
-48
15
370
296
-348
-1017
-974
-646
-873
-1461
-1564
-1068
-524
-207
-68
215
556
592
674
845
1070
1417
1556
1740
2354
2754
2931
2807
2458
2171
1693
1164
795
447
184
-77
-77
221
452
664
705
635
476
66
-353
-807
-1289
-1576
-1817
-1888
-1862
-1856
-1889
-2220
-2160
-1427
-809
-741
-1060
-1194
-657
-337
-522
-599
-458
-15
334
135
47
421
519
79
-745
-994
-650
-704
-1310
-1711
-1456
-913
-406
-156
107
467
566
551
794
959
1249
1417
1544
2078
2597
2899
3008
2770
2414
1955
1405
1011
560
215
-11
-104
152
429
642
808
740
604
255
-200
-569
-1133
-1555
-1818
-1962
-1914
-1866
-1844
-1987
-2175
-1639
-860
-536
-736
-1103
-894
-334
-342
854
987
1354
1543
1666
2207
2584
2865
2975
2690
2300
1769
1226
873
425
102
-135
-180
187
510
788
990
-555
-585
-275
218
233
-124
135
520
317
-439
-984
-823
-522
-939
-1542
-1505
-991
-423
-7
129
478
671
566
646
783
1016
1347
1383
1717
2393
2813
3082
2941
2608
2283
1700
1159
718
307
89
-83
57
409
680
919
941
785
508
58
-366
-934
-1418
-1665
-1866
-1878
-1785
-1794
-1843
-2123
-1890
-1112
-607
-610
-975
-1030
-439
-206
-410
-534
-366
125
317
-18
-18
420
446
-152
-869
-929
-605
-809
-1445
-1713
-1359
-836
-370
-143
152
540
627
668
920
725
295
-130
-525
-1081
-1514
-1721
-1856
-1834
-1892
-1915
-2086
-2108
-1484
-809
-563
-870
-1195
-798
-297
-321
-458
-488
-86
347
211
-51
249
565
298
-520
-971
-661
-571
-1127
-1672
-1565
-972
-445
-206
-8
347
535
526
655
841
1189
1525
1527
1928
2500
2855
2996
2704
2397
2118
1556
1116
719
352
100
-113
28
333
545
766
789
652
344
-55
-415
-937
-1379
-1632
-1823
-1861
-1855
-1853
-1959
-2194
-1742
-959
-546
-668
-1082
-1009
-445
-377
-540
-626
-438
59
171
-87
127
481
414
-224
-888
-801
-470
-819
-1409
-1553
-1160
-612
-192
19
350
640
660
785
939
1114
1465
1606
1784
2304
2652
2975
2958
2616
2233
1721
1309
973
522
167
-90
-26
294
536
825
983
920
618
142
-187
-587
-1173
-1596
-1818
-1883
-1832
-1879
-1832
-1953
-1775
-1127
-601
-560
-930
-1078
-592
-291
-425
-511
-381
81
424
219
77
346
435
2
-771
-1059
-748
-805
-1379
-1720
-1428
-839
-404
-225
-2
399
530
595
811
972
1299
1541
1630
2138
2621
2985
3041
2703
2340
1905
1378
965
499
129
-59
-74
255
548
794
988
967
753
351
-66
-437
-961
-1359
-1655
-1763
-1717
-1749
-1770
-1894
-1922
-1272
-677
-539
-817
-1129
-797
-313
-411
-519
-446
-118
288
223
-6
323
524
192
-503
-972
-740
-584
-1145
-1663
-1522
-981
-446
-187
-52
345
499
445
616
721
990
1327
1402
1855
2436
2749
3029
2797
2443
2063
1486
1066
672
224
-37
-172
73
428
659
880
908
833
470
14
-344
-872
-1415
-1723
-1892
-1789
-1716
-1728
-1732
-1959
-1661
-960
-557
-640
-1132
-1234
-707
-532
-602
-670
-508
-56
202
26
27
286
253
-338
-1047
-1109
-758
-871
-1485
-1720
-1299
-697
-223
-90
56
350
351
449
694
836
1162
1207
1319
1965
2567
2977
2990
2633
2363
1932
1407
951
455
180
-60
-84
257
553
818
936
855
720
333
-58
-537
-1159
-1504
-1767
-1905
-1786
-1804
-1797
-1971
-1991
-1308
-708
-525
-832
-1240
-1006
-572
-569
-656
-629
-297
162
199
71
315
468
97
-650
-1125
-933
-786
-1253
-1775
-1625
-1106
-550
-119
81
369
451
348
553
660
878
1199
1282
1721
2290
2682
2981
2851
2500
2080
1501
1063
602
137
-133
-308
-35
328
611
877
892
798
463
-26
-357
-879
-1419
-1732
-1920
-1851
-1808
-1817
-1785
-2019
-1800
-1091
-608
-612
-991
-1160
-718
-520
-535
-516
-346
85
329
125
137
411
384
-181
-859
-990
-673
-796
-1420
-1650
-1314
-780
-293
-57
158
403
312
352
548
692
1031
1150
1320
1917
2501
2972
3000
2614
2342
1953
1454
991
453
65
-192
-215
119
405
706
879
836
683
319
-29
-486
-1168
-1650
-1932
-2038
-1940
-1930
-1902
-2047
-2104
-1437
-709
-400
-644
-1098
-942
-534
-537
-606
-617
-354
100
206
169
448
649
328
-398
-928
-826
-689
-1169
-1678
-1599
-1113
-519
-56
160
481
530
458
624
705
932
1173
1138
1477
2101
2713
3144
2932
2582
2245
1755
1318
790
236
-140
-327
-87
267
594
938
1012
890
614
235
-125
-748
-1360
-1706
-1941
-1869
-1810
-1771
-1744
-1995
-1782
-1012
-546
-504
-937
-1197
-782
-479
-523
-520
-371
-20
293
192
206
545
538
-27
-754
-1042
-735
-733
-1368
-1692
-1435
-921
-366
-82
147
497
434
443
646
759
1085
1200
1248
1789
2368
2879
3068
2773
2505
2075
1564
1097
577
147
-197
-273
54
317
593
808
834
681
304
-25
-348
-931
-1431
-1765
-1947
-1874
-1841
-1827
-1898
-2053
-1566
-859
-546
-640
-1027
-994
-590
-401
-442
-497
-308
98
294
184
287
546
346
-307
-855
-879
-655
-978
-1539
-1583
-1186
-620
-95
127
419
578
449
517
671
843
1089
1079
1345
2006
2592
3031
2976
2710
2432
1926
1401
877
365
-10
-302
-238
110
430
754
846
767
549
182
-140
-606
-1190
-1609
-1875
-1933
-1851
-1808
-1737
-1916
-1803
-1109
-563
-444
-836
-1122
-797
-532
-614
-686
-591
-220
174
164
162
451
527
99
-651
-1044
-858
-887
-1396
-1767
-1530
-1008
-438
-61
191
453
425
378
573
708
957
1114
1182
1701
2298
2751
2940
2757
2516
2109
1556
1101
597
145
-164
-361
-73
260
591
836
821
726
415
31
-330
-902
-1475
-1834
-2019
-1932
-1884
-1859
-1870
-1930
-1449
-709
-403
-532
-949
-926
-573
-533
-636
-634
-443
22
251
181
336
573
349
-346
-986
-1086
-913
-1201
-1757
-1797
-1355
-729
-197
53
307
532
456
520
642
703
880
880
1157
1860
2529
3060
3031
2710
2443
1989
1517
989
395
-10
-324
-337
46
422
804
972
903
724
371
-9
-515
-1169
-1631
-1918
-1942
-1787
-1766
-1727
-1869
-1732
-987
-468
-325
-648
-975
-761
-487
-523
-567
-484
-168
202
215
222
527
597
136
-588
-990
-858
-938
-1502
-1876
-1577
-1082
-520
-54
225
498
520
433
596
594
786
946
1037
1646
2334
2868
3111
2885
2635
2275
1746
1281
703
186
-99
-271
26
374
699
968
953
870
584
163
-238
-902
-1473
-1810
-1936
-1816
-1784
-1782
-1890
-1922
-1285
-568
-279
-512
-954
-851
-523
-516
-591
-627
-413
32
178
127
368
548
306
-395
-1007
-931
-834
-1264
-1813
-1814
-1334
-685
-173
109
414
573
491
607
693
831
986
894
1214
1927
2544
2963
2886
2630
2348
1843
1401
838
260
-88
-336
-205
199
505
806
916
862
666
331
-12
-560
-1194
-1654
-1917
-1911
-1855
-1831
-1852
-1974
-1571
-761
-229
-213
-685
-800
-472
167
293
-462
-654
-699
-516
-75
234
617
554
-14
-731
-973
-806
-1111
-1705
-1881
-1531
-924
-325
21
380
679
579
573
638
687
876
896
1083
1772
2376
2883
3008
2787
2547
2116
1590
1040
394
-61
-403
-450
-98
274
671
865
868
731
437
95
-423
-1083
-1616
-1910
-2006
-1904
-1878
-1816
-1937
-1664
-869
-216
-32
-467
-796
-570
-433
-584
-667
-566
-141
248
270
290
603
698
254
-534
-943
-831
-1003
-1621
-2030
-1807
-1178
-506
-36
300
688
769
756
843
865
960
1010
973
1440
2019
2550
2799
2662
2477
2206
1733
1240
619
125
-184
-355
-63
336
717
996
1017
940
672
258
-275
-1020
-1626
-1966
-2182
-2106
-2022
-1906
-1899
-1739
-979
-264
-38
-432
-824
-614
-358
-573
-790
-727
-289
224
286
295
653
824
450
-353
-876
-771
-823
-1376
-1850
-1732
-1146
-511
-86
232
596
775
736
751
735
870
992
1043
1532
2224
2728
3063
2925
2617
2259
1694
1178
562
26
-242
-390
-131
254
613
949
979
882
604
179
-258
-938
-1558
-1882
-2013
-1877
-1843
-1883
-1873
-1812
-1108
-361
-94
-413
-830
-764
-388
-453
-623
-577
-246
277
413
318
620
860
555
-214
-834
-819
-781
-1279
-1838
-1793
-1196
-492
22
254
569
803
709
719
780
838
1027
1022
1384
2162
2744
3069
2932
2677
2478
1997
1430
793
148
-158
-357
-193
158
493
837
962
914
755
427
-20
-737
-1485
-1939
-2157
-2079
-1960
-1891
-1796
-1718
-1097
-302
51
-236
-748
-792
-502
-582
-773
-739
-412
181
383
344
630
843
592
-203
-1002
-1049
-1004
-1496
-2004
-2017
-1399
-637
-84
258
615
824
786
794
826
852
967
1019
1366
2046
2571
2910
2885
2642
2389
1925
1395
835
200
-183
-394
-278
53
394
761
921
890
712
313
-43
-632
-1336
-1771
-2043
-2005
-1972
-2020
-1960
-1835
-1124
-350
-70
-297
-668
-628
-358
-441
-698
-695
-380
83
305
279
566
809
577
-95
-773
-904
-942
-1394
-1870
-1906
-1353
-703
-202
54
367
676
804
953
927
853
904
870
1224
1952
2544
3008
3023
2771
2479
2019
1435
776
90
-252
-402
-294
-19
345
801
1046
1024
788
349
-133
-811
-1545
-1871
-2018
-1900
-1822
-1901
-1876
-1532
-749
-19
185
-201
-569
-507
-340
-517
-703
-706
-364
105
266
322
634
722
339
-441
-1011
-1036
-1210
-1690
-2057
-1934
-1281
-648
-196
194
486
653
700
721
763
773
791
881
1313
1966
2571
2894
2880
2647
2317
1868
1318
671
18
-349
-532
-387
-19
365
763
1017
997
815
437
2
-644
-1376
-1853
-2058
-2042
-2005
-2022
-1988
-1560
-606
119
281
-84
-431
-313
-304
-623
-775
-689
-332
144
269
421
846
992
598
-197
-775
-860
-1212
-1874
-2204
-1967
-1358
-610
-85
349
681
676
575
524
459
533
611
731
1280
1952
2640
3051
3027
2728
2323
1765
1191
479
-132
-485
-673
-488
-113
305
746
942
974
757
431
12
-680
-1378
-1820
-2031
-2025
-2007
-1953
-1975
-1562
-626
88
250
-129
-425
-269
-215
-524
-680
-600
-192
258
323
461
860
879
351
-407
-811
-805
-1103
-1729
-2095
-1847
-1212
-466
54
408
759
795
691
645
533
609
667
801
1411
2093
2680
2981
2842
2591
2227
1654
1100
367
-279
-574
-644
-365
79
530
914
987
877
667
347
-130
-838
-1525
-1943
-2138
-2063
-2064
-2067
-2150
-1798
-869
-148
24
-199
-427
-233
-208
-598
-895
-863
-428
82
221
462
938
1072
630
-183
-660
-772
-1183
-1868
-2297
-2025
-1355
-659
-89
348
683
849
808
839
737
660
625
550
1099
1890
2612
2988
2931
2756
2477
1933
1335
517
-190
-538
-679
-467
-115
334
813
963
889
672
301
-142
-894
-1614
-2005
-2189
-2080
-1990
-1942
-1898
-1572
-727
10
115
-346
-768
-584
-538
-829
-986
-870
-419
69
147
294
749
912
503
-312
-828
-831
-1158
-1852
-2291
-2027
-1399
-766
-258
175
510
582
511
560
572
601
674
689
1138
1849
2514
2996
2986
2736
2392
1934
1435
667
-60
-468
-658
-455
-85
348
794
1018
894
614
239
-102
-715
-1460
-1934
-2064
-1968
-1934
-1942
-1973
-1720
-922
-225
22
-237
-528
-400
-450
-874
-1101
-997
-538
-29
113
235
657
760
367
-327
-813
-818
-1130
-1875
-2366
-2219
-1567
-756
-159
224
597
654
578
559
501
534
557
547
993
1723
2465
2908
2837
2678
2431
1977
1412
622
-71
-445
-670
-548
-238
235
710
953
987
867
601
201
-578
-1407
-1955
-2197
-2126
-2120
-2086
-2028
-1830
-989
-189
127
-73
-514
-476
-298
-544
-773
-775
-447
7
163
292
729
959
633
-86
-662
-712
-857
-1528
-2171
-2176
-1599
-938
-379
7
481
681
590
594
624
641
646
517
818
1545
2299
2883
2937
2760
2575
2195
1687
870
9
-484
-765
-689
-298
191
671
943
964
865
664
384
-239
-1067
-1715
-2077
-2047
-1969
-1955
-1895
-1872
-1218
-291
244
184
-345
-617
-405
-454
-654
-765
-590
-108
232
272
564
958
824
156
-591
-841
-776
-1156
-1773
-1947
-1526
-885
-322
-76
278
592
534
561
583
565
668
590
659
1391
2136
2744
2910
2724
2556
2239
1722
1092
297
-286
-676
-738
-453
-24
523
854
896
851
573
295
-305
-1099
-1706
-2062
-2223
-2093
-2029
-1914
-1875
-1575
-732
-38
127
-204
-568
-450
-343
-607
-757
-629
-212
188
274
350
797
888
412
-438
-922
-925
-1176
-1824
-2180
-1918
-1329
-672
-153
229
556
583
572
669
648
647
693
631
1122
1862
2578
2929
2840
2563
2192
1745
1335
662
108
-286
-597
-520
-206
234
681
841
877
768
499
174
-484
-1215
-1707
-2010
-2045
-2108
-2067
-2009
-2031
-1459
-550
30
-56
-639
-837
-540
-577
-760
-907
-789
-285
140
267
641
985
884
174
-612
-814
-770
-1143
-1827
-2039
-1663
-1131
-536
-79
264
488
439
509
723
725
771
698
873
1507
2142
2693
2829
2727
2581
2246
1751
1125
411
-142
-585
-617
-296
45
463
645
786
781
566
337
-174
-1006
-1596
-2043
-2103
-1911
-1845
-1733
-1861
-1790
-1070
-376
-128
-363
-794
-749
-521
-644
-717
-614
-279
160
272
276
526
727
418
-204
-653
-589
-672
-1288
-1812
-1824
-1257
-665
-166
137
509
505
497
648
668
729
716
628
997
1669
2312
2857
2918
2801
2555
2044
1554
876
196
-288
-670
-490
-148
305
603
770
825
754
545
190
-406
-1138
-1670
-1947
-2019
-2063
-2028
-1958
-2075
-1735
-883
-168
112
-368
-766
-490
-375
-508
-676
-706
-271
127
295
434
764
912
390
-317
-647
-540
-689
-1474
-1963
-1760
-1194
-519
-187
155
505
457
500
714
835
988
949
901
1374
1988
2710
2969
2867
2748
2372
2018
1436
657
26
-507
-712
-376
-9
393
694
813
940
721
414
10
-770
-1390
-1839
-1975
-1906
-1859
-1767
-1742
-1958
-1410
-562
-93
-349
-813
-856
-508
-386
-564
-674
-453
-74
139
148
490
947
762
105
-513
-621
-534
-946
-1734
-1920
-1558
-1017
-399
-79
257
439
362
553
691
787
877
803
1011
1541
2048
2557
2739
2696
2500
2114
1706
1208
500
-72
-550
-603
-286
51
461
767
941
910
634
294
-172
-867
-1463
-1852
-1898
-1795
-1861
-1835
-1908
-1962
-1224
-364
30
-230
-698
-688
-393
-422
-597
-623
-504
-64
143
128
548
880
533
-122
-701
-762
-710
-1357
-1941
-1829
-1362
-708
-107
35
444
539
459
757
820
813
850
665
943
1548
2230
2841
2823
2623
2319
2077
1790
1052
375
-105
-510
-519
-227
90
498
721
819
777
586
420
-173
-967
-1605
-1978
-2102
-2068
-2016
-1965
-2136
-1983
-1213
-413
-61
-459
-817
-707
-442
-453
-668
-544
-190
188
423
520
861
935
337
-289
-710
-661
-682
-1416
-1892
-1790
-1368
-786
-128
169
451
495
493
759
903
925
842
722
1057
1625
2348
2910
2891
2730
2379
1967
1587
1016
303
-303
-655
-617
-305
115
571
795
882
753
528
225
-492
-1293
-1818
-2136
-1978
-1829
-1824
-1776
-1950
-1797
-1052
-334
-38
-374
-876
-700
-415
-404
-460
-633
-321
183
432
507
794
957
576
-88
-564
-560
-619
-1341
-1908
-1869
-1332
-556
2
222
494
534
518
772
669
802
824
619
901
1655
2601
3234
3032
2642
2265
2046
1600
823
85
-526
-675
-433
-147
238
662
791
820
681
543
378
-315
-1194
-1827
-2164
-2109
-2067
-2043
-1960
-2064
-1873
-1064
-361
-164
-498
-882
-720
-429
-307
-429
-451
-364
142
443
582
1005
1066
511
-147
-701
-561
-641
-1346
-1823
-1677
-1221
-565
-25
269
682
626
619
847
814
851
777
570
930
1566
2323
2847
2965
2751
2563
2244
1837
1143
286
-370
-564
-404
-45
238
525
750
766
597
566
302
-297
-1014
-1641
-2008
-2027
-1953
-1967
-1957
-2085
-1920
-1164
-438
-122
-483
-908
-810
-312
-265
-527
-547
-266
299
500
456
816
931
486
-161
-735
-644
-639
-1372
-1974
-1806
-1254
-526
-53
166
456
517
577
725
728
840
911
721
879
1535
2418
3009
3046
2708
2481
2213
1728
1016
134
-479
-669
-403
-135
249
680
909
875
733
626
415
-272
-1135
-1617
-1933
-1953
-1927
-1952
-1869
-2043
-2048
-1303
-513
-227
-598
-1021
-959
-424
-329
-492
-562
-412
117
392
496
904
1071
626
-82
-587
-532
-447
-1147
-1766
-1735
-1305
-646
-28
281
650
666
586
778
772
797
917
792
1004
1721
2476
3030
2963
2742
2569
2350
1909
1213
346
-203
-482
-445
-189
190
538
722
624
526
486
265
-300
-1007
-1606
-1965
-1982
-1954
-1934
-1860
-2040
-2109
-1434
-669
-297
-491
-955
-806
-296
-305
-480
-562
-419
82
375
407
719
1010
692
23
-492
-556
-369
-962
-1705
-1737
-1376
-719
-75
223
491
595
547
731
770
890
1007
776
861
1452
2336
3045
3035
2715
2473
2280
1923
1261
489
-167
-499
-502
-350
55
492
673
720
647
570
624
46
-789
-1357
-1786
-1947
-1998
-2009
-1989
-2115
-2265
-1731
-804
-203
-364
-907
-1014
-528
-365
-447
-550
-476
-23
324
410
766
1053
726
106
-542
-560
-289
-761
-1430
-1621
-1319
-678
-45
311
590
759
710
882
930
958
1050
876
870
1473
2277
3005
3110
2869
2595
2349
2001
1538
773
65
-460
-620
-407
-81
403
680
732
738
703
565
50
-710
-1408
-1753
-1873
-1898
-1961
-2013
-2116
-2307
-1863
-876
-229
-301
-836
-1025
-579
-273
-390
-622
-543
-65
365
508
644
1041
930
297
-368
-631
-352
-739
-1538
-1858
-1572
-889
-165
172
368
568
419
530
667
762
814
614
620
995
1802
2648
2966
2911
2732
2519
2249
1777
1015
190
-434
-668
-507
-205
187
590
770
789
804
797
380
-483
-1226
-1723
-1940
-2018
-1980
-1864
-1955
-2116
-1859
-937
-166
-59
-526
-898
-603
-156
-234
-426
-588
-358
124
389
560
949
897
459
-109
-539
-334
-456
-1238
-1775
-1722
-1237
-488
-29
255
526
541
541
735
743
728
698
533
834
1506
2282
2799
2868
2732
2604
2376
2038
1322
418
-267
-636
-492
-126
271
622
870
889
859
823
569
-131
-956
-1685
-2076
-2137
-2100
-2029
-1997
-2125
-2142
-1433
-549
-114
-380
-936
-860
-412
-300
-558
-751
-495
-59
284
328
653
952
599
26
-418
-394
-302
-847
-1635
-1752
-1322
-673
-22
202
429
625
660
825
941
960
918
621
721
1296
2064
2756
2979
2896
2672
2472
2090
1589
690
-234
-766
-795
-509
-115
280
640
802
828
763
646
172
-613
-1400
-1890
-2094
-2140
-2057
-2102
-2205
-2336
-1785
-803
-133
-226
-824
-1062
-675
-362
-511
-745
-699
-282
128
303
540
1022
951
285
-327
-519
-332
-699
-1527
-1916
-1589
-970
-296
122
415
604
573
666
781
792
777
575
506
1072
1810
2485
2847
2871
2713
2569
2271
1840
1129
154
-502
-746
-571
-111
329
597
758
783
765
656
320
-418
-1130
-1711
-2098
-2180
-2219
-2262
-2336
-2420
-2300
-1460
-561
-156
-586
-1082
-947
-512
-485
-767
-945
-651
-122
201
442
894
1117
669
36
-409
-357
-343
-1059
-1713
-1729
-1236
-553
-11
215
550
702
705
797
840
854
754
539
743
1460
2253
2749
2868
2681
2541
2373
1952
1295
440
-258
-566
-503
-299
124
457
674
712
764
799
590
-48
-873
-1474
-1896
-2086
-2129
-2083
-2115
-2323
-2510
-2017
-1000
-324
-295
-797
-969
-505
-210
-554
-884
-738
-366
107
273
485
987
854
315
-176
-435
-284
-714
-1620
-1943
-1607
-914
-221
69
344
552
613
770
868
823
811
591
477
997
1805
2533
2856
2739
2555
2525
2241
1731
983
130
-394
-572
-395
-21
347
562
692
783
871
848
439
-417
-1168
-1789
-2105
-2131
-2161
-2084
-2221
-2447
-2406
-1602
-739
-301
-766
-1277
-1038
-484
-447
-742
-911
-572
-20
336
439
768
933
568
51
-437
-322
-234
-978
-1672
-1723
-1243
-586
-197
-30
313
510
658
827
893
792
685
422
588
1267
2061
2630
2781
2748
2624
2396
1961
1442
554
-209
-586
-568
-350
-29
283
525
727
838
842
613
-532
-1460
-1855
-1566
-959
-330
-77
165
439
488
-32
563
752
740
681
-884
-1582
-2063
-2240
-2249
-2141
-2166
-2235
-2329
-1918
-929
-275
-294
-876
-1144
-716
-348
-583
-878
-800
-425
70
248
397
858
840
321
-207
-481
-278
515
357
786
1583
2323
2759
2775
2650
2487
2194
1835
1195
263
-364
-589
-510
-209
141
393
620
738
741
674
307
-445
-1181
-1774
-2197
-2239
-2265
-2213
-2232
-2389
-2373
-1713
-839
-370
-698
-1327
-1296
-750
-487
-747
-940
-672
-217
259
380
652
952
675
132
-356
-433
-305
-935
-1693
-1780
-1322
-670
-126
112
307
444
509
698
818
730
551
417
519
1190
1858
2446
2753
2772
2730
2572
2181
1705
991
178
-325
-414
-164
112
238
429
645
733
799
630
61
-632
-1375
-1933
-2219
-2245
-2206
-2188
-2312
-2433
-2248
-1489
-737
-390
-721
-1183
-1092
-553
-390
-714
-800
-478
97
483
587
805
962
672
237
-231
-334
-319
-922
-1525
-1536
-1055
-392
99
218
400
524
574
765
766
610
592
577
801
1375
1993
2595
2926
2800
2525
2399
2160
1752
857
-36
-427
-410
-196
61
280
578
810
784
621
381
-91
-827
-1544
-2044
-2094
-2082
-2139
-2153
-2234
-2283
-2170
-1501
-776
-576
-931
-1240
-979
-398
-327
-698
-762
-364
145
459
498
748
864
473
7
-329
-201
-250
-985
-1555
-1512
-985
-425
-61
189
421
576
679
810
818
788
745
695
924
1621
2337
2827
2940
2757
2635
2461
2115
1535
591
-195
-450
-400
-135
142
452
718
810
733
565
280
-310
-1084
-1626
-1999
-2125
-2012
-2030
-2050
-2209
-2353
-2126
-1353
-791
-699
-1018
-1164
-690
-199
-273
-520
-466
-78
325
482
416
675
704
327
-62
-308
-105
-302
-1128
-1579
-1470
-975
-390
-69
76
396
555
810
1057
951
847
815
693
984
1628
2188
2607
2703
2683
2643
2520
2196
1602
737
75
-193
-208
-57
89
288
575
624
572
493
251
-308
-972
-1539
-1939
-2091
-2165
-2170
-2138
-2249
-2370
-2133
-1446
-930
-795
-1128
-1192
-700
-263
-358
-588
-535
-174
294
420
547
900
910
633
212
-96
46
-211
-932
-1341
-1338
-871
-358
-143
62
406
583
797
915
906
967
975
858
1092
1667
2275
2630
2756
2714
2677
2562
2201
1559
708
177
-36
-110
-126
-66
86
321
406
389
382
162
-368
-948
-1431
-1772
-1888
-2052
-2113
-2176
-2286
-2298
-2060
-1448
-824
-537
-818
-1026
-682
-243
-306
-570
-645
-330
117
271
312
627
830
678
290
-84
-67
-235
-891
-1352
-1332
-913
-416
-109
44
373
640
904
1082
1028
1029
1155
1070
1192
1574
2076
2491
2645
2610
2565
2466
2179
1650
898
233
-165
-254
-251
-132
63
288
454
525
528
357
-101
-713
-1215
-1721
-1946
-2115
-2231
-2303
-2313
-2369
-2172
-1540
-903
-568
-799
-1159
-956
-391
-386
-643
-659
-323
241
614
608
854
1076
840
302
-215
-183
-142
-732
-1360
-1499
-1093
-525
-182
-7
340
566
774
974
969
929
1006
950
1035
1455
1986
2460
2721
2717
2703
2517
2186
1697
890
198
-240
-447
-432
-273
-25
223
330
358
399
344
-92
-667
-1200
-1665
-1946
-2087
-2151
-2088
-2224
-2352
-2324
-1813
-1056
-605
-703
-966
-801
-295
-184
-464
-585
-397
43
487
524
720
1042
882
438
-57
-117
-26
-549
-1271
-1526
-1185
-675
-258
-7
317
692
864
917
994
970
977
850
825
1333
1917
2375
2627
2597
2603
2554
2193
1699
993
349
-161
-437
-438
-259
7
220
336
404
531
474
144
-428
-895
-1325
-1641
-1808
-1993
-2068
-2170
-2310
-2396
-2162
-1431
-767
-671
-987
-1121
-649
-130
-257
-476
-382
-91
436
541
512
804
905
690
161
-183
-102
-303
-1040
-1532
-1473
-967
-433
-130
118
526
800
932
1155
1146
1053
1005
796
1013
1547
2026
2536
2701
2610
2554
2280
1936
1369
508
-169
-625
-697
-521
-327
-36
246
449
546
515
323
-151
-746
-1301
-1726
-1971
-2191
-2251
-2220
-2361
-2465
-2387
-1818
-1028
-744
-874
-1100
-902
-278
-197
-511
-472
-219
289
660
589
836
1011
783
314
-166
-175
-191
-797
-1358
-1423
-1051
-574
-131
126
357
610
722
932
1044
885
873
753
828
1446
1914
2414
2743
2635
2512
2296
1924
1468
687
-6
-458
-596
-445
-310
-135
120
321
494
499
392
39
-626
-1160
-1575
-1826
-1944
-2115
-2129
-2238
-2444
-2518
-2180
-1398
-788
-677
-920
-985
-492
-98
-312
-436
-360
-21
475
553
570
876
886
616
153
-171
-63
-352
-992
-1350
-1246
-726
-183
141
347
627
853
1015
1165
1019
928
954
851
1243
1650
1990
2418
2497
2392
2284
2030
1704
1209
465
-144
-513
-558
-375
-230
-74
125
280
339
286
202
-208
-684
-1173
-1640
-1845
-2021
-2023
-2065
-2296
-2370
-2369
-1924
-1123
-734
-804
-1011
-804
-198
-133
-383
-457
-295
94
485
446
653
893
801
423
-2
-21
37
-541
-1152
-1321
-944
-502
-83
170
379
649
790
1013
1181
1042
1014
884
854
1310
1651
2093
2481
2484
2406
2249
1970
1701
970
222
-284
-562
-434
-347
-186
37
251
462
483
416
183
-327
-883
-1454
-1814
-1997
-2163
-2204
-2322
-2373
-2334
-2149
-1456
-825
-656
-868
-1068
-605
-60
-219
-394
-398
-101
522
721
680
921
975
759
213
-220
-81
-229
-962
-1383
-1314
-876
-334
29
309
651
829
985
1121
943
821
803
676
964
1422
1803
2260
2327
2255
2166
1965
1783
1248
374
-259
-590
-585
-469
-354
-128
213
495
554
451
298
-107
-691
-1244
-1703
-1925
-2182
-2380
-2357
-2431
-2371
-2379
-2027
-1179
-660
-622
-883
-910
-249
17
-304
-490
-353
63
464
374
481
780
784
571
90
-112
-3
-397
-1065
-1399
-1231
-799
-306
-19
243
622
783
962
1045
822
819
833
765
1172
1491
1915
2368
2393
2267
2100
1856
1643
963
102
-467
-737
-639
-523
-423
-93
261
463
480
342
199
-295
-893
-1494
-1906
-2080
-2222
-2224
-2238
-2294
-2255
-2274
-1654
-870
-605
-749
-1007
-751
-127
-196
-453
-423
-196
289
496
509
834
942
696
293
-101
-17
-39
-595
-1082
-1130
-843
-382
26
212
423
581
655
911
949
833
962
788
891
1293
1674
2217
2449
2365
2262
2027
1775
1367
506
-114
-511
-624
-452
-375
-131
244
422
526
487
448
125
-565
-1110
-1561
-1818
-1996
-2142
-2066
-2091
-2133
-2141
-1939
-1201
-603
-549
-854
-1014
-454
35
-169
-401
-318
52
535
577
579
854
968
775
292
115
292
79
-615
-1129
-1007
-556
-168
104
213
495
710
745
866
781
771
831
730
976
1401
1775
2201
2311
2289
2223
1998
1827
1326
527
-84
-457
-446
-286
-198
72
298
423
528
462
288
-159
-744
-1270
-1714
-1968
-2160
-2204
-2137
-2210
-2187
-2180
-1773
-966
-555
-636
-899
-858
-220
19
-171
-267
-148
254
642
619
750
953
977
679
158
45
152
-294
-956
-1266
-1014
-559
-183
78
282
582
783
933
1009
840
813
777
750
1138
1522
1999
2343
2301
2220
2135
1984
1724
979
166
-307
-504
-383
-274
-138
135
347
451
517
386
153
-377
-933
-1400
-1740
-1963
-2144
-2153
-2186
-2269
-2185
-2156
-1600
-882
-644
-748
-981
-679
-39
1
-255
-315
-109
389
743
692
846
1004
904
516
112
51
59
-429
-1037
-1151
-800
-412
26
173
346
618
741
929
1003
847
915
849
986
1411
1659
2173
2436
2353
2231
2003
1813
1511
697
12
-428
-562
-410
-352
-234
88
306
414
369
310
124
-446
-1000
-1539
-1798
-1981
-2143
-2146
-2181
-2189
-2195
-2073
-1351
-793
-692
-914
-1109
-647
-43
-132
-328
-300
10
539
644
593
855
914
692
256
-40
57
-113
-758
-1246
-1211
-852
-393
-69
-2
277
564
733
949
911
844
916
768
956
1390
1764
2280
2378
2249
2152
1933
1834
1334
426
-212
-497
-534
-427
-409
-190
119
326
353
331
289
-69
-602
-1112
-1543
-1731
-1924
-2066
-2036
-2172
-2125
-2143
-1854
-1002
-566
-665
-944
-974
-290
25
-244
-376
-221
213
679
645
721
935
834
490
-31
-81
87
-376
-1042
-1352
-1161
-704
-223
98
224
504
681
895
1016
837
806
771
714
1114
1496
1981
2353
2342
2205
2079
1913
1742
1105
333
-197
-461
-360
-261
-179
55
310
467
537
456
267
-269
-818
-1302
-1560
-1672
-1889
-1979
-2081
-2229
-2240
-2223
-1582
-840
-575
-683
-904
-574
80
24
-320
-358
-123
456
700
583
786
882
729
357
-110
-88
-112
-763
-1329
-1436
-1029
-464
-65
53
274
590
732
953
965
827
851
734
849
1324
1636
2145
2325
2273
2170
2027
1764
1367
527
-161
-567
-684
-535
-437
-238
82
384
494
513
477
168
-391
-909
-1363
-1642
-1873
-2054
-2062
-2093
-2081
-2148
-1988
-1244
-683
-557
-783
-891
-345
114
-115
-301
-220
238
791
873
787
1002
1023
792
307
-7
56
-222
-925
-1304
-1138
-750
-312
5
115
375
559
706
950
787
696
767
687
995
1411
1790
2248
2303
2225
2125
1861
1603
1021
217
-292
-607
-609
-430
-309
-78
235
459
579
530
405
-49
-605
-1095
-1454
-1664
-1862
-1922
-1957
-2056
-2066
-2095
-1708
-948
-527
-478
-718
-653
-15
190
-91
-241
-158
294
656
569
662
891
850
519
9
-54
21
-428
-1023
-1277
-1072
-663
-277
-74
131
414
552
748
820
691
713
672
691
1104
1468
1906
2284
2326
2222
2025
1745
1534
846
62
-441
-650
-473
-284
-145
122
387
567
592
485
268
-230
-786
-1380
-1749
-1927
-2095
-2120
-2138
-2123
-2130
-2038
-1364
-715
-504
-701
-866
-546
30
-61
-242
-232
13
512
737
637
842
912
732
286
-80
-33
-117
-777
-1263
-1289
-959
-528
-119
39
297
509
673
911
896
791
833
747
909
1307
1659
2014
2147
2035
2004
1804
1634
1180
425
-127
-476
-568
-429
-260
-32
188
411
508
517
377
52
-477
-943
-1444
-1753
-1945
-2051
-2054
-2202
-2176
-2113
-1869
-1151
-666
-565
-737
-788
-257
226
72
-83
-53
286
756
806
658
842
890
637
141
-112
-39
-224
-864
-1376
-1250
-834
-400
-31
153
474
741
865
1034
943
864
879
731
1006
1396
1719
2144
2214
2189
2131
1838
1641
1134
366
-221
-635
-611
-423
-262
-13
273
498
560
458
336
-47
-589
-1128
-1606
-1876
-1971
-2027
-2037
-2144
-2115
-2098
-1680
-973
-614
-620
-901
-764
-142
32
-150
-156
-99
306
726
667
770
994
973
704
189
104
171
-339
-961
-1237
-977
-506
-137
31
243
519
626
812
932
838
802
678
697
1106
1525
1903
2150
2055
2006
1947
1776
1480
725
37
-401
-585
-444
-333
-177
77
314
472
479
401
221
-311
-823
-1300
-1554
-1726
-1917
-2007
-2061
-2142
-2046
-1976
-1486
-852
-503
-581
-809
-488
131
118
-159
-349
-123
335
582
485
647
824
769
430
-4
9
-7
-544
-1132
-1331
-1003
-573
-213
-42
276
570
781
998
1026
913
975
846
907
1250
1523
2033
2248
2123
1983
1805
1666
1396
603
-111
-537
-602
-404
-293
-124
188
433
516
457
377
100
-435
-967
-1455
-1690
-1809
-1913
-1952
-2073
-2042
-2073
-1863
-1169
-578
-457
-708
-814
-250
211
13
-178
-211
67
573
647
628
859
852
538
29
-210
-96
-310
-976
-1357
-1284
-878
-352
-78
80
319
538
699
864
747
700
674
602
885
1349
1837
2247
2247
2108
2003
1802
1569
944
214
-284
-558
-467
-249
-106
119
364
505
587
564
443
-43
-627
-1131
-1495
-1695
-1810
-1824
-1901
-2028
-1976
-1960
-1529
-879
-546
-493
-744
-652
-36
176
-73
-247
-172
293
719
645
635
754
741
461
53
-42
33
-400
-1034
-1264
-1053
-621
-200
-91
53
335
523
748
840
722
799
737
780
1206
1497
1927
2185
2127
2022
1808
1623
1312
562
-101
-413
-504
-310
-195
-33
212
467
598
604
466
265
-203
-675
-1125
-1365
-1511
-1635
-1676
-1838
-1937
-1946
-1925
-1325
-747
-530
-660
-820
-413
182
112
-108
-147
79
581
687
583
760
830
699
294
-71
20
-48
-718
-1243
-1255
-914
-551
-284
-208
108
391
574
813
782
759
823
704
902
1357
1724
2117
2175
2058
2033
1837
1648
1198
427
-94
-467
-489
-312
-222
-24
218
401
529
460
303
-47
-565
-1002
-1399
-1620
-1742
-1805
-1781
-1868
-1906
-1931
-1679
-982
-555
-480
-731
-742
-151
220
3
-181
-167
235
607
541
539
719
735
572
148
-26
94
-235
-880
-1269
-1156
-754
-360
-148
31
339
492
685
869
809
774
707
642
1004
1369
1795
2098
2122
2035
1894
1688
1522
861
164
-211
-456
-392
-272
-190
60
296
446
563
489
330
-50
-644
-1122
-1449
-1682
-1850
-1897
-1970
-1995
-1948
-1973
-1464
-770
-442
-382
-714
-649
0
152
-80
-252
-167
285
661
508
546
780
728
465
-3
-66
64
-348
-971
-1233
-1049
-660
-280
-139
33
342
499
708
777
698
852
801
823
1236
1504
1911
2118
2078
2036
1941
1726
1430
673
24
-374
-546
-406
-296
-143
156
368
520
521
445
256
-244
-758
-1202
-1519
-1702
-1888
-1873
-1949
-2008
-2041
-2033
-1459
-845
-552
-636
-860
-478
117
92
-192
-326
-93
421
603
475
608
797
772
323
-39
18
-37
-597
-1184
-1258
-917
-527
-221
-132
90
374
557
723
803
795
888
752
865
1277
1652
2046
2167
2045
1928
1778
1646
1262
416
-161
-471
-495
-353
-308
-138
96
277
451
400
324
20
-532
-1040
-1399
-1536
-1642
-1783
-1859
-1941
-2006
-2067
-1908
-1232
-694
-460
-613
-745
-275
184
61
-181
-238
27
525
580
409
535
656
571
162
-145
-49
-95
-692
-1147
-1173
-859
-421
-151
-65
194
445
686
916
822
772
848
765
976
1323
1758
2164
2206
2074
1949
1797
1635
1129
354
-153
-419
-362
-262
-226
-35
209
437
551
460
363
-38
-627
-1157
-1563
-1730
-1826
-1912
-1948
-2017
-1986
-2030
-1744
-1088
-621
-532
-797
-755
-125
229
59
-150
-165
193
650
628
598
751
787
506
54
-143
-16
-248
-892
-1282
-1177
-776
-327
-104
8
270
502
729
856
755
809
800
713
1043
1411
1802
2092
2038
1912
1768
1649
1511
926
236
-200
-498
-441
-324
-203
41
198
411
493
444
301
-99
-534
-976
-1264
-1483
-1676
-1768
-1882
-1988
-1989
-2013
-1536
-884
-552
-536
-750
-594
-7
88
-152
-272
-150
294
646
587
635
726
679
428
36
-94
-88
-544
-1152
-1367
-1164
-705
-310
-191
21
334
513
730
788
725
806
673
683
1051
1404
1904
2140
2083
2036
1864
1765
1490
769
168
-190
-329
-250
-180
-54
165
356
553
578
535
341
-186
-712
-1186
-1438
-1570
-1668
-1686
-1765
-1773
-1769
-1789
-1260
-774
-556
-652
-980
-723
-114
3
-74
-207
-68
479
697
518
533
587
533
134
-299
-302
-251
-683
-1126
-1168
-827
-354
-25
-28
57
195
319
534
552
530
652
639
922
1307
1613
2034
2164
2175
2134
1944
1786
1402
545
-55
-414
-461
-313
-270
-178
108
332
529
543
537
344
-85
-664
-1179
-1421
-1670
-1824
-1865
-1943
-1896
-1902
-1872
-1269
-707
-458
-595
-831
-409
74
-5
-244
-368
-63
463
584
471
601
732
646
313
26
88
38
-603
-1126
-1238
-945
-580
-323
-284
-42
211
481
827
878
924
962
774
908
1157
1469
1887
1983
2036
2008
1933
1879
1469
634
119
-282
-409
-358
-382
-246
44
300
470
477
460
199
-353
-904
-1328
-1536
-1720
-1880
-1951
-2039
-1985
-2031
-1867
-1210
-757
-441
-572
-821
-388
-62
-214
-343
-404
-55
526
621
552
691
723
592
147
-174
-94
-217
-805
-1233
-1236
-888
-459
-228
-157
173
406
650
864
739
780
889
778
1016
1299
1588
1976
1925
1891
1870
1808
1699
1220
469
-48
-409
-394
-297
-215
11
328
596
705
662
563
120
-514
-1131
-1470
-1597
-1756
-1783
-1705
-1733
-1587
-1684
-1620
-1053
-670
-558
-808
-978
-489
-135
-166
-188
-149
216
680
660
503
530
609
502
121
-183
-144
-238
-773
-1236
-1236
-868
-444
-213
-202
130
405
652
853
746
763
857
793
1072
1262
1540
1855
1938
1941
1880
1714
1539
1062
445
-8
-295
-266
-235
-192
-105
28
300
431
363
302
33
-367
-810
-1259
-1440
-1624
-1762
-1832
-1938
-1867
-2009
-1907
-1345
-828
-463
-600
-636
-158
155
-27
-399
-478
-110
439
590
588
803
947
818
326
-79
-109
-374
-1048
-1535
-1406
-955
-467
-132
66
438
635
725
796
653
708
709
587
924
1271
1628
1957
2021
2019
1931
1760
1636
1088
316
-197
-512
-407
-207
-28
297
529
694
633
445
318
-59
-525
-967
-1311
-1439
-1669
-1810
-1813
-1790
-1689
-1801
-1730
-1059
-574
-460
-731
-834
-324
12
-214
-419
-394
106
580
527
510
719
842
632
78
-211
-143
-331
-836
-1196
-1041
-646
-288
-218
-253
35
349
643
880
781
778
714
567
851
1222
1723
2128
2164
2070
1890
1641
1413
1000
415
32
-285
-292
-278
-268
-17
243
481
606
598
463
-57
-586
-1035
-1369
-1498
-1742
-1847
-1817
-1868
-1706
-1686
-1573
-985
-576
-451
-717
-856
-361
-55
-142
-219
-164
254
697
656
498
644
809
616
84
-163
-27
-243
-884
-1327
-1183
-711
-282
-104
-20
343
588
747
893
821
843
856
677
859
1106
1495
1883
1997
2074
2111
1928
1610
1000
314
-171
-364
-206
-90
-23
126
287
511
552
540
392
-125
-698
-1174
-1540
-1655
-1795
-1841
-1739
-1712
-1631
-1696
-1584
-976
-569
-405
-677
-777
-268
-33
-307
-477
-333
154
647
647
606
775
900
596
58
-197
-107
-282
-803
-1101
-887
-484
-135
17
-29
270
509
576
690
671
737
826
665
1012
1300
1615
1890
1876
1812
1770
1651
1557
1113
482
29
-166
-140
-144
-99
124
282
381
388
330
324
-5
-420
-818
-1200
-1361
-1633
-1896
-1951
-1893
-1766
-1832
-1813
-1246
-790
-499
-705
-822
-408
-53
-116
-286
-352
-15
494
656
670
762
897
612
5
-362
-376
-403
-814
-1191
-1088
-754
-369
-151
-95
198
430
552
764
703
712
811
719
1005
1350
1625
1977
1938
1870
1821
1798
1659
1167
487
0
-346
-252
-203
-168
69
271
512
644
633
530
135
-439
-969
-1378
-1444
-1564
-1649
-1653
-1627
-1518
-1640
-1758
-1272
-910
-698
-844
-952
-419
39
-3
-135
-227
-5
376
349
209
393
601
572
221
-71
23
-88
-610
-1099
-1139
-940
-668
-488
-373
111
518
768
1058
983
926
885
630
718
890
1273
1758
1892
1990
2078
1959
1764
1245
525
17
-412
-563
-541
-420
-90
278
609
684
688
604
123
-420
-953
-1372
-1600
-1873
-1982
-1839
-1708
-1589
-1637
-1750
-1309
-920
-744
-877
-1061
-590
-68
-67
-208
-256
-10
437
534
452
594
769
617
183
-147
-74
-88
-499
-957
-895
-686
-404
-199
-262
-19
232
468
785
785
708
822
651
802
1060
1342
1789
1976
2065
2052
1942
1813
1315
597
51
-275
-249
-148
-145
-1
161
333
469
427
435
201
-337
-941
-1437
-1582
-1710
-1731
-1664
-1634
-1498
-1564
-1793
-1388
-890
-552
-557
-832
-538
-130
-267
-427
-397
-154
379
594
525
577
595
493
179
-195
-290
-238
-621
-1048
-1078
-804
-422
-173
-263
-26
329
514
773
809
769
859
687
718
979
1295
1717
1938
2051
1992
1819
1607
1223
570
138
-136
-189
-230
-331
-191
-44
270
565
628
618
380
-55
-511
-1092
-1422
-1653
-1783
-1688
-1614
-1494
-1447
-1694
-1439
-993
-675
-687
-943
-754
-165
26
-110
-189
18
369
637
516
496
714
667
344
-9
-66
23
-281
-907
-1116
-978
-650
-249
-139
72
392
485
732
809
735
902
842
870
1079
1263
1795
1977
1979
1953
1752
1628
1337
672
80
-317
-442
-325
-351
-216
59
327
495
509
559
417
-150
-714
-1139
-1319
-1397
-1557
-1639
-1670
-1708
-1720
-1930
-1674
-1026
-597
-440
-697
-710
-149
79
25
-129
-59
264
636
591
510
756
838
493
49
-140
10
-180
-783
-1138
-1046
-703
-280
-103
5
321
468
685
869
813
934
818
804
1073
1279
1677
1907
1938
1993
1899
1735
1511
895
253
-241
-452
-391
-396
-268
-45
237
510
574
563
422
-86
-497
-974
-1309
-1436
-1615
-1676
-1700
-1689
-1593
-1796
-1867
-1365
-935
-685
-942
-1063
-616
-118
22
-50
-57
250
662
731
464
355
525
463
175
-98
-35
5
-472
-950
-962
-745
-420
-219
-207
25
286
571
943
1047
1052
1022
841
1095
1290
1510
1771
1858
1894
1870
1801
1710
1184
455
-183
-548
-492
-456
-374
-142
211
541
648
551
420
91
-523
-1084
-1504
-1568
-1649
-1643
-1627
-1573
-1521
-1662
-1869
-1434
-964
-736
-1023
-1262
-740
-92
22
-175
-182
86
459
543
356
391
562
536
141
-186
-154
-74
-478
-891
-915
-730
-447
-257
-201
132
398
567
754
757
851
915
786
955
1230
1515
1856
1967
1916
1915
1834
1825
1449
722
161
-201
-226
-161
-191
-119
181
495
642
621
517
125
-374
-896
-1271
-1358
-1461
-1510
-1508
-1626
-1711
-1681
-1768
-1447
-1023
-750
-843
-1171
-932
-288
14
-92
-180
-9
413
665
461
261
380
393
165
-134
-179
4
-256
-821
-1061
-934
-562
-170
-134
118
429
612
751
742
736
928
841
859
1026
1347
1885
2036
1970
1850
1641
1447
1171
601
167
-136
-173
-42
-125
-69
191
462
630
538
459
207
-277
-721
-1172
-1390
-1476
-1590
-1533
-1501
-1471
-1473
-1784
-1735
-1284
-926
-761
-993
-873
-267
34
-68
-212
-142
210
522
332
194
351
522
402
87
-59
27
-168
-670
-906
-840
-634
-327
-317
-154
249
427
660
773
656
766
720
771
1140
1425
1803
2040
1936
1906
1853
1786
1516
911
225
-282
-490
-287
-169
-55
193
349
461
488
473
342
-116
-519
-942
-1214
-1358
-1478
-1516
-1639
-1840
-1851
-2024
-1966
-1413
-970
-625
-723
-894
-531
-110
-17
-150
-311
-125
278
414
360
545
786
655
189
-155
-111
-16
-486
-994
-1004
-808
-375
-164
-141
150
288
445
590
497
695
807
627
847
1107
1468
1921
2035
2072
1922
1704
1482
928
276
-203
-398
-312
-284
-281
-72
233
505
478
269
154
-167
-484
-836
-1119
-1264
-1391
-1498
-1529
-1602
-1549
-1589
-1802
-1557
-1099
-738
-801
-1004
-728
-230
2
-177
-361
-134
385
682
467
436
641
711
453
-34
-195
-118
-523
-1088
-1111
-819
-386
-91
-170
33
317
552
873
785
587
664
513
664
1046
1452
1885
1953
1852
1729
1662
1620
1300
709
180
-278
-407
-418
-388
-126
148
501
583
451
434
224
-256
-750
-1183
-1340
-1459
-1562
-1509
-1585
-1594
-1653
-1901
-1822
-1318
-861
-657
-930
-964
-404
79
266
83
27
261
540
462
259
495
728
556
198
-142
-33
-64
-631
-1103
-1204
-938
-494
-345
-214
240
534
767
770
601
762
845
752
978
1177
1579
1823
1831
1816
1607
1426
1159
697
205
-156
-277
-189
-156
-172
6
274
548
516
523
519
198
-234
-719
-1076
-1213
-1420
-1524
-1559
-1603
-1555
-1729
-1889
-1539
-1057
-661
-728
-890
-469
-41
76
-122
-314
-4
487
601
394
475
707
546
209
-9
40
-37
-672
-1222
-1246
-1010
-579
-431
-313
77
407
666
857
789
798
755
519
689
992
1364
1790
1921
1893
1918
1832
1679
1164
375
-171
-476
-447
-264
-140
40
275
508
546
586
559
233
-381
-998
-1431
-1482
-1615
-1560
-1458
-1409
-1407
-1599
-1900
-1637
-1186
-754
-663
-890
-596
-18
203
50
-200
-42
339
569
396
451
845
984
552
-23
-211
-45
-302
-916
-1199
-1049
-604
-278
-300
-49
302
494
613
552
543
635
596
724
962
1187
1492
1674
1826
1881
1816
1646
1299
702
183
-284
-386
-306
-221
-144
69
432
539
477
343
125
-318
-792
-1189
-1350
-1454
-1549
-1528
-1593
-1569
-1576
-1833
-1800
-1375
-831
-593
-726
-708
-230
92
-19
-349
-368
70
505
446
314
487
679
514
220
26
142
13
-685
-1024
-978
-653
-285
-152
38
378
537
777
929
774
746
617
547
769
1011
1423
1654
1660
1603
1525
1499
1373
971
415
-22
-248
-272
-298
-243
-10
212
360
329
319
165
-203
-654
-1118
-1351
-1460
-1681
-1772
-1790
-1807
-1662
-1771
-1802
-1305
-882
-509
-790
-1005
-574
-54
48
-84
-103
174
652
714
438
454
599
496
153
-239
-252
-186
-622
-1116
-1086
-854
-399
-183
-194
181
420
625
703
535
580
798
757
927
1068
1256
1487
1546
1649
1683
1604
1446
1089
627
124
-162
-158
-133
-169
-71
23
396
559
613
591
204
-238
-738
-1230
-1424
-1573
-1670
-1735
-1832
-1578
-1558
-1824
-1604
-1152
-615
-598
-972
-694
-78
188
-40
-222
-111
340
701
567
482
636
711
406
-6
-81
110
-227
-894
-1199
-1060
-557
-126
-163
36
276
378
707
805
790
809
667
627
804
983
1491
1751
1758
1681
1614
1600
1421
909
360
-62
-160
-131
-137
-43
132
355
529
480
554
398
-6
-492
-993
-1156
-1243
-1375
-1356
-1425
-1493
-1499
-1770
-1826
-1366
-831
-513
-663
-735
-338
29
9
-204
-235
94
406
388
227
448
704
552
188
-155
-73
-82
-644
-1139
-1161
-1009
-606
-452
-325
220
554
706
741
552
605
749
659
852
989
1368
1784
2010
2094
1978
1849
1647
1160
479
8
-137
-72
-74
-26
143
376
581
578
564
479
129
-350
-913
-1262
-1337
-1465
-1610
-1664
-1692
-1584
-1661
-1798
-1404
-1015
-741
-817
-1095
-851
-396
-267
-366
-415
-124
505
752
580
486
652
576
308
6
-115
-154
-578
-1065
-1135
-895
-439
8
-55
37
242
354
619
588
518
720
667
767
1006
1219
1621
1788
1782
1668
1472
1417
1128
536
36
-230
-249
-190
-125
74
262
501
541
408
323
103
-231
-584
-950
-1063
-1218
-1449
-1456
-1516
-1539
-1658
-1988
-1813
-1221
-680
-431
-647
-674
-278
-126
-234
-402
-343
26
426
378
330
579
717
509
32
-309
-281
-441
-995
-1266
-1131
-797
-325
-216
-76
346
549
713
712
587
760
840
838
1050
1108
1412
1650
1780
1856
1797
1753
1496
967
428
-12
-177
-134
-69
7
125
312
534
507
591
549
75
-421
-949
-1260
-1328
-1484
-1562
-1620
-1657
-1555
-1656
-1727
-1311
-887
-567
-685
-802
-449
121
207
9
-122
54
550
708
604
712
840
605
178
-228
-176
-48
-547
-1081
-1139
-977
-551
-324
-225
118
355
497
729
676
794
951
795
869
1007
1278
1687
1843
1855
1719
1679
1658
1349
777
335
16
-59
-115
-96
85
328
612
608
622
642
409
40
-548
-1027
-1194
-1383
-1536
-1491
-1464
-1402
-1526
-1784
-1668
-1311
-917
-763
-1036
-951
-432
-146
-180
-251
-141
316
705
683
462
548
612
398
-52
-352
-206
-246
-739
-1056
-967
-654
-226
-210
-75
306
508
738
720
653
743
783
791
1006
1158
1459
1662
1797
1919
1927
1890
1654
1147
519
49
-159
-148
-132
-48
49
180
270
214
306
250
-65
-425
-821
-1037
-1164
-1289
-1387
-1530
-1588
-1491
-1541
-1678
-1359
-898
-478
-606
-829
-535
-35
164
-69
-224
-34
422
619
402
389
663
633
334
-13
-90
50
-459
-1149
-1370
-1120
-618
-237
-129
257
503
601
755
662
559
598
471
548
838
1238
1692
1906
1931
1908
1878
1800
1512
953
422
22
-83
-159
-162
64
266
535
510
364
334
112
-317
-758
-1130
-1209
-1310
-1393
-1438
-1472
-1436
-1485
-1727
-1891
-1560
-1026
-656
-782
-838
-435
32
57
-18
-86
195
510
526
245
396
753
742
456
48
50
100
-371
-810
-907
-745
-414
-292
-282
80
394
585
746
774
774
788
651
761
906
1107
1421
1625
1758
1849
1842
1726
1400
853
297
32
83
16
-20
-5
156
419
543
582
550
278
-170
-643
-1064
-1117
-1184
-1388
-1492
-1508
-1465
-1375
-1693
-1749
-1372
-952
-754
-956
-986
-468
54
8
-148
-208
116
538
524
222
310
389
264
33
-292
-218
-240
-746
-1031
-1037
-806
-389
-339
-292
91
369
649
882
820
892
850
657
783
1042
1422
1836
1931
1934
1853
1845
1804
1448
780
206
6
-23
-58
7
143
410
550
479
480
428
111
-303
-848
-1176
-1210
-1451
-1601
-1579
-1571
-1546
-1619
-1903
-1882
-1468
-1047
-809
-937
-899
-414
84
112
6
19
306
673
576
314
518
686
485
90
-350
-180
-148
-651
-993
-1022
-673
-301
-233
-30
341
515
651
657
602
793
867
797
804
943
1223
1554
1808
1946
1961
1848
1506
1104
685
281
19
-104
-116
-33
57
367
511
526
550
400
76
-340
-776
-1072
-1220
-1432
-1535
-1562
-1581
-1487
-1520
-1775
-1840
-1436
-1089
-806
-925
-917
-432
46
40
-168
-197
108
544
514
304
413
515
396
115
-198
-25
-91
-631
-971
-864
-546
-161
-63
95
404
596
791
882
834
857
825
706
844
1061
1474
1717
1818
1746
1745
1692
1603
1183
640
194
-62
-59
-70
4
81
235
237
178
284
343
137
-361
-841
-1038
-1113
-1268
-1441
-1560
-1611
-1609
-1699
-1988
-1945
-1507
-1052
-791
-891
-853
-291
186
169
-39
-102
119
402
294
92
346
491
404
19
-296
-7
41
-512
-948
-934
-660
-305
-235
-85
246
401
540
656
717
800
746
578
725
976
1328
1683
1894
2033
2042
1898
1717
1383
910
427
22
-170
-217
-182
-80
75
232
284
301
223
-20
-335
-729
-1067
-1239
-1395
-1520
-1586
-1637
-1583
-1598
-1864
-1832
-1377
-878
-654
-886
-870
-383
-53
-139
-278
-229
140
539
468
271
421
528
369
55
-204
9
-34
-568
-809
-701
-446
-115
-91
-13
343
524
772
837
752
691
557
484
784
1081
1398
1687
1862
1974
2032
2045
1933
1570
899
197
-208
-209
-230
-116
-72
168
411
444
416
370
97
-326
-810
-1154
-1257
-1397
-1442
-1455
-1479
-1510
-1521
-1735
-1785
-1463
-1112
-853
-978
-959
-443
114
83
-115
-180
77
465
445
238
453
647
485
152
-165
83
160
-329
-698
-795
-563
-155
-26
25
320
389
463
622
648
637
583
464
649
964
1269
1594
1848
1978
2071
1986
1741
1382
866
298
-60
-230
-300
-217
-90
111
355
433
502
438
160
-216
-602
-959
-1043
-1225
-1384
-1404
-1436
-1458
-1554
-1904
-2166
-1779
-1200
-739
-745
-900
-640
-146
-8
20
27
177
503
511
252
492
753
660
358
-100
-156
-24
-395
-675
-680
-501
-214
-143
-133
183
342
511
771
697
596
560
569
805
1127
1419
1630
1805
1906
1915
1872
1741
1523
1006
478
118
16
-58
-30
-34
37
281
399
448
476
282
-63
-494
-827
-862
-974
-1190
-1340
-1543
-1627
-1561
-1684
-1809
-1508
-1145
-825
-831
-981
-696
-138
30
-83
-265
-122
356
608
436
561
794
732
490
8
-42
155
-265
-880
-1049
-932
-462
-106
9
244
352
449
639
678
651
744
610
558
789
1142
1502
1789
1890
1805
1790
1776
1515
1012
475
76
-117
-198
-225
-160
1
320
412
440
514
386
14
-371
-714
-894
-1134
-1439
-1511
-1508
-1458
-1470
-1665
-2012
-1882
-1434
-955
-792
-970
-877
-338
39
15
-48
28
357
608
331
284
621
705
451
-33
-178
78
-208
-796
-1060
-1046
-695
-389
-316
0
378
474
551
581
623
762
718
610
811
1044
1332
1682
1820
1830
1843
1690
1525
1066
494
82
-84
-115
-116
-106
-62
185
344
384
478
388
-23
-533
-944
-1110
-1116
-1385
-1648
-1825
-1874
-1725
-1725
-1985
-2009
-1655
-1290
-1079
-1120
-932
-422
-81
-173
-276
-94
321
650
496
244
429
512
380
93
-185
-24
-105
-624
-963
-988
-640
-233
-169
10
354
550
751
874
894
897
745
599
776
1039
1450
1773
1877
1743
1699
1804
1764
1384
801
218
-30
-56
0
52
60
225
334
280
406
487
268
-78
-571
-883
-1010
-1226
-1372
-1396
-1462
-1569
-1715
-1998
-1969
-1516
-1081
-900
-1082
-1176
-741
-143
-27
-154
-195
-106
255
305
107
292
436
331
30
-307
-173
-30
-441
-835
-959
-795
-384
-230
-200
49
287
471
637
583
591
697
755
920
1107
1299
1616
1887
1909
1818
1719
1569
1367
910
484
225
152
-14
-129
-139
84
298
304
261
244
29
-198
-544
-815
-961
-1195
-1417
-1521
-1583
-1571
-1614
-1878
-2003
-1630
-1144
-771
-753
-895
-533
-63
-58
-212
-337
-67
422
563
282
399
619
556
288
-49
45
190
-277
-768
-932
-792
-444
-305
-358
-94
199
530
722
682
610
710
711
889
1167
1404
1638
1827
1800
1742
1750
1636
1326
736
118
-213
-138
-109
-128
-44
87
296
410
426
389
186
-142
-432
-784
-954
-1195
-1495
-1558
-1526
-1551
-1580
-1810
-1923
-1524
-1032
-714
-783
-841
-440
44
31
-161
-319
-98
296
446
218
422
612
472
119
-197
-11
27
-535
-1066
-1076
-845
-426
-224
-193
155
389
524
764
755
811
923
875
911
1151
1356
1667
1883
1929
1830
1704
1531
1232
841
311
0
-18
-108
-195
-161
-30
299
396
388
400
135
-162
-492
-866
-1050
-1189
-1439
-1514
-1586
-1730
-1755
-2022
-2266
-1964
-1418
-854
-803
-982
-782
-300
-95
-201
-278
-24
432
642
336
272
525
588
350
-79
-169
59
-252
-756
-978
-908
-630
-426
-427
-122
179
424
669
733
732
856
895
886
1073
1199
1424
1678
1703
1789
1891
1810
1629
1184
709
336
210
68
50
-2
77
368
471
507
597
448
116
-165
-535
-787
-995
-1259
-1334
-1378
-1442
-1465
-1601
-1967
-1918
-1468
-1082
-872
-965
-903
-362
-116
-231
-275
-159
221
493
260
101
360
476
387
58
-131
90
-149
-728
-964
-854
-498
-183
-143
-21
261
431
660
871
843
826
852
819
1037
1171
1427
1689
1807
1777
1783
1736
1635
1256
684
246
80
46
-36
-146
-121
132
348
312
387
301
93
-191
-548
-742
-861
-1171
-1294
-1334
-1304
-1368
-1522
-1825
-1979
-1669
-1144
-760
-890
-1036
-657
-60
120
59
-63
126
437
452
172
249
460
420
198
-185
-24
200
-172
-694
-917
-776
-418
-202
-212
8
240
482
636
691
608
689
668
763
944
1161
1470
1808
1856
1869
1844
1762
1601
1148
588
146
-40
-190
-151
-85
92
218
343
419
395
236
-39
-340
-703
-1036
-1313
-1566
-1609
-1573
-1582
-1582
-1659
-1934
-1786
-1360
-923
-854
-997
-878
-304
22
-28
-172
-65
321
531
314
204
521
561
293
-74
-146
151
-69
-583
-840
-707
-342
-53
-117
47
223
408
664
735
710
704
683
765
1039
1224
1551
1899
1972
1930
1901
1723
1498
1034
513
186
10
-111
-242
-200
-13
304
392
347
342
207
-102
-394
-659
-928
-1050
-1345
-1421
-1435
-1514
-1601
-1609
-2008
-2117
-1747
-1245
-848
-807
-858
-419
102
201
-846
-637
-252
80
-42
219
601
569
283
465
658
556
340
29
146
259
-224
-720
-196
-274
44
274
548
771
737
647
756
791
924
1059
1330
1691
1743
1688
1629
1672
1678
1424
841
360
-54
-218
-307
-320
-269
5
216
274
327
414
263
10
-333
-707
-988
-1309
-1451
-1499
-1583
-1638
-1688
-1810
-2096
-2001
-1611
-1187
-1006
-1204
-1054
-366
173
143
-49
2
423
668
395
432
700
801
630
116
-103
153
18
-549
-852
-814
-447
-118
-94
151
497
659
854
830
765
951
1009
962
1087
1289
1518
1784
1745
1748
1685
1628
1445
1064
560
236
64
-159
-296
-291
-83
241
464
548
620
600
272
-99
-473
-814
-1075
-1286
-1507
-1532
-1544
-1590
-1731
-2033
-2322
-2043
-1445
-975
-922
-997
-712
-51
170
19
-210
-28
363
565
310
174
383
429
255
-73
82
351
78
-518
-846
-701
-285
-99
-118
151
442
644
720
775
788
961
963
901
1028
1236
1485
1650
1704
1718
1703
1608
1449
1077
621
320
139
40
-92
-144
2
334
514
562
566
396
88
-257
-641
-801
-973
-1266
-1409
-1557
-1679
-1772
-1858
-2004
-2240
-2105
-1507
-1037
-978
-1160
-791
-121
164
-89
-361
-212
244
414
225
244
590
707
459
37
106
439
69
-584
-961
-805
-403
-218
-277
-57
286
463
568
688
758
921
799
756
961
1275
1662
1983
1956
2018
1946
1857
1696
1214
662
236
-28
-141
-189
-213
-28
245
408
415
496
413
153
-227
-622
-897
-1127
-1310
-1490
-1537
-1570
-1597
-1498
-1649
-1961
-1838
-1368
-866
-892
-1153
-988
-391
-60
-105
-160
95
438
545
345
490
820
798
426
-8
88
281
-43
-560
-820
-591
-312
-154
-72
186
417
555
633
667
661
799
800
870
1033
1217
1583
1820
1865
1988
1848
1645
1355
932
531
114
-46
-47
-46
-81
76
230
380
396
418
292
28
-239
-535
-732
-1061
-1236
-1320
-1375
-1537
-1670
-1791
-2093
-2410
-2252
-1650
-1184
-1146
-1241
-940
-233
135
141
-8
145
557
658
433
410
751
836
514
76
103
260
-53
-697
-1066
-857
-528
-343
-347
-65
275
478
742
952
954
1109
1030
1007
1208
1316
1470
1625
1640
1624
1684
1694
1561
1117
541
184
52
-14
-119
-88
30
271
493
558
600
490
141
-139
-476
-748
-930
-1229
-1441
-1586
-1797
-1818
-1847
-2047
-2301
-2039
-1529
-1075
-1107
-1232
-984
-204
198
92
-33
176
662
905
689
555
787
796
583
197
170
407
76
-536
-831
-663
-273
-86
-129
-74
176
422
702
832
897
987
927
817
973
1058
1339
1532
1538
1546
1562
1622
1569
1130
647
283
75
22
28
2
170
278
346
476
521
393
142
-189
-485
-730
-939
-1180
-1288
-1361
-1456
-1445
-1593
-1904
-2316
-2263
-1708
-1135
-1023
-1121
-997
-275
245
182
-21
95
435
609
487
457
762
870
514
33
19
405
344
-320
-831
-813
-551
-287
-241
-124
264
503
618
724
690
874
1020
966
970
1137
1358
1558
1618
1725
1860
1647
1409
1076
648
415
142
-37
-240
-264
-127
61
262
369
277
188
-10
-312
-601
-831
-988
-1255
-1430
-1518
-1571
-1606
-1657
-1798
-2111
-2037
-1601
-1104
-1027
-1181
-1026
-350
139
100
-63
80
507
762
621
455
618
761
689
289
92
242
76
-538
-877
-891
-625
-392
-323
-149
155
307
533
677
652
721
649
605
772
1003
1258
1545
1646
1642
1686
1727
1656
1384
811
336
93
65
-48
-152
-33
149
340
313
284
298
82
-267
-617
-890
-985
-1048
-1263
-1476
-1530
-1574
-1666
-1818
-2207
-2289
-1881
-1389
-1009
-1049
-959
-457
99
256
24
1
310
663
634
470
556
683
584
283
175
262
276
-181
-775
-946
-650
-315
-153
-89
112
222
419
705
842
870
826
641
780
967
1175
1368
1394
1516
1617
1598
1651
1347
854
404
24
-174
-287
-399
-436
-254
-54
190
281
335
192
0
-261
-573
-874
-1093
-1340
-1452
-1597
-1655
-1562
-1703
-1907
-2114
-1788
-1301
-946
-1017
-1131
-772
-139
117
111
157
495
738
696
483
604
802
699
259
3
91
117
-352
-861
-951
-763
-449
-313
-262
23
280
445
730
895
890
926
819
915
1108
1306
1555
1614
1614
1662
1686
1708
1556
940
464
77
-104
-183
-272
-192
-24
279
474
513
540
421
49
-276
-650
-864
-1021
-1364
-1674
-1830
-1780
-1681
-1703
-1884
-2183
-2001
-1466
-930
-702
-854
-673
-71
297
314
221
380
677
947
822
812
924
756
410
90
129
297
68
-532
-935
-816
-475
-172
-178
-100
168
290
505
709
694
806
743
746
984
1161
1297
1392
1327
1351
1390
1446
1329
859
478
165
-39
-25
-64
-43
-13
112
277
268
258
329
120
-91
-353
-688
-979
-1263
-1506
-1684
-1739
-1631
-1588
-1736
-2066
-2147
-1738
-1166
-841
-999
-1010
-441
140
295
191
95
304
536
139
-15
254
283
544
675
579
608
485
-166
-737
-843
-562
-143
-59
-52
129
350
540
885
947
1057
1086
1027
1029
1114
1229
1344
1314
1357
1463
1606
1572
1276
734
329
134
105
19
-96
-191
-171
23
140
207
170
59
-115
-444
-716
-898
-1113
-1332
-1473
-1543
-1507
-1435
-1548
-1882
-2214
-2014
-1493
-1024
-794
-996
-789
-151
371
404
207
242
653
879
764
654
756
771
502
101
48
308
142
-477
-939
-864
-537
-151
-198
-198
87
331
722
973
969
1041
1019
984
1158
1240
1347
1444
1487
1589
1656
1640
1546
1166
713
360
106
-17
-185
-286
-327
-276
-188
-7
106
105
-132
-368
-582
-791
-1057
-1216
-1423
-1534
-1625
-1631
-1609
-1737
-2087
-2301
-1983
-1467
-1028
-1018
-1092
-657
7
311
292
213
347
740
855
728
668
850
856
539
298
390
442
66
-474
-662
-540
-183
-21
-208
-60
223
528
827
853
724
805
764
825
932
1091
1355
1386
1367
1438
1525
1580
1354
888
441
111
-19
-69
-186
-248
-230
-152
41
155
187
152
-75
-228
-471
-654
-926
-1261
-1420
-1439
-1427
-1378
-1416
-1643
-2057
-2260
-1892
-1362
-924
-940
-996
-511
199
464
372
263
463
705
719
516
461
625
542
205
-22
225
412
17
-608
-774
-608
-270
-126
-158
26
323
628
938
967
990
1126
976
1013
1184
1332
1435
1410
1464
1489
1494
1395
1189
909
736
442
214
-3
-256
-249
-198
-64
31
146
208
123
-156
-279
-427
-698
-1008
-1346
-1554
-1568
-1545
-1539
-1608
-1717
-1962
-2007
-1519
-1007
-694
-752
-702
-269
325
509
466
417
675
804
637
389
431
599
423
77
-30
188
328
29
-495
-577
-397
-132
-37
-96
167
375
527
712
765
863
1007
893
910
1014
1088
1177
1163
1254
1388
1452
1533
1404
1057
719
476
335
163
-96
-283
-239
-100
25
78
149
99
-106
-251
-479
-713
-1080
-1331
-1425
-1495
-1551
-1540
-1593
-1706
-1982
-2078
-1599
-943
-636
-801
-858
-377
266
426
305
352
600
752
626
479
587
823
618
204
114
386
487
44
-474
-503
-289
-53
-51
2
200
318
478
765
921
975
998
839
816
904
991
1018
1141
1276
1431
1430
1380
1154
778
391
-27
-186
-266
-385
-440
-309
-67
179
215
245
164
-38
-167
-413
-599
-846
-1086
-1201
-1201
-1196
-1222
-1333
-1637
-1997
-2063
-1605
-1101
-864
-932
-787
-133
500
648
428
363
649
757
553
381
505
653
488
122
61
330
394
-83
-551
-672
-509
-293
-326
-245
-8
195
454
693
789
913
1048
1055
1213
1237
1295
1261
1201
1159
1181
1218
1201
1019
649
363
173
59
-199
-457
-559
-470
-247
-28
105
176
140
22
-137
-400
-676
-969
-1258
-1425
-1520
-1552
-1510
-1545
-1654
-2031
-2125
-1668
-1100
-681
-684
-587
-25
439
498
336
380
629
828
748
589
656
786
613
254
118
350
306
-255
-706
-670
-485
-253
-235
-140
99
219
412
724
726
868
946
788
882
1031
1142
1287
1356
1373
1385
1333
1346
1035
657
350
141
-30
-292
-458
-456
-361
-49
122
255
342
208
-28
-256
-622
-844
-1105
-1352
-1440
-1546
-1582
-1503
-1546
-1593
-1951
-2018
-1598
-1098
-757
-806
-723
-122
468
588
468
437
665
729
637
450
520
583
408
126
135
406
445
4
-467
-513
-246
-62
-136
-170
35
234
406
632
720
887
1071
968
1000
1073
1175
1202
1110
1154
1173
1194
1184
919
558
156
-108
-123
-185
-251
-208
-194
-59
151
275
335
131
-89
-291
-466
-620
-842
-1138
-1201
-1270
-1260
-1262
-1444
-1637
-2001
-2078
-1621
-1087
-645
-701
-653
-52
515
622
411
288
480
654
646
463
517
627
501
307
212
379
420
-52
-616
-776
-678
-361
-315
-354
-75
169
462
811
853
979
1016
894
983
1041
1117
1236
1347
1340
1382
1293
1248
1083
715
356
11
-135
-333
-482
-518
-421
-132
79
185
215
138
74
-35
-366
-644
-976
-1233
-1312
-1429
-1474
-1397
-1395
-1439
-1755
-1907
-1512
-1067
-746
-806
-829
-205
472
683
508
455
647
831
777
564
472
578
461
193
116
305
364
-54
-555
-662
-535
-355
-284
-361
-87
135
304
646
702
757
807
668
682
774
883
985
1068
1163
1311
1291
1201
956
611
307
11
-104
-265
-392
-395
-349
-94
139
179
186
142
15
-40
-283
-512
-744
-950
-1071
-1211
-1311
-1319
-1392
-1535
-1847
-2069
-1744
-1148
-696
-563
-650
-324
272
511
404
361
426
693
784
630
506
571
445
136
48
117
355
155
-345
-586
-575
-362
-134
-256
-58
151
340
626
759
793
936
908
859
890
915
1048
1124
1204
1174
1130
1092
1060
729
347
-31
-177
-251
-343
-424
-337
-17
206
255
263
207
115
-2
-382
-707
-869
-1139
-1275
-1360
-1361
-1282
-1237
-1363
-1620
-1927
-1790
-1297
-942
-726
-737
-472
170
591
665
641
654
780
704
469
380
566
560
390
217
228
460
329
-187
-520
-539
-438
-291
-326
-116
109
252
483
651
735
941
873
791
853
859
950
987
1033
1077
1144
1182
1195
949
676
362
78
-87
-264
-301
-280
-138
61
186
282
220
97
21
-196
-473
-789
-1081
-1259
-1387
-1493
-1518
-1444
-1414
-1609
-1999
-1962
-1506
-1002
-769
-844
-608
36
501
510
377
388
540
586
498
345
473
553
393
148
206
449
381
-86
-519
-558
-392
-146
-191
-123
150
274
518
713
775
874
901
869
1025
1072
1149
1141
1063
1072
1142
1321
1303
951
493
183
80
24
-50
-204
-286
-199
29
128
243
254
98
-35
-228
-416
-593
-907
-1117
-1219
-1275
-1251
-1237
-1301
-1533
-1988
-1956
-1480
-1004
-837
-934
-767
-206
317
449
365
380
574
664
550
304
376
433
214
70
69
280
284
-124
-431
-496
-442
-331
-395
-336
-92
128
442
718
679
827
889
760
755
749
883
980
1010
1067
1163
1226
1241
992
658
401
202
21
-208
-299
-312
-160
-10
111
179
207
50
-51
-199
-443
-630
-853
-1034
-1172
-1347
-1386
-1329
-1352
-1476
-1722
-1936
-1595
-1151
-836
-729
-712
-214
366
530
416
327
439
646
711
515
439
497
367
184
117
147
255
-97
-591
-645
-545
-324
-306
-393
-234
2
228
557
701
702
735
673
745
876
920
973
1020
1155
1263
1245
1180
1028
676
364
132
35
-38
-254
-303
-226
63
238
282
290
180
61
-180
-557
-764
-944
-1070
-1094
-1142
-1228
-1168
-1248
-1398
-1734
-1984
-1696
-1238
-906
-878
-892
-443
297
618
532
343
436
602
643
413
244
352
297
158
66
167
379
113
-448
-618
-444
-267
-191
-366
-274
-70
146
345
451
502
657
597
656
816
962
1062
985
967
1071
1253
1386
1268
867
572
285
90
9
-137
-219
-196
-24
98
109
260
293
153
-9
-319
-495
-724
-980
-1156
-1251
-1284
-1274
-1266
-1346
-1541
-1938
-1830
-1382
-969
-736
-785
-618
-3
424
415
214
219
475
646
623
473
411
371
177
46
52
301
156
-406
-831
-707
-462
-149
-228
-231
-107
24
371
608
659
681
648
713
899
1026
1116
1129
1235
1225
1267
1235
1168
835
416
86
-32
2
-107
-263
-258
-41
198
278
359
399
251
128
-78
-376
-612
-864
-976
-959
-970
-1100
-1210
-1360
-1506
-1789
-1856
-1516
-1108
-839
-796
-647
-108
469
603
500
400
544
662
596
293
224
329
236
99
89
342
428
-81
-610
-765
-631
-392
-350
-430
-287
-29
278
619
800
872
915
839
905
971
1015
1098
1053
1120
1164
1227
1308
1167
918
567
243
106
-71
-253
-325
-209
55
167
215
247
250
240
147
-134
-494
-765
-962
-1026
-1059
-1155
-1201
-1323
-1437
-1741
-1931
-1573
-1074
-741
-719
-702
-275
263
485
429
315
418
644
661
434
362
454
376
195
79
177
245
-83
-697
-950
-840
-563
-334
-441
-284
-8
195
431
566
635
680
597
586
670
747
920
974
1203
1391
1519
1438
1228
836
460
84
-45
-37
-143
-223
-164
2
277
297
298
337
240
91
-209
-455
-624
-811
-941
-1017
-1026
-1000
-1059
-1308
-1612
-1918
-1773
-1290
-901
-816
-905
-630
79
508
437
166
182
420
538
424
219
291
340
187
42
114
341
250
-298
-654
-656
-556
-368
-403
-256
0
153
329
522
527
672
777
797
850
952
986
1070
1080
1129
1252
1307
1304
1022
736
448
201
99
-103
-231
-299
-189
28
92
178
259
232
229
76
-90
-281
-634
-934
-1012
-1109
-1126
-1089
-1211
-1450
-1715
-1866
-1464
-923
-614
-663
-678
-256
378
522
351
308
441
673
709
463
400
457
341
160
61
160
272
-128
-660
-799
-719
-482
-410
-480
-263
-29
204
543
694
744
800
727
856
925
953
981
1119
1297
1413
1361
1278
1150
807
387
106
-4
-141
-295
-333
-211
73
233
262
339
246
175
-2
-307
-493
-681
-909
-1044
-1120
-1152
-1115
-1182
-1384
-1637
-1947
-1811
-1348
-853
-675
-735
-521
54
584
617
469
468
604
641
455
236
309
363
287
133
156
306
147
-363
-667
-664
-429
-260
-465
-454
-148
149
429
598
634
685
687
715
753
817
884
910
914
970
1197
1280
1271
1015
686
419
266
147
-120
-309
-292
-76
185
175
217
289
347
248
25
-234
-471
-835
-1174
-1317
-1362
-1248
-1137
-1185
-1434
-1762
-1830
-1332
-816
-540
-666
-728
-240
336
517
330
193
306
563
552
378
349
443
286
95
6
124
139
-219
-649
-672
-440
-212
-168
-188
7
193
396
594
645
723
775
706
809
886
999
1075
1134
1215
1293
1242
1177
972
627
299
108
100
-45
-315
-439
-235
51
315
370
379
257
45
-200
-448
-692
-832
-971
-1089
-1119
-1127
-1075
-1142
-1319
-1628
-1978
-1876
-1394
-905
-758
-785
-406
328
736
623
387
412
550
599
351
157
281
264
91
7
174
426
252
-310
-631
-624
-383
-262
-357
-264
-61
149
446
713
759
872
870
909
957
923
949
945
947
966
1055
1189
1130
918
644
458
311
193
-65
-245
-232
-23
173
218
227
224
200
37
-181
-741
-906
-437
-577
-1057
-1167
-1184
-1205
-1330
-1569
-1869
-1912
-1470
-987
-746
-738
-623
-111
497
617
359
222
404
654
633
369
349
473
428
232
81
160
155
-249
-775
-866
-568
-201
-238
-335
-127
184
567
793
841
831
797
718
822
876
899
871
988
1081
1205
1241
1243
1051
751
427
247
203
58
-198
-279
-179
30
235
303
360
266
154
-40
-362
-601
-787
-932
-1085
-1098
-1117
-1045
-1188
-1443
-1727
-1926
-1672
-1175
-856
-772
-758
-347
264
580
453
278
343
552
623
397
259
399
367
226
78
167
412
190
-428
-654
-564
-308
-239
-324
-248
34
279
591
752
736
791
716
729
804
870
1000
968
945
1015
1201
1299
1269
955
652
318
106
72
-23
-156
-176
-38
150
206
238
262
150
29
-210
-484
-670
-855
-977
-1071
-1182
-1192
-1210
-1426
-1707
-2015
-1967
-1432
-976
-735
-724
-616
-77
464
528
335
209
338
537
536
300
392
525
439
230
96
220
236
-253
-635
-626
-414
-183
-213
-269
-4
245
477
625
644
666
718
627
779
942
978
1022
1115
1225
1347
1414
1410
1196
803
430
205
106
-90
-349
-427
-327
19
204
267
318
264
161
-78
-373
-524
-656
-896
-1069
-1117
-1042
-1016
-1122
-1396
-1688
-1945
-1727
-1230
-891
-854
-871
-431
187
476
404
293
380
549
607
433
315
396
377
217
107
210
431
204
-293
-530
-470
-202
-190
-275
-116
98
292
476
526
618
720
674
702
778
857
941
981
1028
1078
1163
1243
1139
907
547
294
174
90
-88
-195
-214
-44
83
81
137
271
227
15
-261
-446
-514
-668
-856
-941
-1971
-1497
-984
-731
-792
-647
-92
441
437
252
159
324
-1069
-1124
-1150
-1355
-1640
-1952
542
470
216
288
392
276
120
106
400
413
-155
-626
-572
-291
-82
-187
-241
8
241
474
591
594
627
653
597
730
869
960
1073
1181
1215
1278
1375
1414
1216
773
317
121
38
-111
-195
-207
-116
49
182
278
343
297
115
-213
-498
-638
-770
-994
-1081
-1126
-1144
-1094
-1118
-1336
-1689
-1899
-1623
-1148
-812
-806
-819
-401
227
423
195
27
177
427
481
311
261
382
350
167
70
300
468
101
-442
-634
-421
-159
-148
-332
-192
18
270
460
537
619
739
636
604
772
943
1025
907
960
1023
1162
1237
1140
848
575
358
277
124
-69
-186
-136
16
146
117
112
147
132
50
-193
-462
-649
-782
-938
-1065
-1128
-1175
-1296
-1491
-1723
-1986
-2010
-1488
-944
-770
-822
-686
-120
374
339
88
-22
235
566
539
286
348
491
446
310
305
528
424
-176
-665
-685
-432
-204
-212
-236
-38
197
456
640
617
618
645
491
559
660
834
959
1072
1139
1310
1470
1458
1229
854
544
375
264
54
-103
-153
-55
151
189
273
369
365
252
3
-310
-562
-782
-974
-1074
-1157
-1210
-1130
-1183
-1370
-1597
-1790
-1548
-1034
-720
-743
-880
-630
-40
334
290
141
232
466
614
393
267
384
306
114
-36
86
323
64
-487
-698
-509
-233
-75
-241
-249
-88
100
375
502
478
521
494
579
805
956
1038
1028
1021
1086
1235
1244
1140
867
549
253
153
152
85
14
0
155
314
294
256
297
261
153
-175
-508
-708
-883
-1099
-1129
-1158
-1167
-1222
-1414
-1583
-1816
-1864
-1525
-1108
-854
-847
-748
-221
386
483
236
173
358
584
602
313
309
452
430
238
92
321
420
-59
-564
-612
-421
-248
-291
-353
-170
20
256
533
579
609
626
558
609
775
878
893
943
1070
1209
1216
1134
979
839
638
379
185
-8
-87
-118
-121
63
207
216
252
291
171
-21
-207
-416
-624
-814
-950
-1041
-1134
-1133
-1200
-1401
-1574
-1784
-1733
-1362
-930
-712
-793
-631
-45
434
480
272
279
478
652
501
328
465
450
291
92
111
312
146
-408
-706
-620
-269
-149
-389
-416
-162
66
360
558
613
682
647
609
769
882
1005
1040
997
1038
1121
1195
1160
920
607
334
200
45
-121
-173
-108
-7
135
161
167
290
330
275
-5
-312
-534
-718
-773
-852
-992
-1075
-1142
-1284
-1456
-1727
-1937
-1533
-1069
-749
-767
-723
-237
408
624
397
190
337
613
565
271
247
453
496
283
102
286
413
-47
-661
-833
-657
-378
-390
-484
-341
-31
217
458
545
559
670
536
641
821
948
996
1038
1103
1267
1346
1271
1132
776
506
281
117
-65
-258
-339
-313
-68
204
274
294
288
221
10
-242
-459
-601
-811
-969
-1051
-1048
-1034
-1089
-1272
-1501
-1795
-1737
-1347
-1005
-818
-890
-692
-2
488
526
240
178
412
658
574
380
471
418
249
110
61
313
251
-296
-678
-717
-425
-209
-398
-435
-224
13
153
375
493
646
631
557
706
849
997
984
915
953
1144
1277
1249
979
650
447
218
-45
-243
-273
-124
68
149
147
180
353
190
154
-41
-300
-497
-692
-909
-1033
-1018
-1071
-1153
-1226
-1367
-1613
-1872
-1678
-1199
-789
-704
-816
-580
81
421
339
153
229
508
710
509
342
517
552
470
263
224
370
115
-360
-665
-590
-347
-229
-366
-400
-176
68
339
512
517
586
548
561
680
839
907
932
1037
1115
1206
1135
1044
815
456
177
101
50
-91
-220
-210
-23
218
265
207
184
215
105
-121
-328
-538
-744
-914
-920
-893
-874
-905
-1143
-1460
-1746
-1960
-1677
-1248
-931
-878
-851
-338
444
700
406
211
293
562
619
318
273
430
455
303
209
354
572
253
-355
-641
-529
-271
-282
-421
-362
-119
189
429
597
673
789
660
608
784
837
874
863
942
1178
1391
1426
1325
1035
715
466
272
23
-211
-339
-272
-57
141
160
161
216
237
115
-166
-384
-608
-808
-904
-953
-1068
-1032
-1088
-1222
-1379
-1624
-1644
-1319
-870
-715
-895
-936
-353
269
424
265
200
437
661
593
286
292
492
461
292
158
251
340
16
-431
-471
-305
-141
-259
-369
-152
37
193
375
485
610
628
563
749
937
1058
1101
1103
1174
1213
1189
1188
1038
772
493
277
216
127
-16
-115
-71
216
331
324
226
213
150
-20
-248
-429
-584
-693
-772
-822
-807
-817
-940
-1165
-1505
-1910
-1936
-1479
-1007
-803
-877
-659
-3
638
662
402
336
502
633
486
305
429
556
447
353
435
682
606
38
-473
-505
-307
-178
-339
-429
-277
-81
187
540
694
770
774
587
647
789
845
815
854
985
1131
1324
1348
1165
846
560
415
242
12
-259
-366
-243
-10
127
204
291
300
220
63
-177
-459
-790
-1060
-1106
-1067
-1024
-1069
-1188
-1362
-1573
-1867
-1811
-1411
-986
-846
-891
-728
-87
371
359
147
182
537
790
645
393
469
526
377
194
174
363
244
-280
-555
-547
-361
-271
-418
-381
-64
156
323
488
542
661
656
598
805
894
892
845
887
1024
1230
1197
1133
982
683
396
227
169
27
-137
-138
-24
185
285
270
281
263
182
3
-246
-431
-568
-740
-900
-1004
-1048
-1044
-1117
-1345
-1669
-1954
-1894
-1401
-949
-758
-801
-540
164
679
582
332
292
500
619
372
223
399
489
426
316
303
487
277
-298
-628
-621
-447
-404
-503
-451
-191
21
272
539
635
717
676
641
794
951
963
880
898
1057
1334
1446
1417
1245
928
552
317
180
53
-89
-131
41
251
313
339
362
364
297
71
-230
-448
-689
-889
-1025
-1058
-1090
-1108
-1135
-1337
-1641
-1925
-1809
-1335
-945
-781
-746
-477
131
537
454
229
333
582
716
563
500
615
601
451
300
339
409
119
-418
-657
-608
-401
-366
-453
-352
-96
46
214
395
471
581
540
566
807
1023
1114
1051
1080
1103
1163
1151
1110
878
636
424
295
218
29
-139
-118
80
282
344
348
355
291
171
-30
-201
-279
-412
-580
-694
-812
-945
-1020
-1181
-1401
-1711
-2015
-1863
-1385
-977
-879
-901
-517
180
616
617
328
279
574
769
630
537
571
581
493
401
471
629
409
-243
-631
-630
-468
-435
-538
-544
-333
10
397
663
727
689
647
672
878
1000
941
895
958
1160
1408
1468
1389
1153
899
613
420
201
-52
-229
-201
-50
130
235
246
290
305
237
61
-210
-503
-710
-864
-948
-1045
-1065
-1070
-1173
-1398
-1611
-1745
-1530
-1111
-764
-729
-770
-383
228
483
353
179
335
609
726
509
459
592
537
308
101
244
388
90
-416
-625
-572
-376
-313
-343
-256
-48
141
341
477
499
497
418
588
799
888
907
884
955
1158
1315
1366
1303
1021
728
489
393
267
92
-82
-139
37
266
319
332
316
241
98
-127
-320
-426
-622
-836
-927
-997
-1010
-1026
-1166
-1450
-1835
-2078
-1895
-1316
-841
-771
-845
-560
113
479
397
243
353
560
637
390
346
518
567
381
213
340
463
137
-428
-707
-680
-558
-476
-578
-508
-245
27
312
527
591
599
482
467
664
839
909
880
881
1105
1363
1429
1306
999
713
491
297
64
-211
-373
-320
-121
67
128
168
215
205
95
-129
-361
-565
-778
-937
-999
-1028
-1079
-1099
-1202
-1418
-1775
-1941
-1694
-1183
-863
-876
-906
-570
28
434
389
278
369
596
752
589
462
501
451
242
76
124
205
-141
-662
-890
-702
-474
-362
-506
-490
-286
-43
254
419
473
506
432
516
716
885
922
877
952
1073
1201
1264
1113
833
550
358
347
222
-9
-172
-197
7
169
225
258
233
190
101
-100
-283
-488
-706
-859
-953
-960
-969
-1081
-1221
-1496
-1835
-2119
-1950
-1499
-1067
-890
-801
-448
216
583
522
341
334
537
649
485
363
408
431
359
212
245
374
92
-503
-875
-853
-638
-567
-670
-605
-400
-120
207
465
517
574
585
584
736
852
881
854
851
1077
1388
1529
1466
1156
803
603
489
301
54
-247
-337
-127
54
168
267
308
294
173
-5
-163
-385
-695
-891
-992
-1036
-1115
-1237
-1337
-1499
-1739
-1933
-1811
-1384
-949
-848
-874
-597
-19
435
441
211
251
519
711
570
403
465
475
312
43
25
136
-61
-524
-829
-761
-580
-502
-562
-487
-270
-30
180
304
354
455
439
521
770
962
1080
1071
1099
1174
1279
1316
1277
1034
728
466
360
215
-12
-201
-219
-68
87
179
185
218
256
141
-33
-198
-352
-531
-757
-893
-980
-1023
-1116
-1270
-1491
-1847
-2190
-2099
-1560
-1009
-859
-847
-581
83
567
551
314
339
567
717
541
333
347
462
447
297
266
421
251
-329
-786
-873
-676
-506
-566
-533
-373
-146
123
374
509
598
627
577
667
842
945
971
985
1113
1274
1427
1411
1197
953
723
525
283
-21
-239
-270
-128
33
133
255
400
421
270
62
-149
-381
-715
-929
-1052
-1168
-1181
-1202
-1249
-1381
-1697
-1965
-1798
-1329
-912
-787
-839
-569
41
536
577
386
356
522
665
663
587
579
543
396
153
115
248
94
-350
-693
-726
-493
-323
-370
-348
-277
-18
336
502
538
533
469
543
804
1062
1158
1068
1039
1172
1344
1423
1374
1104
782
519
374
237
45
-157
-240
-23
212
323
369
311
283
215
-47
-256
-442
-614
-817
-952
-1012
-1070
-1106
-1218
-1454
-1790
-2046
-1816
-1275
-802
-713
-743
-466
161
565
548
375
377
583
794
636
471
513
544
370
165
230
415
194
-367
-694
-671
-505
-414
-533
-519
-356
-64
261
555
671
721
636
652
828
983
1009
939
953
1166
1471
1589
1425
1021
748
613
543
350
118
-87
-126
28
183
270
378
348
313
269
147
-57
-324
-645
-844
-934
-1053
-1153
-1217
-1312
-1495
-1759
-1962
-1727
-1271
-831
-720
-709
-419
147
507
480
341
434
631
792
646
503
548
542
422
206
179
266
23
-465
-750
-713
-507
-375
-458
-422
-329
-137
154
384
467
528
498
528
723
956
1124
1089
1126
1251
1414
1485
1379
1121
856
572
405
243
12
-129
-159
-23
123
206
283
260
250
234
104
-113
-324
-564
-803
-952
-1066
-1178
-1214
-1325
-1542
-1848
-2138
-1986
-1480
-987
-821
-782
-467
203
623
652
440
446
626
731
514
381
447
432
305
136
181
366
128
-418
-781
-789
-578
-448
-553
-516
-239
-2
220
487
612
695
621
634
856
1006
1032
954
975
1185
1414
1483
1387
1162
908
641
426
241
30
-212
-271
-72
102
227
322
336
324
252
51
-182
-391
-663
-915
-1147
-1247
-1302
-1336
-1413
-1593
-1875
-2068
-1887
-1401
-931
-817
-837
-495
165
551
499
333
388
636
770
581
401
447
442
313
133
138
282
51
-457
-740
-747
-527
-389
-497
-392
-224
-9
239
469
509
537
511
583
772
956
1069
1100
1159
1310
1481
1538
1449
1198
856
597
360
195
-61
-286
-273
-41
183
325
389
389
417
282
37
-133
-357
-619
-888
-1080
-1100
-1075
-1136
-1293
-1520
-1842
-2070
-1944
-1461
-1010
-845
-833
-514
185
650
633
415
394
626
722
528
323
377
441
373
207
183
364
188
-312
-682
-731
-540
-513
-599
-611
-480
-260
76
354
460
552
603
719
939
1108
1165
1065
999
1143
1342
1435
1355
1088
803
597
442
257
18
-142
-134
20
180
230
228
265
351
291
81
-155
-393
-675
-854
-1041
-1185
-1248
-1320
-1475
-1680
-1931
-2166
-2053
-1447
-836
-652
-754
-608
43
532
533
310
304
491
674
521
285
319
392
339
166
87
231
40
-447
-829
-868
-696
-543
-620
-612
-465
-223
75
364
507
632
636
636
788
946
1067
1051
1052
1130
1232
1356
1415
1245
900
603
448
322
130
-92
-141
-50
110
191
252
371
383
243
21
-238
-350
-538
-787
-1001
-1172
-1256
-1290
-1439
-1603
-1772
-2037
-2013
-1573
-1081
-868
-867
-696
-85
405
487
308
212
367
567
463
308
320
375
281
89
27
173
63
-429
-805
-868
-686
-555
-617
-583
-411
-226
84
466
584
669
699
721
934
1079
1128
1098
1092
1162
1286
1380
1368
1161
872
628
435
255
61
-134
-262
-133
77
209
301
343
402
359
149
-121
-280
-525
-864
-1120
-1243
-1275
-1269
-1279
-1454
-1732
-2081
-2174
-1769
-1221
-886
-878
-782
-207
454
669
492
371
458
664
616
450
496
518
472
261
74
187
176
-272
-737
-913
-734
-489
-543
-599
-471
-208
111
409
539
642
694
721
916
1065
1144
1267
1272
1265
1409
1482
1431
1235
948
686
464
243
74
-75
-139
-89
51
113
222
323
379
363
207
-4
-143
-440
-792
-968
-1122
-1209
-1192
-1262
-1376
-1563
-1886
-2036
-1749
-1294
-917
-923
-913
-406
362
715
598
405
547
844
857
583
455
424
346
230
44
185
295
-93
-599
-792
-702
-485
-533
-709
-577
-370
-43
300
505
606
749
800
943
1073
1137
1130
1040
1110
1269
1423
1471
1378
1062
739
525
351
125
-107
-234
-142
70
200
284
335
338
348
231
12
-173
-397
-682
-915
-1074
-1127
-1175
-1249
-1390
-1625
-1911
-2093
-1865
-1299
-888
-748
-805
-479
235
650
616
386
353
596
787
636
480
446
424
292
121
172
394
153
-420
-746
-777
-549
-412
-514
-480
-320
-29
339
596
647
783
800
872
1052
1124
1147
1137
1173
1307
1473
1496
1446
1180
814
568
453
263
-21
-212
-174
66
270
296
350
434
491
404
128
-135
-264
-485
-788
-979
-1111
-1136
-1280
-1403
-1602
-1837
-2083
-1988
-1475
-1050
-795
-860
-697
-55
458
529
435
457
723
973
863
639
569
460
351
168
55
214
105
-335
-737
-786
-637
-478
-540
-590
-427
-225
97
423
530
641
713
744
1043
1158
1187
1141
1112
1220
1402
1459
1410
1240
943
718
527
348
121
-102
-180
-67
83
210
280
363
370
381
272
63
-160
-398
-633
-769
-889
-1039
-1151
-1343
-1561
-1774
-1945
-2089
-1741
-1241
-858
-820
-889
-465
252
655
638
442
470
669
694
457
393
459
444
407
238
384
414
4
-541
-796
-715
-523
-577
-724
-586
-261
86
398
617
683
864
791
856
983
1072
1134
1142
1259
1390
1448
1370
1224
847
571
365
216
121
-55
-218
-135
56
229
307
360
458
454
291
78
-89
-352
-644
-831
-959
-1112
-1159
-1311
-1483
-1695
-1944
-2196
-2021
-1545
-1055
-771
-708
-444
224
618
642
503
370
491
667
518
368
450
462
366
126
140
397
157
-427
-782
-803
-633
-460
-502
-386
-207
-19
262
503
498
684
703
735
954
1039
1091
1077
1189
1378
1492
1545
1468
1138
781
497
330
194
100
-48
-121
-18
176
253
332
403
286
206
4
-216
-412
-723
-959
-1167
-1279
-1360
-1364
-1422
-1515
-1656
-1916
-1968
-1643
-1154
-846
-838
-653
-81
418
509
414
439
587
787
615
339
450
460
306
129
57
235
116
-356
-767
-826
-581
-358
-457
-647
-466
-212
135
484
622
794
824
725
889
1040
1064
1073
1091
1195
1278
1350
1384
1370
1181
868
553
289
22
-151
-161
-66
-7
55
206
295
329
367
252
-19
-229
-512
-848
-1050
-1209
-1243
-1213
-1362
-1551
-1700
-1933
-2148
-1893
-1377
-956
-773
-837
-513
141
577
602
450
357
569
766
649
445
385
344
244
19
126
351
118
-423
-863
-889
-673
-487
-519
-520
-383
-135
183
433
537
739
790
876
1105
1164
1173
1157
1160
1253
1345
1321
1251
1028
785
524
341
269
107
-104
-110
43
309
425
407
381
316
231
77
-71
-396
-760
-1049
-1238
-1320
-1308
-1287
-1398
-1615
-1923
-2172
-2173
-1691
-1218
-897
-837
-736
-228
493
768
624
355
344
588
572
358
309
350
345
196
23
163
139
-144
-543
-791
-712
-575
-552
-540
-395
-134
210
568
777
814
999
971
1018
1104
1148
1112
1034
1126
1231
1262
1274
1173
884
697
519
444
321
30
-221
-240
-4
217
326
383
392
312
189
-30
-181
-437
-756
-1065
-1140
-1171
-1222
-1410
-1643
-1848
-1998
-2160
-2116
-1670
-1180
-808
-731
-577
25
555
633
492
414
639
840
682
410
347
390
354
160
100
206
68
-361
-708
-788
-624
-466
-498
-561
-298
18
325
646
762
915
1003
988
1159
1214
1165
1043
1074
1204
1337
1334
1377
1216
1033
783
552
379
133
-108
-186
-25
163
259
330
396
422
378
168
-130
-345
-595
-847
-1023
-1181
-1254
-1332
-1480
-1565
-1622
-1759
-2038
-1931
-1573
-1218
-1059
-1080
-653
129
641
691
556
526
693
790
579
384
341
339
211
-11
-16
131
50
-297
-655
-677
-519
-459
-594
-627
-362
22
450
723
737
811
862
942
1154
1165
1114
1071
1008
1123
1342
1378
1353
1062
784
547
420
266
18
-172
-127
21
201
271
360
459
396
304
67
-163
-396
-728
-907
-1055
-1187
-1265
-1327
-1467
-1519
-1586
-1861
-2194
-2041
-1592
-1195
-955
-900
-434
276
763
824
590
582
890
937
477
202
263
370
347
205
275
373
69
-545
-979
-923
-688
-532
-593
-515
-249
147
549
735
858
1069
1075
1100
1232
1237
1340
1251
1106
1220
1398
1462
1271
922
648
468
260
-2
-264
-333
-181
88
297
375
471
528
472
258
52
-95
-330
-769
-1077
-1280
-1402
-1446
-1474
-1518
-1657
-1911
-2175
-2358
-2049
-1506
-1078
-882
-757
-243
494
821
597
372
481
775
759
497
296
255
249
96
-53
90
123
-142
-651
-836
-663
-419
-401
-511
-290
127
451
775
884
850
1002
1045
1148
1242
1203
1136
1030
1072
1223
1280
1223
1047
765
516
294
208
208
98
-62
-202
-144
114
285
369
343
309
197
-16
-192
-411
-715
-996
-1220
-1368
-1373
-1417
-1462
-1651
-1839
-2067
-2198
-1860
-1342
-834
-694
-619
-130
491
754
650
531
625
788
647
325
196
348
372
226
55
173
223
-139
-600
-775
-705
-562
-568
-570
-236
216
571
839
928
1018
1152
1052
1101
1192
1176
1171
990
960
1154
1339
1370
1276
1006
794
504
322
215
-16
-165
-73
106
221
346
533
468
320
158
-19
-187
-497
-839
-1144
-1277
-1297
-1337
-1390
-1448
-1703
-1943
-2185
-2260
-1898
-1421
-882
-732
-642
-107
520
768
613
344
499
754
770
462
296
343
412
189
-24
111
154
-134
-618
-727
-670
-509
-454
-546
-333
88
316
579
720
897
1105
1111
1205
1273
1290
1215
1129
1131
1293
1411
1416
1205
821
544
412
337
251
34
-128
-117
20
231
364
397
327
305
205
-38
-159
-401
-807
-1120
-1223
-1256
-1189
-1241
-1389
-1729
-2085
-2339
-2371
-1992
-1457
-980
-907
-809
-266
471
739
614
428
468
689
580
194
49
237
396
318
214
329
364
17
-481
-685
-648
-547
-599
-644
-359
78
352
620
764
916
1110
1101
1133
1139
1209
1228
1152
1119
1215
1351
1450
1342
1014
785
619
523
277
-81
-257
-253
-116
-1
145
229
178
204
159
60
-74
-314
-763
-1125
-1278
-1336
-1385
-1475
-1530
-1612
-1695
-1915
-2130
-1860
-1375
-967
-784
-747
-256
532
896
758
355
282
647
755
475
250
386
443
252
11
59
221
-14
-475
-821
-699
-458
-353
-403
-289
-51
220
598
781
923
1137
1021
974
991
1081
1214
1212
1208
1361
1396
1307
1150
833
670
569
539
384
78
-91
24
247
343
296
263
282
267
208
79
-48
-309
-620
-865
-1034
-1099
-1098
-1258
-1500
-1708
-1850
-1997
-2194
-1900
-1413
-1018
-831
-754
-362
386
750
612
374
369
660
765
433
179
258
383
332
72
45
233
169
-351
-700
-769
-607
-453
-516
-387
-100
165
563
801
937
1186
1182
1064
1073
1139
1212
1178
1089
1174
1349
1498
1509
1162
847
722
559
280
-23
-266
-193
38
154
97
124
320
387
313
211
90
-211
-753
-1144
-1281
-1323
-1262
-1337
-1469
-1586
-1707
-1803
-2028
-1879
-1469
-1036
-782
-690
-436
266
779
782
509
393
599
816
663
316
319
494
369
98
-7
184
223
-240
-671
-655
-474
-396
-510
-463
-87
305
571
726
753
966
1086
1088
1177
1164
1133
1191
1092
1212
1409
1404
1342
1004
708
638
551
377
91
-126
-82
10
70
124
169
286
327
250
149
2
-162
-379
-695
-932
-1164
-1262
-1395
-1474
-1437
-1594
-1754
-2068
-2185
-1733
-1166
-738
-638
-514
-22
560
700
485
281
424
711
598
288
135
313
430
245
111
238
279
-76
-622
-845
-618
-362
-358
-436
-199
233
603
902
968
1139
1204
1066
1024
1170
1231
1182
995
917
1067
1250
1471
1328
1013
840
648
529
288
-81
-133
-33
122
139
148
290
328
294
270
212
30
-309
-763
-1042
-1113
-1101
-1182
-1373
-1542
-1644
-1793
-2016
-2225
-1913
-1386
-910
-708
-678
-288
417
794
692
287
309
623
726
521
293
301
442
272
-111
-142
97
45
-407
-733
-581
-319
-175
-327
-263
-13
270
610
869
924
1080
1045
988
1135
1227
1349
1261
1054
1085
1189
1246
1148
817
602
458
292
194
-27
-130
-123
25
181
148
171
232
204
87
-94
-222
-328
-584
-916
-1133
-1219
-1227
-1319
-1493
-1611
-1799
-1949
-2169
-2206
-1829
-1345
-874
-679
-515
23
588
662
416
242
430
614
548
195
34
236
343
183
19
137
247
-63
-593
-756
-642
-414
-383
-466
-206
105
399
717
869
1043
1077
890
909
996
1079
1057
906
856
1030
1180
1263
1094
819
628
534
498
259
0
-136
-135
-11
4
46
275
422
410
282
80
-63
-366
-735
-944
-1177
-1322
-1388
-1436
-1500
-1552
-1701
-1881
-2187
-2064
-1573
-1096
-794
-791
-537
142
598
584
420
389
521
600
365
44
92
314
269
124
120
192
48
-438
-707
-683
-497
-323
-465
-443
-119
72
343
607
791
1018
983
890
1018
1073
1188
1165
994
988
1142
1256
1270
991
702
561
443
329
74
-135
-168
-118
33
65
147
255
235
180
98
-39
-154
-495
-819
-1089
-1263
-1333
-1413
-1470
-1502
-1588
-1789
-2074
-2327
-2041
-1525
-994
-770
-729
-406
224
577
516
332
442
720
785
505
213
319
459
344
187
147
302
150
-407
-719
-757
-601
-484
-526
-353
-88
192
511
732
943
1172
1151
1087
1148
1154
1106
964
932
988
1139
1272
1230
929
684
512
426
202
-147
-371
-284
-102
19
59
310
441
368
216
2
-88
-224
-572
-906
-1180
-1422
-1469
-1532
-1517
-1551
-1690
-1886
-2113
-2312
-2019
-1441
-908
-726
-719
-344
331
705
677
400
350
565
702
481
266
396
420
254
17
37
288
72
-476
-687
-673
-497
-413
-526
-305
40
298
659
889
1010
1197
1127
1055
1105
1135
1073
887
701
753
984
1182
1118
869
659
538
537
385
156
-29
-149
-88
79
120
329
418
346
203
72
24
-139
-553
-894
-1093
-1225
-1258
-1374
-1423
-1454
-1558
-1682
-1935
-2111
-1872
-1405
-866
-685
-713
-402
357
799
739
424
333
573
753
509
204
288
354
198
57
138
340
197
-330
-654
-636
-474
-338
-437
-313
-60
274
594
855
1038
1186
1075
958
984
1023
1018
815
675
760
1009
1207
1270
1085
858
693
588
370
24
-259
-300
-132
12
80
187
278
239
178
61
-39
-239
-646
-972
-1127
-1210
-1169
-1126
-1172
-1263
-1521
-1629
-1846
-2051
-1892
-1443
-945
-704
-680
-316
338
794
791
537
420
557
654
450
244
348
468
385
130
147
444
288
-331
-653
-652
-336
-150
-290
-282
39
354
654
852
951
1171
1150
1107
1163
1080
979
850
724
778
1012
1174
1229
1044
846
732
625
434
95
-165
-196
-127
-9
43
173
262
307
358
252
104
-76
-472
-806
-1049
-1226
-1283
-1326
-1391
-1466
-1614
-1738
-1873
-2174
-2050
-1608
-1092
-805
-745
-433
318
873
870
513
395
637
719
416
121
220
338
340
163
174
440
359
-253
-671
-693
-526
-424
-499
-351
-28
278
605
864
979
1071
993
883
906
980
1041
877
743
785
946
1173
1247
993
775
621
554
431
150
-72
-129
-26
96
88
191
298
302
285
197
62
-133
-525
-849
-1029
-1165
-1286
-1377
-1445
-1451
-1526
-1618
-1760
-2059
-2095
-1766
-1230
-888
-831
-531
226
797
803
477
368
597
787
533
89
50
305
376
166
31
274
449
59
-366
-455
-322
-209
-395
-418
-99
227
560
882
1034
1148
1101
947
995
1059
1041
883
668
606
763
943
1041
927
694
515
473
433
210
-57
-222
-179
1
47
136
289
287
220
102
-1
-113
-385
-643
-875
-1059
-1182
-1236
-1306
-1416
-1579
-1759
-1842
-2116
-2329
-1953
-1292
-803
-700
-604
-66
656
898
640
457
561
751
644
195
162
404
480
310
106
192
326
3
-482
-560
-395
-249
-345
-510
-350
27
319
654
814
927
1072
912
906
965
1031
997
800
665
700
880
1058
998
741
537
454
380
202
-4
-116
-172
-102
-39
88
269
295
271
171
23
-74
-298
-642
-936
-1155
-1261
-1291
-1340
-1421
-1503
-1641
-1670
-1838
-2127
-1964
-1486
-956
-702
-675
-266
494
932
807
556
586
770
857
497
167
276
387
283
108
231
583
424
-177
-468
-461
-305
-328
-510
-380
-43
266
650
887
986
1024
899
800
866
898
859
685
599
646
765
962
951
762
583
424
369
241
-71
-381
-389
-165
73
47
86
170
263
244
8
-121
-245
-511
-831
-1093
-1238
-1238
-1258
-1340
-1483
-1649
-1775
-1911
-2177
-2116
-1592
-994
-711
-669
-410
348
918
874
588
561
758
920
661
291
402
602
571
308
263
540
545
-26
-514
-491
-237
-142
-392
-429
-134
173
472
762
923
1028
904
744
758
804
840
735
634
572
734
983
1111
950
642
479
399
273
23
-219
-334
-291
-127
-19
73
178
174
131
64
-33
-184
-511
-880
-1140
-1267
-1277
-1295
-1453
-1513
-1582
-1636
-1681
-1943
-2162
-1829
-1244
-676
-502
-494
-65
638
873
687
547
695
1008
943
479
307
559
667
534
339
547
753
439
-119
-412
-350
-207
-302
-458
-251
-20
229
575
806
937
988
850
769
838
954
919
772
657
655
818
974
979
800
584
434
388
240
-43
-231
-242
-44
27
28
139
184
207
129
-39
-123
-286
-644
-956
-1112
-1170
-1217
-1260
-1331
-1443
-1558
-1711
-1929
-2159
-2028
-1527
-1059
-773
-714
-383
380
936
908
656
548
735
953
709
375
455
557
502
391
384
653
654
109
-377
-474
-291
-213
-402
-389
-89
186
445
755
897
1022
993
865
878
927
951
856
737
724
909
1100
1181
1038
766
489
428
352
136
-133
-336
-326
-192
-53
115
254
259
209
79
-63
-149
-413
-750
-1018
-1163
-1199
-1240
-1294
-1388
-1441
-1598
-1667
-1959
-2163
-1840
-1332
-887
-727
-596
-51
739
925
738
632
858
1071
915
421
280
552
626
449
258
414
641
289
-298
-535
-466
-311
-341
-484
-232
111
345
682
854
865
967
899
907
1001
985
948
772
742
790
991
1118
1058
787
549
489
490
316
2
-247
-302
-198
-131
-51
170
238
242
144
70
13
-192
-615
-878
-1100
-1218
-1231
-1235
-1268
-1366
-1386
-1491
-1695
-2013
-2073
-1577
-963
-587
-534
-372
341
997
1037
778
707
910
1074
800
379
491
738
702
420
259
524
540
65
-384
-470
-290
-254
-467
-508
-283
-68
241
537
699
866
975
851
886
887
806
774
673
636
742
904
1034
943
696
466
377
379
146
-186
-388
-357
-160
-70
45
217
320
249
130
34
-59
-345
-683
-887
-973
-1011
-1070
-1149
-1261
-1372
-1449
-1531
-1715
-1991
-1910
-1401
-861
-540
-540
-149
613
1066
915
642
660
956
1041
637
255
432
634
614
382
349
561
421
-124
-462
-425
-309
-436
-585
-437
-91
145
358
586
737
950
978
861
793
836
828
745
604
554
689
788
869
765
552
423
434
376
106
-208
-402
-354
-218
-124
-39
83
191
200
67
-108
-187
-442
-732
-966
-1044
-1079
-1067
-1143
-1307
-1400
-1441
-1580
-1878
-2158
-1765
-1136
-696
-559
-554
58
848
1081
820
590
735
993
882
450
339
579
613
417
217
391
578
267
-315
-554
-460
-322
-469
-653
-438
-117
206
450
698
770
928
862
856
906
885
832
639
453
419
633
882
975
775
489
424
430
274
-86
-362
-384
-218
-74
-54
68
208
311
250
118
53
-124
-442
-797
-988
-1033
-1051
-1109
-1208
-1331
-1371
-1428
-1592
-1924
-2078
-1658
-1026
-617
-553
-367
270
955
1052
753
556
742
955
800
386
334
586
546
377
201
376
463
34
-438
-565
-414
-346
-456
-585
-304
8
270
648
841
982
1030
961
884
933
990
899
718
584
611
796
1037
997
712
442
385
355
143
-115
-306
-293
-127
18
116
276
358
312
235
154
107
-135
-458
-795
-998
-1043
-986
-1009
-1162
-1230
-1322
-1500
-1722
-2054
-2037
-1551
-958
-604
-544
-270
431
1064
1105
843
767
927
1010
647
261
371
641
602
335
292
525
540
22
-499
-672
-537
-375
-500
-558
-310
50
375
717
802
948
1042
906
844
857
866
736
580
444
510
723
871
784
474
276
235
222
17
-300
-406
-375
-252
-180
-81
193
381
362
278
236
138
-165
-583
-869
-1006
-1058
-1049
-1167
-1227
-1307
-1352
-1492
-1719
-2031
-1884
-1335
-831
-533
-466
-174
566
1130
1141
903
718
842
942
606
276
392
570
483
278
231
534
483
-19
-430
-516
-418
-340
-477
-469
-160
181
517
802
886
1052
1050
946
907
847
797
743
543
481
627
838
938
779
505
309
253
159
-87
-307
-323
-197
-57
42
192
355
403
313
165
12
-61
-318
-670
-890
-961
-943
-927
-971
-1076
-1168
-1213
-1437
-1698
-1958
-1824
-1245
-674
-382
-369
-102
618
1107
1000
729
623
759
786
454
191
298
467
454
290
259
474
321
-178
-504
-494
-419
-393
-509
-434
-59
170
414
674
801
917
892
730
697
664
636
567
411
319
487
701
892
830
619
484
468
434
195
-107
-179
-103
-4
-18
63
246
363
380
318
144
63
-131
-494
-769
-956
-1008
-1045
-1127
-1199
-1206
-1245
-1322
-1544
-1876
-1938
-1480
-937
-574
-498
-244
368
875
828
605
449
626
729
474
144
229
448
393
158
131
420
446
-90
-521
-617
-441
-340
-472
-523
-346
-87
129
449
626
808
917
697
627
608
673
635
470
374
491
683
868
806
489
324
357
334
126
-232
-309
-263
-112
-53
74
314
483
435
377
280
118
-162
-524
-722
-797
-839
-899
-974
-1021
-1114
-1244
-1411
-1533
-1793
-1924
-1497
-971
-524
-460
-394
269
1001
1099
810
584
681
822
510
93
114
427
477
244
47
342
481
103
-456
-622
-538
-414
-474
-536
-352
-88
138
488
677
787
885
688
623
627
598
479
306
243
371
629
826
865
606
455
445
454
289
-72
-278
-268
-135
-22
111
315
439
442
355
292
179
-45
-374
-682
-861
-944
-978
-995
-1027
-1113
-1224
-1332
-1391
-1612
-1876
-1589
-1002
-577
-470
-436
167
952
1175
863
550
602
781
611
199
182
427
477
191
1
284
595
282
-346
-653
-521
-399
-397
-521
-371
-40
113
367
571
734
891
691
527
601
652
636
509
401
469
644
792
825
585
500
547
580
427
56
-151
-117
6
68
131
249
409
447
433
305
257
145
-203
-476
-706
-835
-894
-953
-1033
-1144
-1232
-1217
-1322
-1454
-1878
-1910
-1384
-809
-454
-480
-251
550
1054
944
697
634
855
857
472
214
355
551
416
125
183
502
483
-104
-601
-600
-521
-510
-666
-706
-323
-39
203
533
690
812
844
565
602
629
571
535
394
355
530
711
928
904
674
518
514
501
278
-2
-106
-86
15
73
271
547
597
539
445
377
262
-15
-357
-633
-890
-1031
-1034
-1086
-1148
-1239
-1239
-1264
-1454
-1673
-1887
-1564
-955
-570
-508
-483
56
771
999
785
616
697
800
547
177
117
257
256
-1
-19
293
460
136
-430
-636
-540
-443
-553
-687
-542
-241
-15
276
563
718
879
744
608
630
574
524
336
162
298
562
800
853
703
616
631
694
500
176
-76
-69
57
148
238
386
535
589
521
420
284
79
-256
-579
-821
-975
-949
-1003
-1165
-1227
-1244
-1222
-1301
-1494
-1809
-1891
-1466
-962
-620
-542
-347
311
839
884
695
541
698
681
378
148
182
350
270
20
-3
272
461
36
-490
-625
-586
-550
-666
-762
-561
-267
44
410
625
725
789
615
545
494
425
371
254
208
405
656
948
1003
785
668
573
580
453
150
-49
-132
-36
67
226
515
655
591
416
257
233
67
-334
-717
-935
-948
-867
-890
-937
-951
-958
-970
-1205
-1491
-1879
-1809
-1293
-765
-459
-421
-135
541
972
950
681
555
651
543
233
39
200
319
190
-11
140
462
388
-151
-593
-603
-475
-424
-560
-618
-333
-30
279
590
732
863
801
634
669
618
548
464
371
343
485
685
968
968
836
725
694
650
429
136
20
47
122
202
307
467
574
539
448
331
260
-12
-393
-709
-847
-812
-829
-906
-998
-1022
-991
-1007
-1160
-1400
-1778
-1862
-1324
-757
-404
-341
-85
580
1092
1014
766
657
720
665
321
17
109
348
279
65
113
393
426
-52
-529
-607
-567
-481
-593
-576
-353
-170
84
483
663
833
859
721
712
767
754
635
445
432
608
858
1124
1171
985
791
662
660
566
257
-34
-152
0
178
275
353
370
368
305
196
177
0
-376
-706
-948
-985
-891
-890
-911
-987
-967
-887
-1055
-1306
-1687
-1770
-1308
-769
-513
-477
-293
341
881
959
742
541
634
550
287
48
145
309
182
7
164
548
625
143
-421
-499
-458
-430
-541
-629
-459
-165
142
541
772
877
903
747
736
768
755
674
520
453
468
654
1080
1211
1039
797
679
663
543
223
59
-37
-30
103
234
431
527
472
339
153
177
45
-263
-616
-813
-762
-742
-810
-927
-1006
-971
-981
-1114
-1310
-1699
-1852
-1467
-918
-518
-458
-372
177
836
1000
773
558
520
565
427
193
160
321
332
166
153
387
536
192
-366
-552
-564
-484
-481
-572
-375
-169
111
500
777
904
1010
876
823
822
744
722
634
500
478
549
882
1070
973
805
706
695
581
278
80
19
83
122
171
372
471
452
379
336
340
211
-136
-452
-666
-723
-745
-818
-866
-858
-858
-909
-996
-1190
-1481
-1835
-1834
-1320
-781
-548
-528
-317
347
849
801
498
389
455
389
190
-25
92
282
137
55
221
551
483
-138
-628
-693
-620
-447
-584
-644
-426
-126
258
597
755
908
946
776
693
681
689
633
497
476
586
916
1228
1141
863
635
589
572
317
-14
-220
-240
-148
-36
104
286
333
375
338
305
253
-69
-489
-751
-866
-882
-882
-874
-837
-882
-977
-1071
-1191
-1444
-1860
-2124
-1769
-1176
-749
-733
-675
-118
628
889
675
459
494
472
300
27
-55
173
168
67
117
453
722
380
-252
-528
-558
-514
-536
-639
-532
-274
-15
406
736
877
972
803
674
676
620
610
515
383
402
572
914
1092
939
705
609
620
480
114
-219
-359
-284
-204
-105
150
328
286
177
140
187
100
-265
-605
-828
-871
-918
-969
-939
-908
-943
-982
-1060
-1173
-1440
-1876
-1845
-1315
-845
-672
-666
-368
329
789
781
533
444
493
418
162
-28
88
188
62
17
209
514
442
-102
-469
-456
-366
-276
-453
-537
-313
-66
308
658
820
931
852
697
758
755
673
606
469
418
476
762
1032
928
694
571
593
556
277
-33
-243
-230
-158
-85
58
249
316
299
250
263
244
-31
-362
-538
-701
-789
-878
-924
-896
-972
-1019
-1011
-1028
-1233
-1662
-2074
-1918
-1285
-789
-652
-719
-357
439
961
878
603
476
491
463
280
159
299
345
177
142
359
652
472
-170
-475
-432
-350
-387
-583
-554
-274
54
488
830
966
1013
914
776
830
842
761
558
384
406
637
913
1067
942
717
634
651
574
254
-100
-280
-231
-98
7
162
296
345
376
423
415
260
-72
-357
-620
-843
-912
-904
-887
-851
-903
-859
-856
-971
-1301
-1673
-2011
-1870
-1336
-879
-648
-592
-224
511
1079
1020
775
550
512
451
213
-14
23
109
150
198
289
576
515
-33
-481
-546
-455
-347
-521
-620
-368
-40
452
867
972
1053
1037
866
820
695
538
314
172
249
453
764
1011
929
733
662
650
532
251
-37
-213
-285
-207
-189
-43
240
391
447
399
319
265
34
-302
-572
-718
-759
-779
-836
-846
-807
-737
-760
-929
-1185
-1515
-1805
-2067
-1734
-1142
-688
-499
-413
79
893
1259
1024
638
427
545
500
160
-18
229
400
331
210
458
710
437
-197
-584
-541
-364
-339
-598
-592
-290
131
527
760
793
922
864
689
655
520
380
222
117
234
614
969
1125
1026
807
684
620
401
-46
-323
-384
-303
-245
-205
-10
276
418
466
448
376
212
-190
-571
-860
-897
-740
-654
-625
-748
-967
-1218
-1525
-1828
-1993
-1540
-944
-500
-327
-258
247
979
1107
887
500
369
449
316
-67
-84
183
328
288
296
603
805
392
-278
-620
-582
-480
-611
-728
-445
-25
347
738
867
845
840
667
567
544
437
298
196
179
395
668
885
975
811
685
591
530
291
-173
-465
-429
-256
-119
-17
142
345
441
455
348
244
35
-295
-515
-609
-741
-819
-835
-718
-780
-846
-881
-830
-728
-679
-747
-922
-1132
-1368
-1710
-1907
-1579
-1009
-587
-478
-372
238
1015
1263
982
547
351
425
259
-124
-230
32
294
282
265
542
789
548
-126
-479
-480
-452
-575
-822
-724
-323
91
526
776
836
964
794
601
492
339
267
209
198
410
656
777
812
687
644
630
501
229
-167
-407
-365
-242
-142
-71
139
351
379
370
296
254
60
-305
-528
-630
-723
-700
-647
-616
-626
-640
-630
-729
-904
-1121
-1337
-1549
-1845
-1743
-1244
-684
-365
-197
111
707
1079
962
497
231
336
335
143
0
125
384
434
391
554
811
772
180
-312
-417
-445
-526
-796
-865
-479
5
416
732
784
863
858
715
652
464
288
134
21
133
415
690
892
878
762
680
534
285
-113
-454
-551
-473
-374
-298
-52
358
543
527
416
262
116
-136
-417
-534
-620
-704
-699
-587
-458
-401
-405
-438
-572
-878
-1152
-1407
-1623
-1811
-1535
-1000
-448
-122
11
379
949
1148
822
300
145
328
306
75
30
303
659
755
672
744
804
447
-229
-669
-744
-618
-644
-739
-534
-156
202
544
771
892
956
771
447
307
256
220
116
22
160
464
802
871
744
628
456
259
90
-178
-376
-426
-366
-331
-228
56
286
415
417
423
391
309
32
-238
-441
-650
-689
-622
-628
-611
-537
-601
-662
-781
-947
-1156
-1472
-1768
-1860
-1548
-980
-505
-239
17
550
1115
1261
890
435
357
422
336
111
60
337
591
646
682
753
716
266
-369
-709
-747
-688
-675
-668
-421
-29
302
635
822
864
798
551
382
326
188
61
11
122
300
457
612
697
647
530
446
286
39
-254
-433
-469
-323
-161
-4
197
428
539
575
508
376
192
-106
-422
-634
-774
-847
-813
-728
-650
-666
-601
-625
-771
-965
-1234
-1546
-1768
-1841
-1460
-829
-261
37
243
707
1205
1280
885
498
370
416
255
39
32
305
491
483
550
684
609
114
-474
-751
-680
-661
-727
-724
-355
67
424
778
972
945
774
507
335
313
219
12
-102
14
277
487
686
754
684
590
453
344
195
-99
-333
-415
-281
-78
133
314
452
567
553
485
385
127
-246
-543
-727
-858
-805
-672
-553
-477
-492
-477
-553
-807
-1142
-1378
-1520
-1650
-1634
-1203
-528
-44
146
375
844
1280
1242
784
401
334
395
227
-8
44
386
555
572
588
639
504
99
-443
-613
-532
-509
-519
-488
-251
50
428
733
888
888
746
528
351
211
49
-38
-7
89
280
505
751
891
766
549
489
402
161
-121
-309
-270
-159
25
264
436
500
451
356
260
140
46
-217
-417
-644
-717
-702
-716
-685
-624
-552
-496
-493
-739
-1084
-1368
-1519
-1466
-926
-359
-77
67
345
956
-1621
1327
1151
711
397
342
313
170
58
242
463
483
408
446
563
435
25
-390
-494
-564
-649
-702
-570
-213
157
415
627
746
836
793
629
491
362
186
144
188
325
479
624
815
866
766
683
617
525
278
-85
-354
-380
-257
-75
199
453
619
682
579
386
91
-243
-543
-768
-855
-874
-744
-627
-583
-583
-591
-526
-673
-886
-1064
-1222
-1358
-1547
-1440
-970
-356
33
164
400
820
1099
917
504
355
472
493
243
10
98
302
362
364
498
610
476
-9
-436
-589
-557
-522
-598
-604
-327
-14
324
585
703
733
676
557
450
306
146
111
188
315
454
635
831
951
914
786
634
434
117
-214
-391
-334
-101
90
281
438
506
487
461
469
267
-82
-491
-765
-817
-815
-763
-674
-593
-523
-487
-519
-611
-745
-971
-1171
-1382
-1602
-1537
-1097
-440
18
235
437
878
1235
1052
652
416
434
448
228
20
115
371
484
468
506
598
470
68
-369
-570
-562
-597
-663
-612
-341
19
395
721
774
731
663
489
422
307
119
41
42
205
407
623
829
981
949
756
501
266
17
-259
-349
-276
-141
-41
69
276
432
497
412
265
44
-256
-468
-650
-682
-669
-593
-501
-461
-465
-448
-452
-521
-731
-973
-1212
-1378
-1510
-1515
-1219
-729
-276
-30
164
529
1013
1143
840
461
338
272
101
-82
-45
243
538
601
558
562
529
178
-311
-591
-656
-615
-631
-664
-436
-87
260
585
797
879
905
775
554
302
102
-2
15
108
305
569
781
871
804
743
654
492
297
13
-233
-296
-246
-137
35
231
406
460
387
323
245
91
-193
-478
-605
-609
-602
-627
-554
-481
-405
-441
-502
-642
-831
-992
-1104
-1313
-1448
-1432
-1110
-592
-172
61
296
662
991
974
622
301
240
282
216
16
8
180
302
371
472
616
616
273
-240
-558
-655
-600
-560
-394
-183
-1
263
558
733
785
731
549
432
335
182
129
223
353
454
671
880
990
887
717
552
391
163
-203
-383
-412
-297
-186
-63
152
352
463
522
395
191
-69
-411
-657
-712
-608
-559
-548
-527
-487
-342
-271
-286
-444
-663
-922
-1156
-1395
-1569
-1481
-1071
-466
19
265
374
640
924
934
713
338
117
82
64
-8
7
215
416
449
490
590
552
162
-317
-712
-807
-766
-700
-650
-436
-145
100
355
588
721
709
527
317
213
174
98
107
211
404
605
841
951
853
693
468
313
83
-137
-304
-354
-334
-155
-33
96
264
337
379
311
148
-32
-273
-508
-587
-547
-519
-501
-512
-476
-441
-403
-394
-507
-752
-1037
-1216
-1401
-1553
-1524
-1130
-579
-172
114
298
631
981
907
503
243
257
288
196
-7
-36
169
385
434
471
550
543
159
-366
-655
-682
-677
-637
-612
-442
-90
170
487
700
821
815
573
287
88
100
169
137
182
332
593
795
844
750
551
373
185
-46
-277
-357
-398
-330
-207
-86
63
178
293
350
351
145
-111
-367
-548
-560
-619
-597
-535
-469
-438
-499
-517
-510
-595
-819
-1076
-1250
-1373
-1411
-1353
-1123
-668
-194
79
204
427
813
991
785
444
246
198
169
65
33
202
424
462
478
515
543
386
-35
-416
-621
-729
-793
-683
-438
-101
115
288
567
756
745
539
299
149
103
20
-20
-29
70
364
614
813
855
670
494
384
293
68
-248
-349
-373
-271
-81
144
343
441
428
329
219
95
-79
-385
-569
-649
-673
-544
-445
-443
-416
-340
-297
-366
-554
-727
-947
-1123
-1323
-1418
-1423
-1072
-545
-43
224
323
543
802
777
577
303
200
223
197
122
230
454
629
687
624
538
404
105
-330
-606
-635
-645
-575
-481
-234
57
363
629
703
643
493
308
224
185
109
34
84
209
405
616
790
882
718
469
222
92
-26
-255
-424
-393
-209
-37
54
198
405
412
292
87
-147
-223
-335
-492
-549
-510
-364
-344
-324
-277
-271
-296
-411
-601
-767
-973
-1164
-1235
-1220
-1213
-1035
-680
-255
83
298
481
658
752
582
342
135
55
88
60
118
309
543
583
530
458
457
319
-2
-430
-740
-761
-724
-676
-510
-162
209
457
642
753
754
723
547
330
239
195
228
254
253
455
686
858
785
551
329
179
60
-124
-318
-460
-427
-339
-220
-43
197
332
326
243
158
28
-149
-333
-519
-609
-634
-546
-448
-254
-142
-179
-248
-386
-500
-692
-775
-957
-1056
-1066
-987
-788
25
267
-426
380
129
88
136
285
332
398
526
714
792
599
382
238
201
193
410
231
-54
-389
-598
-675
-660
-539
-413
-240
-35
210
382
583
631
643
636
536
476
382
269
300
348
443
506
648
721
670
430
224
121
-33
-163
-399
-462
-359
-172
-37
26
230
343
365
265
30
-113
-246
-436
-544
-534
-450
-371
-285
-160
-71
-113
-227
-403
-676
-898
-987
-982
-1051
-976
-804
-461
24
374
527
615
675
777
684
457
306
230
142
100
101
137
279
312
277
169
33
-180
-375
-522
-633
-633
-568
-406
-260
-106
101
300
508
575
516
490
501
455
294
190
98
154
191
291
515
770
855
692
494
321
189
-7
-195
-287
-216
-150
-69
66
312
463
370
234
120
10
-111
-376
-618
-660
-572
-470
-401
-318
-238
-260
-367
-420
-579
-669
-766
-845
-924
-852
-654
-467
-219
-10
257
518
601
617
539
424
352
301
228
178
168
124
104
99
200
204
131
6
-119
-190
-458
-631
-591
-463
-281
-183
-4
176
325
474
562
509
481
414
250
101
77
177
302
356
401
482
549
582
424
310
324
222
32
-183
-233
-119
35
131
75
114
274
277
158
17
-147
-387
-571
-708
-676
-553
-445
-354
-292
-290
-371
-429
-425
-459
-581
-722
-853
-884
-796
-657
-477
-313
-23
250
486
496
455
452
331
210
69
66
209
311
335
286
291
369
349
218
93
24
-150
-317
-401
-413
-347
-316
-306
-180
48
206
244
325
281
231
214
120
121
196
280
335
389
498
581
615
486
357
160
67
-46
-137
-187
-188
-161
-117
49
147
197
240
183
96
52
-46
-144
-223
-333
-356
-361
-275
-204
-203
-252
-364
-458
-550
-592
-648
-774
-929
-953
-870
-677
-538
-403
-133
153
370
368
322
332
379
369
244
166
157
246
337
335
389
479
470
229
-8
-136
-185
-267
-395
-455
-330
-174
-23
99
187
298
292
225
204
256
326
300
331
384
327
316
384
428
425
385
361
371
275
102
-4
-151
-215
-230
-216
-115
-60
5
97
89
102
116
57
-4
-93
-159
-171
-184
-194
-181
-199
-213
-234
-225
-355
-535
-658
-798
-872
-909
-890
-703
-411
-242
-86
64
194
126
166
278
462
471
322
210
225
328
473
409
350
343
286
154
1
-60
-16
-19
-135
-245
-240
-162
11
206
305
340
359
383
434
374
336
268
232
222
254
250
187
187
217
293
293
231
114
-19
-68
-117
-171
-168
-114
-46
55
158
285
295
200
139
132
81
-15
-237
-328
-338
-281
-232
-190
-144
-135
-136
-255
-394
-491
-517
-620
-605
-540
-459
-343
-255
-202
-118
61
261
342
285
229
244
222
202
139
133
197
254
219
129
114
186
165
72
-24
-28
14
-15
-98
-166
-65
112
237
293
322
412
411
436
429
391
453
495
511
517
585
670
593
456
403
351
320
257
147
12
-72
-123
-192
-181
-90
-75
-56
-156
-158
-102
-85
-144
-232
-317
-289
-236
-276
-337
-420
-449
-457
-403
-428
-516
-604
-735
-725
-697
-647
-613
-511
-325
-106
154
260
293
402
466
418
372
224
204
224
245
226
167
259
302
303
231
139
70
-225
-397
-412
-255
-189
-191
-192
-88
115
285
460
569
557
493
327
217
219
265
343
432
444
505
558
575
578
462
330
238
149
35
-5
-23
-28
-46
-18
46
120
164
140
55
-68
-135
-269
-325
-341
-379
-413
-455
-395
-302
-200
-172
-147
-167
-235
-340
-461
-491
-561
-520
-489
-456
-402
-345
-203
-44
99
271
361
346
299
287
141
123
116
213
322
404
452
443
364
253
114
-17
-144
-227
-302
-408
-426
-334
-211
15
162
304
371
415
423
422
431
402
384
452
494
446
355
321
354
380
394
302
236
179
117
48
-17
-51
-111
-198
-271
-230
-120
-72
-93
-165
-206
-308
-428
-571
-618
-666
-695
-668
-693
-657
-731
-796
-798
-709
-546
-384
-270
-155
-98
84
231
310
312
358
381
316
267
314
387
432
336
198
114
199
193
133
17
-73
-101
-63
-31
37
161
242
284
265
228
214
233
302
328
267
208
217
149
70
131
181
255
240
136
61
26
6
-46
-114
-86
-25
36
38
14
6
75
154
199
182
155
63
-85
-206
-222
-224
-139
-62
-111
-199
-251
-254
-211
-204
-301
-360
-396
-350
-288
-280
-263
-289
-303
-330
-316
-276
-192
-146
-151
-169
-135
-50
0
71
155
228
190
149
152
214
320
291
324
333
283
244
217
228
238
224
170
85
116
184
282
272
220
195
239
258
312
315
272
231
204
200
211
154
134
74
37
-17
-45
-72
-169
-211
-293
-309
-244
-193
-213
-307
-385
-378
-254
-184
-249
-303
-329
-366
-456
-506
-470
-373
-241
-210
-182
-192
-87
41
189
232
139
93
17
-81
-165
-145
-102
-32
-45
-92
-50
-18
9
-54
-87
-98
-148
-177
-187
-102
62
207
344
467
557
649
615
535
499
497
539
526
440
432
420
419
455
479
449
346
222
90
11
22
-13
-110
-196
-166
-148
-136
-135
-99
-58
-132
-209
-257
-318
-305
-358
-397
-442
-392
-294
-215
-211
-293
-401
-490
-627
-725
-693
-599
-528
-383
-214
-19
232
421
526
602
635
549
361
256
261
291
302
258
181
188
228
264
129
-22
-175
-325
-388
-363
-258
-177
-160
-155
-114
-19
179
407
511
488
407
346
383
421
410
356
294
288
351
430
453
473
420
318
217
91
-34
-100
-80
-5
11
-35
-12
80
151
194
143
24
-97
-131
-208
-302
-291
-206
-180
-203
-192
-141
-171
-246
-269
-342
-358
-361
-347
-384
-336
-312
-290
-242
-175
-106
-28
19
71
119
180
247
288
363
352
296
305
354
387
368
302
258
133
133
121
35
-23
-108
-155
-218
-181
-127
-58
-3
-7
-8
56
78
179
257
251
236
243
375
466
501
483
589
591
430
315
244
222
135
-11
-139
-133
-111
-48
13
-13
-5
1
-38
-86
-82
-70
-137
-216
-325
-280
-218
-218
-225
-269
-271
-269
-281
-325
-372
-429
-502
-501
-433
-393
-344
-255
-174
-120
-79
-17
75
171
221
291
220
133
177
256
308
324
268
250
318
290
218
197
161
177
119
108
124
160
176
181
159
157
79
53
80
127
142
57
6
-30
-22
14
2
22
-13
-51
-106
-82
-83
-54
-67
-129
-202
-291
-252
-252
-292
-318
-317
-398
-482
-475
-433
-447
-502
-429
-288
-207
-107
-81
-78
-76
-47
-38
-38
-108
-200
-195
-152
-84
-50
-64
-137
-237
-236
-169
-124
-105
-100
-110
-115
-89
-39
39
150
232
280
317
342
379
450
432
390
318
282
335
299
243
197
176
155
188
147
97
-34
-88
-18
-35
-84
-161
-159
-50
18
96
80
2
2
28
-17
-80
-121
-170
-216
-180
-162
-113
-153
-221
-212
-173
-147
-150
-212
-323
-364
-336
-307
-266
-222
-252
-260
-181
-58
20
-59
-154
-157
-142
-140
-118
-81
3
76
72
45
-19
31
70
15
-25
-31
-55
-99
-99
-30
38
61
88
105
144
243
310
335
438
457
378
422
463
370
287
252
147
60
36
49
65
5
-32
-149
-268
-344
-392
-365
-386
-417
-465
-507
-505
-511
-508
-463
-520
-501
-389
-274
-123
-32
8
43
94
161
249
149
52
12
-13
42
145
139
104
65
0
-65
-80
-17
-72
-143
-186
-193
-108
-17
56
128
202
321
352
350
395
421
419
388
254
152
60
1
66
118
154
156
78
9
-38
-75
-159
-236
-352
-385
-286
-178
-33
79
116
147
199
222
232
217
210
144
86
61
-5
-38
-66
-75
-126
-190
-140
-118
-109
-138
-170
-140
-93
-48
-36
32
176
238
211
266
262
247
299
380
406
307
144
-14
-11
12
-19
-88
-131
-142
-112
-106
-77
-55
-88
-72
-85
-86
-58
-66
-94
-37
-23
50
102
79
56
26
-5
-21
-8
12
86
82
25
-18
-18
-35
-55
-22
-79
-103
-79
-61
-17
8
-26
-16
-38
-70
-105
-110
-63
-50
-24
-56
-98
-162
-121
-71
-12
67
61
-37
-101
-81
-96
-68
-75
-97
-78
-16
57
81
141
85
67
63
64
68
73
44
50
9
-58
-47
-38
-49
-33
-15
-4
37
-23
-85
-111
-151
-141
-40
4
-1
40
94
142
144
110
105
129
56
6
-60
-42
-18
-31
-88
-164
-272
-344
-281
-237
-217
-222
-203
-293
-360
-339
-245
-183
-237
-301
-253
-115
-1
109
180
221
196
177
155
63
-18
-107
-150
-147
-142
-105
-96
-118
-29
39
21
42
18
4
13
20
20
99
212
278
348
354
341
296
250
266
242
242
243
192
128
111
118
97
74
94
108
54
91
122
93
22
-32
-61
-36
-66
-81
-72
-8
57
-5
-25
-9
25
-10
-82
-168
-199
-243
-269
-270
-291
-279
-266
-330
-364
-342
-307
-196
-99
-116
-121
-64
-41
61
118
92
81
110
150
182
184
212
190
173
219
192
162
102
-5
-69
-19
39
110
184
169
154
105
125
105
108
135
210
230
185
77
62
109
151
124
75
17
20
-15
7
29
-15
-68
-94
-6
8
-26
-110
-138
-146
-137
-128
-112
-75
-36
-16
-58
-85
-112
-144
-198
-186
-168
-142
-162
-193
-216
-183
-170
-167
-132
-75
-51
-102
-145
-173
-80
25
11
-10
39
88
92
111
122
188
240
247
228
207
252
329
331
304
277
291
278
275
273
213
108
26
-21
-16
-31
-96
-165
-151
-99
-118
-138
-176
-188
-249
-217
-157
-131
-141
-181
-154
-39
20
72
63
40
82
154
247
321
246
192
122
58
24
22
68
91
50
2
43
60
168
277
264
228
161
120
122
194
241
240
253
232
191
161
97
43
-33
-130
-165
-145
-147
-166
-208
-270
-287
-280
-302
-330
-289
-234
-187
-113
-68
5
109
193
233
260
264
320
280
268
167
74
16
-41
-102
-108
-76
-174
-279
-311
-299
-299
-351
-311
-221
-177
-152
-35
80
195
289
306
375
454
405
375
415
345
300
282
199
120
69
85
82
71
92
104
73
103
139
135
124
189
189
162
213
264
267
237
258
264
249
161
-21
-163
-248
-241
-252
-320
-378
-426
-406
-386
-338
-269
-219
-267
-236
-261
-280
-236
-130
-11
51
103
184
297
317
321
324
295
224
134
146
76
-19
-64
-67
-72
-24
8
56
64
58
57
78
107
30
-51
-16
27
11
8
-1
4
55
109
133
133
116
92
21
-6
-49
-39
-48
-101
-137
-124
-64
-93
-31
-19
-2
41
112
130
89
20
-88
-117
-94
-58
-72
-81
-127
-183
-199
-174
-177
-158
-174
-240
-305
-307
-275
-217
-161
-174
-140
-92
-28
-25
-29
5
35
36
23
82
83
135
136
126
141
114
133
141
146
114
103
115
119
118
88
119
143
83
47
18
-1
-9
-4
-76
-96
-78
-88
-105
-89
-78
-78
-116
-142
-98
-88
-73
-39
-41
-83
-144
-118
-75
-44
-30
37
11
-9
-32
7
48
54
40
16
-31
-78
-52
21
96
89
9
-103
-171
-161
-94
-80
-51
-12
-18
-63
-3
2
19
-22
-66
-84
-73
-53
-31
-7
101
138
138
98
122
191
230
265
211
164
187
187
129
133
157
125
97
95
34
25
-5
35
65
42
3
38
71
43
-11
-65
-63
-91
-127
-121
-159
-125
-130
-87
-101
-138
-157
-143
-133
-121
-148
-201
-173
-90
-57
-26
-6
-28
-35
-66
-17
28
38
69
107
103
88
98
40
65
73
39
17
43
61
64
54
23
14
18
-21
-48
-66
-88
-124
-119
-72
-39
-54
-47
7
30
43
44
21
3
-3
56
142
143
68
69
65
9
-7
-8
59
118
102
74
57
82
81
86
52
9
-4
-64
-40
-7
-30
-55
-58
-18
9
51
15
-50
-165
-260
-224
-109
-25
-75
-166
-125
-106
-52
-27
-58
-58
24
88
149
73
-11
6
47
24
53
34
-3
-70
-71
-76
-42
0
-26
-71
-82
-78
-79
-97
-110
-171
-117
-9
49
50
46
42
22
39
83
77
31
-7
-85
-68
6
6
31
71
126
129
111
97
116
163
159
168
145
150
185
148
97
104
130
111
76
16
-17
-20
6
10
16
2
-51
-52
-111
-138
-139
-136
-118
-132
-155
-113
-84
-52
-70
-150
-170
-90
-53
-90
-120
-113
-93
-115
-98
-56
-40
3
-54
-55
-9
81
74
49
6
71
89
45
-2
-48
-53
-13
81
167
107
61
35
42
88
152
179
178
89
33
-11
-55
-22
-29
-17
6
-49
-83
-35
15
51
154
182
105
-38
-55
-19
47
114
144
68
100
117
92
19
-9
-18
-59
-59
-40
-47
-87
-121
-107
-108
-92
-37
14
70
44
38
-11
-15
-14
-2
25
112
93
-18
-112
-141
-114
-94
-124
-83
-60
-72
-51
-5
41
101
64
68
135
190
235
157
85
86
128
190
197
171
179
174
138
55
-41
-13
59
101
66
-43
-55
-8
32
69
17
27
93
105
75
53
29
68
95
55
-26
-101
-70
-6
-34
-79
-184
-226
-171
-114
-82
-57
-18
45
75
106
53
-18
-62
-60
-75
-129
-123
-109
-91
-128
-68
-37
39
26
12
26
77
71
-3
-112
-171
-176
-130
-65
-24
-46
-25
-11
25
29
59
61
50
19
101
101
72
23
-22
-82
-30
28
-31
-40
-15
1
54
-20
-102
-158
-128
-65
-28
-20
-24
-48
-40
-1
16
18
87
157
182
162
161
125
74
31
17
38
40
12
10
27
-21
-85
-59
-6
-1
0
-24
-90
-118
-74
-74
-77
-79
-44
-56
-90
-72
-66
-77
-111
-203
-260
-171
-105
-65
-124
-178
-173
-125
-78
5
80
89
7
-40
-36
-32
-4
43
114
139
98
41
19
-16
-54
4
14
12
31
-27
-86
-115
-77
-11
84
141
136
110
98
64
5
-50
-57
-49
-1
40
77
27
-66
-77
-9
38
11
-18
41
113
110
70
-26
-39
4
33
37
46
54
72
50
8
3
-48
-107
-117
-132
-155
-135
-130
-102
-92
-96
-158
-166
-67
-7
-27
-80
-58
-25
-39
-53
-122
-111
-158
-147
-73
-40
-35
-89
-52
24
56
55
27
13
52
98
69
51
4
3
-8
6
29
61
24
-7
55
78
101
47
-43
-122
-115
-32
19
22
-4
-117
-150
-126
-43
-31
-48
-95
-104
-88
-71
-71
-83
-91
-119
-141
-102
-23
7
26
-6
-5
14
2
-1
-43
-51
-84
-71
-46
7
43
45
37
34
4
-13
-42
10
79
73
26
-27
-40
15
21
-16
-22
-51
-90
-65
-31
-20
-19
-55
-125
-166
-155
-94
-33
32
20
8
18
40
80
149
180
165
117
122
168
199
171
126
33
-17
-23
26
69
47
28
67
53
11
-72
-118
-120
-88
-29
26
74
92
32
-21
-107
-82
-42
-98
-159
-193
-209
-191
-136
-54
-31
-27
-38
-58
-75
-11
48
24
-62
-78
-4
62
77
111
93
88
19
-58
-135
-122
-70
-37
-37
-31
-54
-75
-17
-26
-40
19
24
45
-3
15
-15
-9
24
66
55
83
105
125
123
79
27
12
10
22
32
33
39
11
51
93
78
88
72
65
73
89
87
58
33
2
17
41
79
12
-58
-139
-151
-63
-25
-48
-60
-36
12
-21
-60
-17
10
-57
-142
-133
-130
-93
-47
-36
-51
-48
-19
64
87
84
91
75
33
21
-1
-5
12
23
20
-7
-32
-76
-110
-83
-50
-25
-12
-22
10
20
9
-45
-78
-97
-108
-89
-17
41
0
-45
-45
4
60
104
99
87
64
-58
-171
-154
-72
-15
51
94
99
87
107
134
98
26
-4
-24
19
76
144
143
50
-73
-140
-148
-99
-72
-44
-97
-123
-158
-77
38
79
24
-42
-69
-73
-43
-41
-27
31
36
-8
-33
0
33
53
26
-15
-41
-33
19
87
105
106
41
26
51
143
174
176
144
90
10
-48
-79
-89
-23
8
49
2
-100
-97
-62
-87
-150
-120
-57
-7
-32
-9
-6
-53
-60
-29
27
27
10
15
50
38
42
34
38
48
49
34
18
-14
-33
22
57
92
120
69
37
100
195
228
168
135
100
98
60
23
-77
-135
-124
-55
-50
-33
-45
-118
-149
-90
-34
11
45
7
42
47
73
37
50
73
78
24
-23
-40
-78
-97
-85
7
76
132
93
-3
-40
5
-34
-108
-78
-49
-56
-82
-79
-84
-22
39
-20
-92
-100
-126
-170
-155
-91
-41
23
17
-14
-21
-37
-80
-93
-72
-24
18
27
-17
-18
26
61
18
-23
27
93
100
82
47
15
6
5
-15
-41
4
-2
-68
-109
-54
18
13
6
-45
-95
-153
-169
-127
-37
43
45
100
123
55
28
-8
-62
-93
-67
-6
-6
30
76
61
14
-24
-48
-54
-90
-118
-73
-118
-125
-100
-29
22
45
30
15
-43
-64
-94
-113
-120
-95
-47
-67
-134
-131
-140
-167
-145
-143
-148
-100
-1
-3
-86
-132
-129
-107
-65
-45
23
44
5
-29
-29
21
-26
-37
-45
-3
92
131
62
20
58
98
87
60
68
73
25
-26
-2
47
46
6
-7
32
13
-22
-27
-30
-43
-99
-50
47
20
8
-7
-41
-87
-51
36
59
26
31
80
75
99
171
187
202
136
12
-25
-12
-15
-21
56
56
84
137
133
137
107
92
72
-14
-57
-120
-153
-68
-37
-25
-6
-3
-10
-80
-98
-86
-55
-56
-54
-31
8
37
-7
-24
-71
-98
-101
-35
-10
-9
11
75
25
-8
-8
10
50
-1
-43
-36
-20
-24
-25
15
86
128
99
53
-23
-53
-47
17
-19
-62
-25
15
27
-1
-5
-3
45
55
-35
-53
-1
52
69
89
54
55
90
92
97
82
71
28
32
49
42
-3
-13
9
31
23
-5
-13
-21
10
38
54
109
103
48
13
-2
25
43
35
9
5
66
69
11
-36
-22
-37
-91
-86
-79
-64
-65
-91
-18
63
90
19
-28
-43
-43
-50
-50
-49
-64
-49
-25
4
26
30
41
49
114
125
81
42
18
17
39
62
68
37
14
-32
-15
8
-12
40
33
-4
-26
2
53
-18
-107
-193
-123
23
79
65
49
33
30
35
50
47
3
30
40
26
-6
-33
-55
-52
-50
-82
-26
-19
-30
-10
28
-13
-35
-21
-17
27
95
88
75
63
101
134
147
76
30
25
22
15
50
27
-21
-42
-15
1
-15
-30
-21
-21
-22
-44
-38
-48
-84
-65
-34
-26
-40
-58
-52
-59
-16
-21
-15
37
55
60
12
-40
-44
28
119
119
72
24
33
42
28
52
86
70
76
26
32
81
92
110
145
133
111
74
30
1
-22
-12
-14
-19
-30
-42
-71
-155
-148
-90
-35
-11
-3
-27
-76
-38
24
84
73
18
80
142
153
42
-43
-47
-42
-43
40
109
93
61
120
140
75
28
68
74
99
91
59
11
29
105
130
112
98
117
132
60
-28
-64
-5
0
-7
-10
-25
-41
-32
-49
-43
-24
53
59
106
136
103
74
37
32
53
47
61
131
169
167
158
116
64
27
8
34
37
16
20
43
21
34
96
141
166
110
69
13
-16
-56
-60
-17
26
46
49
50
40
9
-39
-52
10
21
-1
38
92
29
-18
-27
13
41
66
36
15
34
59
45
19
58
86
92
114
115
49
-20
-67
-116
-82
-15
88
90
90
88
87
99
79
43
40
86
73
13
15
55
15
-14
-11
-64
-64
-46
-42
-78
-32
28
51
71
48
12
-14
4
7
19
-38
-80
-66
-18
-44
-65
-27
9
70
161
161
129
110
105
107
109
80
22
-8
38
119
150
126
23
-43
-84
-51
26
127
188
186
122
56
0
61
102
104
41
-11
-54
-58
-47
-3
3
-34
-102
-131
-133
-160
-168
-134
-95
-62
-20
0
28
90
142
117
103
53
42
42
43
49
94
59
30
20
19
-29
-65
-75
-30
79
105
94
54
52
101
56
-7
44
86
79
94
140
111
75
-3
-62
-116
-139
-114
-85
-144
-103
-14
35
30
36
43
55
37
72
140
160
129
125
121
61
22
31
-21
-5
57
92
86
102
108
133
122
38
11
5
-17
20
44
3
-31
-35
-74
-44
6
9
-15
-10
-5
-20
-6
3
-35
-39
-34
-42
-100
-124
-57
-50
-106
-86
-83
-47
25
64
-19
-64
-100
-106
-76
-33
-13
-7
-3
52
47
29
-10
-7
35
55
14
-65
-81
-77
-68
-70
-4
-12
-63
-97
-80
-74
-94
-121
-61
-42
-79
-74
2
69
115
145
84
34
79
103
52
-29
-113
-92
-90
-81
-82
-47
-69
-62
-47
17
57
85
34
-27
-89
-58
15
26
-3
-41
-70
-128
-132
-62
7
6
-26
-72
-125
-174
-224
-251
-213
-163
-116
-58
-52
-82
-103
-103
-82
-110
-93
-35
24
67
92
71
48
28
-21
-62
-84
-70
-12
50
85
120
90
83
90
33
-44
-77
-61
-12
43
91
63
3
0
-37
-50
-76
-100
-157
-179
-69
9
-8
-39
-45
-59
-67
-78
-76
-113
-160
-103
-55
-26
-92
-92
-58
-59
-72
-43
-11
-3
-22
-36
-54
-73
-54
18
45
40
3
-58
-148
-174
-173
-131
-117
-143
-148
-115
-82
-63
-117
-114
-33
-16
-8
-5
-53
-121
-127
-125
-91
-43
-26
17
18
-20
-39
-25
22
74
65
20
13
8
-7
-3
-20
-32
-41
-49
-37
-4
18
7
21
12
-19
-51
-46
-13
0
43
3
-89
-139
-136
-114
-76
-91
-135
-109
-59
6
35
3
-47
-76
-77
-80
-43
16
58
63
5
-18
-32
-42
-70
-77
-140
-174
-119
-28
6
-37
-52
-53
-36
-12
10
-51
-73
-63
-69
-91
-72
-10
8
-17
-20
43
43
12
-4
-17
-43
3
29
13
-46
-47
-13
37
61
14
-32
-48
-13
28
36
59
58
71
83
46
-11
-80
-125
-127
-50
-44
-82
-99
-24
44
62
-1
-72
-115
-98
-32
-23
-48
-57
-75
-79
-78
-49
-50
-35
74
125
76
-3
-83
-90
49
132
126
29
-39
-63
10
51
36
14
11
30
48
51
63
32
-20
-14
-4
32
45
4
-27
-33
-31
-52
-37
-12
6
-19
-13
-40
-32
0
1
-18
15
27
53
67
58
41
74
48
27
36
61
58
57
45
25
25
9
20
-39
-27
-16
10
14
39
-2
-38
-47
-28
-17
-6
-34
-14
20
16
-8
-14
-67
-106
-96
-74
-10
24
8
-75
-87
-87
-53
-24
27
25
35
35
60
20
2
24
36
57
85
27
-47
-55
-77
-103
-130
-105
-47
38
48
11
-25
-43
-30
11
46
5
-24
8
101
101
62
37
74
75
60
39
30
62
81
31
-14
9
18
34
25
45
53
40
-14
-20
-5
79
116
83
68
54
-12
-82
-116
-109
-110
-98
-42
-37
-84
-135
-113
-75
-38
-30
-58
-104
-132
-89
-45
-25
2
7
41
58
88
87
71
58
78
89
59
2
-34
-14
8
21
39
9
-27
-38
-13
11
16
15
-28
-38
-3
8
-25
-15
-35
-71
-55
-42
-8
31
15
-37
-19
17
32
56
69
51
33
13
-20
-29
12
36
87
111
162
186
179
137
104
28
-7
20
28
29
6
4
-12
-55
-79
-68
-52
-65
-49
-35
-10
-32
-38
-34
-56
-83
-19
39
1
-37
-36
-36
-63
-71
-49
-59
-42
-16
10
-23
-65
-92
-58
-41
-15
-4
28
81
57
46
40
-14
-20
23
36
-9
5
28
74
72
65
16
-37
-55
-30
-27
-23
-6
-38
-62
-86
-67
-2
56
69
25
-14
-34
-10
21
41
22
-15
-28
-28
-30
-11
21
16
-4
-52
-93
-101
-96
-91
-82
-76
-83
-62
-56
-44
-40
-30
-36
-83
-121
-128
-129
-129
-143
-93
-48
-23
-61
-88
-76
-88
-99
-90
-89
-115
-111
-106
-77
-70
-71
-47
-32
-43
-23
-22
-31
-46
6
59
69
73
55
13
-40
-17
16
-2
-30
-101
-154
-127
-96
-50
32
32
22
44
60
31
2
5
22
3
-17
-24
18
36
17
4
3
-8
-70
-127
-130
-66
-17
-24
-30
11
63
73
34
12
1
8
24
19
12
0
30
26
4
20
10
8
-28
-59
-91
-106
-118
-122
-118
-119
-132
-116
-49
-17
-30
-75
-103
-140
-87
-32
40
23
-30
-69
-73
-86
-86
-78
-70
-48
-5
19
12
12
62
111
85
65
41
28
50
43
1
-15
3
20
28
42
-32
-77
-96
-41
22
52
48
-13
-60
-54
2
21
29
2
23
33
29
15
5
-29
-3
55
78
4
-88
-114
-75
-35
-25
-74
-107
-82
-22
2
-27
-82
-98
-60
-9
9
-6
-15
-59
-91
-134
-121
-72
-55
-17
55
51
4
-56
-91
-127
-149
-124
-36
-2
26
39
18
-11
-26
12
74
105
81
37
12
15
61
117
102
98
100
58
26
-8
-16
8
26
50
25
14
-4
4
-16
-21
-42
-16
20
18
2
5
83
134
151
80
-6
-44
4
47
39
-37
-70
-74
-61
-91
-128
-122
-111
-104
-72
-42
-12
-34
-18
-20
-37
-24
-7
42
101
137
88
42
25
39
44
24
-25
-47
-47
-67
-64
-36
-45
-66
-48
5
7
-8
-16
-4
33
51
52
5
-31
-24
-14
28
48
2
-88
-131
-114
-53
-26
-35
-72
-83
-46
-4
-14
-32
-1
22
1
19
56
113
143
119
137
140
89
37
32
9
-14
1
-18
-62
-34
1
16
-25
-74
-63
-9
15
-13
-72
-97
-71
-47
-27
-63
-110
-66
12
40
19
-71
-110
-60
29
92
95
26
-16
9
60
25
-8
-37
1
-22
-8
20
-10
-35
5
-20
-50
-15
25
-19
-52
-31
23
81
76
85
54
26
-4
2
-5
6
-25
-72
-55
-16
31
87
97
68
66
113
95
32
11
44
110
135
129
112
112
77
40
-20
-67
-55
-24
-21
-59
-70
-15
35
85
62
55
52
19
3
44
61
77
89
110
69
39
1
4
-4
-16
-42
-35
-25
-9
-20
-14
23
45
28
-20
-58
2
59
111
147
124
93
117
114
91
108
61
44
4
42
61
40
2
87
153
141
115
86
83
90
102
73
77
78
62
-8
-33
-42
-38
-14
13
24
11
-29
4
-5
10
-22
-44
-91
-66
-41
-36
17
28
2
-26
-5
50
109
95
54
39
37
-12
-11
-11
21
49
59
34
2
-26
-9
31
102
88
36
2
33
44
42
55
93
125
135
144
141
121
113
110
123
95
108
147
146
95
39
19
15
-8
-18
-8
2
-5
-30
-45
-23
60
122
98
57
13
13
38
94
93
65
22
-35
-40
-25
-47
-68
-98
-116
-44
50
7
-40
-56
-4
46
46
31
43
0
-2
1
44
80
128
112
87
50
51
3
-21
-32
-39
-47
2
5
-38
-32
4
54
82
90
37
-47
-66
-16
46
78
53
52
-4
-19
-3
43
31
-25
-67
-67
-2
40
16
-25
-28
-2
4
40
59
44
12
5
18
44
116
163
127
54
46
91
95
103
92
70
80
72
79
38
21
28
47
28
33
50
-8
-27
-6
42
103
72
28
41
63
35
34
56
45
-7
-3
5
25
42
47
9
-26
-34
10
33
-18
-43
-43
-14
0
16
13
-37
-43
10
3
-7
20
-41
-95
-94
-108
-44
-18
0
-26
-41
-52
8
19
-20
-65
-64
-22
-9
-10
6
10
7
-6
-16
-8
34
59
38
6
-32
-58
-63
-8
51
30
2
-2
20
38
20
56
74
81
119
146
169
120
74
66
76
40
29
34
-14
-57
14
62
62
29
-6
20
73
107
96
86
89
74
40
48
49
81
94
75
67
36
-35
-75
-61
-16
-22
-33
6
5
10
8
-18
-48
-50
14
52
49
64
55
9
-37
9
2
18
8
-10
7
42
69
19
-65
-83
-33
-28
-76
-118
-112
-74
-51
-53
-65
-16
28
94
101
57
18
-24
-32
0
94
96
35
-48
-24
21
5
-34
-20
5
32
54
20
-7
-12
-20
-32
-46
-9
45
78
78
63
57
40
44
66
66
-15
-60
-69
-51
-51
-98
-102
-78
-76
-91
-30
31
53
27
11
-14
-19
19
80
139
135
147
135
115
90
88
97
61
40
7
-23
-28
14
10
13
18
3
-13
10
35
41
23
26
54
57
38
8
1
-6
-3
-15
-58
-85
-45
-18
-35
-38
-61
-91
-107
-99
-65
-25
5
26
30
33
29
15
21
41
24
-6
-31
-30
40
121
117
100
66
-2
-35
-8
-1
-3
34
47
32
22
-16
8
50
58
-11
-53
-39
-16
-21
-52
-22
-14
-16
13
42
57
7
-55
-24
34
26
1
-7
-4
43
42
25
41
99
119
104
42
27
16
41
71
92
103
83
41
-13
-55
-65
-75
-37
-6
-4
-17
-30
-70
-94
-125
-111
-31
37
40
-4
-39
-39
11
37
15
-33
-29
64
93
10
-12
-2
-11
-11
30
20
-11
-48
-46
-62
-71
-48
-19
-23
-31
-1
24
42
70
87
103
81
19
-4
-43
-62
-29
-8
-44
-73
-63
-46
-44
-42
-61
-45
-9
20
7
-11
-36
-29
11
55
24
-3
8
17
-11
-9
14
21
13
-43
-63
-11
5
-29
-80
-98
-71
7
56
37
-20
-42
-11
-9
-35
-85
-124
-95
-46
-44
-38
-28
17
87
112
110
124
78
17
-13
-26
-53
-47
25
78
45
-20
-65
-27
31
81
81
34
43
92
104
59
34
-7
-18
-3
49
39
-4
-45
-83
-52
-3
-23
-60
-16
6
26
12
-15
-16
-42
-65
-34
-26
-31
-55
-41
-35
-47
-43
-47
-52
-71
-93
-91
-51
-39
-11
-12
-21
-6
14
-21
-74
-78
-13
62
71
51
1
-38
-26
-29
-43
-62
-127
-106
-78
-89
-104
-101
-85
-42
-4
22
-5
13
49
73
72
70
37
4
-47
-60
-27
-60
-128
-127
-68
-32
-78
-50
-32
-53
-25
17
43
20
2
-19
-38
-39
-37
-31
-24
-40
-61
-85
-104
-95
-64
-70
-88
-87
-81
-93
-112
-131
-132
-83
-32
6
-17
-58
-39
-35
-83
-82
-36
-59
-68
-72
-100
-60
-19
2
-21
-68
-83
-65
-62
-98
-90
-76
-77
-55
-7
13
13
4
26
46
63
35
38
26
-12
-32
-59
-49
-10
21
-34
-56
-25
6
-31
-66
-77
-70
-44
-17
1
3
-3
29
38
24
11
20
47
11
-34
-19
30
11
-7
-34
-69
-94
-96
-149
-138
-137
-108
-109
-108
-92
-62
-84
-86
-59
-42
-50
-47
-31
-4
-47
-84
-60
-30
22
-10
-62
-92
-89
-101
-92
-66
-22
-38
-26
14
-14
-55
-39
30
50
26
0
4
-1
16
25
46
61
70
52
42
28
-6
-4
30
-15
-58
-75
-71
-70
-29
8
-2
-43
-58
-65
-69
-10
12
13
-18
-33
19
35
-13
-49
-73
-58
-29
-15
-13
1
2
4
29
54
41
9
-32
-43
29
67
40
30
20
9
-40
-53
-1
89
136
92
39
12
21
28
31
-2
-1
22
33
47
24
-45
-50
-40
-71
-80
-42
27
32
3
-51
-10
26
37
37
19
-45
-39
14
-4
-41
-27
-1
49
79
62
18
-24
-33
-7
48
51
56
68
76
71
61
26
4
16
44
51
34
21
18
22
37
34
36
20
-24
-33
-52
-62
-22
-19
-3
-31
-40
-8
4
-2
0
-33
-73
-83
-8
45
23
1
8
0
-33
-41
-25
-10
-33
-24
16
26
52
63
72
73
30
11
73
127
129
45
-1
-24
-3
33
-13
-71
-21
65
127
109
121
110
63
45
95
94
37
23
30
49
70
63
66
58
75
29
26
45
43
62
44
31
-11
-39
-6
22
29
-7
-35
-70
-43
-18
49
59
65
82
91
54
-15
-30
-28
-42
16
52
36
17
16
1
-19
2
21
51
25
8
-9
-19
-41
-21
-41
-63
-43
38
96
143
174
118
53
18
26
43
46
35
32
10
10
-4
-6
-25
-6
-3
0
61
67
34
2
-14
-8
33
44
43
6
-18
5
38
14
29
77
51
3
-21
-37
-61
-28
-23
-78
-53
4
-4
-27
-21
46
58
43
44
16
-40
-27
-28
-11
-61
-80
-44
8
3
-50
-35
-19
-15
-2
-9
-37
-70
-57
-45
-9
20
51
55
59
6
-22
13
80
163
180
99
12
-3
-17
44
31
30
45
49
93
45
25
17
-11
-26
8
59
52
58
75
60
39
32
37
59
104
68
38
-6
-23
-26
-54
-41
-39
-52
-40
-46
-6
-3
5
29
4
1
30
19
28
41
18
13
34
45
30
23
18
26
-16
-13
35
72
22
-73
-86
-97
-105
-28
37
38
-6
-46
-41
-47
-32
-20
-41
19
57
46
43
35
-6
-25
-28
-39
-34
-16
7
23
-3
4
13
21
19
20
42
50
51
64
54
41
23
9
33
55
-22
-88
-34
-19
-29
-45
-50
-40
-40
-1
3
-16
-59
-57
-51
-28
3
59
45
20
-34
-60
-58
-22
8
10
-38
-80
-93
-47
-64
-19
-1
-7
-79
-91
-68
-68
-31
11
22
7
-24
-60
-22
-20
-6
-6
-23
-33
-5
2
9
4
7
-2
1
11
-19
-29
2
36
1
-51
-67
-62
-15
0
15
36
37
30
57
57
65
57
41
3
-4
-33
-31
-43
-30
41
50
35
22
88
84
70
49
58
4
-16
-63
-101
-120
-50
7
76
87
50
25
-34
-43
-49
-68
-38
-39
-33
-18
-19
-14
30
33
22
10
-4
-36
-33
-7
36
-32
-70
-48
-48
-51
-40
-21
-25
-39
-23
20
25
0
-21
-12
17
33
23
22
16
41
81
73
57
45
61
79
70
74
91
30
-18
-25
-17
-29
-21
-37
-76
-90
-112
-110
-93
-35
45
91
103
69
78
94
99
81
86
37
-1
-24
8
-17
-59
-88
-61
-25
-33
-70
-88
-56
-86
-108
-133
-90
-88
-119
-98
-60
-31
-3
-37
-36
-10
16
-7
-59
-100
-91
-57
-28
-24
-28
-17
17
34
-3
-37
-15
40
20
-25
-11
-18
4
12
46
3
-47
-32
-30
-4
-20
-29
33
39
25
4
1
14
30
18
8
12
4
25
-6
-81
-136
-92
-38
-21
-23
-27
46
114
77
44
18
21
43
49
25
5
12
-3
-27
-64
-82
-47
-31
5
-21
-12
-29
-49
-38
8
55
41
29
69
73
63
52
53
83
89
54
20
7
-44
-41
-1
23
39
60
83
61
71
130
120
88
107
153
184
119
68
37
-8
-18
16
100
82
30
21
11
31
2
3
35
30
57
34
3
-19
4
40
55
30
-3
-31
5
25
7
1
30
11
11
2
5
-1
-21
36
116
121
111
66
23
-3
-5
32
77
23
20
83
60
26
5
54
103
95
25
-4
-51
-48
-86
-77
-61
-22
-27
0
-1
5
10
-3
-27
-35
8
10
-4
-48
-41
-31
-28
-4
50
76
85
49
56
33
62
100
122
113
71
52
54
74
63
75
55
48
55
31
53
65
10
-17
-26
-25
25
41
30
-39
-81
-39
33
48
-21
-97
-47
-38
-41
-45
-20
-41
-49
-52
-48
-31
-14
8
11
39
71
13
-20
16
72
53
-12
-27
19
18
7
-40
-109
-115
-83
-77
-71
-83
-71
-53
-9
14
15
6
26
50
90
61
66
48
19
5
24
3
-19
-14
-13
-12
-21
-39
-11
10
-28
-49
-7
-25
11
47
87
80
39
-4
-25
-46
-9
33
58
37
-19
-48
-70
-74
-63
-84
-100
-85
-28
-9
-27
-4
13
-2
-59
-60
-37
-42
-31
-46
-41
-48
-15
23
-1
-26
-53
-47
-42
-60
-73
-111
-97
-92
-120
-131
-181
-111
-15
-30
-74
-62
-36
-13
4
25
12
7
-37
-37
-63
-46
-5
0
-12
-90
-102
-68
-38
-39
-32
-27
-8
-7
-8
9
47
58
49
40
36
32
14
10
-32
-44
22
62
35
35
25
34
-28
-47
-6
35
12
-34
-80
-87
-100
-81
-25
15
33
17
11
2
-16
3
23
34
90
74
36
28
6
25
18
-11
23
33
18
-11
-21
20
44
19
4
-32
-34
-33
-2
-39
-46
-19
2
35
47
-4
-50
-35
-44
-13
-39
-33
-32
-28
-75
-47
-2
-8
-59
-67
-83
-47
-55
-32
43
93
91
46
47
59
72
67
35
33
-2
-30
-24
28
-9
-58
-31
-20
-1
-6
-24
-7
-6
7
31
53
101
112
69
14
-32
-59
-57
-26
-9
3
-5
18
66
37
11
11
4
-5
-1
-3
-11
1
-21
-39
-7
10
15
-34
-88
-78
-43
-12
10
-25
-96
-122
-99
-64
-16
-11
-45
-47
-25
18
12
-4
6
2
33
21
-12
7
13
14
5
-48
-83
-26
2
16
35
48
66
39
23
-24
1
4
-39
-61
-123
-122
-91
-27
-49
-62
-63
-23
22
0
27
51
13
-25
-59
-10
4
-44
-58
-73
-99
-85
-34
-11
26
109
94
74
84
46
-18
-5
19
32
48
46
10
11
72
119
58
13
16
-9
1
-43
-26
-43
-94
-104
-73
2
2
-29
-56
-50
20
93
34
-16
7
9
21
48
74
100
94
58
8
-26
-42
8
34
37
22
-34
-66
-90
-68
-19
-39
26
77
53
25
11
-20
-28
19
36
-54
-102
-131
-67
-44
-54
-47
-20
14
45
61
24
-9
0
-22
-22
-29
-51
-75
-67
-45
-53
-77
-67
-67
-50
-114
-130
-75
-41
-32
-73
-90
-67
-32
8
21
10
34
89
115
121
43
-5
-15
-23
-3
19
25
21
16
19
52
92
33
-30
-62
-50
-47
-17
19
5
-23
-49
-24
-32
-41
-41
-11
-54
-37
-27
-34
8
27
27
50
30
-10
31
42
-6
-65
-92
-100
-66
-31
-8
4
-40
-59
-34
-20
-56
-39
-18
-4
-11
-3
1
-6
16
15
18
15
-15
-65
-91
-59
-53
-20
-7
-51
-64
-1
14
34
37
11
18
67
59
57
99
86
101
113
70
43
36
-26
-47
-82
-75
-36
-10
43
78
53
-22
-39
-50
-10
26
34
30
31
-4
-31
-25
-31
-61
-42
31
-29
-82
-100
-41
4
-27
-55
-73
-50
-45
-65
-98
-70
-78
-77
-64
6
56
60
-3
-38
-55
-96
-20
53
41
-12
-111
-110
-40
23
31
29
-3
-25
-23
10
71
51
4
-24
-8
12
81
108
113
47
67
49
99
67
85
58
12
-10
47
94
43
15
18
-3
-3
-12
-16
-8
-38
-36
-39
-8
19
21
-7
-24
-27
-43
-18
-21
-6
9
-24
-5
19
-24
-5
1
34
48
40
-34
-69
-56
-38
-61
-82
-60
-24
31
-7
-24
19
47
10
-4
-15
4
23
45
-16
-30
-35
-16
56
14
20
29
-1
-25
13
60
112
107
39
28
42
59
74
56
53
35
62
103
136
105
51
43
55
76
97
80
38
55
30
23
27
94
117
159
113
42
25
87
121
87
17
24
7
-14
-57
-83
-77
-60
-43
-47
-72
-64
-69
-74
-119
-47
-28
-6
9
-1
23
23
9
47
6
-49
-81
-33
19
12
4
16
11
41
64
43
22
43
59
40
31
37
45
74
99
92
87
67
40
26
-1
-25
-33
-1
86
89
56
32
-23
-20
5
-5
22
35
21
82
125
143
126
101
52
70
102
76
55
7
12
-5
12
23
14
36
45
25
-1
-7
-25
6
11
-18
-12
-29
-1
-13
-15
11
29
-6
-48
-88
-85
-33
27
37
8
2
6
27
13
-24
-13
-9
-8
-5
-10
-4
2
32
75
71
31
37
46
76
78
69
23
-2
-44
-13
-13
-35
-59
-29
-8
12
-3
5
5
-42
-29
-11
42
50
27
19
8
50
61
61
34
11
-2
-17
0
3
8
-18
-20
-1
-13
10
-6
-67
-58
-63
-33
-16
1
15
21
35
10
-39
-16
-18
-18
-50
-35
-51
-28
-51
-125
-120
-130
-130
-116
-89
-59
-47
-21
3
18
4
2
-2
-12
40
42
10
43
67
74
57
-6
-18
-10
-30
-44
-30
-29
-33
-33
-14
-1
-39
-29
-25
-9
-19
-16
-25
30
47
-20
10
25
35
15
4
7
-18
-48
-3
26
9
-33
-17
-17
-43
-78
-85
-41
-2
39
17
42
51
68
12
0
-1
-2
-21
-24
-8
15
-30
-85
-68
-68
-56
-90
-122
-79
-50
-39
-35
-41
-30
-17
-22
-28
-5
-6
-26
4
65
121
105
111
118
86
32
42
33
6
-32
-64
-17
42
65
62
39
-1
44
51
38
71
119
101
37
11
33
79
101
66
21
2
-45
-33
-35
-59
-74
-58
-57
-105
-124
-60
-6
-36
-90
-130
-78
-43
-14
1
-21
24
19
19
36
54
22
-8
-44
-39
-18
-13
-47
-16
0
-7
2
-13
-60
-20
10
-101
-66
-26
38
13
-51
-38
15
72
48
37
49
84
25
4
39
35
33
40
4
-12
-15
29
40
30
65
81
85
44
13
25
61
91
51
20
26
50
49
3
-14
32
60
90
34
8
-24
-55
-89
-75
-34
-24
-7
13
14
3
-16
14
33
19
-29
-29
-27
-18
-26
-41
-22
19
21
-15
-73
-44
-60
-62
-51
-30
-10
-2
-21
-49
-32
17
42
69
41
11
-20
-35
-28
-15
-49
-26
-46
-39
-14
23
75
103
109
64
16
40
109
136
122
139
161
168
112
61
75
100
72
29
19
-10
-8
47
54
43
-14
-23
-41
-38
-89
-71
-45
-7
-3
-4
14
29
39
37
8
18
7
4
22
-3
-40
-43
-51
-31
-43
-28
-36
-33
-25
-76
-117
-101
-65
-32
-34
-66
-76
-18
12
20
40
16
20
36
69
77
17
12
5
17
-10
-15
-36
-14
-27
-40
-23
25
52
79
127
135
118
96
110
137
105
56
57
81
60
34
-21
-69
-66
-47
-24
18
51
35
-9
-28
3
22
28
-20
-55
-29
-39
-32
-9
56
132
122
44
28
31
20
-3
-23
-7
-7
-40
-69
-73
-46
-33
-31
-24
-37
-22
31
92
69
75
99
88
87
44
-9
41
58
26
40
76
74
64
52
14
-52
-33
5
-12
-15
41
54
55
81
91
89
124
146
126
97
88
72
86
56
8
17
88
86
80
49
8
20
48
38
-40
-66
-83
-91
-60
-37
-36
-15
-10
4
7
-8
8
27
44
43
31
24
26
6
7
21
48
20
-2
-28
-31
-27
-50
-60
-52
-99
-92
-78
-50
-27
-10
29
29
-16
-34
-21
-1
14
37
34
5
2
-17
-33
-46
-72
-62
-45
-29
-34
-21
10
20
-27
-39
-34
15
70
102
65
91
110
120
98
109
69
66
28
-22
-4
57
52
19
11
27
48
70
53
40
-1
-12
-6
7
8
30
42
38
-11
-60
-21
15
-24
-93
-105
-78
-41
-26
-52
-52
-72
-87
-70
-28
-23
-81
-67
-19
-27
-55
-79
-101
-42
-24
-41
-24
16
14
-33
-55
-25
5
29
56
38
30
32
36
52
68
70
87
110
75
50
40
47
82
78
30
30
79
88
6
-46
-68
-15
-29
-61
-59
-24
-16
-42
-53
-38
-63
-53
-10
-23
-64
-88
-73
-25
-39
-107
-114
-80
-32
-14
-22
-11
-15
-34
-86
-92
-68
-74
-61
-43
-56
-43
-33
-46
-84
-26
-18
-35
-68
-60
-21
-1
15
42
23
4
-39
-20
6
33
49
66
22
17
60
100
85
65
12
-20
-4
15
59
71
78
35
11
15
32
-2
-7
22
57
87
127
83
33
21
52
-1
-38
-19
23
76
60
13
3
-9
-17
-16
-5
-37
-57
-47
-44
-30
-54
-84
-93
-74
-18
-32
-63
-81
-60
-53
-43
-26
-46
-63
-55
-1
-15
-38
18
1
-57
-88
-58
-27
13
28
-39
-57
-43
-61
-69
-36
-27
-49
-74
-89
-69
-1
4
-1
42
36
28
73
91
72
87
110
67
25
32
20
38
36
2
-1
41
53
54
41
27
-10
27
47
14
-13
-11
0
52
43
25
-22
-21
-68
-99
-67
-39
-31
4
33
27
-10
-94
-103
-81
-40
-7
-10
-38
-56
-66
-77
-49
-11
-18
-20
-30
-67
-103
-76
-44
-45
-92
-109
-58
-23
-42
-55
-28
-21
-28
-33
-29
-12
-16
5
26
4
18
-20
8
37
47
4
-11
-40
-61
-67
-45
-53
-54
-31
12
30
60
84
99
76
62
79
58
25
28
43
5
-56
-65
-74
-33
-2
-2
-51
-85
-97
-67
-52
-55
-72
-73
-35
1
2
-16
-10
1
3
-26
-32
-19
-13
-76
-114
-126
-120
-113
-80
-30
-7
-14
-20
-7
-16
19
8
-14
-14
16
13
-45
-78
-36
4
36
40
11
-15
-11
14
21
22
8
1
-9
-55
-37
2
-5
-16
-3
1
18
15
8
22
80
80
28
2
32
34
-5
-3
10
6
-29
-64
-90
-80
-36
21
40
39
15
-10
-21
1
2
9
29
31
24
-13
-35
-40
-20
-15
-40
-86
-94
-43
-14
-35
-63
-57
-17
30
18
-32
-37
-15
-4
22
32
52
26
10
75
125
109
54
1
-21
-1
41
40
1
0
1
10
15
6
17
12
-17
-24
25
15
-6
-37
-51
3
47
55
31
-1
-16
-27
-24
8
0
-22
-25
-27
-23
-22
-38
-41
4
42
20
-5
-7
18
34
17
23
65
42
43
57
70
47
-16
-7
38
23
2
-16
-2
22
44
31
-5
-24
5
25
13
32
72
55
21
33
60
92
101
78
102
117
111
80
25
-5
27
48
51
47
11
-6
1
0
13
-9
11
53
65
64
104
121
115
67
22
64
106
107
64
21
42
38
40
32
11
-10
-5
13
21
-3
-21
-11
-8
-17
-13
-23
-21
-32
-44
-76
-81
-44
-4
5
-3
-22
-4
-3
16
-4
7
5
3
-14
-68
-97
-93
-87
-71
-52
-45
-36
-22
-6
-7
-2
38
63
97
76
86
101
102
37
50
54
28
-40
-61
-60
-2
19
12
-15
41
65
70
43
72
73
72
76
71
55
83
81
111
119
74
29
24
15
2
10
23
27
-27
-27
12
9
-18
-29
14
40
29
-1
17
26
-7
-14
-24
-45
-33
-27
16
48
52
12
-31
-65
-69
-69
-33
-5
75
84
18
-9
-27
-9
-18
1
26
22
52
65
100
70
84
88
74
79
72
40
18
-29
-58
-60
-16
10
9
-10
-12
-8
-12
-39
11
37
40
-7
-13
1
47
49
32
-7
12
8
-49
-99
-93
-52
-9
-51
-60
-15
-20
-24
-36
-36
-32
-18
0
18
12
-1
-3
-10
-8
-4
3
20
24
55
-14
-104
-88
-43
-27
22
12
-8
-51
-65
-119
-127
-95
-61
-43
-22
1
15
-30
-66
-82
-60
-1
57
35
-21
-27
-34
-48
-58
-63
-39
-17
-30
-64
-72
-42
-37
-47
-48
-41
-41
-33
-38
-29
10
27
52
37
-1
-25
9
21
-1
1
33
42
47
33
-16
-51
-54
-49
-51
-23
10
19
7
-21
-33
16
46
22
-47
-102
-79
-27
-17
-69
-70
-49
-29
-9
-34
-32
-4
-2
15
14
32
23
12
-4
-31
-94
-101
-76
-25
-16
-53
-8
9
7
31
58
47
37
-17
-32
0
-40
-74
-84
-57
-33
-55
-93
-82
-76
-92
-64
-43
-18
-26
-33
38
74
61
36
24
-20
-50
-46
-39
-34
-30
-54
-78
-66
-63
-72
-66
-24
5
40
18
6
16
43
38
-11
-45
-92
-109
-113
-113
-71
-58
-99
-111
-95
-92
-73
-67
-95
-105
-138
-107
-63
-66
-26
-29
-37
-44
-22
-19
-20
-44
-46
-53
-31
-18
-16
-19
-49
-36
-27
-28
-29
-3
17
-4
5
-8
46
97
110
105
94
103
80
43
-15
-61
-32
44
47
-20
-75
-102
-87
-68
-63
-57
-80
-66
-37
-25
-13
22
13
-14
-23
-34
-10
-13
-21
-49
-57
-32
-6
18
-20
-41
-49
-82
-106
-96
-61
14
21
-3
-51
-75
-47
35
65
41
14
2
15
-15
-63
-73
-37
-8
4
-15
-13
22
61
41
-9
-30
-35
-14
-7
-7
-13
-28
-55
-4
45
43
21
19
16
0
-33
-10
31
29
-3
33
55
40
26
26
-8
-62
-81
-46
9
-4
-22
-34
-49
-40
-63
-89
-62
-3
14
17
0
-20
-13
5
49
58
27
-5
4
-20
-67
-53
-61
-49
-8
60
64
48
6
-22
5
20
39
26
26
28
49
52
32
26
7
-11
-28
-29
-17
-10
-5
4
12
-4
-1
44
44
29
16
8
-9
-29
2
45
43
16
-5
39
73
49
4
-14
-27
-58
-69
-39
20
11
11
58
99
97
66
41
2
-18
-8
-6
9
-3
-50
-76
-34
-22
-55
-37
-8
19
-9
-64
-81
-49
-1
24
7
45
52
41
16
24
41
34
-33
-69
-66
-38
-5
-14
4
36
40
3
17
60
84
59
42
63
75
38
24
32
24
66
104
93
55
10
42
90
91
36
36
44
80
77
68
75
87
61
33
44
32
31
16
4
-23
-46
-64
-11
40
57
56
26
-10
-29
-65
-64
-39
-43
-48
-72
-89
-43
-15
-23
-5
-14
-23
-28
-48
-30
-15
-22
-29
-23
-45
-40
2
24
38
41
24
-15
-17
28
43
39
40
40
50
84
94
93
82
36
11
85
102
86
59
34
33
29
14
20
51
58
47
55
31
7
-19
2
-13
-10
-9
19
9
9
1
23
13
-25
18
48
25
28
6
15
8
26
45
37
-39
-74
-49
-3
4
0
-17
-22
-33
-42
-31
5
20
41
37
2
-8
9
50
18
-22
-8
19
-10
-47
-39
-81
-82
-51
-11
-10
-15
-41
-62
-86
-35
-18
-30
-91
-111
-106
-35
-24
-1
-36
-67
-19
30
36
31
42
48
-2
-7
-15
9
-22
-10
-3
1
-47
-56
-36
-15
-33
-17
-30
-31
7
47
60
21
16
13
-15
-15
-26
-4
34
30
-21
-68
-32
21
60
59
31
4
-13
-34
-23
-34
-46
-42
-67
-70
-63
-13
23
85
52
-5
-75
-43
19
31
35
15
14
-18
-34
-58
-74
-47
-39
-42
-54
-85
-92
-68
-53
-4
51
70
-7
-99
-121
-4
49
50
15
25
0
-42
-57
-60
-10
31
28
22
-16
-17
10
26
51
30
30
50
58
52
73
63
50
21
14
26
35
5
-40
-71
-82
-53
-53
-83
-73
-59
-58
-21
-19
-15
-35
-48
-69
-55
-1
42
58
34
41
29
-23
-17
-11
32
37
5
-29
-28
-60
-72
-31
16
6
45
62
53
50
44
38
28
25
22
24
29
56
60
24
43
63
27
-23
-19
30
48
34
11
-4
-9
-28
-3
-9
15
9
29
40
76
47
37
17
25
56
46
8
4
-22
6
57
48
0
-1
15
-5
-39
-16
5
15
25
10
53
71
70
66
62
65
46
37
61
94
110
106
96
61
32
45
49
25
28
76
29
-27
-52
-5
8
25
-6
-27
-20
-25
-35
-25
-26
-6
2
-21
-7
17
6
16
20
31
56
86
69
68
63
-12
-31
5
21
43
31
-4
-11
4
-6
7
38
52
32
30
49
83
83
40
-32
-65
-63
-46
-61
-72
-56
-49
-39
7
49
33
-35
-63
-38
-27
2
24
4
-22
-15
-6
-9
-77
-80
-68
-30
-45
-67
-60
-28
6
-2
-61
-61
-10
30
37
46
27
15
13
28
10
-36
-62
0
14
-51
-69
-57
-57
-77
-85
-73
-66
-90
-100
-58
-29
-65
-71
-33
18
36
56
59
65
44
46
44
25
-10
28
37
-39
-42
-9
-9
-10
-51
-46
31
56
47
22
28
-49
-48
-46
-48
-30
-31
-8
38
82
89
125
61
12
23
41
40
30
-6
5
-1
-15
-75
-60
-72
-52
-49
-67
-51
9
37
15
-44
-37
22
51
21
6
20
22
14
-23
-20
-11
-38
-75
-79
-82
-73
-51
-15
43
21
-23
-33
-24
-25
-11
13
-12
-19
-4
-6
43
58
27
-8
33
21
-18
-57
-91
-64
-75
-99
-70
-57
-28
-25
-51
-33
45
51
-3
28
59
71
47
47
32
43
35
-25
-24
-21
-25
-38
-3
-12
-40
-65
-74
-52
-37
-18
4
-5
-24
-34
8
12
28
41
54
55
44
45
48
37
3
-6
0
-4
15
0
-23
-86
-83
-47
21
15
61
70
66
82
69
17
65
101
102
79
40
6
14
-24
-42
-46
-18
-23
10
-4
-20
-20
-48
-57
-29
24
38
46
39
51
61
39
36
10
12
39
28
5
40
38
17
29
26
24
23
-8
-9
16
16
14
-11
-28
-42
-34
-31
-4
-20
2
29
47
50
85
100
80
33
37
46
20
16
35
33
46
1
7
10
6
1
-10
9
39
39
51
50
84
76
77
88
59
27
67
107
110
143
103
81
60
47
75
38
24
-4
-7
-27
22
1
38
35
23
-19
3
7
44
47
70
80
55
22
25
27
-22
-46
-66
-47
-68
-43
-13
-40
1
-7
8
-21
-39
-33
2
1
48
24
34
41
25
-11
-11
5
15
27
0
-25
2
81
65
9
4
8
80
62
-7
16
92
133
134
53
30
41
67
85
41
37
35
31
12
46
28
-25
-44
7
20
9
17
61
65
38
15
30
45
32
42
46
44
7
11
43
9
-19
-15
-27
-68
-46
-39
-16
-21
-30
-36
15
9
0
29
82
40
6
6
9
36
55
50
23
11
30
31
40
29
28
17
-1
5
65
26
-41
-47
0
63
32
13
29
34
30
36
65
87
89
42
59
0
-13
-11
12
46
33
8
-19
-18
11
31
65
52
39
-14
-43
-38
-14
18
87
94
60
76
84
102
83
50
83
103
82
55
55
30
-30
-38
23
67
63
30
29
0
-37
15
63
99
98
88
49
23
47
84
93
83
51
9
-49
-16
51
94
63
57
47
0
4
33
70
102
42
19
31
30
24
6
5
6
20
73
74
52
26
41
83
70
6
-13
2
16
8
1
8
-23
-27
-11
-19
14
53
86
48
47
62
85
112
107
58
51
82
44
-1
-14
-8
3
35
41
9
-45
-42
-12
13
11
-1
-16
4
12
5
51
96
100
107
100
77
59
28
26
44
15
33
45
40
20
-3
-22
-45
-50
-41
-20
-10
22
47
44
13
56
64
29
-19
-12
57
119
92
77
80
76
56
12
-20
3
15
-2
-9
3
-24
-23
-40
-100
-99
-32
31
58
78
100
78
51
36
49
58
60
49
32
-26
-26
-62
-74
-70
-44
-54
-60
-122
-124
-126
-105
-106
-82
-45
-17
-9
-18
-40
-34
-39
-54
-66
-10
2
33
31
-5
-47
-100
-65
-34
-9
-23
-8
25
6
-9
-11
-3
-27
-51
-45
3
-21
-27
-59
-25
-18
28
31
43
6
3
3
2
-16
-30
-59
-30
-30
1
-25
-50
-35
-13
19
59
38
44
31
-35
0
14
31
43
18
-18
-16
-25
-12
-15
-42
-80
-84
-53
-53
-35
-35
-25
-31
-5
-44
-54
-25
4
-12
-35
18
39
-13
-53
-84
-64
-57
-52
-27
-46
-32
29
39
24
40
32
34
2
-17
24
62
12
-43
-77
-57
2
36
14
41
53
22
46
63
59
16
-65
-64
-42
-22
-12
-3
-21
-63
-43
-41
-14
-44
-43
-34
-5
-3
26
53
13
34
33
72
90
104
74
46
-1
28
35
6
-14
-12
-16
-15
-14
18
7
-27
-84
-77
-2
38
-3
-4
35
28
-5
-41
-27
-8
36
36
38
62
54
52
27
20
9
13
11
35
51
61
89
87
45
7
-37
-2
13
-5
-37
-15
-15
12
49
40
-21
-62
-51
41
79
77
-12
-60
1
16
-10
-41
-55
-11
19
-2
-14
15
17
-28
-33
1
-19
-11
12
7
-28
12
44
57
67
37
2
11
21
12
-9
2
-17
-1
-9
-41
-46
-35
-33
-34
35
36
-27
-22
3
61
80
66
20
19
14
7
48
26
6
8
-7
-25
-24
-36
3
38
-36
-51
-56
4
8
4
-35
-18
23
20
-27
2
42
68
48
-12
-54
-8
-7
-21
-38
16
55
90
58
43
26
35
0
18
8
11
-5
29
28
28
28
24
11
30
17
-15
-7
21
28
3
-4
-31
-9
-7
22
42
81
56
13
-32
-1
59
90
46
-12
-45
-25
26
53
51
11
29
48
33
28
32
43
30
5
-10
49
62
47
20
17
16
49
73
57
29
34
56
72
52
29
-4
8
-14
-45
-49
-31
7
0
-9
7
-12
-21
6
-20
-46
-38
-12
46
60
12
-60
-15
11
49
56
27
5
16
-7
-32
-42
-13
23
24
-12
-30
-105
-126
-137
-133
-129
-112
-96
-47
-18
31
-5
-38
-7
33
-32
-76
-71
-31
-42
-76
-81
-95
-111
-109
-132
-94
-57
-44
-75
-71
-75
-52
-48
-72
-92
-63
17
40
-13
-39
-21
-15
-8
11
-11
-9
-46
-19
4
-2
1
28
35
7
-26
-34
-20
-26
-63
-69
-51
-35
-31
-2
9
-9
-50
-40
-6
-8
-11
-24
-42
-62
-24
-46
-59
-49
-81
-104
-125
-93
-72
-15
-21
-59
-74
-61
-63
-45
-8
12
28
20
-3
-8
-28
-51
-19
-11
0
-15
-54
-60
-26
-28
-43
-32
-25
11
47
28
51
38
72
88
66
72
41
45
43
61
51
25
4
23
26
-7
-2
35
55
60
65
68
65
38
15
16
56
48
30
49
35
7
-32
-43
-28
-11
37
27
23
9
21
19
15
-10
-38
-31
-44
-35
-19
-10
-25
-26
22
71
97
91
59
32
38
42
27
21
38
22
31
6
-8
-1
-11
-34
-9
-31
-65
-65
-47
-55
-52
-34
15
32
69
3
30
71
90
67
-12
-41
-20
-28
-15
-55
-54
-72
-33
5
37
49
33
-6
-19
-45
-49
-68
13
14
1
-17
7
47
12
9
-37
-20
26
32
38
47
65
62
35
2
-13
-3
-10
-55
-99
-86
-30
30
81
104
78
27
36
86
80
107
97
73
41
35
7
-74
-110
-110
-86
-59
-81
-123
-161
-143
-121
-77
-71
-56
-26
-1
27
32
53
81
91
107
97
27
22
7
-10
-29
-35
-13
-60
-29
-60
-85
-117
-103
-98
-75
-23
-17
-10
10
4
-10
23
34
50
48
58
36
37
15
34
-12
-49
-61
-60
-38
-35
-55
-75
-34
-11
-3
-5
-24
-25
-11
-60
-108
-154
-120
-39
-33
-79
-98
-65
-29
-18
-72
-78
-67
-69
-65
-36
-22
-48
-88
-92
-111
-76
-81
-80
-31
-28
-4
-15
-26
-44
3
7
1
-3
0
31
15
-32
-72
-60
-54
-70
-95
-96
-108
-86
-14
16
29
7
12
27
50
2
-22
-24
19
0
-4
-23
-18
-11
20
-20
-49
-47
-51
-91
-71
-74
-69
-72
-79
-54
-27
6
-6
-23
-47
-62
-48
27
11
-29
-78
-65
-58
-80
-103
-96
-103
-62
-6
-24
-32
-4
-1
28
5
-25
-59
-14
8
5
22
83
83
35
27
51
74
81
24
6
-36
-60
-61
-42
-33
-16
-8
-5
-13
0
3
26
45
56
56
23
23
9
11
8
-12
34
45
42
49
38
-22
-54
-73
-84
-72
-23
-39
-96
-110
-72
-33
-24
-52
-6
14
-1
29
30
43
57
54
40
45
17
-18
-69
-110
-140
-136
-140
-146
-112
-58
-14
-54
-80
-42
34
22
-2
20
39
68
61
-14
-46
-36
-57
-36
-66
-40
-27
14
-9
-27
-21
-34
-10
-51
-80
-89
-43
-23
-24
-39
-40
-38
-49
-34
-22
5
19
0
12
19
8
-33
-39
-11
-50
-87
-49
-13
12
25
9
26
10
26
21
41
47
49
18
4
-41
-87
-110
-106
-100
-93
-60
-55
-72
-100
-89
-93
-80
-78
-69
-44
-42
-50
-64
-78
-106
-52
-48
-60
-29
-26
-67
-83
-89
-83
-68
-51
-52
-40
-23
-22
-70
-76
-52
-47
-60
-33
12
38
83
53
35
1
-36
-47
-49
-10
-1
26
11
39
56
17
-19
-58
-28
-18
-52
-56
-78
-64
-42
-44
-51
-47
-77
-99
-118
-70
-38
-64
-91
-72
-26
-20
4
3
-6
-57
-75
-77
-45
-32
-73
-126
-162
-126
-71
-59
-103
-81
-23
-10
2
-7
-8
2
16
29
1
-19
-65
-84
-30
-28
-55
-74
-48
-25
-27
-18
-16
0
-19
-40
-35
21
27
-1
-28
-43
11
54
25
-29
-2
43
35
-14
-38
-49
-23
-26
-33
-45
-13
31
50
43
52
66
55
28
12
28
25
23
-34
-22
-34
-43
0
47
34
-13
-10
7
35
-18
-55
-37
-14
4
15
-1
-27
-55
-10
31
69
49
20
-7
-5
42
67
59
64
48
24
6
26
-11
-25
-51
-39
-13
-23
-34
-38
-73
-50
-38
-29
9
53
70
78
89
115
111
103
76
72
101
79
66
44
58
90
27
-19
15
88
117
101
85
108
132
161
116
74
85
101
100
75
13
33
23
19
-35
-79
-54
-22
5
13
45
63
70
110
109
95
92
72
47
36
38
65
32
4
-33
-26
-36
11
-6
-45
-52
-3
47
51
0
-14
-38
-8
-19
11
6
4
24
42
28
0
32
40
83
80
107
97
98
25
-9
-39
-29
-40
-61
-49
-31
-37
-8
-17
-34
2
57
71
68
39
32
51
67
80
47
38
32
47
7
-16
-77
-41
-30
-30
-55
-85
-113
-86
-47
-14
5
31
36
41
43
64
56
74
98
93
70
24
23
-17
-53
-55
-44
-38
-76
-77
-84
-75
-94
-107
-42
-9
7
-9
-13
26
43
27
-3
17
62
79
26
49
72
48
44
5
-26
-32
-18
4
-9
-36
-59
-51
-57
-28
-10
51
42
-15
-7
35
18
47
76
94
89
93
64
29
23
15
-17
-71
-72
-69
-59
-53
-34
-56
-70
-60
-34
-27
-5
-34
-4
72
105
69
47
57
49
16
24
37
53
10
-64
-61
-63
-67
-83
-86
-59
-54
-76
-108
-163
-170
-149
-121
-93
-86
-52
-64
-66
-59
-9
-23
-1
-53
-46
-63
-96
-40
-6
-12
-4
24
14
0
-20
-1
-11
-14
6
21
77
19
21
7
60
99
46
7
8
5
7
10
56
51
34
40
30
52
3
-47
-77
-36
-8
-2
32
21
11
-14
29
67
72
53
20
-11
-43
17
9
-51
-56
-54
-11
-28
-16
3
-5
-5
21
-26
-37
-49
-14
-29
-47
-20
-12
-46
-57
-67
3
42
-36
-46
-9
57
44
54
29
48
30
16
9
35
42
38
63
28
18
74
109
133
138
170
126
30
20
22
8
-21
-21
-24
-10
37
45
38
23
-14
-43
1
-1
16
-3
-34
28
50
49
-25
-10
33
51
-18
-33
-76
-76
-44
-42
-39
-113
-119
-67
-55
-9
18
-12
-4
-12
17
23
20
-34
-57
-86
-49
-31
-19
-21
-42
-20
-34
-4
26
54
-18
-72
-41
3
69
36
17
19
8
-42
-27
18
75
56
-9
3
55
74
75
48
-10
28
30
-21
-57
-51
-6
-7
-73
-92
-107
-67
-17
22
-21
13
77
96
85
78
85
92
81
80
79
9
49
9
18
-28
0
-1
19
24
34
27
63
68
23
-28
-32
-50
-48
-72
-21
-6
-23
-66
-43
-1
32
60
57
-5
-16
-2
-22
-29
-35
-107
-123
-31
34
48
-12
12
28
27
58
35
38
65
33
-53
-42
-15
4
-16
1
13
18
63
54
70
36
39
103
104
99
102
91
73
17
66
93
121
73
82
44
11
3
2
15
-21
-23
16
2
0
-50
-12
69
88
77
32
23
32
-1
-41
-75
-59
-31
-15
-27
-65
-40
-13
14
26
5
-21
-33
-57
-99
-130
-151
-148
-113
-61
-38
-10
29
77
76
10
22
35
91
52
10
14
26
38
32
37
32
20
42
39
34
39
48
47
53
33
27
-28
-44
-37
4
-24
-52
-67
-45
-3
8
37
36
25
34
46
-3
-4
-4
-3
-5
-38
-47
-12
55
71
43
25
38
40
-5
-67
-69
-49
-66
-78
-57
-34
-1
10
6
4
-23
-41
-48
-26
22
21
41
16
11
41
38
67
28
-26
-35
-45
-56
-31
-33
-8
16
41
44
58
-23
-38
-24
3
61
110
72
57
67
46
0
2
21
30
11
-10
0
26
79
105
92
95
69
66
2
12
-19
-12
-36
-28
-10
17
-6
-49
-21
0
36
69
44
66
57
-36
-70
-27
3
20
-30
-71
-101
-121
-85
-22
3
4
-5
-4
45
73
74
-2
-39
-60
-45
0
7
64
106
88
74
96
118
58
-18
-79
-85
-77
-91
-87
-56
-5
42
42
21
20
51
56
71
65
7
-28
-54
-5
47
56
75
61
63
64
53
27
45
34
-23
-39
-32
-10
-14
-25
-22
33
34
28
38
80
55
59
17
22
-33
-62
-71
-64
-62
-26
-9
21
3
-37
-27
-11
17
23
-6
-26
-86
-80
-88
-76
-96
-111
-96
-118
-44
38
39
39
30
74
73
58
49
83
83
40
-44
-87
-88
-75
-46
1
-14
-9
-23
-13
-43
-61
-29
5
12
-26
-26
49
123
128
115
98
87
39
42
25
37
17
60
38
-12
9
39
39
42
47
13
-33
-55
-120
-121
-101
-56
-37
-17
33
75
67
55
11
-6
-40
-55
-81
-48
-38
-29
-66
-84
-35
26
38
9
-7
17
23
65
90
75
54
14
-26
-46
-81
-83
-48
11
44
88
121
72
66
33
-18
-11
41
76
87
44
53
89
126
116
84
27
-81
-149
-175
-162
-115
-9
122
198
228
244
260
186
41
-63
-96
-94
-123
-107
-14
52
89
82
87
76
61
4
-51
-93
-121
-100
-55
2
46
56
80
63
18
-82
-137
-159
-191
-183
-104
-23
13
46
12
10
-25
-44
-30
-18
4
-4
-8
8
38
65
91
121
97
17
-45
-37
-4
-5
-13
34
50
46
47
94
96
46
24
63
59
15
-12
25
112
191
198
150
143
121
97
30
12
19
23
-1
-3
13
21
31
33
46
3
5
-16
-55
-59
-34
-11
-17
1
6
7
-9
-10
-21
-38
-69
-53
-51
-28
2
44
58
34
-54
-59
-79
-38
-47
-66
-77
-23
12
58
44
66
-1
-18
-71
-112
-70
-13
44
96
136
171
195
221
200
112
32
-37
-46
-23
-15
-11
16
37
32
26
22
-34
-60
-27
8
19
9
15
53
87
151
155
127
79
49
-9
0
1
25
42
32
10
21
38
-17
-50
-76
-45
-34
-62
-48
-32
-34
-46
-57
-95
-129
-126
-44
37
61
38
23
9
-12
-58
-77
-119
-145
-153
-147
-130
-73
11
48
65
38
25
-35
-75
-91
-44
11
82
129
173
187
203
141
72
33
-4
-31
-87
-82
-19
86
135
172
159
126
70
19
-69
-112
-143
-53
-18
13
52
89
117
148
168
96
30
-14
-11
-45
-91
-84
-55
-29
-24
-64
-60
-49
-43
-95
-136
-89
-57
-35
-44
-49
-38
2
-13
-59
-109
-95
-72
-66
-96
-108
-122
-84
-67
-39
-54
-99
-130
-111
-52
-6
35
5
6
47
29
-25
-39
-26
7
16
-28
-57
-65
-32
4
64
59
36
46
31
12
7
-26
-34
-20
-41
-38
-36
-10
11
-3
-5
3
-4
23
45
53
37
54
2
-61
-131
-141
-96
-44
5
52
22
-47
-90
-86
-112
-152
-113
-79
-39
-12
-25
-34
-17
25
61
96
68
-7
-11
-4
40
54
34
59
47
-10
-122
-148
-146
-142
-82
1
48
110
189
220
195
160
59
23
-34
-27
-43
-59
-41
-44
-74
-71
-55
-44
-16
-36
-31
-32
-1
59
119
125
86
30
19
-2
-44
-86
-123
-176
-158
-131
-74
-57
-4
106
120
66
13
-3
-11
-16
-51
-44
-30
36
87
126
119
110
40
-35
-66
-107
-108
-139
-102
-29
-25
11
77
117
109
61
30
-2
24
72
66
41
46
59
83
97
67
58
19
-50
-130
-126
-123
-86
-13
76
88
12
-51
-64
-42
-4
-45
-69
-78
-50
16
82
87
64
87
84
47
-9
-33
-27
-12
-23
-34
-63
-101
-117
-48
29
32
17
-31
-44
5
67
73
108
147
187
176
151
116
64
71
-5
-54
-113
-104
-32
24
71
85
158
180
156
95
0
-19
-43
-56
-46
5
97
124
140
148
114
29
-67
-102
-112
-94
-103
-60
-3
12
49
93
117
94
46
-4
-25
20
43
64
44
34
9
-9
-1
-15
5
-20
21
72
63
59
54
40
-28
-61
-91
-140
-149
-81
5
74
82
64
38
-15
-85
-101
-33
49
89
91
102
140
184
176
109
10
-69
-97
-78
-44
-4
25
-7
-13
-17
-34
-33
-53
-79
-57
-22
17
104
151
198
193
134
106
44
-16
-102
-140
-175
-118
-75
-62
-25
0
-31
-28
-27
-19
-3
14
33
65
39
21
27
66
107
92
44
-23
-80
-107
-104
-98
-107
-91
-52
-17
2
1
38
-3
11
-11
0
24
-2
-35
-35
-12
34
72
58
41
5
-27
-20
52
48
36
7
11
2
-29
-13
-10
-15
-26
-20
-10
18
8
-41
-15
25
57
60
54
28
62
78
81
67
75
44
-26
-85
-89
-80
-61
-58
32
125
115
96
37
-7
-32
-60
-22
39
76
99
100
128
122
84
45
36
17
-30
3
57
82
113
105
87
62
37
-25
-5
27
61
46
84
78
74
54
47
46
35
-9
-83
-105
-73
-34
4
23
14
26
45
46
59
-6
-24
-17
-31
-86
-91
-37
-9
-18
-86
-130
-129
-90
-55
-92
-95
-63
-68
-8
33
56
59
36
53
34
-18
-84
-84
-111
-67
-12
5
0
-31
-11
63
83
88
108
123
143
139
112
65
41
27
41
27
-25
-61
-79
-46
-18
-18
7
51
79
28
-21
-30
-62
-97
-76
-62
-25
-8
12
4
-40
-83
-110
-109
-121
-132
-138
-94
-79
-69
-45
-27
-42
-10
28
21
-10
-13
-21
-19
-12
0
-48
-52
-46
-41
-24
7
39
59
26
-35
-54
-70
-73
-60
-45
2
29
37
63
71
71
22
-43
-42
-37
-53
-58
-12
42
29
-50
-107
-67
-48
-40
-30
-40
-28
-14
-4
-11
-6
17
-27
-76
-100
-83
-49
-23
13
51
56
31
-22
-84
-134
-151
-167
-152
-146
-70
-16
40
31
-46
-111
-161
-224
-189
-122
-96
-70
-46
8
69
93
65
-15
-116
-190
-198
-171
-152
-121
-102
-62
-36
-9
28
14
-13
-50
-60
-66
-90
-77
-42
17
22
36
51
53
99
46
-47
-109
-90
-55
24
41
50
62
18
-15
-3
31
37
-18
-100
-119
-61
-50
-40
-42
-62
-89
-102
-94
-145
-236
-198
-101
-96
-81
-24
8
3
-41
-59
-38
-61
-105
-102
-112
-84
4
76
107
80
4
-70
-71
-60
-79
-79
-90
-61
-32
-36
-39
-34
-54
-59
15
71
81
92
60
29
74
111
72
-12
-58
-70
-55
-31
0
30
97
123
106
62
56
61
21
-26
-42
-27
26
53
70
41
11
-7
22
12
-2
-1
-16
-51
-61
-78
-70
-92
-67
-57
-33
19
43
30
50
10
-45
-104
-166
-166
-122
-96
-41
-12
-20
2
-7
-69
-42
-23
-7
7
11
-7
-15
51
39
38
-32
-54
-74
-90
-101
-116
-45
-1
68
117
153
169
144
80
19
0
-2
-21
-10
-12
31
10
-3
-31
-86
-60
-22
11
4
-8
-19
-22
-7
40
51
24
-55
-32
39
60
20
20
-18
-23
-42
-30
-6
2
-16
-47
-102
-115
-76
-50
-86
-103
-76
-6
-33
-140
-167
-140
-92
-46
11
8
1
-20
1
13
27
-4
7
-1
-9
0
-40
-120
-91
-25
-6
24
26
12
8
4
12
-16
-30
-11
-8
2
7
45
39
68
87
30
57
38
29
-34
-66
-81
-47
-64
-102
-99
-68
-51
-15
61
118
102
52
14
-3
1
1
-4
1
-16
-43
-75
-27
-42
-17
-5
-39
-109
-129
-98
-47
-14
14
4
-56
-70
-77
-41
10
32
73
55
7
-9
15
15
25
3
-2
32
51
31
-25
-51
-44
-86
-119
-113
-72
-50
-24
-34
-52
-86
-110
-105
-75
-47
-51
-58
-81
-65
-36
-48
-34
-75
-124
-178
-173
-138
-84
-73
-67
16
77
99
36
1
17
16
22
48
51
44
114
96
38
7
-24
-92
-166
-138
-82
-68
-60
-3
94
172
192
151
63
-40
-113
-90
-53
-23
10
30
91
105
87
49
18
-72
-120
-132
-99
-88
-97
-122
-132
-86
-63
-85
-87
-116
-128
-141
-120
-165
-121
-58
-100
-139
-96
-21
-4
22
43
27
8
-48
-70
-99
-76
-78
-111
-104
-78
-31
-9
28
70
110
116
63
9
-8
14
60
89
82
37
32
41
56
60
66
29
4
-31
-34
-29
-60
-85
-54
-24
-21
-17
15
53
118
116
70
20
-70
-98
-87
-67
-38
-44
-90
-88
-43
-33
-38
-63
-97
-90
-56
-5
25
57
44
-40
-50
-5
-48
-127
-159
-159
-108
-48
-31
17
61
65
16
42
95
83
34
17
-15
-17
47
60
89
99
86
99
123
156
109
113
41
-16
-30
-15
-6
35
82
100
115
108
92
96
51
61
-10
-51
-5
36
83
67
43
54
82
98
37
-9
-2
73
74
59
33
-27
-79
-142
-132
-147
-165
-163
-134
-97
-81
-49
-39
-58
-96
-120
-149
-128
-74
-58
-80
-68
4
85
56
59
70
31
22
12
21
-42
-50
-33
-75
-60
-12
30
47
52
70
72
67
53
29
19
-10
-1
12
77
94
96
122
127
119
43
-46
-94
-71
-44
-11
-1
22
80
96
-6
-40
-27
-15
-24
-72
-71
-57
-19
37
39
41
-10
-47
-109
-141
-132
-122
-100
-78
-2
56
64
79
85
15
-24
31
24
-22
-44
-58
-80
-62
-50
-57
-14
3
50
44
35
18
32
10
-6
-17
-15
-15
12
13
-20
-49
-74
-83
-26
0
47
40
84
65
16
17
-2
-25
-41
-62
-82
-41
26
83
132
112
8
-86
-107
-136
-126
-59
-24
-8
16
-9
-16
-5
-34
-90
-101
-102
-128
-109
-96
-52
4
74
90
54
63
23
-31
-51
-57
-18
39
120
146
121
63
-12
0
2
6
-1
15
51
39
74
68
-12
-34
1
22
-25
-28
-3
43
30
-35
-63
-84
-27
46
98
74
63
73
63
47
8
-64
-99
-63
-9
38
28
29
11
-23
-76
-123
-119
-163
-182
-123
-60
-29
-11
26
44
29
-2
-50
-25
-6
3
14
83
116
62
36
-12
-64
-99
-78
-56
-42
-30
13
29
5
30
82
58
25
27
41
26
49
83
69
54
15
-25
-40
27
77
114
106
65
25
29
32
30
-69
-103
-90
-44
14
32
16
21
7
-41
-21
-20
-18
13
-33
-106
-140
-127
-111
-120
-123
-87
-84
-51
-27
2
-4
59
65
58
33
-24
-50
-72
-43
11
44
-11
-73
-47
-16
-44
-61
-44
42
81
99
87
25
5
22
27
60
57
81
90
90
18
-68
-123
-79
-70
-69
-51
13
44
16
-26
-62
-73
-95
-105
-109
-96
-52
6
39
34
49
16
-15
-50
-65
-40
-25
-20
-13
47
32
13
-48
-49
-62
-47
-24
-35
-26
-3
45
60
7
-26
-77
-89
-69
-83
-71
-55
16
12
12
-10
37
83
77
95
114
169
141
122
83
75
37
14
15
-16
-64
-71
-23
2
-8
6
14
33
47
21
54
54
48
12
-19
-50
10
-27
-54
-23
3
31
12
12
-6
-88
-137
-154
-147
-206
-188
-155
-140
-96
14
121
80
41
26
-12
-55
-48
-2
-47
-34
