-76
-83
-90
-78
-92
-76
-90
-64
-101
-27
-102
-99
-105
-105
-96
-119
-88
-79
-69
-61
-64
-24
-41
-27
-29
-3
-18
8
10
-4
18
14
7
-16
2
1
-7
-29
-77
-90
-120
-46
-55
-57
11
3
36
25
31
61
83
4
75
58
112
58
117
59
77
9
37
112
103
122
143
145
127
125
92
86
81
133
103
127
118
145
103
91
92
105
81
151
161
158
133
91
112
113
113
118
95
59
55
35
52
69
38
60
62
-15
38
20
78
37
80
24
56
54
75
12
-140
-170
-172
-184
-150
-102
-103
-65
-111
-48
-100
-32
-114
-52
-78
-44
-52
-20
-2
-66
-26
-89
-29
-60
-36
-53
6
-47
-31
-32
-23
-36
-23
-23
-22
-6
-40
-75
-77
-93
-67
-71
1
-21
36
-24
-81
-55
16
-83
-112
-125
-130
-125
-112
-105
-107
-58
-41
-45
-29
-28
-51
-12
-20
-95
-67
-38
-59
-5
-59
-48
-115
-27
-44
-97
-87
-52
-60
-68
-67
-63
-91
-58
-99
-90
-104
-119
-154
-88
-88
-95
-63
-95
-98
-70
-59
-59
-82
-82
-101
-100
-104
-108
-50
-54
-37
-45
-54
-68
-43
-32
-26
0
-60
-69
-39
-33
-53
-39
-21
-76
-37
-61
-62
-50
18
14
7
-16
2
1
-7
-29
-77
-90
-120
-46
-55
-57
11
3
36
25
31
61
83
4
75
58
112
-83
-90
-78
-92
-76
-90
-64
-101
-27
-102
-99
-105
-105
-96
-119
-88
-79
-69
-61
-64
-24
-41
-27
-29
-3
-18
8
10
-4
-101
-13
9
37
112
103
145
-67
-60
-63
-74
81
133
103
127
125
92
86
122
143
58
117
59
77
92
105
81
151
161
158
133
91
112
113
113
118
145
103
127
118
95
91
59
55
35
52
69
38
60
62
-15
38
20
78
37
80
24
56
54
75
12
146
118
182
107
153
123
174
235
197
232
185
184
87
150
145
193
188
228
174
240
193
211
190
217
213
205
206
213
189
231
177
173
160
218
209
225
186
174
224
221
233
224
264
243
279
213
239
253
237
260
248
215
199
195
233
236
209
231
226
195
183
216
178
233
187
195
144
155
223
209
265
189
190
169
189
148
222
173
225
247
207
245
198
145
155
174
205
204
213
192
180
157
183
138
182
169
206
149
175
182
197
160
186
188
198
169
212
195
210
211
213
203
165
172
238
238
251
242
214
281
302
289
253
294
261
295
260
219
202
242
231
247
238
184
228
183
201
231
249
238
224
229
243
268
235
241
339
324
373
305
348
317
337
307
335
301
288
253
240
230
236
222
204
199
227
226
204
160
167
149
202
184
181
125
149
115
197
87
161
95
147
111
148
108
80
58
80
27
26
42
1
8
-34
-42
11
1
-23
-31
-42
-26
-20
23
10
56
9
20
34
54
19
11
35
38
-9
-8
-4
11
7
41
30
-20
51
12
13
-12
41
0
63
24
34
-28
22
-64
43
-5
1
-63
-70
-120
-63
-104
12
146
118
182
107
153
123
174
235
197
232
185
184
87
150
145
193
188
228
174
240
193
211
190
217
213
205
206
213
189
231
177
173
160
218
209
225
186
174
224
221
233
224
264
243
279
213
239
253
237
260
248
215
199
195
233
236
209
231
226
195
183
216
178
233
187
195
144
155
223
209
265
189
190
169
189
148
222
173
225
247
207
245
198
145
155
174
205
204
213
192
180
157
183
138
182
169
206
149
175
182
197
160
186
188
198
169
212
195
210
211
213
203
165
172
238
238
251
242
214
281
302
289
253
294
261
295
260
219
202
242
231
247
238
184
228
183
201
231
249
238
224
229
243
268
235
241
339
324
373
305
348
317
337
307
335
301
288
253
240
230
236
222
204
199
227
226
204
160
167
149
202
184
181
125
149
115
197
87
161
95
147
111
148
108
80
58
80
27
26
42
1
8
-34
-42
11
1
-23
-31
-42
-26
-20
23
10
56
9
20
34
54
19
11
35
38
-9
-8
-4
11
7
41
30
-20
51
12
13
-12
41
0
63
24
34
-28
22
-64
43
-5
1
-63
-70
-120
-63
-104
-72
-161
-108
-120
-116
-173
-168
-227
-209
-225
-259
-245
-258
-248
-248
-286
-289
-264
-288
-270
-293
-270
-263
-295
-268
-250
-262
-251
-275
-289
-252
-226
-282
-224
-280
-230
-276
-213
-280
-246
-272
-238
-270
-225
-212
-152
-203
-227
-244
-223
-234
-224
-236
-201
-210
-206
-145
-153
-178
-209
-224
-207
-204
-207
-237
-202
-240
-199
-213
-203
-190
-162
-176
-181
-137
-189
-127
-140
-126
-204
-141
-134
-101
-194
-171
-117
-165
-124
-95
-158
-128
-149
-173
-161
-117
-147
-107
-96
-81
-115
-94
-100
-83
-42
-55
-40
-20
-20
25
-24
-32
-76
-53
-92
-100
-61
-26
17
-6
46
14
-3
-1
19
26
29
-1
7
39
46
26
36
-9
50
1
49
0
65
52
39
39
87
42
68
68
63
68
75
60
76
86
112
107
106
126
87
57
61
73
37
54
20
48
11
86
45
70
31
55
18
14
15
41
37
30
22
57
73
74
110
99
80
115
151
141
128
148
130
49
59
39
52
0
40
-18
14
30
51
39
26
83
94
49
75
41
76
53
76
32
78
16
34
17
8
-15
-23
-9
-36
-17
-29
-57
15
20
-40
24
30
-6
-18
-76
-4
-9
-21
12
35
36
66
113
97
109
59
-104
-72
-161
-108
-120
-116
-173
-168
-227
-209
-225
-259
-245
-258
-248
-248
-286
-289
-264
-288
-270
-293
-270
-263
-295
-268
-250
-262
-251
-275
-289
-252
-226
-282
-224
-280
-230
-276
-213
-280
-246
-272
-238
-270
-225
-212
-152
-203
-227
-244
-223
-234
-224
-236
-201
-210
-206
-145
-153
-178
-209
-224
-207
-204
-207
-237
-202
-240
-199
-213
-203
-190
-162
-176
-181
-137
-189
-127
-140
-126
-204
-141
-134
-101
-194
-171
-117
-165
-124
-95
-158
-128
-149
-173
-161
-117
-147
-107
-96
-81
-115
-94
-100
-83
-42
-55
-40
-20
-20
25
-24
-32
-76
-53
-92
-100
-61
-26
17
-6
46
14
-3
-1
19
26
29
-1
7
39
46
26
36
-9
50
1
49
0
65
52
39
39
87
42
68
68
63
68
75
60
76
86
112
107
106
126
87
57
61
73
37
54
20
48
11
86
45
70
31
55
18
14
15
41
37
30
22
57
73
74
110
99
80
115
151
141
128
148
130
49
59
39
52
0
40
-18
14
30
51
39
26
83
94
49
75
41
76
53
76
32
78
16
34
17
8
-15
-23
-9
-36
-17
-29
-57
15
20
-40
24
30
-6
-18
-76
-4
-9
-21
12
35
36
66
113
97
109
59
112
81
88
45
88
49
53
40
56
1
28
23
6
43
29
-56
-6
12
-68
-22
13
-26
68
28
44
29
60
26
38
-40
37
20
-17
-14
6
45
-64
-58
-71
-50
-43
-81
-58
-24
-42
-42
-13
-10
-71
-47
-58
-39
-69
-65
-56
-49
-63
-41
-68
-64
-67
-67
-65
-61
-94
-92
-85
-122
-122
-112
-98
-130
-120
-62
-58
-55
-67
-44
-71
-58
-33
-31
-47
55
22
-13
7
62
21
-21
-5
-18
-41
-50
-23
-30
-14
-16
-45
-57
-85
-56
-57
-38
6
8
36
5
66
12
48
-16
-24
-8
-70
-55
-73
-88
-110
-122
-131
-146
-148
-143
-112
-96
-64
-64
-67
-57
-47
-26
-23
-21
-42
6
-13
31
47
0
3
5
-12
-22
-35
11
-40
-29
-41
-7
-23
-27
-58
-19
-48
-25
-14
8
39
45
65
89
69
-15
35
3
16
12
12
13
-9
-46
-20
-27
-6
-60
-94
-69
-92
-84
-100
-32
-61
-51
-94
-45
-85
-50
-47
9
-17
-10
-46
-42
-53
-88
-109
-55
-52
-94
-145
-172
-175
-203
-157
-218
-207
-185
-158
-132
-135
-60
-125
-133
-72
-15
-40
-4
-17
0
-22
8
-59
-30
-76
-64
-125
-74
-121
-85
-109
-62
-125
-116
-131
-125
-145
-97
-128
-160
59
112
81
88
45
88
49
53
40
56
1
28
23
6
43
29
-56
-6
12
-68
-22
13
-26
68
28
44
29
60
26
38
-40
37
20
-17
-14
6
45
-64
-58
-71
-50
-43
-81
-58
-24
-42
-42
-13
-10
-71
-47
-58
-39
-69
-65
-56
-49
-63
-41
-68
-64
-67
-67
-65
-61
-94
-92
-85
-122
-122
-112
-98
-130
-120
-62
-58
-55
-67
-44
-71
-58
-33
-31
-47
55
22
-13
7
62
21
-21
-5
-18
-41
-50
-23
-30
-14
-16
-45
-57
-85
-56
-57
-38
6
8
36
5
66
12
48
-16
-24
-8
-70
-55
-73
-88
-110
-122
-131
-146
-148
-143
-112
-96
-64
-64
-67
-57
-47
-26
-23
-21
-42
6
-13
31
47
0
3
5
-12
-22
-35
11
-40
-29
-41
-7
-23
-27
-58
-19
-48
-25
-14
8
39
45
65
89
69
-15
35
3
16
12
12
13
-9
-46
-20
-27
-6
-60
-94
-69
-92
-84
-100
-32
-61
-51
-94
-45
-85
-50
-47
9
-17
-10
-46
-42
-53
-88
-109
-55
-52
-94
-145
-172
-175
-203
-157
-218
-207
-185
-158
-132
-135
-60
-125
-133
-72
-15
-40
-4
-17
0
-22
8
-59
-30
-76
-64
-125
-74
-121
-85
-109
-62
-125
-116
-131
-125
-145
-97
-128
-160
-69
-86
-124
-111
-62
-80
-119
-53
-81
-25
-76
-60
-31
-12
-19
-37
-58
-46
-77
-60
-93
-120
-83
-129
-93
-97
-88
-96
-55
-109
-117
-74
-95
-96
-57
-65
-37
-47
-39
-85
-49
-125
-129
-165
-180
-195
-167
-209
-169
-192
-174
-148
-163
-189
-169
-139
-98
-91
-68
-95
-79
-29
-52
-54
-26
3
-10
-14
-18
11
-18
-1
-30
-50
-13
11
-47
-22
-10
36
-9
56
20
48
32
120
112
114
114
120
121
80
86
94
49
75
57
47
41
60
43
44
20
92
-2
78
47
36
33
84
74
89
84
89
100
80
118
75
121
68
128
48
98
58
109
4
11
16
-30
-50
22
20
-8
-41
-18
-44
10
-52
-5
-36
-2
-67
28
-34
0
-18
-34
-20
-67
-59
-64
-94
-99
-61
-89
-122
-99
-147
-108
-137
-158
-166
-185
-191
-155
-148
-142
-129
-166
-110
-109
-83
-103
-99
-102
-127
-94
-140
-68
-58
-127
-76
-118
-74
-124
-118
-149
-89
-130
-76
-61
-20
-46
-69
-44
-39
-29
-16
5
-16
39
-21
-9
11
24
41
3
-23
12
39
32
25
16
52
-22
-42
7
-52
-66
-43
-20
-25
31
-4
10
-12
3
-38
2
-23
-33
-18
-10
-27
-35
-17
-43
-41
-36
-50
-160
-69
-86
-124
-111
-62
-80
-119
-53
-81
-25
-76
-60
-31
-12
-19
-37
-58
-46
-77
-60
-93
-120
-83
-129
-93
-97
-88
-96
-55
-109
-117
-74
-95
-96
-57
-65
-37
-47
-39
-85
-49
-125
-129
-165
-180
-195
-167
-209
-169
-192
-174
-148
-163
-189
-169
-139
-98
-91
-68
-95
-79
-29
-52
-54
-26
3
-10
-14
-18
11
-18
-1
-30
-50
-13
11
-47
-22
-10
36
-9
56
20
48
32
120
112
114
114
120
121
80
86
94
49
75
57
47
41
60
43
44
20
92
-2
78
47
36
33
84
74
89
84
89
100
80
118
75
121
68
128
48
98
58
109
4
11
16
-30
-50
22
20
-8
-41
-18
-44
10
-52
-5
-36
-2
-67
28
-34
0
-18
-34
-20
-67
-59
-64
-94
-99
-61
-89
-122
-99
-147
-108
-137
-158
-166
-185
-191
-155
-148
-142
-129
-166
-110
-109
-83
-103
-99
-102
-127
-94
-140
-68
-58
-127
-76
-118
-74
-124
-118
-149
-89
-130
-76
-61
-20
-46
-69
-44
-39
-29
-16
5
-16
39
-21
-9
11
24
41
3
-23
12
39
32
25
16
52
-22
-42
7
-52
-66
-43
-20
-25
31
-4
10
-12
3
-38
2
-23
-33
-18
-10
-27
-35
-17
-43
-41
-36
-50
-73
-49
-59
-72
-75
-81
-93
-53
-90
-82
-80
-69
-58
-66
-41
-16
-22
-19
-2
-13
35
38
55
64
26
3
46
32
49
21
14
10
54
32
59
69
51
105
90
49
68
99
92
76
58
105
103
117
96
87
109
79
141
9
93
16
50
22
43
17
-10
23
51
25
32
-5
21
-44
-39
-83
-1
-92
11
-76
-29
-73
-22
-56
-46
-132
-149
-144
-158
-144
-186
-165
-167
-198
-171
-176
-155
-172
-184
-120
-142
-151
-176
-101
-132
-114
-95
-38
-87
-42
-74
-77
-70
-38
-60
-83
-61
-75
-68
-82
-93
-93
-91
-73
-93
-122
-106
-133
-96
-133
-68
-129
-17
-116
-35
-61
-80
-119
-135
-91
-127
-91
-111
-100
-143
-125
-129
-81
-90
-94
-96
-118
-60
-112
-93
-39
-12
-15
1
-8
1
13
13
55
36
-9
-14
-42
-11
-26
-34
5
3
7
-23
3
-9
-10
-7
19
2
11
-14
5
5
31
-21
8
-21
-24
-52
-18
-35
-54
-53
-63
-54
-62
-81
-79
-114
-121
-111
-100
-94
-106
-126
-101
-172
-140
-140
-121
-159
-102
-112
-65
-79
-45
-48
-41
-46
-47
-37
-29
-14
-64
-48
-66
-33
-76
-64
-103
-57
-70
-73
-55
-30
-14
-63
-26
-19
8
36
9
7
29
-50
-73
-49
-59
-72
-75
-81
-93
-53
-90
-82
-80
-69
-58
-66
-41
-16
-22
-19
-2
-13
35
38
55
64
26
3
46
32
49
21
14
10
54
32
59
69
51
105
90
49
68
99
92
76
58
105
103
117
96
87
109
79
141
9
93
16
50
22
43
17
-10
23
51
25
32
-5
21
-44
-39
-83
-1
-92
11
-76
-29
-73
-22
-56
-46
-132
-149
-144
-158
-144
-186
-165
-167
-198
-171
-176
-155
-172
-184
-120
-142
-151
-176
-101
-132
-114
-95
-38
-87
-42
-74
-77
-70
-38
-60
-83
-61
-75
-68
-82
-93
-93
-91
-73
-93
-122
-106
-133
-96
-133
-68
-129
-17
-116
-35
-61
-80
-119
-135
-91
-127
-91
-111
-100
-143
-125
-129
-81
-90
-94
-96
-118
-60
-112
-93
-39
-12
-15
1
-8
1
13
13
55
36
-9
-14
-42
-11
-26
-34
5
3
7
-23
3
-9
-10
-7
19
2
11
-14
5
5
31
-21
8
-21
-24
-52
-18
-35
-54
-53
-63
-54
-62
-81
-79
-114
-121
-111
-100
-94
-106
-126
-101
-172
-140
-140
-121
-159
-102
-112
-65
-79
-45
-48
-41
-46
-47
-37
-29
-14
-64
-48
-66
-33
-76
-64
-103
-57
-70
-73
-55
-30
-14
-63
-26
-19
8
36
9
7
29
53
28
44
109
85
51
28
82
22
52
35
102
74
177
95
98
91
131
98
123
90
90
106
96
137
120
88
101
76
111
106
140
119
111
35
59
68
62
62
31
32
10
33
17
23
13
72
49
69
76
102
91
77
54
108
69
109
125
124
94
122
144
118
126
113
141
124
167
92
155
110
145
119
115
124
144
89
89
58
50
15
18
46
67
70
68
50
58
36
46
43
62
26
59
46
44
27
-5
55
-6
28
29
75
36
21
4
4
-16
-3
9
-12
-27
2
62
3
35
92
133
116
133
150
119
170
152
191
158
176
179
182
169
183
193
175
167
160
184
183
193
197
178
209
179
155
171
135
113
99
132
137
106
110
122
113
156
119
167
134
145
121
122
82
117
134
143
138
133
115
101
85
64
96
89
145
139
152
122
145
95
155
150
185
139
131
127
101
97
117
134
124
177
80
135
74
108
90
141
130
90
95
112
106
127
147
170
150
199
148
199
188
205
176
216
212
251
266
226
305
260
270
241
259
258
272
229
234
216
230
234
242
262
259
219
188
148
160
142
177
154
151
140
29
53
28
44
109
85
51
28
82
22
52
35
102
74
177
95
98
91
131
98
123
90
90
106
96
137
120
88
101
76
111
106
140
119
111
35
59
68
62
62
31
32
10
33
17
23
13
72
49
69
76
102
91
77
54
108
69
109
125
124
94
122
144
118
126
113
141
124
167
92
155
110
145
119
115
124
144
89
89
58
50
15
18
46
67
70
68
50
58
36
46
43
62
26
59
46
44
27
-5
55
-6
28
29
75
36
21
4
4
-16
-3
9
-12
-27
2
62
3
35
92
133
116
133
150
119
170
152
191
158
176
179
182
169
183
193
175
167
160
184
183
193
197
178
209
179
155
171
135
113
99
132
137
106
110
122
113
156
119
167
134
145
121
122
82
117
134
143
138
133
115
101
85
64
96
89
145
139
152
122
145
95
155
150
185
139
131
127
101
97
117
134
124
177
80
135
74
108
90
141
130
90
95
112
106
127
147
170
150
199
148
199
188
205
176
216
212
251
266
226
305
260
270
241
259
258
272
229
234
216
230
234
242
262
259
219
188
148
160
142
177
154
151
140
91
119
90
66
51
77
17
51
4
112
8
30
26
72
43
38
27
17
-7
12
-69
-18
-36
35
12
17
-50
21
13
-1
-1
-33
-1
-10
-7
-42
5
0
-71
-39
-67
-48
-60
-64
-65
-82
-54
-107
-76
-83
-79
-129
-122
-134
-152
-190
-167
-203
-187
-166
-206
-174
-194
-201
-190
-204
-169
-176
-183
-170
-198
-137
-162
-147
-152
-136
-144
-90
-117
-104
-52
-63
-33
-36
-77
7
-53
42
-47
59
-36
24
-3
46
10
60
-9
45
69
83
84
138
147
117
118
109
112
91
135
89
123
89
111
66
110
90
83
79
100
65
46
52
98
98
117
136
145
150
143
135
133
102
124
129
77
98
75
89
83
136
145
137
84
109
95
118
89
102
57
100
95
127
117
139
114
142
161
162
165
143
201
150
209
134
157
137
170
90
115
89
81
44
74
35
41
33
34
6
42
-23
-15
-12
43
4
25
32
-18
26
26
48
12
41
19
44
17
28
-10
35
-30
8
-27
-32
-76
-20
-40
-26
-118
-82
-141
-124
-154
-112
-133
-134
-169
-198
-176
-190
-175
-220
-188
-190
-166
-151
-147
-169
-153
-177
-145
-178
-155
-195
-141
-191
-154
-202
-153
-206
-177
-235
140
91
119
90
66
51
77
17
51
4
112
8
30
26
72
43
38
27
17
-7
12
-69
-18
-36
35
12
17
-50
21
13
-1
-1
-33
-1
-10
-7
-42
5
0
-71
-39
-67
-48
-60
-64
-65
-82
-54
-107
-76
-83
-79
-129
-122
-134
-152
-190
-167
-203
-187
-166
-206
-174
-194
-201
-190
-204
-169
-176
-183
-170
-198
-137
-162
-147
-152
-136
-144
-90
-117
-104
-52
-63
-33
-36
-77
7
-53
42
-47
59
-36
24
-3
46
10
60
-9
45
69
83
84
138
147
117
118
109
112
91
135
89
123
89
111
66
110
90
83
79
100
65
46
52
98
98
117
136
145
150
143
135
133
102
124
129
77
98
75
89
83
136
145
137
84
109
95
118
89
102
57
100
95
127
117
139
114
142
161
162
165
143
201
150
209
134
157
137
170
90
115
89
81
44
74
35
41
33
34
6
42
-23
-15
-12
43
4
25
32
-18
26
26
48
12
41
19
44
17
28
-10
35
-30
8
-27
-32
-76
-20
-40
-26
-118
-82
-141
-124
-154
-112
-133
-134
-169
-198
-176
-190
-175
-220
-188
-190
-166
-151
-147
-169
-153
-177
-145
-178
-155
-195
-141
-191
-154
-202
-153
-206
-177
-235
-219
-237
-219
-234
-229
-213
-223
-285
-257
-237
-204
-221
-209
-240
-244
-249
-244
-260
-288
-288
-286
-296
-336
-366
-370
-364
-375
-402
-401
-442
-408
-368
-388
-393
-379
-357
-344
-367
-355
-332
-350
-390
-357
-368
-377
-381
-390
-408
-361
-367
-346
-347
-335
-304
-362
-346
-346
-308
-347
-374
-417
-341
-415
-386
-372
-370
-340
-311
-311
-314
-317
-325
-332
-329
-315
-318
-289
-355
-351
-349
-346
-321
-328
-349
-326
-348
-377
-403
-420
-435
-401
-403
-386
-413
-368
-405
-312
-371
-392
-320
-360
-310
-345
-333
-316
-252
-290
-238
-277
-214
-217
-197
-213
-173
-227
-237
-171
-208
-179
-187
-195
-182
-195
-207
-186
-194
-183
-172
-168
-91
-178
-193
-210
-181
-225
-258
-204
-308
-252
-305
-281
-280
-245
-287
-293
-301
-276
-258
-299
-244
-226
-227
-210
-194
-204
-200
-155
-146
-182
-198
-208
-217
-248
-247
-185
-202
-194
-212
-208
-227
-247
-270
-252
-245
-343
-319
-302
-347
-336
-301
-350
-345
-350
-336
-339
-381
-355
-360
-353
-354
-334
-298
-308
-313
-331
-288
-308
-279
-286
-201
-238
-229
-272
-233
-249
-212
-272
-185
-207
-140
-178
-166
-161
-209
-155
-192
-211
-233
-252
-268
-258
-293
-265
-250
-289
-310
-332
-325
-325
-296
-339
-347
-338
-323
-345
-318
-300
-238
-240
-246
-235
-219
-237
-219
-234
-229
-213
-223
-285
-257
-237
-204
-221
-209
-240
-244
-249
-244
-260
-288
-288
-286
-296
-336
-366
-370
-364
-375
-402
-401
-442
-408
-368
-388
-393
-379
-357
-344
-367
-355
-332
-350
-390
-357
-368
-377
-381
-390
-408
-361
-367
-346
-347
-335
-304
-362
-346
-346
-308
-347
-374
-417
-341
-415
-386
-372
-370
-340
-311
-311
-314
-317
-325
-332
-329
-315
-318
-289
-355
-351
-349
-346
-321
-328
-349
-326
-348
-377
-403
-420
-435
-401
-403
-386
-413
-368
-405
-312
-371
-392
-320
-360
-310
-345
-333
-316
-252
-290
-238
-277
-214
-217
-197
-213
-173
-227
-237
-171
-208
-179
-187
-195
-182
-195
-207
-186
-194
-183
-172
-168
-91
-178
-193
-210
-181
-225
-258
-204
-308
-252
-305
-281
-280
-245
-287
-293
-301
-276
-258
-299
-244
-226
-227
-210
-194
-204
-200
-155
-146
-182
-198
-208
-217
-248
-247
-185
-202
-194
-212
-208
-227
-247
-270
-252
-245
-343
-319
-302
-347
-336
-301
-350
-345
-350
-336
-339
-381
-355
-360
-353
-354
-334
-298
-308
-313
-331
-288
-308
-279
-286
-201
-238
-229
-272
-233
-249
-212
-272
-185
-207
-140
-178
-166
-161
-209
-155
-192
-211
-233
-252
-268
-258
-293
-265
-250
-289
-310
-332
-325
-325
-296
-339
-347
-338
-323
-345
-318
-300
-238
-240
-246
-214
-222
-214
-255
-208
-232
-208
-235
-201
-245
-243
-245
-240
-260
-256
-256
-268
-277
-251
-233
-259
-230
-204
-204
-180
-151
-174
-175
-140
-169
-141
-178
-171
-190
-124
-177
-167
-205
-143
-195
-140
-211
-177
-199
-204
-206
-172
-195
-183
-175
-176
-150
-139
-142
-126
-107
-100
-97
-96
-90
-118
-130
-124
-142
-92
-84
-93
-47
-92
-42
-47
-50
-46
-87
-83
-43
-37
-46
5
26
0
55
63
27
39
69
65
49
31
32
69
-26
26
47
38
55
18
34
37
100
48
92
50
93
68
125
119
111
128
176
152
136
179
162
190
128
156
140
133
132
132
124
158
121
169
118
107
53
103
61
77
36
8
15
32
36
19
68
-2
55
30
64
26
44
30
48
29
36
20
52
1
46
-14
10
-28
15
-17
-32
-60
-27
-9
-39
-40
-29
-1
-41
-12
-18
49
-22
-8
28
18
8
25
-23
-9
19
0
39
87
-5
58
-5
46
4
54
-22
16
42
36
41
-4
10
20
42
46
111
103
113
77
75
38
82
49
37
7
38
23
31
8
30
-10
-1
-13
14
-4
31
23
4
-2
54
49
72
61
72
50
62
67
53
101
73
111
145
94
154
110
140
113
141
-246
-214
-222
-214
-255
-208
-232
-208
-235
-201
-245
-243
-245
-240
-260
-256
-256
-268
-277
-251
-233
-259
-230
-204
-204
-180
-151
-174
-175
-140
-169
-141
-178
-171
-190
-124
-177
-167
-205
-143
-195
-140
-211
-177
-199
-204
-206
-172
-195
-183
-175
-176
-150
-139
-142
-126
-107
-100
-97
-96
-90
-118
-130
-124
-142
-92
-84
-93
-47
-92
-42
-47
-50
-46
-87
-83
-43
-37
-46
5
26
0
55
63
27
39
69
65
49
31
32
69
-26
26
47
38
55
18
34
37
100
48
92
50
93
68
125
119
111
128
176
152
136
179
162
190
128
156
140
133
132
132
124
158
121
169
118
107
53
103
61
77
36
8
15
32
36
19
68
-2
55
30
64
26
44
30
48
29
36
20
52
1
46
-14
10
-28
15
-17
-32
-60
-27
-9
-39
-40
-29
-1
-41
-12
-18
49
-22
-8
28
18
8
25
-23
-9
19
0
39
87
-5
58
-5
46
4
54
-22
16
42
36
41
-4
10
20
42
46
111
103
113
77
75
38
82
49
37
7
38
23
31
8
30
-10
-1
-13
14
-4
31
23
4
-2
54
49
72
61
72
50
62
67
53
101
73
111
145
94
154
110
140
113
141
125
70
132
90
49
98
122
98
160
109
155
114
177
129
234
253
254
190
276
232
287
206
294
236
266
216
261
186
206
197
223
196
235
210
199
201
218
233
243
275
250
251
238
231
202
215
149
210
158
197
192
203
184
217
225
262
264
315
268
278
265
253
249
269
277
276
297
307
299
327
319
323
352
356
360
353
377
400
446
367
367
371
390
379
372
326
353
327
271
262
236
270
233
231
255
264
229
208
218
208
208
199
175
180
124
178
194
197
136
178
210
232
214
237
202
219
243
202
243
233
189
245
228
238
249
261
244
272
276
260
313
293
293
303
328
291
329
332
382
375
369
365
372
359
337
281
296
297
275
255
246
266
234
254
210
241
211
252
203
228
174
224
222
203
176
183
122
174
214
172
151
143
100
121
101
65
46
52
71
48
93
72
73
84
104
130
29
56
80
103
65
113
119
133
122
123
103
89
92
28
10
10
21
-34
-20
-11
-12
3
-3
0
6
34
18
52
-9
7
50
73
48
71
114
102
48
93
104
82
138
87
149
88
107
111
139
64
101
77
104
77
109
62
141
125
70
132
90
49
98
122
98
160
109
155
114
177
129
234
253
254
190
276
232
287
206
294
236
266
216
261
186
206
197
223
196
235
210
199
201
218
233
243
275
250
251
238
231
202
215
149
210
158
197
192
203
184
217
225
262
264
315
268
278
265
253
249
269
277
276
297
307
299
327
319
323
352
356
360
353
377
400
446
367
367
371
390
379
372
326
353
327
271
262
236
270
233
231
255
264
229
208
218
208
208
199
175
180
124
178
194
197
136
178
210
232
214
237
202
219
243
202
243
233
189
245
228
238
249
261
244
272
276
260
313
293
293
303
328
291
329
332
382
375
369
365
372
359
337
281
296
297
275
255
246
266
234
254
210
241
211
252
203
228
174
224
222
203
176
183
122
174
214
172
151
143
100
121
101
65
46
52
71
48
93
72
73
84
104
130
29
56
80
103
65
113
119
133
122
123
103
89
92
28
10
10
21
-34
-20
-11
-12
3
-3
0
6
34
18
52
-9
7
50
73
48
71
114
102
48
93
104
82
138
87
149
88
107
111
139
64
101
77
104
77
109
62
135
66
101
118
117
140
116
82
165
168
193
172
135
148
106
99
105
185
106
163
103
201
110
120
115
154
146
121
86
139
88
124
113
119
174
113
131
118
147
105
149
112
170
138
179
142
205
134
138
152
114
154
99
130
108
145
102
130
81
111
87
122
120
158
133
191
192
209
185
164
185
170
172
152
173
141
183
127
131
111
151
141
126
138
145
106
105
98
77
79
60
83
69
68
54
86
70
66
62
56
27
11
-41
-11
-37
-27
-22
-17
-28
-17
-62
-18
-22
9
11
29
49
-12
9
22
85
18
107
30
85
38
91
90
94
10
20
40
20
87
46
86
16
92
47
106
49
94
36
30
41
11
5
39
14
29
3
10
-16
-7
-27
-14
-2
-16
-44
-56
-82
-80
-23
-30
-14
47
18
80
92
130
85
125
82
64
64
26
67
56
55
22
99
98
103
95
117
60
35
84
33
83
42
67
91
88
70
50
101
54
95
25
53
25
52
25
76
13
74
34
31
-45
-42
-63
-37
-110
-62
-162
-135
-151
-138
-128
-101
-128
-108
-119
-130
-126
-102
-52
-69
-74
-84
-91
-109
-105
-83
-98
-81
-88
-97
-125
62
135
66
101
118
117
140
116
82
165
168
193
172
135
148
106
99
105
185
106
163
103
201
110
120
115
154
146
121
86
139
88
124
113
119
174
113
131
118
147
105
149
112
170
138
179
142
205
134
138
152
114
154
99
130
108
145
102
130
81
111
87
122
120
158
133
191
192
209
185
164
185
170
172
152
173
141
183
127
131
111
151
141
126
138
145
106
105
98
77
79
60
83
69
68
54
86
70
66
62
56
27
11
-41
-11
-37
-27
-22
-17
-28
-17
-62
-18
-22
9
11
29
49
-12
9
22
85
18
107
30
85
38
91
90
94
10
20
40
20
87
46
86
16
92
47
106
49
94
36
30
41
11
5
39
14
29
3
10
-16
-7
-27
-14
-2
-16
-44
-56
-82
-80
-23
-30
-14
47
18
80
92
130
85
125
82
64
64
26
67
56
55
22
99
98
103
95
117
60
35
84
33
83
42
67
91
88
70
50
101
54
95
25
53
25
52
25
76
13
74
34
31
-45
-42
-63
-37
-110
-62
-162
-135
-151
-138
-128
-101
-128
-108
-119
-130
-126
-102
-52
-69
-74
-84
-91
-109
-105
-83
-98
-81
-88
-97
-125
-160
-140
-138
-127
-147
-138
-156
-164
-181
-170
-121
-120
-113
-66
-59
-80
-50
-46
-67
-97
-123
-108
-130
-165
-175
-128
-137
-149
-150
-175
-187
-147
-203
-223
-222
-265
-256
-295
-299
-255
-294
-265
-250
-205
-205
-227
-254
-216
-246
-193
-222
-159
-166
-113
-141
-138
-130
-101
-109
-134
-136
-146
-153
-136
-96
-97
-91
-76
-72
-63
-89
-8
-3
-12
-11
-29
-73
-65
-11
-21
-25
-88
-28
-95
-63
-127
-74
-131
-59
-111
-135
-125
-88
-151
-120
-126
-89
-109
-72
-94
-69
-78
-57
-87
-13
-93
-35
-45
-53
-58
-58
-49
-56
-96
-34
-138
-50
-99
-61
-115
-82
-94
-65
-84
-3
9
37
44
-18
17
18
61
18
35
3
89
21
53
3
35
-44
5
-16
3
-30
-1
-39
-14
-68
1
-57
11
-12
-27
-18
10
-2
21
3
-30
-49
12
-25
81
21
-19
40
10
-23
-63
-31
-73
-89
-88
-56
-76
-44
-54
-58
-81
-29
-26
-56
-24
-60
-14
-38
-7
-10
50
16
104
70
41
67
64
85
65
83
52
79
47
60
56
31
42
62
48
79
74
67
73
137
122
148
139
195
143
191
150
220
170
203
179
181
108
153
175
99
134
121
86
127
133
162
171
237
192
237
236
-125
-160
-140
-138
-127
-147
-138
-156
-164
-181
-170
-121
-120
-113
-66
-59
-80
-50
-46
-67
-97
-123
-108
-130
-165
-175
-128
-137
-149
-150
-175
-187
-147
-203
-223
-222
-265
-256
-295
-299
-255
-294
-265
-250
-205
-205
-227
-254
-216
-246
-193
-222
-159
-166
-113
-141
-138
-130
-101
-109
-134
-136
-146
-153
-136
-96
-97
-91
-76
-72
-63
-89
-8
-3
-12
-11
-29
-73
-65
-11
-21
-25
-88
-28
-95
-63
-127
-74
-131
-59
-111
-135
-125
-88
-151
-120
-126
-89
-109
-72
-94
-69
-78
-57
-87
-13
-93
-35
-45
-53
-58
-58
-49
-56
-96
-34
-138
-50
-99
-61
-115
-82
-94
-65
-84
-3
9
37
44
-18
17
18
61
18
35
3
89
21
53
3
35
-44
5
-16
3
-30
-1
-39
-14
-68
1
-57
11
-12
-27
-18
10
-2
21
3
-30
-49
12
-25
81
21
-19
40
10
-23
-63
-31
-73
-89
-88
-56
-76
-44
-54
-58
-81
-29
-26
-56
-24
-60
-14
-38
-7
-10
50
16
104
70
41
67
64
85
65
83
52
79
47
60
56
31
42
62
48
79
74
67
73
137
122
148
139
195
143
191
150
220
170
203
179
181
108
153
175
99
134
121
86
127
133
162
171
237
192
237
236
245
245
264
274
273
226
235
278
283
342
294
299
290
282
272
265
246
254
226
213
201
208
206
212
217
234
206
232
177
216
205
244
230
279
261
287
294
284
300
279
306
264
290
261
224
279
238
259
177
221
211
268
252
281
292
283
285
299
293
305
307
336
315
301
308
340
334
330
340
334
349
300
243
229
269
235
198
207
190
212
204
143
192
190
186
197
229
220
239
214
215
178
153
161
192
219
216
189
185
142
124
101
81
42
72
63
47
-2
24
-6
62
19
66
50
82
70
108
101
79
104
84
118
130
112
103
118
131
138
133
122
77
61
50
42
9
36
18
44
28
47
38
21
43
52
58
57
91
69
47
48
96
96
77
116
29
94
33
49
7
43
-26
-54
-73
-113
-94
-86
-72
-70
-65
-72
-30
-21
-26
-59
-31
-35
-12
-85
-41
-3
10
-4
17
-7
-37
-34
-25
-110
-65
-83
-97
-148
-81
-120
-120
-113
-39
-97
-32
-66
-95
-77
-79
-147
-104
-129
-48
-106
-64
-87
-77
-114
-21
-74
-99
-105
-104
-150
-161
-139
-92
-165
-127
-116
-123
-160
-128
-134
-180
-143
-158
-156
-183
-185
-140
-176
-218
-128
-100
-122
236
245
245
264
274
273
226
235
278
283
342
294
299
290
282
272
265
246
254
226
213
201
208
206
212
217
234
206
232
177
216
205
244
230
279
261
287
294
284
300
279
306
264
290
261
224
279
238
259
177
221
211
268
252
281
292
283
285
299
293
305
307
336
315
301
308
340
334
330
340
334
349
300
243
229
269
235
198
207
190
212
204
143
192
190
186
197
229
220
239
214
215
178
153
161
192
219
216
189
185
142
124
101
81
42
72
63
47
-2
24
-6
62
19
66
50
82
70
108
101
79
104
84
118
130
112
103
118
131
138
133
122
77
61
50
42
9
36
18
44
28
47
38
21
43
52
58
57
91
69
47
48
96
96
77
116
29
94
33
49
7
43
-26
-54
-73
-113
-94
-86
-72
-70
-65
-72
-30
-21
-26
-59
-31
-35
-12
-85
-41
-3
10
-4
17
-7
-37
-34
-25
-110
-65
-83
-97
-148
-81
-120
-120
-113
-39
-97
-32
-66
-95
-77
-79
-147
-104
-129
-48
-106
-64
-87
-77
-114
-21
-74
-99
-105
-104
-150
-161
-139
-92
-165
-127
-116
-123
-160
-128
-134
-180
-143
-158
-156
-183
-185
-140
-176
-218
-128
-100
-122
-90
-160
-98
-113
-97
-143
-145
-100
-95
-106
-161
-90
-92
-64
-75
-51
-70
-40
-33
-73
-51
-56
-80
-33
-39
12
-20
-15
-85
23
-21
-3
-38
-44
-52
-32
-57
-25
-70
-75
-82
-74
-78
-71
-87
-72
-144
-124
-148
-131
-159
-210
-165
-189
-180
-192
-136
-222
-168
-208
-142
-172
-143
-131
-125
-100
-120
-93
-80
-71
-78
-53
-102
-90
-53
-144
-84
-127
-107
-78
-73
-119
-60
-88
-28
-55
-46
-88
-47
-52
-35
-69
-75
-77
-47
-41
-8
-70
-36
-85
-79
-113
-82
-113
-91
-136
-134
-142
-131
-119
-111
-59
-93
-61
-142
-132
-98
-102
-98
-152
-142
-149
-165
-177
-171
-170
-169
-162
-221
-231
-263
-247
-297
-313
-337
-295
-281
-295
-323
-304
-281
-255
-262
-284
-302
-308
-339
-315
-271
-345
-329
-274
-303
-325
-228
-249
-241
-229
-226
-247
-246
-264
-211
-201
-175
-164
-146
-183
-101
-44
-11
-65
-30
-8
-34
-23
-51
-1
-46
10
10
34
-6
36
-7
-12
-11
-15
13
5
-20
56
-32
57
48
63
-1
69
0
25
16
23
64
38
12
67
26
61
32
0
30
43
5
-6
-26
32
-15
49
18
14
-18
13
-43
43
28
79
98
130
141
124
100
69
105
65
108
47
43
34
76
61
-122
-90
-160
-98
-113
-97
-143
-145
-100
-95
-106
-161
-90
-92
-64
-75
-51
-70
-40
-33
-73
-51
-56
-80
-33
-39
12
-20
-15
-85
23
-21
-3
-38
-44
-52
-32
-57
-25
-70
-75
-82
-74
-78
-71
-87
-72
-144
-124
-148
-131
-159
-210
-165
-189
-180
-192
-136
-222
-168
-208
-142
-172
-143
-131
-125
-100
-120
-93
-80
-71
-78
-53
-102
-90
-53
-144
-84
-127
-107
-78
-73
-119
-60
-88
-28
-55
-46
-88
-47
-52
-35
-69
-75
-77
-47
-41
-8
-70
-36
-85
-79
-113
-82
-113
-91
-136
-134
-142
-131
-119
-111
-59
-93
-61
-142
-132
-98
-102
-98
-152
-142
-149
-165
-177
-171
-170
-169
-162
-221
-231
-263
-247
-297
-313
-337
-295
-281
-295
-323
-304
-281
-255
-262
-284
-302
-308
-339
-315
-271
-345
-329
-274
-303
-325
-228
-249
-241
-229
-226
-247
-246
-264
-211
-201
-175
-164
-146
-183
-101
-44
-11
-65
-30
-8
-34
-23
-51
-1
-46
10
10
34
-6
36
-7
-12
-11
-15
13
5
-20
56
-32
57
48
63
-1
69
0
25
16
23
64
38
12
67
26
61
32
0
30
43
5
-6
-26
32
-15
49
18
14
-18
13
-43
43
28
79
98
130
141
124
100
69
105
65
108
47
43
34
76
61
98
63
64
61
78
86
94
96
79
116
101
74
98
143
168
162
121
130
117
183
156
190
214
193
168
196
162
182
161
99
195
166
162
131
138
87
75
90
101
65
80
86
99
129
101
173
51
111
113
138
90
65
50
48
61
74
70
77
94
70
76
56
79
114
85
130
106
91
43
112
53
133
72
131
63
94
31
56
4
30
16
4
-19
19
-22
-16
-4
-3
19
14
37
-14
26
-23
23
-17
31
4
6
33
26
47
42
16
11
-30
-54
-81
-96
-49
-72
-31
-36
-25
-4
-21
-61
-32
9
15
2
25
-23
-10
22
23
32
-18
42
19
130
108
75
109
109
1
27
46
-59
-37
-57
3
-40
-7
25
30
0
37
36
42
28
1
36
-6
-19
-21
-7
0
-3
-3
-15
-18
33
4
40
55
67
26
44
33
81
49
58
29
60
52
54
89
84
77
96
80
50
76
51
54
65
43
78
57
85
27
33
21
30
10
-3
-20
-18
-13
-51
-15
15
4
-14
23
16
31
-8
7
-9
18
18
25
56
20
26
56
70
38
67
44
98
80
89
-5
25
18
14
-42
-5
45
-47
-28
-34
-40
-41
-17
29
-12
61
98
63
64
61
78
86
94
96
79
116
101
74
98
143
168
162
121
130
117
183
156
190
214
193
168
196
162
182
161
99
195
166
162
131
138
87
75
90
101
65
80
86
99
129
101
173
51
111
113
138
90
65
50
48
61
74
70
77
94
70
76
56
79
114
85
130
106
91
43
112
53
133
72
131
63
94
31
56
4
30
16
4
-19
19
-22
-16
-4
-3
19
14
37
-14
26
-23
23
-17
31
4
6
33
26
47
42
16
11
-30
-54
-81
-96
-49
-72
-31
-36
-25
-4
-21
-61
-32
9
15
2
25
-23
-10
22
23
32
-18
42
19
130
108
75
109
109
1
27
46
-59
-37
-57
3
-40
-7
25
30
0
37
36
42
28
1
36
-6
-19
-21
-7
0
-3
-3
-15
-18
33
4
40
55
67
26
44
33
81
49
58
29
60
52
54
89
84
77
96
80
50
76
51
54
65
43
78
57
85
27
33
21
30
10
-3
-20
-18
-13
-51
-15
15
4
-14
23
16
31
-8
7
-9
18
18
25
56
20
26
56
70
38
67
44
98
80
89
-5
25
18
14
-42
-5
45
-47
-28
-34
-40
-41
-17
29
-12
31
-34
6
9
0
58
51
51
30
39
23
32
7
48
14
-1
-11
-8
74
-13
40
-31
44
37
57
62
78
58
79
71
60
90
106
101
110
101
138
107
137
131
109
97
95
101
121
130
113
145
119
148
155
91
118
151
87
196
126
177
153
196
140
165
129
157
125
142
120
128
127
120
130
111
102
96
127
111
118
96
103
100
168
151
194
161
219
173
181
188
169
213
212
208
217
230
219
232
202
232
223
244
250
221
219
224
192
198
196
218
197
227
219
228
215
244
190
209
153
196
162
126
144
146
149
141
119
115
107
104
141
105
130
147
158
142
137
105
99
133
127
82
91
68
105
126
95
93
104
116
42
57
61
97
79
45
74
89
94
118
112
141
131
99
143
161
181
156
244
151
199
162
209
161
174
160
168
180
148
134
134
107
131
99
63
45
14
53
1
51
2
34
77
16
61
46
51
33
73
75
73
82
111
89
83
79
71
60
38
44
3
18
12
-25
-23
6
6
8
-1
5
114
123
161
116
173
206
174
197
192
230
241
262
273
245
195
231
267
255
258
279
276
285
-12
31
-34
6
9
0
58
51
51
30
39
23
32
7
48
14
-1
-11
-8
74
-13
40
-31
44
37
57
62
78
58
79
71
60
90
106
101
110
101
138
107
137
131
109
97
95
101
121
130
113
145
119
148
155
91
118
151
87
196
126
177
153
196
140
165
129
157
125
142
120
128
127
120
130
111
102
96
127
111
118
96
103
100
168
151
194
161
219
173
181
188
169
213
212
208
217
230
219
232
202
232
223
244
250
221
219
224
192
198
196
218
197
227
219
228
215
244
190
209
153
196
162
126
144
146
149
141
119
115
107
104
141
105
130
147
158
142
137
105
99
133
127
82
91
68
105
126
95
93
104
116
42
57
61
97
79
45
74
89
94
118
112
141
131
99
143
161
181
156
244
151
199
162
209
161
174
160
168
180
148
134
134
107
131
99
63
45
14
53
1
51
2
34
77
16
61
46
51
33
73
75
73
82
111
89
83
79
71
60
38
44
3
18
12
-25
-23
6
6
8
-1
5
114
123
161
116
173
206
174
197
192
230
241
262
273
245
195
231
267
255
258
279
276
285
283
278
283
308
255
278
245
221
214
225
238
245
215
215
211
209
173
239
181
201
160
213
239
234
269
208
238
250
205
165
203
139
176
182
204
209
246
233
279
294
298
264
275
283
239
211
206
214
210
226
210
235
181
194
148
192
153
172
135
80
103
114
107
84
135
94
127
120
133
121
139
144
137
103
113
148
131
95
92
123
122
91
109
85
94
92
69
138
143
144
147
108
147
147
163
154
200
164
196
170
183
162
165
128
141
125
116
117
95
82
88
75
65
72
59
23
45
-27
19
23
27
24
33
59
48
79
50
141
53
119
66
97
128
54
80
55
64
51
75
73
83
101
119
141
109
129
97
139
151
160
148
166
159
186
158
147
154
146
154
112
135
39
79
49
18
-4
13
-29
-16
-56
-61
-102
-115
-102
-129
-116
-122
-77
-66
-63
-94
-16
-23
-19
-57
-99
-131
-73
-92
-107
-126
-76
-77
-100
-120
-179
-177
-205
-213
-209
-172
-219
-172
-150
-148
-126
-115
-112
-91
-114
-67
-50
-18
-95
-51
-86
-88
-40
-118
-93
-105
-95
-97
-61
-95
-92
-87
-76
-81
-60
-90
-68
-55
-51
-64
-33
-34
-41
-43
8
285
283
278
283
308
255
278
245
221
214
225
238
245
215
215
211
209
173
239
181
201
160
213
239
234
269
208
238
250
205
165
203
139
176
182
204
209
246
233
279
294
298
264
275
283
239
211
206
214
210
226
210
235
181
194
148
192
153
172
135
80
103
114
107
84
135
94
127
120
133
121
139
144
137
103
113
148
131
95
92
123
122
91
109
85
94
92
69
138
143
144
147
108
147
147
163
154
200
164
196
170
183
162
165
128
141
125
116
117
95
82
88
75
65
72
59
23
45
-27
19
23
27
24
33
59
48
79
50
141
53
119
66
97
128
54
80
55
64
51
75
73
83
101
119
141
109
129
97
139
151
160
148
166
159
186
158
147
154
146
154
112
135
39
79
49
18
-4
13
-29
-16
-56
-61
-102
-115
-102
-129
-116
-122
-77
-66
-63
-94
-16
-23
-19
-57
-99
-131
-73
-92
-107
-126
-76
-77
-100
-120
-179
-177
-205
-213
-209
-172
-219
-172
-150
-148
-126
-115
-112
-91
-114
-67
-50
-18
-95
-51
-86
-88
-40
-118
-93
-105
-95
-97
-61
-95
-92
-87
-76
-81
-60
-90
-68
-55
-51
-64
-33
-34
-41
-43
8
-31
-13
-36
-38
-6
-33
-23
-46
-2
-31
-52
-6
-21
-72
-49
-55
-37
-65
-52
-84
-79
-70
-39
-95
-20
-59
3
-25
67
17
45
90
35
73
32
39
25
40
2
19
-30
27
10
44
46
92
36
77
54
99
56
109
112
110
100
174
136
110
125
189
185
149
130
178
131
126
108
129
146
162
140
161
61
133
69
71
9
65
35
109
92
83
29
115
76
84
107
74
91
114
150
113
153
179
187
173
197
238
206
151
187
160
153
101
151
129
103
67
127
111
115
94
112
99
101
102
94
91
114
139
137
125
86
94
76
114
70
67
35
52
20
16
-30
51
-19
-22
-30
-8
17
32
16
30
20
48
51
52
59
64
66
99
104
133
141
165
152
184
192
230
163
177
206
214
134
170
164
182
144
190
169
201
237
222
202
131
195
158
163
142
163
87
145
75
125
58
126
109
121
103
109
87
166
110
139
97
92
120
187
173
174
190
171
230
203
217
155
132
154
120
140
154
85
110
85
116
103
91
72
40
15
28
19
36
42
82
50
84
89
58
23
16
39
29
41
39
79
99
83
99
41
90
8
-31
-13
-36
-38
-6
-33
-23
-46
-2
-31
-52
-6
-21
-72
-49
-55
-37
-65
-52
-84
-79
-70
-39
-95
-20
-59
3
-25
67
17
45
90
35
73
32
39
25
40
2
19
-30
27
10
44
46
92
36
77
54
99
56
109
112
110
100
174
136
110
125
189
185
149
130
178
131
126
108
129
146
162
140
161
61
133
69
71
9
65
35
109
92
83
29
115
76
84
107
74
91
114
150
113
153
179
187
173
197
238
206
151
187
160
153
101
151
129
103
67
127
111
115
94
112
99
101
102
94
91
114
139
137
125
86
94
76
114
70
67
35
52
20
16
-30
51
-19
-22
-30
-8
17
32
16
30
20
48
51
52
59
64
66
99
104
133
141
165
152
184
192
230
163
177
206
214
134
170
164
182
144
190
169
201
237
222
202
131
195
158
163
142
163
87
145
75
125
58
126
109
121
103
109
87
166
110
139
97
92
120
187
173
174
190
171
230
203
217
155
132
154
120
140
154
85
110
85
116
103
91
72
40
15
28
19
36
42
82
50
84
89
58
23
16
39
29
41
39
79
99
83
99
41
90
49
115
98
136
79
110
56
89
52
64
49
64
77
95
117
133
146
127
151
151
121
122
103
107
132
99
128
86
126
50
94
45
59
44
74
50
48
34
10
3
10
-8
25
43
6
19
-15
-21
-10
-35
-44
-41
-35
-25
-29
-32
-99
-55
-63
-47
-77
-21
-68
-1
-15
25
10
54
24
27
46
66
91
80
0
87
68
81
34
98
71
128
93
107
69
69
97
80
57
69
29
67
15
27
37
66
54
84
73
96
77
75
98
70
88
66
35
68
38
28
-6
-12
-28
-26
-54
-68
-83
-71
-54
-61
-55
-68
-51
-44
-6
-9
13
14
29
67
71
49
104
67
127
62
68
59
66
92
-6
106
8
83
49
88
52
84
33
77
31
67
62
49
8
29
-2
25
-29
8
314
-48
-17
-26
-44
-16
-86
-43
-100
-6
-90
-41
-116
-67
-100
-27
-117
-24
-80
-41
-43
4
-32
-18
-36
-44
-51
-82
-70
-51
-63
-87
-90
-78
-81
-71
-79
-60
-69
-26
-55
-81
-89
-87
-81
-125
-105
-147
-100
-117
-137
-193
-132
-201
-159
-194
-178
-147
-187
-154
-200
-231
-223
-216
-192
-172
-181
-178
-125
-101
-162
-125
-134
-72
-130
-109
-56
-115
-133
-89
-96
-48
-17
-26
-44
-16
-86
-43
-100
-6
-90
-41
-116
-67
-100
-27
-117
-24
-80
-41
-43
4
-32
-18
-36
-44
-51
-82
-70
-51
-63
-87
-90
-78
-81
-71
-79
-60
-69
-26
-55
-81
-89
-87
-81
-125
-105
-147
-100
-117
-137
-193
-132
-201
-159
-194
-178
-147
-187
-154
-200
-231
-223
-216
-192
-172
-181
-178
-125
-101
-162
-125
-134
-72
-130
-109
-56
-115
-133
-89
-96
-99
-79
-168
-126
-115
-138
-150
-148
-104
-153
-175
-151
-128
-118
-106
-98
-55
-71
-71
-58
-32
-47
-5
-27
-21
30
12
37
54
82
44
51
55
71
26
38
25
69
32
47
17
50
26
47
74
68
65
61
91
84
91
50
144
112
97
101
67
35
33
58
73
68
66
74
92
55
55
50
49
30
47
67
6
-18
-21
-61
-31
-67
-88
-66
-96
-89
-96
-106
-82
-115
-78
-30
-57
-54
-76
-71
-75
-87
-49
-58
-63
-47
-36
-31
-33
-32
-67
-34
-53
-87
-55
-11
-76
-73
-91
-78
-56
-70
-82
-65
-41
-59
-3
0
-33
-47
-92
-30
-40
-79
-31
-53
-58
-97
-102
-111
-80
-92
-70
-87
-75
-90
-87
-62
-58
-29
-111
-92
-123
-111
-135
-120
-159
-156
-164
-135
-138
-174
-166
-169
-165
-212
-178
-207
-180
-180
-179
-176
-146
-161
-99
-153
-157
-147
-113
-143
-124
-166
-183
-169
-184
-170
-192
-198
-187
-170
-176
-159
-174
-151
-167
-194
-210
-208
-207
-204
-229
-189
-182
-186
-139
-115
-117
-97
-122
-57
-89
-41
-8
-63
-85
-46
-94
-84
-87
-80
-84
-52
-154
-95
-74
-116
-95
-57
-65
-14
-31
-25
-15
12
8
-18
-11
-12
-15
-47
-47
-53
-25
-49
-65
-34
-33
-40
-96
-99
-79
-168
-126
-115
-138
-150
-148
-104
-153
-175
-151
-128
-118
-106
-98
-55
-71
-71
-58
-32
-47
-5
-27
-21
30
12
37
54
82
44
51
55
71
26
38
25
69
32
47
17
50
26
47
74
68
65
61
91
84
91
50
144
112
97
101
67
35
33
58
73
68
66
74
92
55
55
50
49
30
47
67
6
-18
-21
-61
-31
-67
-88
-66
-96
-89
-96
-106
-82
-115
-78
-30
-57
-54
-76
-71
-75
-87
-49
-58
-63
-47
-36
-31
-33
-32
-67
-34
-53
-87
-55
-11
-76
-73
-91
-78
-56
-70
-82
-65
-41
-59
-3
0
-33
-47
-92
-30
-40
-79
-31
-53
-58
-97
-102
-111
-80
-92
-70
-87
-75
-90
-87
-62
-58
-29
-111
-92
-123
-111
-135
-120
-159
-156
-164
-135
-138
-174
-166
-169
-165
-212
-178
-207
-180
-180
-179
-176
-146
-161
-99
-153
-157
-147
-113
-143
-124
-166
-183
-169
-184
-170
-192
-198
-187
-170
-176
-159
-174
-151
-167
-194
-210
-208
-207
-204
-229
-189
-182
-186
-139
-115
-117
-97
-122
-57
-89
-41
-8
-63
-85
-46
-94
-84
-87
-80
-84
-52
-154
-95
-74
-116
-95
-57
-65
-14
-31
-25
-15
12
8
-18
-11
-12
-15
-47
-47
-53
-25
-49
-65
-34
-33
-40
-64
-44
-1
8
4
-4
5
32
33
55
61
97
93
121
123
126
116
136
127
117
89
137
121
141
42
85
48
256
195
-325
581
60
33
568
-128
83
-67
-118
388
-155
-89
-349
-236
289
-284
209
-96
210
249
-10
52
142
197
186
165
418
47
323
-219
292
43
-126
-175
6
-341
103
-85
-119
-398
-107
3
-28
-47
-194
-53
87
-93
128
-209
115
-149
15
-68
55
-97
-214
-30
-52
9
-371
-250
-128
-3
-204
-166
-250
-20
-125
-122
-97
-88
19
-90
-58
-111
-110
-97
-21
-163
-60
-89
-11
-172
-101
-222
-143
-172
-164
-281
-59
-181
-8
-240
-63
-201
-14
-111
-78
-163
-5
-35
-1
-13
-59
57
-33
-44
-145
-50
-93
-50
-87
-5
-217
-39
-134
-63
-198
-6
-124
-51
-182
-65
-150
-79
-143
-63
-154
-103
-193
-99
-113
-118
-157
-148
-170
-165
-167
-177
-149
-182
-104
-177
-73
-124
-113
-116
-66
-81
-40
-88
-53
-77
-84
-116
-116
-130
-78
-112
-78
-100
-139
-83
-71
-44
-41
-11
-42
-19
-71
5
-15
108
4
37
70
75
84
66
92
83
98
15
102
141
101
82
107
84
113
84
113
106
110
136
102
57
55
30
-5
52
29
31
34
37
26
45
67
11
20
-40
-64
-44
-1
8
4
-4
5
32
33
55
61
97
93
121
123
126
116
136
127
117
89
137
121
141
42
85
48
256
195
-325
581
60
33
568
-128
83
-67
-118
388
-155
-89
-349
-236
289
-284
209
-96
210
249
-10
52
142
197
186
165
418
47
323
-219
292
43
-126
-175
6
-341
103
-85
-119
-398
-107
3
-28
-47
-194
-53
87
-93
128
-209
115
-149
15
-68
55
-97
-214
-30
-52
9
-371
-250
-128
-3
-204
-166
-250
-20
-125
-122
-97
-88
19
-90
-58
-111
-110
-97
-21
-163
-60
-89
-11
-172
-101
-222
-143
-172
-164
-281
-59
-181
-8
-240
-63
-201
-14
-111
-78
-163
-5
-35
-1
-13
-59
57
-33
-44
-145
-50
-93
-50
-87
-5
-217
-39
-134
-63
-198
-6
-124
-51
-182
-65
-150
-79
-143
-63
-154
-103
-193
-99
-113
-118
-157
-148
-170
-165
-167
-177
-149
-182
-104
-177
-73
-124
-113
-116
-66
-81
-40
-88
-53
-77
-84
-116
-116
-130
-78
-112
-78
-100
-139
-83
-71
-44
-41
-11
-42
-19
-71
5
-15
108
4
37
70
75
84
66
92
83
98
15
102
141
101
82
107
84
113
84
113
106
110
136
102
57
55
30
-5
52
29
31
34
37
26
45
67
11
20
-27
1
-19
-4
2
27
11
53
9
32
15
13
23
1
6
14
1
-3
4
11
22
35
17
62
27
93
62
66
45
61
78
104
77
91
79
89
71
42
47
76
32
75
69
67
71
48
36
-2
60
9
71
67
75
52
77
74
71
65
27
24
19
46
30
-8
28
-12
11
27
-8
-16
4
-51
-46
4
-65
-36
-78
-40
-75
-25
-43
-6
-29
-16
-19
11
-9
2
-16
-38
-29
-23
-58
-47
-51
-24
-123
-1
-38
-32
-64
-65
-111
-78
-176
-109
-123
-176
-98
-127
-137
-135
-125
-120
-63
-107
-60
-54
-20
-72
-58
-86
-28
-44
-68
-88
-20
-47
-44
-66
-41
-57
-71
-73
-50
-44
-26
-55
-56
-59
-47
-50
-61
-82
-119
-110
-119
-66
-119
-69
-126
-86
-57
-94
-98
-117
-104
-146
-145
-147
-164
-160
-122
-146
-112
-117
-101
-48
-84
-49
-74
-48
-23
-40
2
-51
-4
-21
37
6
23
23
12
28
-1
14
-13
1
30
11
34
28
25
3
38
27
-12
-2
-11
-24
-35
-17
24
18
3
-8
0
34
47
45
54
60
52
15
43
71
-38
27
1
27
79
100
61
89
67
63
72
42
49
58
81
46
92
45
136
60
187
86
169
167
20
-27
1
-19
-4
2
27
11
53
9
32
15
13
23
1
6
14
1
-3
4
11
22
35
17
62
27
93
62
66
45
61
78
104
77
91
79
89
71
42
47
76
32
75
69
67
71
48
36
-2
60
9
71
67
75
52
77
74
71
65
27
24
19
46
30
-8
28
-12
11
27
-8
-16
4
-51
-46
4
-65
-36
-78
-40
-75
-25
-43
-6
-29
-16
-19
11
-9
2
-16
-38
-29
-23
-58
-47
-51
-24
-123
-1
-38
-32
-64
-65
-111
-78
-176
-109
-123
-176
-98
-127
-137
-135
-125
-120
-63
-107
-60
-54
-20
-72
-58
-86
-28
-44
-68
-88
-20
-47
-44
-66
-41
-57
-71
-73
-50
-44
-26
-55
-56
-59
-47
-50
-61
-82
-119
-110
-119
-66
-119
-69
-126
-86
-57
-94
-98
-117
-104
-146
-145
-147
-164
-160
-122
-146
-112
-117
-101
-48
-84
-49
-74
-48
-23
-40
2
-51
-4
-21
37
6
23
23
12
28
-1
14
-13
1
30
11
34
28
25
3
38
27
-12
-2
-11
-24
-35
-17
24
18
3
-8
0
34
47
45
54
60
52
15
43
71
-38
27
1
27
79
100
61
89
67
63
72
42
49
58
81
46
92
45
136
60
187
86
169
167
218
179
134
135
144
188
177
171
195
148
128
185
129
120
139
100
123
73
74
24
94
81
108
94
92
115
140
153
91
104
117
116
62
17
69
22
-4
1
-20
38
-33
8
-6
38
-17
-22
-80
-41
-110
-88
-36
-116
-121
-140
-131
-115
-130
-167
-187
-200
-239
-209
-196
-239
-211
-215
-189
-224
-203
-220
-202
-213
-221
-233
-190
-216
-185
-271
-252
-242
-239
-230
-190
-208
-194
-190
-156
-182
-169
-186
-181
-171
-193
-186
-213
-189
-156
-154
-153
-166
-181
-133
-191
-176
-230
-241
-247
-235
-207
-214
-230
-241
-274
-292
-275
-337
-290
-302
-236
-250
-273
-251
-264
-197
-248
-233
-215
-206
-176
-226
-183
-216
-164
-289
-201
-274
-211
-300
-263
-301
-324
-353
-359
-362
-346
-335
-324
-300
-267
-251
-240
-228
-229
-170
-190
-123
-213
-139
-207
-155
-209
-188
-214
-259
-291
-257
-309
-285
-294
-282
-289
-281
-291
-265
-295
-224
-224
-199
-205
-202
-191
-203
-188
-262
-199
-239
-227
-242
-230
-242
-256
-241
-256
-244
-211
-247
-262
-243
-216
-316
-262
-285
-223
-270
-223
-263
-263
-264
-239
-220
-239
-211
-234
-219
-165
-204
-209
-237
-237
-228
-244
-281
-286
-283
-273
-310
-296
-294
-307
-302
-305
-286
-270
-267
-285
-264
-264
-243
-261
-256
167
218
179
134
135
144
188
177
171
195
148
128
185
129
120
139
100
123
73
74
24
94
81
108
94
92
115
140
153
91
104
117
116
62
17
69
22
-4
1
-20
38
-33
8
-6
38
-17
-22
-80
-41
-110
-88
-36
-116
-121
-140
-131
-115
-130
-167
-187
-200
-239
-209
-196
-239
-211
-215
-189
-224
-203
-220
-202
-213
-221
-233
-190
-216
-185
-271
-252
-242
-239
-230
-190
-208
-194
-190
-156
-182
-169
-186
-181
-171
-193
-186
-213
-189
-156
-154
-153
-166
-181
-133
-191
-176
-230
-241
-247
-235
-207
-214
-230
-241
-274
-292
-275
-337
-290
-302
-236
-250
-273
-251
-264
-197
-248
-233
-215
-206
-176
-226
-183
-216
-164
-289
-201
-274
-211
-300
-263
-301
-324
-353
-359
-362
-346
-335
-324
-300
-267
-251
-240
-228
-229
-170
-190
-123
-213
-139
-207
-155
-209
-188
-214
-259
-291
-257
-309
-285
-294
-282
-289
-281
-291
-265
-295
-224
-224
-199
-205
-202
-191
-203
-188
-262
-199
-239
-227
-242
-230
-242
-256
-241
-256
-244
-211
-247
-262
-243
-216
-316
-262
-285
-223
-270
-223
-263
-263
-264
-239
-220
-239
-211
-234
-219
-165
-204
-209
-237
-237
-228
-244
-281
-286
-283
-273
-310
-296
-294
-307
-302
-305
-286
-270
-267
-285
-264
-264
-243
-261
-256
-249
-255
-270
-264
-299
-285
-326
-354
-345
-360
-343
-382
-340
-397
-297
-387
-349
-340
-340
-352
-306
-291
-291
-273
-255
-262
-260
-253
-227
-222
-243
-246
-196
-185
-191
-153
-171
-151
-168
-147
-205
-160
-165
-158
-135
-142
-122
-179
-115
-121
-105
-114
-86
-151
-155
-125
-145
-118
-114
-127
-138
-181
-142
-166
-178
-202
-187
-196
-218
-221
-224
-223
-212
-207
-181
-194
-203
-208
-220
-163
-195
-185
-152
-201
-169
-198
-178
-181
-186
-177
-203
-198
-218
-259
-256
-277
-250
-270
-215
-258
-241
-260
-213
-188
-174
-224
-154
-157
-119
-198
-110
-123
-99
-105
-77
-72
-18
-53
-31
-14
-24
-6
2
7
-19
2
-1
-46
-6
-35
9
3
9
-12
-1
-4
-12
-21
0
37
64
38
-35
-4
-18
0
-35
-17
-61
0
-38
-71
-66
-36
-53
22
15
15
-32
3
-62
3
-36
-8
-39
-2
2
11
15
15
31
41
7
61
51
93
51
117
111
133
37
100
85
92
112
138
154
179
146
228
193
153
197
143
216
138
193
177
243
188
249
196
271
207
271
238
277
224
290
228
266
242
252
237
257
224
268
249
264
166
224
176
176
193
162
179
213
212
218
224
180
135
185
230
279
265
155
-8
415
216
-256
-249
-255
-270
-264
-299
-285
-326
-354
-345
-360
-343
-382
-340
-397
-297
-387
-349
-340
-340
-352
-306
-291
-291
-273
-255
-262
-260
-253
-227
-222
-243
-246
-196
-185
-191
-153
-171
-151
-168
-147
-205
-160
-165
-158
-135
-142
-122
-179
-115
-121
-105
-114
-86
-151
-155
-125
-145
-118
-114
-127
-138
-181
-142
-166
-178
-202
-187
-196
-218
-221
-224
-223
-212
-207
-181
-194
-203
-208
-220
-163
-195
-185
-152
-201
-169
-198
-178
-181
-186
-177
-203
-198
-218
-259
-256
-277
-250
-270
-215
-258
-241
-260
-213
-188
-174
-224
-154
-157
-119
-198
-110
-123
-99
-105
-77
-72
-18
-53
-31
-14
-24
-6
2
7
-19
2
-1
-46
-6
-35
9
3
9
-12
-1
-4
-12
-21
0
37
64
38
-35
-4
-18
0
-35
-17
-61
0
-38
-71
-66
-36
-53
22
15
15
-32
3
-62
3
-36
-8
-39
-2
2
11
15
15
31
41
7
61
51
93
51
117
111
133
37
100
85
92
112
138
154
179
146
228
193
153
197
143
216
138
193
177
243
188
249
196
271
207
271
238
277
224
290
228
266
242
252
237
257
224
268
249
264
166
224
176
176
193
162
179
213
212
218
224
180
135
185
230
279
265
155
-8
415
216
-317
475
-102
-157
370
49
364
30
-131
258
-192
657
-103
385
76
19
309
-280
59
9
43
260
-79
244
-371
194
-29
-10
193
-325
106
200
-272
251
-206
-99
-146
269
246
-167
-99
-10
-207
215
-282
65
-193
29
-126
-14
-65
-84
-101
-125
-109
-113
-407
-244
-278
22
-249
-351
-370
-341
-398
-244
-444
-214
-439
-360
-358
-408
-346
-323
-282
-200
-320
-265
-212
-325
-445
-300
-354
-318
-378
-399
-347
-325
-342
-382
-363
-337
-228
-264
-278
-321
-354
-216
-338
-205
-276
-190
-150
-173
-177
-103
-155
-158
-238
-186
-193
-162
-134
-140
-224
-185
-229
-187
-242
-206
-269
-332
-255
-356
-327
-286
-298
-298
-281
-294
-272
-295
-320
-330
-259
-265
-325
-321
-314
-258
-269
-257
-264
-209
-140
-147
-158
-185
-169
-125
-128
-138
-89
-95
-44
-35
-16
-12
24
16
14
11
44
-39
47
-21
-39
-15
-13
-82
-93
-115
-103
-101
-86
-40
-71
-23
-95
-87
-52
-130
-26
-53
-85
-111
-138
-110
-94
-96
-110
-92
-129
-125
-155
-160
-165
-177
-146
-210
-176
-175
-116
-156
-124
-150
-129
-114
-187
-190
-219
-177
-193
-145
-241
-218
-273
-207
-269
-252
-231
-251
-231
-226
-223
-135
-152
-164
-147
-85
-146
-78
-129
-67
-70
-69
-104
-85
-90
-88
216
-317
475
-102
-157
370
49
364
30
-131
258
-192
657
-103
385
76
19
309
-280
59
9
43
260
-79
244
-371
194
-29
-10
193
-325
106
200
-272
251
-206
-99
-146
269
246
-167
-99
-10
-207
215
-282
65
-193
29
-126
-14
-65
-84
-101
-125
-109
-113
-407
-244
-278
22
-249
-351
-370
-341
-398
-244
-444
-214
-439
-360
-358
-408
-346
-323
-282
-200
-320
-265
-212
-325
-445
-300
-354
-318
-378
-399
-347
-325
-342
-382
-363
-337
-228
-264
-278
-321
-354
-216
-338
-205
-276
-190
-150
-173
-177
-103
-155
-158
-238
-186
-193
-162
-134
-140
-224
-185
-229
-187
-242
-206
-269
-332
-255
-356
-327
-286
-298
-298
-281
-294
-272
-295
-320
-330
-259
-265
-325
-321
-314
-258
-269
-257
-264
-209
-140
-147
-158
-185
-169
-125
-128
-138
-89
-95
-44
-35
-16
-12
24
16
14
11
44
-39
47
-21
-39
-15
-13
-82
-93
-115
-103
-101
-86
-40
-71
-23
-95
-87
-52
-130
-26
-53
-85
-111
-138
-110
-94
-96
-110
-92
-129
-125
-155
-160
-165
-177
-146
-210
-176
-175
-116
-156
-124
-150
-129
-114
-187
-190
-219
-177
-193
-145
-241
-218
-273
-207
-269
-252
-231
-251
-231
-226
-223
-135
-152
-164
-147
-85
-146
-78
-129
-67
-70
-69
-104
-85
-90
-88
-113
-142
-104
-157
-104
-121
-61
-136
-62
-158
-80
-108
-103
-99
-104
-180
-163
-165
-161
-134
-168
-120
-130
-85
-159
-114
-186
-156
-199
-161
-140
-206
-203
-190
-178
-197
-210
-261
-177
-240
-246
-185
-274
-207
-237
-280
-262
-266
-285
-205
-311
-229
-258
-231
-238
-244
-257
-308
-268
-298
-275
-217
-259
-165
-199
-146
-227
-220
-162
-196
-217
-188
-201
-216
-183
-188
-142
-161
-188
-166
-164
-198
-206
-198
-206
-181
-228
-203
-207
-249
-217
-217
-273
-185
-240
-237
-222
-252
-236
-237
-258
-215
-263
-213
-267
-225
-279
-278
-290
-314
-305
-286
-285
-283
-321
-263
-322
-273
-314
-291
-261
-280
-285
-282
-272
-227
-298
-266
-262
-235
-273
-253
-249
-278
-318
-315
-332
-330
-305
-354
-329
-393
-351
-362
-350
-354
-356
-342
-331
-316
-312
-300
-318
-293
-260
-343
-278
-334
-300
-310
-291
-280
-258
-277
-178
-238
-219
-203
-252
-249
-248
-239
-226
-268
-204
-269
-253
-268
-275
-275
-270
-258
-277
-291
-299
-310
-289
-302
-224
-262
-234
-232
-216
-234
-185
-240
-196
-256
-185
-233
-209
-226
-216
-227
-211
-182
-206
-189
-207
-215
-198
-159
-183
-161
-151
-157
-122
-131
-113
-77
-73
-69
-79
-38
-33
-38
-67
-85
-80
-121
-88
-80
-92
-86
-59
-87
-100
-83
-46
-119
-88
-113
-142
-104
-157
-104
-121
-61
-136
-62
-158
-80
-108
-103
-99
-104
-180
-163
-165
-161
-134
-168
-120
-130
-85
-159
-114
-186
-156
-199
-161
-140
-206
-203
-190
-178
-197
-210
-261
-177
-240
-246
-185
-274
-207
-237
-280
-262
-266
-285
-205
-311
-229
-258
-231
-238
-244
-257
-308
-268
-298
-275
-217
-259
-165
-199
-146
-227
-220
-162
-196
-217
-188
-201
-216
-183
-188
-142
-161
-188
-166
-164
-198
-206
-198
-206
-181
-228
-203
-207
-249
-217
-217
-273
-185
-240
-237
-222
-252
-236
-237
-258
-215
-263
-213
-267
-225
-279
-278
-290
-314
-305
-286
-285
-283
-321
-263
-322
-273
-314
-291
-261
-280
-285
-282
-272
-227
-298
-266
-262
-235
-273
-253
-249
-278
-318
-315
-332
-330
-305
-354
-329
-393
-351
-362
-350
-354
-356
-342
-331
-316
-312
-300
-318
-293
-260
-343
-278
-334
-300
-310
-291
-280
-258
-277
-178
-238
-219
-203
-252
-249
-248
-239
-226
-268
-204
-269
-253
-268
-275
-275
-270
-258
-277
-291
-299
-310
-289
-302
-224
-262
-234
-232
-216
-234
-185
-240
-196
-256
-185
-233
-209
-226
-216
-227
-211
-182
-206
-189
-207
-215
-198
-159
-183
-161
-151
-157
-122
-131
-113
-77
-73
-69
-79
-38
-33
-38
-67
-85
-80
-121
-88
-80
-92
-86
-59
-87
-100
-83
-46
-119
-120
-129
-104
-133
-115
-68
-123
-75
-136
-118
-156
-139
-164
-148
-145
-116
-156
-133
-159
-144
-147
-118
-95
-67
-95
-80
-72
-57
-49
-36
-33
-6
-29
-18
-18
14
-14
-27
-28
-6
11
-1
-32
-37
-58
-53
-50
-57
-35
-44
-38
-39
-8
-33
1
-7
-35
-26
-39
-50
-39
-5
-17
-27
14
-59
28
-11
17
-19
45
28
103
105
114
135
143
157
157
163
182
186
159
166
179
125
137
161
158
144
145
155
145
144
156
138
185
202
207
194
152
191
216
242
224
239
258
240
275
227
233
247
250
228
232
175
193
190
175
179
130
167
139
180
199
160
182
181
195
204
226
212
198
217
202
233
217
232
233
225
226
210
225
226
213
218
235
207
215
211
224
229
150
191
260
256
189
235
233
233
227
213
235
226
215
252
222
265
250
300
262
232
206
227
195
228
206
244
182
164
171
201
184
188
183
166
143
171
179
152
182
170
198
159
215
166
169
161
145
140
128
100
110
65
68
55
25
27
43
-5
58
6
45
4
56
21
59
58
92
106
86
99
113
143
101
134
113
80
76
73
94
61
77
64
107
71
57
103
105
75
-119
-120
-129
-104
-133
-115
-68
-123
-75
-136
-118
-156
-139
-164
-148
-145
-116
-156
-133
-159
-144
-147
-118
-95
-67
-95
-80
-72
-57
-49
-36
-33
-6
-29
-18
-18
14
-14
-27
-28
-6
11
-1
-32
-37
-58
-53
-50
-57
-35
-44
-38
-39
-8
-33
1
-7
-35
-26
-39
-50
-39
-5
-17
-27
14
-59
28
-11
17
-19
45
28
103
105
114
135
143
157
157
163
182
186
159
166
179
125
137
161
158
144
145
155
145
144
156
138
185
202
207
194
152
191
216
242
224
239
258
240
275
227
233
247
250
228
232
175
193
190
175
179
130
167
139
180
199
160
182
181
195
204
226
212
198
217
202
233
217
232
233
225
226
210
225
226
213
218
235
207
215
211
224
229
150
191
260
256
189
235
233
233
227
213
235
226
215
252
222
265
250
300
262
232
206
227
195
228
206
244
182
164
171
201
184
188
183
166
143
171
179
152
182
170
198
159
215
166
169
161
145
140
128
100
110
65
68
55
25
27
43
-5
58
6
45
4
56
21
59
58
92
106
86
99
113
143
101
134
113
80
76
73
94
61
77
64
107
71
57
103
105
75
114
109
106
150
88
138
102
137
73
123
121
123
122
94
100
125
89
70
70
43
49
60
24
87
47
95
64
33
69
82
39
47
50
41
43
32
58
62
89
73
126
81
109
87
80
103
104
60
60
49
50
8
110
63
43
51
31
-20
26
-26
15
3
-8
-4
1
-22
-7
-33
-8
-8
-7
-37
9
3
4
15
-2
16
52
26
16
35
39
44
37
11
33
16
10
14
48
-30
-21
14
-5
26
-15
11
27
3
26
18
50
-18
1
16
20
-13
17
-39
3
-9
-7
-24
-41
-59
-64
-82
-57
-88
-56
-128
-102
-109
-75
-127
-161
-108
-145
-99
-129
-144
-142
-151
-176
-198
-177
-204
-233
-221
-218
-220
-194
-174
-209
-198
-189
-155
-133
-131
-148
-143
-212
-179
-185
-136
-153
-148
-169
-144
-156
-174
-191
-219
-166
-160
-189
-202
-189
-204
-160
-203
-183
-167
-155
-137
-81
-130
-122
-104
-80
-116
-84
-114
-122
-101
-98
-68
-32
-34
-48
-9
-52
-47
-34
-8
-20
2
10
7
-11
-5
13
-10
22
-26
-29
12
21
38
61
54
49
42
49
61
7
15
-27
-16
-34
-54
-28
-66
-41
19
-64
-44
42
-38
-38
-24
19
-10
3
31
19
38
-13
30
75
114
109
106
150
88
138
102
137
73
123
121
123
122
94
100
125
89
70
70
43
49
60
24
87
47
95
64
33
69
82
39
47
50
41
43
32
58
62
89
73
126
81
109
87
80
103
104
60
60
49
50
8
110
63
43
51
31
-20
26
-26
15
3
-8
-4
1
-22
-7
-33
-8
-8
-7
-37
9
3
4
15
-2
16
52
26
16
35
39
44
37
11
33
16
10
14
48
-30
-21
14
-5
26
-15
11
27
3
26
18
50
-18
1
16
20
-13
17
-39
3
-9
-7
-24
-41
-59
-64
-82
-57
-88
-56
-128
-102
-109
-75
-127
-161
-108
-145
-99
-129
-144
-142
-151
-176
-198
-177
-204
-233
-221
-218
-220
-194
-174
-209
-198
-189
-155
-133
-131
-148
-143
-212
-179
-185
-136
-153
-148
-169
-144
-156
-174
-191
-219
-166
-160
-189
-202
-189
-204
-160
-203
-183
-167
-155
-137
-81
-130
-122
-104
-80
-116
-84
-114
-122
-101
-98
-68
-32
-34
-48
-9
-52
-47
-34
-8
-20
2
10
7
-11
-5
13
-10
22
-26
-29
12
21
38
61
54
49
42
49
61
7
15
-27
-16
-34
-54
-28
-66
-41
19
-64
-44
42
-38
-38
-24
19
-10
3
31
19
38
-13
30
22
34
17
60
49
72
81
81
65
74
104
87
65
105
113
75
73
94
80
97
86
101
121
131
137
138
113
135
166
150
192
137
161
161
202
177
212
183
199
212
211
181
190
207
201
239
241
241
270
251
243
247
222
210
210
211
194
249
255
208
239
247
238
237
241
198
208
195
178
223
196
143
162
121
121
116
113
118
142
129
140
195
167
126
140
164
74
72
72
96
105
56
56
134
86
124
118
159
178
212
179
199
247
205
197
180
235
187
217
226
166
228
257
237
167
208
238
232
184
211
203
204
225
224
245
226
221
208
230
215
247
233
249
234
296
224
268
288
282
258
290
289
255
272
319
297
314
309
330
332
281
317
268
298
284
226
265
308
274
286
301
282
266
272
186
261
233
248
241
211
222
235
184
245
217
224
222
248
279
227
279
239
236
212
208
198
200
198
211
243
153
181
185
189
172
186
214
195
208
184
183
168
161
190
192
177
138
124
114
123
98
122
111
111
131
149
117
112
130
105
151
144
156
159
184
159
201
166
178
186
218
165
194
250
240
203
257
237
255
256
30
22
34
17
60
49
72
81
81
65
74
104
87
65
105
113
75
73
94
80
97
86
101
121
131
137
138
113
135
166
150
192
137
161
161
202
177
212
183
199
212
211
181
190
207
201
239
241
241
270
251
243
247
222
210
210
211
194
249
255
208
239
247
238
237
241
198
208
195
178
223
196
143
162
121
121
116
113
118
142
129
140
195
167
126
140
164
74
72
72
96
105
56
56
134
86
124
118
159
178
212
179
199
247
205
197
180
235
187
217
226
166
228
257
237
167
208
238
232
184
211
203
204
225
224
245
226
221
208
230
215
247
233
249
234
296
224
268
288
282
258
290
289
255
272
319
297
314
309
330
332
281
317
268
298
284
226
265
308
274
286
301
282
266
272
186
261
233
248
241
211
222
235
184
245
217
224
222
248
279
227
279
239
236
212
208
198
200
198
211
243
153
181
185
189
172
186
214
195
208
184
183
168
161
190
192
177
138
124
114
123
98
122
111
111
131
149
117
112
130
105
151
144
156
159
184
159
201
166
178
186
218
165
194
250
240
203
257
237
255
256
254
234
239
268
252
276
275
254
237
253
234
214
230
210
178
187
178
173
177
224
206
204
189
186
169
186
176
196
131
220
161
242
246
250
219
273
184
240
220
253
235
214
189
221
197
255
233
217
201
213
230
194
226
193
210
191
217
161
221
148
225
217
221
179
200
215
206
234
169
232
196
220
243
272
287
264
280
233
252
253
257
226
236
178
246
182
164
190
170
203
213
196
196
161
135
161
101
148
103
97
96
97
104
86
77
101
59
76
47
85
109
89
128
81
121
166
129
182
141
191
93
147
189
176
169
171
129
189
158
191
166
158
179
190
205
157
183
218
185
193
187
191
208
171
157
148
124
123
117
120
145
147
106
115
84
140
105
103
93
126
55
134
118
112
124
87
108
90
101
91
152
105
108
131
146
162
165
158
164
202
154
203
229
212
236
262
286
297
288
299
276
284
276
285
280
280
276
273
294
253
226
176
224
179
154
154
169
135
147
183
174
193
241
203
212
264
204
211
212
220
175
234
155
194
149
153
158
145
147
165
158
160
194
259
190
165
201
186
197
210
256
254
234
239
268
252
276
275
254
237
253
234
214
230
210
178
187
178
173
177
224
206
204
189
186
169
186
176
196
131
220
161
242
246
250
219
273
184
240
220
253
235
214
189
221
197
255
233
217
201
213
230
194
226
193
210
191
217
161
221
148
225
217
221
179
200
215
206
234
169
232
196
220
243
272
287
264
280
233
252
253
257
226
236
178
246
182
164
190
170
203
213
196
196
161
135
161
101
148
103
97
96
97
104
86
77
101
59
76
47
85
109
89
128
81
121
166
129
182
141
191
93
147
189
176
169
171
129
189
158
191
166
158
179
190
205
157
183
218
185
193
187
191
208
171
157
148
124
123
117
120
145
147
106
115
84
140
105
103
93
126
55
134
118
112
124
87
108
90
101
91
152
105
108
131
146
162
165
158
164
202
154
203
229
212
236
262
286
297
288
299
276
284
276
285
280
280
276
273
294
253
226
176
224
179
154
154
169
135
147
183
174
193
241
203
212
264
204
211
212
220
175
234
155
194
149
153
158
145
147
165
158
160
194
259
190
165
201
186
197
210
218
218
230
195
278
204
253
218
264
254
275
232
244
264
222
243
263
268
221
259
226
218
225
224
221
229
204
217
183
209
178
186
165
136
131
96
86
63
27
42
47
59
0
39
12
-5
-34
0
-64
-29
-42
16
-53
1
-22
-59
-13
-15
-44
0
-18
-17
-13
-32
-43
-33
-38
-22
1
-1
-48
-24
-13
-31
22
-45
46
28
-9
-35
49
11
26
0
70
10
34
-37
61
27
-25
51
-16
4
0
8
-38
-14
44
7
20
-33
23
16
29
-2
-8
12
8
13
-6
36
49
18
8
23
26
17
17
20
65
31
32
32
54
58
50
38
56
90
114
114
64
117
108
108
73
71
82
123
134
201
159
112
128
170
134
107
118
122
87
110
111
104
100
81
114
132
165
200
206
193
226
214
207
215
241
238
243
211
252
171
199
196
216
247
208
232
185
205
223
189
205
213
208
130
175
216
194
216
226
238
275
259
235
236
230
228
205
197
182
169
140
141
98
121
102
106
61
90
56
41
45
39
6
14
-35
-29
6
20
-71
-24
-14
5
-55
-36
-12
-4
-90
-19
-74
-65
-40
-65
-18
-38
-53
-46
0
-15
210
218
218
230
195
278
204
253
218
264
254
275
232
244
264
222
243
263
268
221
259
226
218
225
224
221
229
204
217
183
209
178
186
165
136
131
96
86
63
27
42
47
59
0
39
12
-5
-34
0
-64
-29
-42
16
-53
1
-22
-59
-13
-15
-44
0
-18
-17
-13
-32
-43
-33
-38
-22
1
-1
-48
-24
-13
-31
22
-45
46
28
-9
-35
49
11
26
0
70
10
34
-37
61
27
-25
51
-16
4
0
8
-38
-14
44
7
20
-33
23
16
29
-2
-8
12
8
13
-6
36
49
18
8
23
26
17
17
20
65
31
32
32
54
58
50
38
56
90
114
114
64
117
108
108
73
71
82
123
134
201
159
112
128
170
134
107
118
122
87
110
111
104
100
81
114
132
165
200
206
193
226
214
207
215
241
238
243
211
252
171
199
196
216
247
208
232
185
205
223
189
205
213
208
130
175
216
194
216
226
238
275
259
235
236
230
228
205
197
182
169
140
141
98
121
102
106
61
90
56
41
45
39
6
14
-35
-29
6
20
-71
-24
-14
5
-55
-36
-12
-4
-90
-19
-74
-65
-40
-65
-18
-38
-53
-46
0
-15
37
2
11
-1
26
57
55
53
61
43
48
62
67
54
36
38
46
55
64
73
38
24
56
70
46
79
104
2
86
0
73
47
10
48
45
-25
12
-34
-40
-17
-52
-102
-51
-59
-65
-59
-44
-36
-61
-31
-124
-53
-81
-36
-117
-135
-124
-78
-83
-101
-79
-78
-49
-70
-80
-78
-42
-60
-26
-7
4
-16
36
39
-10
-12
-37
-53
-12
-52
-24
-53
-45
-45
-46
-96
-43
-74
-56
-102
-68
-63
-39
-69
-91
-64
-49
-42
-58
-58
-64
-56
-87
-75
-108
-94
-92
-87
-116
-104
-90
-88
-116
-126
-108
-83
-123
-110
-114
-112
-141
-104
-135
-145
-101
-127
-111
-54
-90
-115
-152
-82
-120
-108
-96
-99
-93
-66
-51
-66
-31
-46
-29
-38
-17
-50
-23
-62
-82
-80
-75
-58
-77
-81
-90
-65
-28
-42
-41
-58
-53
-67
-44
-55
-69
-50
-86
-76
-60
-82
-64
-36
-96
-31
-58
-28
-35
-10
-54
1
20
36
17
-4
8
13
36
34
7
36
22
37
10
23
36
73
67
62
74
47
87
79
32
15
30
-2
41
27
34
35
43
20
47
69
63
33
65
38
36
52
63
74
91
82
139
114
154
157
159
153
168
157
126
145
139
182
191
228
207
186
-15
37
2
11
-1
26
57
55
53
61
43
48
62
67
54
36
38
46
55
64
73
38
24
56
70
46
79
104
2
86
0
73
47
10
48
45
-25
12
-34
-40
-17
-52
-102
-51
-59
-65
-59
-44
-36
-61
-31
-124
-53
-81
-36
-117
-135
-124
-78
-83
-101
-79
-78
-49
-70
-80
-78
-42
-60
-26
-7
4
-16
36
39
-10
-12
-37
-53
-12
-52
-24
-53
-45
-45
-46
-96
-43
-74
-56
-102
-68
-63
-39
-69
-91
-64
-49
-42
-58
-58
-64
-56
-87
-75
-108
-94
-92
-87
-116
-104
-90
-88
-116
-126
-108
-83
-123
-110
-114
-112
-141
-104
-135
-145
-101
-127
-111
-54
-90
-115
-152
-82
-120
-108
-96
-99
-93
-66
-51
-66
-31
-46
-29
-38
-17
-50
-23
-62
-82
-80
-75
-58
-77
-81
-90
-65
-28
-42
-41
-58
-53
-67
-44
-55
-69
-50
-86
-76
-60
-82
-96
-31
-58
-28
-35
-10
-64
-36
-54
1
20
36
17
-4
8
13
36
34
7
36
22
37
10
23
36
73
67
62
74
47
87
79
32
15
30
-2
41
27
34
35
43
20
47
69
63
33
65
38
36
52
63
74
91
82
139
114
154
157
159
153
168
157
126
145
139
182
191
228
207
186
213
206
151
177
117
145
159
143
102
153
134
122
171
170
186
141
199
135
114
145
145
96
86
41
71
71
87
101
58
28
87
69
71
11
-20
39
29
5
49
49
41
45
58
112
114
102
110
87
73
86
99
117
96
97
150
135
125
135
189
165
176
125
117
117
151
100
93
62
86
64
58
54
56
55
54
85
43
37
32
64
59
99
68
54
75
57
46
-1
20
-26
-48
-79
-12
-53
-41
-14
-35
-7
-28
19
22
20
41
45
47
70
110
100
143
132
144
179
163
162
110
181
139
161
131
150
112
157
128
99
111
98
131
88
106
98
180
106
152
186
183
152
161
154
164
143
164
122
139
127
109
35
88
89
66
74
72
32
56
73
37
55
64
64
54
48
73
112
116
93
85
161
111
101
152
117
120
106
172
131
126
93
96
115
117
55
94
125
43
117
114
172
102
139
70
13
77
56
74
33
66
77
43
87
-30
-3
-14
-27
-10
-47
-45
-73
-47
-76
-109
-103
-108
-137
-139
-150
-150
-132
-182
-156
-153
-152
-180
-152
-181
-188
-141
-139
-89
-100
-128
-64
-86
-66
-98
-107
-99
-98
-107
-88
-108
-73
186
213
206
151
177
117
145
159
143
102
153
134
122
171
170
186
141
199
135
114
145
145
96
86
41
71
71
87
101
58
28
87
69
71
11
-20
39
29
5
49
49
41
45
58
112
114
102
110
87
73
86
99
117
96
97
150
135
125
135
189
165
176
125
117
117
151
100
93
62
86
64
58
54
56
55
54
85
43
37
32
64
59
99
68
54
75
57
46
-1
20
-26
-48
-79
-12
-53
-41
-14
-35
-7
-28
19
22
20
41
45
47
70
110
100
143
132
144
179
163
162
110
181
139
161
131
150
112
157
128
99
98
111
131
88
106
98
180
106
152
186
183
152
161
154
164
143
164
122
139
127
109
35
88
89
66
74
72
32
56
73
37
55
64
64
54
48
73
112
116
93
85
161
111
101
152
117
120
106
172
131
126
93
96
115
117
55
94
125
43
117
114
172
102
139
70
13
77
56
74
33
66
77
43
87
-30
-3
-14
-27
-10
-47
-45
-73
-47
-76
-109
-103
-108
-137
-139
-150
-150
-132
-182
-156
-153
-152
-180
-152
-181
-188
-141
-139
-89
-100
-128
-64
-86
-66
-98
-107
-99
-98
-107
-88
-108
-73
-104
-102
-129
-111
-129
-108
-142
-113
-138
-143
-128
-151
-137
-97
-111
-119
-84
-105
-118
-101
-81
-96
-105
-107
-98
-101
-112
-100
-110
-118
-106
-108
-111
-164
-161
-156
-148
-222
-171
-161
-206
-166
-184
-179
-172
-160
-184
-148
-164
-156
-128
-136
-91
-127
-119
-137
-129
-129
-145
-131
-92
-162
-135
-141
-112
-108
-80
-121
-61
-68
-93
-69
-66
-40
-24
-91
-21
-29
-17
-29
-7
13
-1
-4
37
69
36
52
52
81
60
44
90
98
91
78
76
87
55
59
99
105
96
66
92
104
46
110
102
125
94
122
96
67
97
82
55
78
66
56
63
77
98
88
86
142
134
153
126
134
146
150
184
164
189
194
201
185
255
217
204
196
229
217
222
201
247
187
212
186
204
160
186
131
176
126
162
163
173
124
160
159
160
161
158
145
136
131
102
181
164
133
218
193
176
205
152
143
115
109
78
114
81
131
65
93
55
88
50
128
50
75
100
55
85
74
117
87
122
108
73
65
95
48
51
72
-1
30
26
39
5
23
88
39
89
16
63
22
79
72
12
45
28
23
40
59
46
33
6
19
17
6
5
-1
26
35
30
53
0
67
-73
-104
-102
-129
-111
-129
-108
-142
-113
-138
-143
-128
-151
-137
-97
-111
-119
-84
-105
-118
-101
-81
-96
-105
-107
-98
-101
-112
-100
-110
-118
-106
-108
-111
-164
-161
-156
-148
-222
-171
-161
-206
-166
-184
-179
-172
-160
-184
-148
-164
-156
-128
-136
-91
-127
-119
-137
-129
-129
-145
-131
-92
-162
-135
-141
-112
-108
-80
-121
-61
-68
-93
-69
-66
-40
-24
-91
-21
-29
-17
-29
-7
13
-1
-4
37
69
36
52
52
81
60
44
90
98
91
78
76
87
55
59
99
105
96
66
92
104
46
110
102
125
94
122
96
67
97
82
55
78
66
56
63
77
98
88
86
142
134
153
126
134
146
150
184
164
189
194
201
185
255
217
204
196
229
217
222
201
247
187
212
186
204
160
186
131
176
126
162
163
173
124
160
159
160
161
158
145
136
131
102
181
164
133
218
193
176
205
152
143
115
109
78
114
81
131
65
93
55
88
50
128
50
75
100
55
85
74
117
87
122
108
73
65
95
48
51
72
-1
30
26
39
5
23
88
39
89
16
63
22
79
72
12
45
28
23
40
59
46
33
6
19
17
6
5
-1
26
35
30
53
0
67
57
36
1
37
-8
41
1
4
-27
-17
0
-26
-35
-55
-83
-74
-45
-54
-10
-126
-106
-86
-69
-112
-100
-130
-67
-75
-85
-100
-97
-98
-53
-69
-67
-56
-65
-75
-70
-108
-86
-121
-129
-112
-94
-101
-99
-104
-112
-77
-79
-121
-109
-73
-86
-82
-65
-77
-73
-73
-54
-71
-118
-110
-141
-124
-150
-134
-143
-159
-178
-180
-185
-224
-213
-211
-236
-209
-234
-180
-184
-116
-132
-122
-158
-149
-111
-84
-66
-68
-72
-62
-85
-82
-62
-99
-58
-75
-93
-9
-50
-43
-65
-56
-54
-38
-75
-39
-69
-80
-60
-64
-67
-50
-8
-40
-19
-17
5
-14
16
14
-9
-34
-9
-13
-36
-36
-30
-46
-38
-31
-111
-64
-89
-95
-108
-80
-80
-65
-47
-56
-49
-20
-27
-34
-36
-40
-24
-16
-11
-10
-13
-42
-12
0
15
-29
1
-47
0
-55
2
-16
-11
-18
13
20
47
26
1
10
13
3
47
58
60
39
87
84
29
33
66
-6
-46
30
-14
-36
-49
-19
-64
-66
-97
-74
-103
-95
-127
-156
-111
-102
-97
-108
-64
-120
-72
-79
-60
-108
-37
-101
-92
-98
-86
-100
-131
-141
-174
-145
-179
-165
-189
-157
-203
-203
-207
-179
-167
-134
-138
-130
-138
-138
-149
-140
-154
-136
-146
-136
-140
-147
67
57
36
1
37
-8
41
1
4
-27
-17
0
-26
-35
-55
-83
-74
-45
-54
-10
-126
-106
-86
-69
-112
-100
-130
-67
-75
-85
-100
-97
-98
-53
-69
-67
-56
-65
-75
-70
-108
-86
-121
-129
-112
-94
-101
-99
-104
-112
-77
-79
-121
-109
-73
-86
-82
-65
-77
-73
-73
-54
-71
-118
-110
-141
-124
-150
-134
-143
-159
-178
-180
-185
-224
-213
-211
-236
-209
-234
-180
-184
-116
-132
-122
-158
-149
-111
-84
-66
-68
-72
-62
-85
-82
-62
-99
-58
-75
-93
-9
-50
-43
-65
-56
-54
-38
-75
-39
-69
-80
-60
-64
-67
-50
-8
-40
-19
-17
5
-14
16
14
-9
-34
-9
-13
-36
-36
-30
-46
-38
-31
-111
-64
-89
-95
-108
-80
-80
-65
-47
-56
-49
-20
-27
-34
-36
-40
-24
-16
-11
-10
-13
-42
-12
0
15
-29
1
-47
0
-55
2
-16
-11
-18
13
20
47
26
1
10
13
3
47
58
60
39
87
84
29
33
66
-6
-46
30
-14
-36
-49
-19
-64
-66
-97
-74
-103
-95
-127
-156
-111
-102
-97
-108
-64
-120
-72
-79
-60
-108
-37
-101
-92
-98
-86
-100
-131
-141
-174
-145
-179
-165
-189
-157
-203
-203
-207
-179
-167
-134
-138
-130
-138
-138
-149
-140
-154
-136
-146
-136
-140
-147
-134
-178
-149
-179
-161
-145
-168
-148
-140
-128
-108
-120
-111
-112
-74
-91
-63
-88
-82
-55
-62
-2
6
-6
11
37
65
66
64
61
84
76
119
106
133
77
81
143
163
115
136
136
144
133
147
182
155
156
167
187
170
160
162
201
182
172
180
194
172
148
156
145
126
140
146
143
200
195
195
159
214
180
169
210
237
245
249
262
288
289
292
292
331
323
365
327
322
362
349
343
321
329
300
342
312
368
344
386
353
409
401
426
432
440
429
410
432
422
386
444
400
446
431
429
439
402
442
470
401
447
428
413
372
356
334
349
364
368
322
326
319
307
318
291
324
323
318
283
286
337
279
326
253
287
265
290
197
195
211
200
216
216
225
232
235
232
238
218
230
259
264
254
264
288
297
297
304
307
317
302
283
267
246
270
263
227
248
286
255
232
196
169
149
151
164
146
173
143
149
164
158
110
130
133
148
124
150
143
160
98
147
130
143
160
132
157
160
130
160
113
70
157
112
77
92
121
106
121
101
97
109
111
88
79
130
131
113
67
95
89
107
75
102
88
94
97
61
49
50
39
-147
-134
-178
-149
-179
-161
-145
-168
-148
-140
-128
-108
-120
-111
-112
-74
-91
-63
-88
-82
-55
-62
-2
6
-6
11
37
65
66
64
61
84
76
119
106
133
77
81
143
163
115
136
136
144
133
147
182
155
156
167
187
170
160
162
201
182
172
180
194
172
148
156
145
126
140
146
143
200
195
195
159
214
180
169
210
237
245
249
262
288
289
292
292
331
323
365
327
322
362
349
343
321
329
300
342
312
368
344
386
353
409
401
426
432
440
429
410
432
422
386
444
400
446
431
429
439
402
442
470
401
447
428
413
372
356
334
349
364
368
322
326
319
307
318
291
324
323
318
283
286
337
279
326
253
287
265
290
197
195
211
200
216
216
225
232
235
232
238
218
230
259
264
254
264
288
297
297
304
307
317
302
283
267
246
270
263
227
248
286
255
232
196
169
149
151
164
146
173
143
149
164
158
110
130
133
148
124
150
143
160
98
147
130
143
160
132
157
160
130
160
113
70
157
112
77
92
121
106
121
101
97
109
111
88
79
130
131
113
67
95
89
107
75
102
88
94
97
61
49
50
39
58
-7
22
-28
-22
-75
-28
-60
40
-75
-11
7
-43
-17
-74
-107
-116
-106
-100
-58
-52
-103
-91
-98
-70
-106
-87
-144
-101
-107
-90
-99
-79
-92
-72
-64
-47
-27
1
-61
-11
-40
-31
-86
-58
-74
-55
-71
-77
-114
-114
-95
-117
-134
-99
-128
-187
-148
-150
-149
-153
-150
-134
-154
-136
-127
-136
-112
-131
-145
-131
-145
-113
-123
-110
-94
-101
-107
-107
-56
-85
-126
-86
-96
-91
-82
-76
-108
-112
-80
-72
-56
-66
-172
-120
-170
-153
-175
-151
-182
-159
-181
-183
-221
-195
-229
-182
-211
-186
-253
-210
-199
-188
-239
-203
-238
-212
-199
-172
-161
-171
-118
-148
-134
-173
-140
-153
-135
-161
-74
-114
-147
-103
-87
-108
-79
-89
-112
-95
-101
-88
-68
-115
-38
-68
-100
-54
-87
-94
-100
-116
-122
-133
-138
-116
-131
-113
-139
-67
-92
-115
-140
-132
-149
-134
-173
-158
-149
-155
-163
-181
-179
-219
-215
-226
-229
-189
-249
-219
-218
-209
-166
-195
-217
-174
-235
-183
-183
-220
-235
-226
-241
-263
-222
-223
-218
-189
-183
-194
-231
-190
-236
-218
-252
-231
-243
-246
-245
-238
-249
-219
-223
-213
-225
-220
-253
-234
-232
-260
-227
-214
-186
-167
-192
-193
-183
-230
-219
-233
-211
-180
-154
-172
-179
-188
-178
-145
-153
-161
-158
39
58
-7
22
-28
-22
-75
-28
-60
40
-75
-11
7
-43
-17
-74
-107
-116
-106
-100
-58
-52
-103
-91
-98
-70
-106
-87
-144
-101
-107
-90
-99
-79
-92
-72
-64
-47
-27
1
-61
-11
-40
-31
-86
-58
-74
-55
-71
-77
-114
-114
-95
-117
-134
-99
-128
-187
-148
-150
-149
-153
-150
-134
-154
-136
-127
-136
-112
-131
-145
-131
-145
-113
-123
-110
-94
-101
-107
-107
-56
-85
-126
-86
-96
-91
-82
-76
-108
-112
-80
-72
-56
-66
-172
-120
-170
-153
-175
-151
-182
-159
-181
-183
-221
-195
-229
-182
-211
-186
-253
-210
-199
-188
-239
-203
-238
-212
-199
-172
-161
-171
-118
-148
-134
-173
-140
-153
-135
-161
-74
-114
-147
-103
-87
-108
-79
-89
-112
-95
-101
-88
-68
-115
-38
-68
-100
-54
-87
-94
-100
-116
-122
-133
-138
-116
-131
-113
-139
-67
-92
-115
-140
-132
-149
-134
-173
-158
-149
-155
-163
-181
-179
-219
-215
-226
-229
-189
-249
-219
-218
-209
-166
-195
-217
-174
-235
-183
-183
-220
-235
-226
-241
-263
-222
-223
-218
-189
-183
-194
-231
-190
-236
-218
-252
-231
-243
-246
-245
-238
-249
-219
-223
-213
-225
-220
-253
-234
-232
-260
-227
-214
-186
-167
-192
-193
-183
-230
-219
-233
-211
-180
-154
-172
-179
-188
-178
-145
-153
-161
-158
-128
-98
-101
-99
-155
-96
-146
-177
-153
-110
-153
-134
-113
-75
-139
-123
-137
-113
-146
-122
-165
-67
-102
-64
-61
-101
-55
-63
-83
-63
-45
-83
-86
-72
-64
-1
-56
-37
26
16
-35
-30
-18
-21
-5
-31
-19
-12
8
-4
35
-19
47
33
6
35
17
33
17
-13
-23
-12
6
-32
-23
-11
-14
-20
-28
-25
-60
-52
2
-55
-3
-3
18
44
58
-2
74
93
83
91
97
145
56
152
139
153
147
158
146
154
151
151
153
180
160
162
129
185
162
170
131
168
131
121
165
138
144
148
94
136
151
128
90
103
98
92
5
77
16
35
6
4
-7
-10
-13
-43
-90
-73
-46
-54
-75
-76
-96
-51
-66
-49
-30
-76
-56
-41
-33
-52
-77
-95
-81
-83
-18
-92
-118
-100
-99
-98
-95
-161
-119
-175
-127
-136
-79
-82
-101
-114
-110
-106
-119
-65
-105
-161
-122
-86
-99
-122
-117
-92
-131
-96
-94
-107
-97
-95
-120
-116
-164
-120
-175
-137
-176
-159
-186
-155
-170
-146
-158
-157
-168
-173
-167
-184
-207
-227
-240
-251
-227
-217
-230
-208
-206
-205
-201
-238
-236
-216
-198
-196
-200
-217
-217
-201
-195
-207
-204
-197
-252
-201
-255
-232
-255
-265
-268
-240
-260
-243
-229
-229
-218
-209
-158
-128
-98
-101
-99
-155
-96
-146
-177
-153
-110
-153
-134
-113
-75
-139
-123
-137
-113
-146
-122
-165
-67
-102
-64
-61
-101
-55
-63
-83
-63
-45
-83
-86
-72
-64
-1
-56
-37
26
16
-35
-30
-18
-21
-5
-31
-19
-12
8
-4
35
-19
47
33
6
35
17
33
17
-13
-23
-12
6
-32
-23
-11
-14
-20
-28
-25
-60
-52
2
-55
-3
-3
18
44
58
-2
74
93
83
91
97
145
56
152
139
153
147
158
146
154
151
151
153
180
160
162
129
185
162
170
131
168
131
121
165
138
144
148
94
136
151
128
90
103
98
92
5
77
16
35
6
4
-7
-10
-13
-43
-90
-73
-46
-54
-75
-76
-96
-51
-66
-49
-30
-76
-56
-41
-33
-52
-77
-95
-81
-83
-18
-92
-118
-100
-99
-98
-95
-161
-119
-175
-127
-136
-79
-82
-101
-114
-110
-106
-119
-65
-105
-161
-122
-86
-99
-122
-117
-92
-131
-96
-94
-107
-97
-95
-120
-116
-164
-120
-175
-137
-176
-159
-186
-155
-170
-146
-158
-157
-168
-173
-167
-184
-207
-227
-240
-251
-227
-217
-230
-208
-206
-205
-201
-238
-236
-216
-198
-196
-200
-217
-217
-201
-195
-207
-204
-197
-252
-201
-255
-232
-255
-265
-268
-240
-260
-243
-229
-229
-218
-209
-226
-215
-230
-187
-212
-205
-220
-213
-215
-191
-197
-191
-209
-200
-193
-221
-242
-222
-222
-205
-218
-227
-276
-289
-259
-285
-265
-319
-318
-327
-302
-344
-333
-329
-314
-350
-337
-318
-306
-309
-346
-305
-319
-338
-301
-314
-298
-304
-297
-310
-318
-298
-323
-347
-358
-343
-339
-346
-342
-334
-322
-311
-331
-306
-314
-288
-313
-254
-304
-250
-231
-250
-189
-247
-281
-239
-277
-201
-165
-235
-163
-182
-167
-174
-163
-157
-156
-146
-141
-150
-159
-205
-162
-184
-190
-159
-130
-158
-133
-146
-163
-183
-150
-177
-163
-142
-138
-140
-132
-152
-167
-131
-123
-80
-85
-84
-99
-40
-76
-49
-60
-34
-52
45
12
47
12
45
58
34
73
72
84
83
103
54
108
96
148
152
183
232
233
220
226
200
161
195
180
163
180
192
233
196
216
183
193
213
210
180
216
238
223
290
244
264
259
234
231
256
231
260
190
205
199
188
218
191
208
170
193
165
192
184
186
187
208
206
202
214
224
220
212
248
234
226
280
214
233
173
202
189
200
176
186
218
190
209
212
184
174
170
187
144
170
199
186
230
201
228
144
146
132
147
132
156
140
54
63
45
58
-9
-2
-4
3
-12
30
-21
0
33
-209
-226
-215
-230
-187
-212
-205
-220
-213
-215
-191
-197
-191
-209
-200
-193
-221
-242
-222
-222
-205
-218
-227
-276
-289
-259
-285
-265
-319
-318
-327
-302
-344
-333
-329
-314
-350
-337
-318
-306
-309
-346
-305
-319
-338
-301
-314
-298
-304
-297
-310
-318
-298
-323
-347
-358
-343
-339
-346
-342
-334
-322
-311
-331
-306
-314
-288
-313
-254
-304
-250
-231
-250
-189
-247
-281
-239
-277
-201
-165
-235
-163
-182
-167
-174
-163
-157
-156
-146
-141
-150
-159
-205
-162
-184
-190
-159
-130
-158
-133
-146
-163
-183
-150
-177
-163
-142
-138
-140
-132
-152
-167
-131
-123
-80
-85
-84
-99
-40
-76
-49
-60
-34
-52
45
12
47
12
45
58
34
73
72
84
83
103
54
108
96
148
152
183
232
233
220
226
200
161
195
180
163
180
192
233
196
216
183
193
213
210
180
216
238
223
290
244
264
259
234
231
256
231
260
190
205
199
188
218
191
208
170
193
165
192
184
186
187
208
206
202
214
224
220
212
248
234
226
280
214
233
173
202
189
200
176
186
218
190
209
212
184
174
170
187
144
170
199
186
230
201
228
144
146
132
147
132
156
140
54
63
45
58
-9
-2
-4
3
-12
30
-21
0
33
10
-2
0
10
-6
-57
-52
-63
-20
-10
-51
-18
-40
18
-22
17
29
46
12
-10
-74
-54
-94
-83
-116
-88
-63
-51
-70
-60
-75
-36
-97
-65
-93
-70
-72
-97
-107
-83
-85
-104
-97
-100
-71
-85
-57
-62
-79
-95
-73
-65
-44
-32
-41
-39
-29
-63
-34
-76
-114
-72
-90
-67
-68
-64
-112
-80
-96
-89
-110
-86
-131
-67
-88
-23
-49
-45
-54
-48
-80
-59
-110
-69
-56
-77
-42
-68
10
-55
-25
-61
26
-50
28
24
27
26
47
31
37
14
87
51
31
36
-28
-1
12
-18
-11
-29
-55
-61
-57
-21
-60
-44
-38
-21
-31
-2
7
-1
-29
-43
-9
-8
-39
-24
-18
-94
-31
-33
40
-42
24
-42
39
3
-6
3
-19
-40
-64
-50
-90
-10
-47
-8
-24
-16
-14
-37
-41
-7
14
3
3
-36
-21
-30
-34
14
9
-7
-34
-60
-40
-47
-13
-22
-27
-28
-13
-38
17
-6
6
21
23
30
13
36
26
42
26
45
-9
4
19
6
2
7
-45
-40
-58
-51
19
-32
-32
-49
-62
-63
-19
-38
-15
5
-2
-7
-15
-21
-23
-5
2
-17
5
-2
-11
-22
-42
-23
8
-48
-33
-34
-12
0
-11
-27
-49
-9
-8
8
4
24
-10
-21
-19
-17
33
10
-2
0
10
-6
-57
-52
-63
-20
-10
-51
-18
-40
18
-22
17
29
46
12
-10
-74
-54
-94
-83
-116
-88
-63
-51
-70
-60
-75
-36
-97
-65
-93
-70
-72
-97
-107
-83
-85
-104
-97
-100
-71
-85
-57
-62
-79
-95
-73
-65
-44
-32
-41
-39
-29
-63
-34
-76
-114
-72
-90
-67
-68
-64
-112
-80
-96
-89
-110
-86
-131
-67
-88
-23
-49
-45
-54
-48
-80
-59
-110
-69
-56
-77
-42
-68
10
-55
-25
-61
26
-50
28
24
27
26
47
31
37
14
87
51
31
36
-28
-1
12
-18
-11
-29
-55
-61
-57
-21
-60
-44
-38
-21
-31
-2
7
-1
-29
-43
-9
-8
-39
-24
-18
-94
-31
-33
40
-42
24
-42
39
3
-6
3
-19
-40
-64
-50
-90
-10
-47
-8
-24
-16
-14
-37
-41
-7
14
3
3
-36
-21
-30
-34
14
9
-7
-34
-60
-40
-47
-13
-22
-27
-28
-13
-38
17
-6
6
21
23
30
13
36
26
42
26
45
-9
4
19
6
2
7
-45
-40
-58
-51
19
-32
-32
-49
-62
-63
-19
-38
-15
5
-2
-7
-15
-21
-23
-5
2
-17
5
-2
-11
-22
-42
-23
8
-48
-33
-34
-12
0
-11
-27
-49
-9
-8
8
4
24
-10
-21
-19
-17
-27
-11
-15
-8
-57
-11
-24
-8
-33
-33
-23
25
-14
39
-49
-11
-51
-1
-46
-48
2
4
-3
14
-14
-34
-6
-32
-36
-2
-67
-55
-10
-42
-31
-21
-19
-29
-57
-95
-65
-82
-64
-71
-100
-105
-113
-136
-145
-154
-167
-178
-144
-138
-120
-169
-170
-122
-123
-118
-126
-148
-108
-125
-127
-136
-162
-120
-108
-95
-87
-98
-134
-99
-131
-81
-107
-78
-50
-86
-83
-93
-67
-120
-110
-136
-84
-69
-39
-31
-32
-15
-47
-14
-52
-14
-63
-30
-33
-2
-18
-12
-53
-49
-9
-5
-19
29
6
88
13
24
30
53
37
66
97
77
79
66
89
83
113
102
135
116
122
68
79
69
75
77
93
89
105
91
110
140
110
131
146
155
162
159
172
216
196
215
212
229
187
214
170
220
213
218
228
217
184
191
179
226
167
211
193
182
137
102
116
127
120
85
118
65
94
81
71
51
89
74
86
86
101
75
92
62
41
93
100
129
141
143
168
158
146
150
158
175
156
173
179
204
197
188
239
202
216
210
202
224
255
213
238
228
224
219
181
240
223
251
223
293
228
220
213
231
199
205
183
192
157
154
178
133
116
111
110
91
107
60
-17
-27
-11
-15
-8
-57
-11
-24
-8
-33
-33
-23
25
-14
39
-49
-11
-51
-1
-46
-48
2
4
-3
14
-14
-34
-6
-32
-36
-2
-67
-55
-10
-42
-31
-21
-19
-29
-57
-95
-65
-82
-64
-71
-100
-105
-113
-136
-145
-154
-167
-178
-144
-138
-120
-169
-170
-122
-123
-118
-126
-148
-108
-125
-127
-136
-162
-120
-108
-95
-87
-98
-134
-99
-131
-81
-107
-78
-50
-86
-83
-93
-67
-120
-110
-136
-84
-69
-39
-31
-32
-15
-47
-14
-52
-14
-63
-30
-33
-2
-18
-12
-53
-49
-9
-5
-19
29
6
88
13
24
30
53
37
66
97
77
79
66
89
83
113
102
135
116
122
68
79
69
75
77
93
89
105
91
110
140
110
131
146
155
162
159
172
216
196
215
212
229
187
214
170
220
213
218
228
217
184
191
179
226
167
211
193
182
137
102
116
127
120
85
118
65
94
81
71
51
89
74
86
86
101
75
92
62
41
93
100
129
141
143
168
158
146
150
158
175
156
173
179
204
197
188
239
202
216
210
202
224
255
213
238
228
224
219
181
240
223
251
223
293
228
220
213
231
199
205
183
192
157
154
178
133
116
111
110
91
107
60
42
25
38
23
36
-11
-25
-21
-21
-25
16
-10
-59
-31
-26
-18
5
6
39
-1
31
21
52
-5
-43
-4
28
40
22
7
-15
8
-24
1
16
12
1
28
-35
20
65
45
106
78
12
16
59
45
55
112
104
127
108
155
74
106
121
122
110
114
128
139
160
146
109
120
127
154
158
157
162
148
171
195
190
149
145
109
130
109
104
101
63
53
100
34
68
18
97
66
126
98
166
85
142
99
145
140
184
94
141
161
115
170
163
207
179
162
181
172
169
193
201
241
207
223
198
214
205
149
195
174
201
205
209
229
173
203
170
203
152
218
167
213
178
217
145
168
183
151
158
141
163
152
180
164
146
125
112
81
78
49
16
12
16
13
9
-48
34
-29
6
-56
3
9
-7
0
25
7
2
-80
-31
-42
-26
-42
-24
-41
-34
-67
-35
-15
-63
-8
-33
-38
-52
-49
-66
-63
-68
-86
-75
-119
-76
-42
-27
-16
-49
-77
-60
-27
-33
-32
-55
-76
-24
-49
-95
-57
-55
-101
-80
-108
-94
-30
-113
-46
-82
-90
-90
-81
-94
-120
-113
-132
-117
-147
-95
-75
-168
-91
-110
-131
-113
-135
-109
-118
-117
-98
-178
-111
60
42
25
38
23
36
-11
-25
-21
-21
-25
16
-10
-59
-31
-26
-18
5
6
39
-1
31
21
52
-5
-43
-4
28
40
22
7
-15
8
-24
1
16
12
1
28
-35
20
65
45
106
78
12
16
59
45
55
112
104
127
108
155
74
106
121
122
110
114
128
139
160
146
109
120
127
154
158
157
162
148
171
195
190
149
145
109
130
109
104
101
63
53
100
34
68
18
97
66
126
98
166
85
142
99
145
140
184
94
141
161
115
170
163
207
179
162
181
172
169
193
201
241
207
223
198
214
205
149
195
174
201
205
209
229
173
203
170
203
152
218
167
213
178
217
145
168
183
151
158
141
163
152
180
164
146
125
112
81
78
49
16
12
16
13
9
-48
34
-29
6
-56
3
9
-7
0
25
7
2
-80
-31
-42
-26
-42
-24
-41
-34
-67
-35
-15
-63
-8
-33
-38
-52
-49
-66
-63
-68
-86
-75
-119
-76
-42
-27
-16
-49
-77
-60
-27
-33
-32
-55
-76
-24
-49
-95
-57
-55
-101
-80
-108
-94
-30
-113
-46
-82
-90
-90
-81
-94
-120
-113
-132
-117
-147
-95
-75
-168
-91
-110
-131
-113
-135
-109
-118
-117
-98
-178
-111
-100
-62
-103
-64
-57
3
-21
-14
-18
-3
9
-22
-37
-30
-27
-52
-42
-42
-121
-52
-38
-22
-110
-37
-59
-25
-73
-57
-59
-101
-8
-19
-56
-59
-34
-43
-48
-52
-43
-9
-16
-43
-15
-53
-52
-53
-56
-58
-46
-52
-43
-70
-80
-42
-41
-38
-65
-40
-42
-35
-35
-37
-15
-29
35
-37
-17
-10
49
6
-2
0
-29
-1
3
-11
12
22
-21
-16
-7
-32
-24
-30
-8
-25
-2
-17
34
8
17
13
23
27
3
-35
-9
3
18
9
48
73
66
69
51
46
109
79
54
48
129
113
73
72
74
70
60
88
101
101
103
110
83
45
69
59
73
76
64
82
69
88
78
101
104
70
63
137
104
52
84
85
109
64
67
65
73
59
66
93
82
123
116
50
56
89
60
6
82
61
88
74
63
101
136
163
125
123
156
141
123
108
113
68
82
134
74
49
51
43
43
21
68
58
43
106
124
64
91
134
126
128
148
159
178
135
164
149
175
146
148
152
202
135
159
126
169
180
170
207
159
118
218
164
210
225
219
274
266
252
208
246
248
233
246
275
222
187
103
119
176
96
144
153
152
107
42
41
48
67
-111
-100
-62
-103
-64
-57
3
-21
-14
-18
-3
9
-22
-37
-30
-27
-52
-42
-42
-121
-52
-38
-22
-110
-37
-59
-25
-73
-57
-59
-101
-8
-19
-56
-59
-34
-43
-48
-52
-43
-9
-16
-43
-15
-53
-52
-53
-56
-58
-46
-52
-43
-70
-80
-42
-41
-38
-65
-40
-42
-35
-35
-37
-15
-29
35
-37
-17
-10
49
6
-2
0
-29
-1
3
-11
12
22
-21
-16
-7
-32
-24
-30
-8
-25
-2
-17
34
8
17
13
23
27
3
-35
-9
3
18
9
48
73
66
69
51
46
109
79
54
48
129
113
73
72
74
70
60
88
101
101
103
110
83
45
69
59
73
76
64
82
69
88
78
101
104
70
63
137
104
52
84
85
109
64
67
65
73
59
66
93
82
123
116
50
56
89
60
6
82
61
88
74
63
101
136
163
125
123
156
141
123
108
113
68
82
134
74
49
51
43
43
21
68
58
43
106
124
64
91
134
126
128
148
159
178
135
164
149
175
146
148
152
202
135
159
126
169
180
170
207
159
118
218
164
210
225
219
274
266
252
208
246
248
233
246
275
222
187
103
119
176
96
144
153
152
107
42
41
48
67
34
102
8
82
59
50
-2
41
-5
45
27
59
26
59
19
57
46
28
-1
30
10
28
47
48
53
40
77
76
62
74
86
96
122
92
61
86
52
50
126
97
134
117
143
133
94
131
97
92
105
88
115
65
36
97
82
83
100
83
100
81
109
87
91
99
119
135
104
136
77
161
121
132
114
141
119
108
87
105
139
122
127
82
55
56
75
77
78
73
84
48
67
45
36
28
20
20
35
4
29
24
31
26
24
69
6
34
21
34
17
36
30
29
17
15
22
18
33
51
60
16
40
47
-8
72
14
31
-5
54
64
47
62
5
-18
-7
-4
-38
-20
-86
-70
-82
-81
-111
-73
-106
-104
-129
-136
-163
-143
-158
-147
-189
-190
-138
-123
-155
-176
-190
-174
-198
-219
-215
-204
-196
-193
-194
-202
-173
-176
-206
-190
-190
-161
-165
-166
-167
-137
-185
-179
-188
-189
-171
-182
-228
-239
-234
-256
-260
-254
-223
-268
-223
-236
-183
-207
-245
-265
-281
-218
-229
-246
-253
-264
-289
-263
-241
-231
-275
-201
-282
-286
-286
-260
-296
-283
-291
-258
-302
-280
-316
-279
-213
-228
-206
-236
-225
-187
-219
-172
-169
-163
-123
-115
-122
-92
-138
-61
-98
-100
-101
67
34
102
8
82
59
50
-2
41
-5
45
27
59
26
59
19
57
46
28
-1
30
10
28
47
48
53
40
77
76
62
74
86
96
122
92
61
86
52
50
126
97
134
117
143
133
94
131
97
92
105
88
115
65
36
97
82
83
100
83
100
81
109
87
91
99
119
135
104
136
77
161
121
132
114
141
119
108
87
105
139
122
127
82
55
56
75
77
78
73
84
48
67
45
36
28
20
20
35
4
29
24
31
26
24
69
6
34
21
34
17
36
30
29
17
15
22
18
33
51
60
16
40
47
-8
72
14
31
-5
54
64
47
62
5
-18
-7
-4
-38
-20
-86
-70
-82
-81
-111
-73
-106
-104
-129
-136
-163
-143
-158
-147
-189
-190
-138
-123
-155
-176
-190
-174
-198
-219
-215
-204
-196
-193
-194
-202
-173
-176
-206
-190
-190
-161
-165
-166
-167
-137
-185
-179
-188
-189
-171
-182
-228
-239
-234
-256
-260
-254
-223
-268
-183
-207
-245
-223
-236
-265
-281
-218
-229
-246
-253
-264
-289
-263
-241
-231
-275
-201
-282
-286
-286
-260
-296
-283
-291
-258
-302
-280
-316
-279
-213
-228
-206
-236
-225
-187
-219
-172
-169
-163
-123
-115
-122
-92
-138
-61
-98
-100
-101
-114
-148
-103
-114
-127
-138
-140
-101
-152
-127
-133
-106
-143
-114
-131
-108
-114
-82
-100
-93
-75
-54
-68
-46
-55
-60
-55
-88
-113
-77
-87
-61
-98
-101
-136
-148
-134
-113
-115
-98
-94
-80
-87
-71
-67
-84
-21
-49
-8
-14
-61
-64
-49
-56
-46
-50
-47
-16
-32
-60
-52
-11
-36
-25
-17
1
-30
-56
-62
-58
-82
-54
-114
-96
-66
-80
-159
-81
-109
-166
-110
-107
-103
-128
-101
-160
-73
-126
-131
-167
-135
-146
-121
-130
-138
-157
-111
-138
-105
-85
-95
-118
-93
-90
-106
-107
-71
-84
-93
-114
-94
-98
-118
-140
-134
-136
-156
-189
-157
-211
-162
-227
-220
-220
-232
-214
-229
-179
-231
-218
-253
-244
-307
-204
-336
-280
-296
-300
-278
-269
-272
-234
-223
-217
-206
-207
-198
-161
-176
-187
-181
-169
-224
-168
-237
-232
-247
-217
-225
-201
-208
-189
-204
-142
-137
-135
-144
-169
-127
-105
-90
-124
-156
-123
-136
-164
-142
-159
-160
-135
-156
-203
-195
-168
-220
-164
-171
-143
-178
-112
-149
-136
-132
-130
-137
-156
-193
-135
-173
-147
-185
-108
-164
-92
-91
-121
-159
-140
-183
-181
-232
-205
-220
-271
-243
-270
-241
-232
-164
-188
-141
-143
-143
-141
-160
-138
-127
-174
-154
-160
-165
-167
-181
-196
-162
-179
-170
-174
-185
-176
-101
-114
-148
-103
-114
-127
-138
-140
-101
-152
-127
-133
-106
-143
-114
-131
-108
-114
-82
-100
-93
-75
-54
-68
-46
-55
-60
-55
-88
-113
-77
-87
-61
-98
-101
-136
-148
-134
-113
-115
-98
-94
-80
-87
-71
-67
-84
-21
-49
-8
-14
-61
-64
-49
-56
-46
-50
-47
-16
-32
-60
-52
-11
-36
-25
-17
1
-30
-56
-62
-58
-82
-54
-114
-96
-66
-80
-159
-81
-109
-166
-110
-107
-103
-128
-101
-160
-73
-126
-131
-167
-135
-146
-121
-130
-138
-157
-111
-138
-105
-85
-95
-118
-93
-90
-106
-107
-71
-84
-93
-114
-94
-98
-118
-140
-134
-136
-156
-189
-157
-211
-162
-227
-220
-220
-232
-214
-229
-179
-231
-218
-253
-244
-307
-204
-336
-280
-296
-300
-278
-269
-272
-234
-223
-217
-206
-207
-198
-161
-176
-187
-181
-169
-224
-168
-237
-232
-247
-217
-225
-201
-208
-189
-204
-142
-137
-135
-144
-169
-127
-105
-90
-124
-156
-123
-136
-164
-142
-159
-160
-135
-156
-203
-195
-168
-220
-164
-171
-143
-178
-112
-149
-136
-132
-130
-137
-156
-193
-135
-173
-147
-185
-108
-164
-92
-91
-121
-159
-140
-183
-181
-232
-205
-220
-271
-243
-270
-241
-232
-164
-188
-141
-143
-143
-141
-160
-138
-127
-174
-154
-160
-165
-167
-181
-196
-162
-179
-170
-174
-185
-176
-159
-171
-140
-179
-189
-187
-184
-204
-207
-210
-215
-222
-229
-258
-226
-232
-242
-246
-254
-264
-268
-300
-290
-288
-266
-269
-259
-245
-252
-263
-248
-265
-247
-225
-212
-239
-230
-209
-230
-216
-226
-192
-196
-180
-191
-187
-155
-163
-168
-138
-171
-102
-145
-105
-164
-111
-185
-171
-134
-112
-107
-161
-95
-112
-64
-154
-62
-127
-105
-193
-169
-186
-196
-232
-152
-182
-190
-117
-112
-110
-123
-101
-159
-120
-132
-102
-47
-85
-131
-112
-126
-101
-121
-100
-118
-89
-105
-53
-77
-55
-75
-84
-94
-133
-76
-67
-88
-81
-77
-74
-118
-102
-121
-90
-136
-129
-134
-135
-153
-167
-130
-135
-140
-146
-89
-115
-54
-123
-102
-128
-158
-139
-129
-146
-162
-118
-128
-135
-139
-135
-169
-160
-146
-206
-168
-174
-157
-151
-140
-228
-183
-180
-225
-155
-154
-162
-147
-86
-134
-127
-109
-124
-54
-62
-42
-79
-33
-29
-47
-29
4
-8
3
7
44
14
2
15
26
18
21
33
5
-17
54
9
-13
-31
3
34
37
36
25
38
69
58
65
29
61
17
18
37
29
44
31
13
-31
-30
-46
-46
-40
-17
-28
-5
0
34
15
12
7
-14
-33
-32
-41
-76
-67
-63
-98
-83
-105
-112
-114
-117
-148
-144
-138
-142
-131
-127
-78
-148
-176
-159
-171
-140
-179
-189
-187
-184
-204
-207
-210
-215
-222
-229
-258
-226
-232
-242
-246
-254
-264
-268
-300
-290
-288
-266
-269
-259
-245
-252
-263
-248
-265
-247
-225
-212
-239
-230
-209
-230
-216
-226
-192
-196
-180
-191
-187
-155
-163
-168
-138
-171
-102
-145
-105
-164
-111
-185
-171
-134
-112
-107
-161
-95
-112
-64
-154
-62
-127
-105
-193
-169
-186
-196
-232
-152
-182
-190
-117
-112
-110
-123
-101
-159
-120
-132
-102
-47
-85
-131
-112
-126
-101
-121
-100
-118
-89
-105
-53
-77
-55
-75
-84
-94
-133
-76
-67
-88
-81
-77
-74
-118
-102
-121
-90
-136
-129
-134
-135
-153
-167
-130
-135
-140
-146
-89
-115
-54
-123
-102
-128
-158
-139
-129
-146
-162
-118
-128
-135
-139
-135
-169
-160
-146
-206
-168
-174
-157
-151
-140
-228
-183
-180
-225
-155
-154
-162
-147
-86
-134
-127
-109
-124
-54
-62
-42
-79
-33
-29
-47
-29
4
-8
3
7
44
14
2
15
26
18
21
33
5
-17
54
9
-13
-31
3
34
37
36
25
38
69
58
65
29
61
17
18
37
29
44
31
13
-31
-30
-46
-46
-40
-17
-28
-5
0
34
15
12
7
-14
-33
-32
-41
-76
-67
-63
-98
-83
-105
-112
-114
-117
-148
-144
-138
-142
-131
-127
-78
-148
-89
-104
-73
-69
-21
-72
-80
-53
-29
-29
-62
-8
-34
-15
-58
-33
-66
-44
-56
-27
-10
-58
-64
-56
-48
-67
3
-4
-5
7
22
20
-8
19
19
5
12
-22
34
-2
-12
-23
-13
-40
-60
-72
-121
-102
-82
-71
-96
-65
-81
-110
-124
-98
-89
-70
-77
-36
-52
-43
-71
-35
-58
-115
-52
-117
-68
-103
-90
-115
-95
-97
-117
-131
-110
-116
-194
-150
-89
-170
-133
-111
-123
-169
-112
-110
-141
-108
-138
-69
-142
-64
-132
-79
-146
-71
-58
-120
-101
-90
-116
-101
-89
-73
-80
-53
-49
-34
-60
-66
-78
-48
-130
-70
-128
-133
-103
-116
-140
-124
-133
-114
-116
-132
-120
-138
-139
-141
-131
-119
-91
-100
-89
-136
-93
-118
-128
-123
-142
-137
-146
-152
-145
-141
-134
-92
-141
-122
-129
-89
-91
-162
-141
-156
-145
-139
-93
-152
-90
-77
-80
-129
-114
-78
-121
-86
-67
-54
-41
-28
-46
7
-33
-7
-24
27
10
43
-6
21
11
22
-6
20
47
33
27
10
23
11
-48
-8
-32
-43
-4
15
-28
-8
-2
20
2
52
27
20
36
69
12
64
104
87
67
43
70
73
76
79
110
102
99
54
85
55
101
53
70
52
94
82
117
69
104
75
112
87
118
-3
84
27
-148
-89
-104
-73
-69
-21
-72
-80
-53
-29
-29
-62
-8
-34
-15
-58
-33
-66
-44
-56
-27
-10
-58
-64
-56
-48
-67
3
-4
-5
7
22
20
-8
19
19
5
12
-22
34
-2
-12
-23
-13
-40
-60
-72
-121
-102
-82
-71
-96
-65
-81
-110
-124
-98
-89
-70
-77
-36
-52
-43
-71
-35
-58
-115
-52
-117
-68
-103
-90
-115
-95
-97
-117
-131
-110
-116
-194
-150
-89
-170
-133
-111
-123
-169
-112
-110
-141
-108
-138
-69
-142
-64
-132
-79
-146
-71
-58
-120
-101
-90
-116
-101
-89
-73
-80
-53
-49
-34
-60
-66
-78
-48
-130
-70
-128
-133
-103
-116
-140
-124
-133
-114
-116
-132
-120
-138
-139
-141
-131
-119
-91
-100
-89
-136
-93
-118
-128
-123
-142
-137
-146
-152
-145
-141
-134
-92
-141
-122
-129
-89
-91
-162
-141
-156
-145
-139
-93
-152
-90
-77
-80
-129
-114
-78
-121
-86
-67
-54
-41
-28
-46
7
-33
-7
-24
27
10
43
-6
21
11
22
-6
20
47
33
27
10
23
11
-48
-8
-32
-43
-4
15
-28
-8
-2
20
2
52
27
20
36
69
12
64
104
87
67
43
70
73
76
79
110
102
99
54
85
55
101
53
70
52
94
82
117
69
104
75
112
87
118
-3
84
27
27
24
56
42
48
52
9
45
4
-6
-22
41
44
82
88
98
79
101
100
117
136
160
130
145
134
178
186
153
181
185
179
166
173
181
140
182
153
189
120
148
102
152
150
160
181
189
154
125
203
172
164
134
162
136
169
185
168
90
171
144
150
204
201
189
181
203
209
229
176
176
187
185
174
191
179
159
187
174
155
161
164
140
147
177
151
171
182
148
129
169
115
122
108
72
77
51
8
17
45
-6
17
20
63
29
69
62
68
36
52
75
86
56
70
44
64
13
34
-10
30
8
32
22
47
31
93
77
93
107
100
84
113
52
101
58
128
117
164
98
102
102
126
110
72
90
117
144
140
164
144
168
120
200
134
127
132
122
136
136
84
146
26
69
26
62
43
38
85
39
5
-12
-17
-8
10
6
11
12
16
21
33
52
18
57
39
44
42
65
109
118
98
111
84
60
104
81
94
91
98
95
150
37
152
105
161
111
168
134
166
108
144
125
107
117
116
126
111
120
168
129
146
144
174
198
223
187
199
221
193
235
206
191
189
223
185
185
183
199
167
153
170
222
27
27
24
56
42
48
52
9
45
4
-6
-22
41
44
82
88
98
79
101
100
117
136
160
130
145
134
178
186
153
181
185
179
166
173
181
140
182
153
189
120
148
102
152
150
160
181
189
154
125
203
172
164
134
162
136
169
185
168
90
171
144
150
204
201
189
181
203
209
229
176
176
187
185
174
191
179
159
187
174
155
161
164
140
147
177
151
171
182
148
129
169
115
122
108
72
77
51
8
17
45
-6
17
20
63
29
69
62
68
36
52
75
86
56
70
44
64
13
34
-10
30
8
32
22
47
31
93
77
93
107
100
84
113
52
101
58
128
117
164
98
102
102
126
110
72
90
117
144
140
164
144
168
120
200
134
127
132
122
136
136
84
146
26
69
26
62
43
38
85
39
5
-12
-17
-8
10
6
11
12
16
21
33
52
18
57
39
44
42
65
109
118
98
111
84
60
104
81
94
91
98
95
150
37
152
105
161
111
168
134
166
108
144
125
107
117
116
126
111
120
168
129
146
144
174
198
223
187
199
221
193
235
206
191
189
223
185
185
183
199
167
153
170
222
179
132
143
139
136
172
143
129
159
116
158
168
143
116
149
158
185
171
171
197
172
182
164
201
150
167
143
206
173
180
170
160
136
119
90
92
80
82
92
44
88
72
72
60
78
63
72
-23
71
-12
24
20
19
1
1
-12
-12
3
-29
-6
-19
43
-1
17
84
31
57
-15
-10
1
5
28
-33
9
11
-40
16
56
42
-9
66
-10
47
4
14
-15
-18
7
-31
-5
-11
-35
-43
-51
-50
-71
-54
-42
-50
-12
-43
-8
-3
-26
-30
-54
-62
-64
-61
-56
-77
-60
-28
-62
-48
-46
-39
-25
-31
-10
-22
-35
-27
41
15
8
-54
-19
35
-8
-47
-33
-9
-42
-14
-88
-92
-77
-80
-85
-100
-110
-122
-90
-107
-72
-90
-68
-81
-79
-81
-98
-67
-56
-61
-32
-23
-31
-52
-29
-61
-28
-18
-37
-33
-1
31
17
-20
9
23
30
27
30
46
33
-5
63
42
43
19
14
-45
-20
-56
-28
-71
3
-65
-22
-72
-100
-41
-42
-44
-90
-51
-73
-46
-72
-137
-87
-94
-128
-156
-143
-139
-190
-139
-178
-194
-213
-152
-219
-175
-176
-137
-117
-75
-83
-128
-126
-148
-137
-120
-139
-114
-123
-120
-105
-109
-100
-93
-74
-85
-56
-58
-80
-77
-59
222
179
132
143
139
136
172
143
129
159
116
158
168
143
116
149
158
185
171
171
197
172
182
164
201
150
167
143
206
173
180
170
160
136
119
90
92
80
82
92
44
88
72
72
60
78
63
72
-23
71
-12
24
20
19
1
1
-12
-12
3
-29
-6
-19
43
-1
17
84
31
57
-15
-10
1
5
28
-33
9
11
-40
16
56
42
-9
66
-10
47
4
14
-15
-18
7
-31
-5
-11
-35
-43
-51
-50
-71
-54
-42
-50
-12
-43
-8
-3
-26
-30
-54
-62
-64
-61
-56
-77
-60
-28
-62
-48
-46
-39
-25
-31
-10
-22
-35
-27
41
15
8
-54
-19
35
-8
-47
-33
-9
-42
-14
-88
-92
-77
-80
-85
-100
-110
-122
-90
-107
-72
-90
-68
-81
-79
-81
-98
-67
-56
-61
-32
-23
-31
-52
-29
-61
-28
-18
-37
-33
-1
31
17
-20
9
23
30
27
30
46
33
-5
63
42
43
19
14
-45
-20
-56
-28
-71
3
-65
-22
-72
-100
-41
-42
-44
-90
-51
-73
-46
-72
-137
-87
-94
-128
-156
-143
-139
-190
-139
-178
-194
-213
-152
-219
-175
-176
-137
-117
-75
-83
-128
-126
-148
-137
-120
-139
-114
-123
-120
-105
-109
-100
-93
-74
-85
-56
-58
-80
-77
-59
-82
-42
-32
-25
-16
-12
1
55
68
21
70
80
78
77
83
64
68
75
83
111
109
128
112
117
89
80
64
54
25
112
98
27
74
49
31
49
13
-3
23
23
-22
-32
-37
-40
-56
-21
-71
-38
1
-9
-15
-38
54
59
25
-19
56
50
81
63
101
82
66
48
35
34
78
67
105
78
59
58
96
8
104
72
86
58
109
141
42
128
93
106
92
158
131
151
116
140
126
122
129
121
136
84
69
70
64
96
116
73
107
59
74
93
103
115
158
121
142
120
128
129
125
118
84
95
86
88
43
92
88
91
22
46
40
45
48
42
33
56
50
65
72
88
93
86
110
122
152
161
139
78
99
96
97
123
107
121
109
121
115
153
148
157
174
184
154
181
174
204
213
220
176
140
126
191
84
132
114
164
117
132
111
159
112
160
139
173
135
186
160
185
199
228
226
240
201
244
204
212
221
145
212
167
210
140
196
148
188
193
193
176
113
128
117
104
109
188
67
146
132
173
170
195
239
240
223
187
218
204
199
170
203
181
196
185
197
179
173
158
173
160
177
152
202
199
203
203
-59
-82
-42
-32
-25
-16
-12
1
55
68
21
70
80
78
77
83
64
68
75
83
111
109
128
112
117
89
80
64
54
25
112
98
27
74
49
31
49
13
-3
23
23
-22
-32
-37
-40
-56
-21
-71
-38
1
-9
-15
-38
54
59
25
-19
56
50
81
63
101
82
66
48
35
34
78
67
58
105
78
59
72
86
58
109
141
96
8
104
42
128
93
106
92
158
131
151
116
140
126
122
129
121
136
84
69
70
64
96
116
73
107
59
74
93
103
115
158
121
142
120
128
129
125
118
84
95
86
88
43
92
88
91
22
46
40
45
48
42
33
56
50
65
72
88
93
86
110
122
152
161
139
78
99
96
97
123
107
121
109
121
115
153
148
157
174
184
154
181
174
204
213
220
176
140
126
191
84
132
114
164
117
132
111
159
112
160
139
173
135
186
160
185
199
228
226
240
201
244
204
212
221
145
212
167
210
140
196
148
188
193
193
176
113
128
117
104
109
188
67
146
132
173
170
195
239
240
223
187
218
204
199
170
203
181
196
185
197
179
173
158
173
160
177
152
202
199
203
203
189
267
220
195
229
230
220
214
213
225
222
169
218
178
197
171
155
136
108
85
69
66
67
80
83
60
80
62
111
64
102
77
83
68
125
99
150
150
129
80
114
104
109
95
101
68
102
119
153
87
137
145
134
121
148
147
49
42
4
74
41
103
55
136
62
110
92
141
121
139
73
94
146
165
161
129
184
180
192
184
202
202
184
178
198
177
170
176
172
216
206
191
198
206
214
227
187
199
212
122
147
137
171
129
178
103
98
101
107
128
143
155
154
159
141
192
170
133
176
135
152
138
114
125
145
138
135
138
136
166
67
160
67
128
42
100
57
72
49
92
76
90
54
101
60
60
40
78
38
70
36
58
48
107
80
78
136
89
136
113
153
124
202
178
204
199
214
225
239
190
233
216
211
189
228
184
193
75
100
90
94
12
62
48
50
15
84
26
22
43
78
7
17
-5
-26
-5
-7
30
18
24
36
17
31
43
44
33
-8
14
6
43
44
-8
45
41
27
-14
12
12
45
5
49
5
4
-13
45
-24
-1
66
65
25
77
81
89
41
42
75
48
52
29
34
203
189
267
220
195
229
230
220
214
213
225
222
169
218
178
197
171
155
136
108
85
69
66
67
80
83
60
80
62
111
64
102
77
83
68
125
99
150
150
129
80
114
104
109
95
101
68
102
119
153
87
137
145
134
121
148
147
49
42
4
74
41
103
55
136
62
110
92
141
121
139
73
94
146
165
161
129
184
180
192
184
202
202
184
178
198
177
170
176
172
216
206
191
198
206
214
227
187
199
212
122
147
137
171
129
178
103
98
101
107
128
143
155
154
159
141
192
170
133
176
135
152
138
114
125
145
138
135
138
136
166
67
160
67
128
42
100
57
72
49
92
76
90
54
101
60
60
40
78
38
70
36
58
48
107
80
78
136
89
136
113
153
124
202
178
204
199
214
225
239
190
233
216
211
189
228
184
193
75
100
90
94
12
62
48
50
15
84
26
22
43
78
7
17
-5
-26
-5
-7
30
18
24
36
17
31
43
44
33
-8
14
6
43
44
-8
45
41
27
-14
12
12
45
5
49
5
4
-13
45
-24
-1
66
65
25
77
81
89
41
42
75
48
52
29
34
-20
19
16
96
109
115
156
158
143
123
135
162
159
167
219
247
163
184
158
230
193
225
215
222
178
189
155
214
156
176
168
171
161
161
142
149
120
98
73
105
103
65
-4
23
27
-35
-24
36
-9
28
-6
-13
22
0
7
-29
-59
13
-65
-24
-59
-17
-64
24
6
11
11
33
62
5
35
24
36
30
38
15
33
10
37
19
16
-21
9
-35
-22
-54
-87
-59
-91
-86
-119
-110
-139
-137
-153
-126
-162
-167
-155
-170
-176
-114
-99
-160
-165
-137
-150
-107
-112
-143
-105
-97
-85
-60
-68
-104
-83
-77
-55
-42
8
-65
-14
-63
-43
-101
-60
-97
-64
-97
-85
-91
-70
-68
-100
-103
-107
-110
-48
-128
-98
-98
-45
-91
-47
-71
-65
-65
-86
-101
-142
-105
-107
-99
-52
-94
-49
-82
-47
-40
-46
1
2
5
-15
-3
-32
4
-23
5
-48
4
-18
21
4
26
14
2
46
36
9
60
46
115
61
115
86
113
84
106
94
121
143
161
179
205
217
209
244
196
216
168
221
173
208
198
224
186
156
168
147
167
159
142
185
185
241
202
244
270
283
302
334
299
341
283
334
339
350
335
323
366
359
365
317
336
290
305
264
314
34
-20
19
16
96
109
115
156
158
143
123
135
162
159
167
219
247
163
184
158
230
193
225
215
222
178
189
155
214
156
176
168
171
161
161
142
149
120
98
73
105
103
65
-4
23
27
-35
-24
-59
13
-65
-24
-59
-17
-64
7
-29
36
-9
28
-6
-13
22
0
24
6
11
11
33
62
5
35
24
36
30
38
15
33
10
37
19
16
-21
9
-35
-22
-54
-87
-59
-91
-86
-119
-110
-139
-137
-153
-126
-162
-167
-155
-170
-176
-114
-99
-160
-165
-137
-150
-107
-112
-143
-105
-97
-85
-60
-68
-104
-83
-77
-55
-42
8
-65
-14
-63
-43
-101
-60
-97
-64
-97
-85
-91
-70
-68
-100
-103
-107
-110
-48
-128
-98
-98
-45
-91
-47
-71
-65
-65
-86
-101
-142
-105
-107
-99
-52
-94
-49
-82
-47
-40
-46
1
2
5
-15
-3
-32
4
-23
5
-48
4
-18
21
4
26
14
2
46
36
9
60
46
115
61
115
86
113
84
106
94
121
143
161
179
205
217
209
244
196
216
168
221
173
208
198
224
186
156
168
147
167
159
142
185
185
241
202
244
270
283
302
334
299
341
283
334
339
350
335
323
366
359
365
317
336
290
305
264
314
190
247
297
255
251
258
227
211
222
198
214
180
176
169
179
156
152
122
131
142
137
144
197
169
150
125
142
142
103
101
131
142
134
138
149
168
191
173
195
189
193
177
188
184
198
224
206
225
211
216
223
222
249
248
200
230
186
219
165
189
165
191
152
186
157
166
163
194
170
184
165
133
133
90
72
74
83
12
67
25
50
-36
6
14
50
29
16
-36
25
-2
13
11
24
7
22
36
4
27
73
51
46
-1
-8
43
8
-16
33
-9
-57
-59
-17
-99
30
-77
8
-49
10
2
0
-27
-21
-13
-20
-45
-22
-94
-59
-70
-75
-96
-35
-35
-114
-91
-74
-110
-97
-125
-137
-109
-167
-148
-151
-139
-183
-84
-125
-79
-153
-102
-65
-87
-129
-82
-83
-56
-87
-37
-62
-76
-82
-99
-90
-105
-90
-104
-84
-116
-176
-140
-119
-97
-135
-124
-102
-98
-97
-55
-72
-5
-50
-62
-56
-5
-84
-41
-52
-24
-26
-21
-26
25
14
-5
45
82
106
91
52
74
55
66
58
69
1
28
33
53
95
37
68
67
57
99
89
111
43
57
50
37
-1
22
39
14
47
42
12
14
-3
9
-3
-7
20
2
2
41
21
-5
-16
-23
18
247
297
255
251
258
227
211
222
198
214
180
176
169
179
156
152
122
131
142
137
144
197
169
150
125
142
142
103
101
131
142
134
138
149
168
191
173
195
189
193
177
188
184
198
224
206
225
211
216
223
222
249
248
200
230
186
219
165
189
165
191
152
186
157
166
163
194
170
184
165
133
133
90
72
74
83
12
67
25
50
-36
6
14
50
29
16
-36
25
-2
13
11
24
7
22
36
4
27
73
51
46
-1
-8
43
8
-16
33
-9
-57
-59
-17
-99
30
-77
8
-49
10
2
0
-27
-21
-13
-20
-45
-22
-94
-59
-70
-75
-96
-35
-35
-114
-91
-74
-110
-97
-125
-137
-109
-167
-148
-151
-139
-183
-84
-125
-79
-153
-102
-65
-87
-129
-82
-83
-56
-87
-37
-62
-76
-82
-99
-90
-105
-90
-104
-84
-116
-176
-140
-119
-97
-135
-124
-102
-98
-97
-55
-72
-5
-50
-62
-56
-5
-84
-41
-52
-24
-26
-21
-26
25
14
-5
45
82
106
91
52
74
55
66
58
69
1
28
33
53
95
37
68
67
57
99
89
111
43
57
50
37
-1
22
39
14
47
42
12
14
-3
9
-3
-7
20
2
2
41
21
-5
-16
-23
18
4
27
52
31
35
11
53
75
86
103
131
118
109
101
131
105
127
120
127
135
131
92
110
126
157
87
92
96
114
157
151
134
93
147
139
152
142
155
149
164
129
115
151
106
127
104
120
93
95
102
97
102
91
97
101
84
138
94
95
151
114
153
148
147
145
147
137
127
102
96
90
79
95
114
104
91
95
83
124
105
139
160
174
184
164
181
163
194
157
186
191
178
147
110
136
103
101
97
144
108
126
173
123
136
187
136
182
168
168
153
196
149
166
165
139
119
147
97
108
98
72
80
74
60
57
66
57
36
85
52
64
32
32
13
24
17
-10
47
-13
39
-2
-13
12
2
42
43
62
14
79
33
91
61
98
98
148
90
127
96
147
107
95
115
87
99
77
83
76
80
78
83
96
41
44
21
28
22
5
2
-20
-13
-36
1
-13
-1
-74
-73
-78
-69
-87
-116
-42
-83
-103
-106
-75
-46
-25
23
-39
-61
-105
-67
-75
-43
-30
-19
-12
26
22
25
12
26
30
33
15
5
-20
53
8
5
29
-47
-44
16
-39
12
-6
87
-14
49
-8
66
35
14
-1
14
-2
-17
-19
-53
18
4
27
52
31
35
11
53
75
86
103
131
118
109
101
131
105
127
120
127
135
131
92
110
126
157
87
92
96
114
157
151
134
93
147
139
152
142
155
149
164
129
115
151
106
127
104
120
93
95
102
97
102
91
97
101
84
138
94
95
151
114
153
148
147
145
147
137
127
102
96
90
79
95
114
104
91
95
83
124
105
139
160
174
184
164
181
163
194
157
186
191
178
147
110
136
103
101
97
144
108
126
173
123
136
187
136
182
168
168
153
196
149
166
165
139
119
147
97
108
98
72
80
74
60
57
66
57
36
85
52
64
32
32
13
24
17
-10
47
-13
39
-2
-13
12
2
42
43
62
14
79
33
91
61
98
98
148
90
127
96
147
107
95
115
87
99
77
83
76
80
78
83
96
41
44
21
28
22
5
2
-20
-13
-36
1
-13
-1
-74
-73
-78
-69
-87
-116
-42
-83
-103
-106
-75
-46
-25
23
-39
-61
-105
-67
-75
-43
-30
-19
-12
26
22
25
12
26
30
33
15
5
-20
53
8
5
29
-47
-44
16
-39
12
-6
87
-14
49
-8
66
35
14
-1
14
-2
-17
-19
-53
13
-55
-32
-81
-57
-109
-139
-124
-153
-172
-169
-162
-200
-201
-210
-211
-197
-194
-192
-224
-232
-197
-211
-234
-237
-220
-183
-207
-229
-164
-264
-206
-273
-220
-234
-219
-261
-225
-265
-335
-320
-300
-278
-262
-328
-303
-301
-281
-326
-290
-300
-328
-292
-305
-309
-335
-310
-329
-269
-283
-253
-280
-286
-237
-259
-292
-244
-283
-262
-336
-262
-283
-282
-327
-300
-335
-329
-419
-353
-412
-409
-421
-403
-408
-419
-433
-426
-468
-445
-436
-424
-420
-432
-413
-406
-407
-395
-404
-425
-399
-395
-408
-429
-384
-360
-335
-352
-367
-368
-344
-381
-343
-376
-358
-345
-312
-334
-319
-327
-273
-308
-275
-304
-301
-328
-352
-338
-350
-374
-364
-362
-403
-350
-399
-359
-390
-438
-439
-435
-424
-475
-441
-426
-428
-433
-471
-420
-461
-407
-446
-409
-430
-448
-439
-404
-410
-371
-415
-416
-360
-378
-353
-408
-359
-330
-335
-335
-333
-318
-317
-292
-325
-264
-303
-297
-320
-291
-269
-252
-258
-259
-278
-232
-221
-219
-181
-199
-222
-232
-239
-221
-199
-203
-196
-150
-210
-188
-201
-190
-226
-186
-226
-199
-228
-210
-208
-230
-294
-276
-268
-230
-241
-242
-273
-223
-261
-250
-244
-215
-189
-206
-222
-182
-166
-232
-237
-176
-245
-207
-190
-169
-206
-159
-192
-185
-184
-172
-186
-181
-124
-53
13
-55
-32
-81
-57
-109
-139
-124
-153
-172
-169
-162
-200
-201
-210
-211
-197
-194
-192
-224
-232
-197
-211
-234
-237
-220
-183
-207
-229
-164
-264
-206
-273
-220
-234
-219
-261
-225
-265
-335
-320
-300
-278
-262
-328
-303
-301
-281
-326
-290
-300
-328
-292
-305
-309
-335
-310
-329
-269
-283
-253
-280
-286
-237
-259
-292
-244
-283
-262
-336
-262
-283
-282
-327
-300
-335
-329
-419
-353
-412
-409
-421
-403
-408
-419
-433
-426
-468
-445
-436
-424
-420
-432
-413
-406
-407
-395
-404
-425
-399
-395
-408
-429
-384
-360
-335
-352
-367
-368
-344
-381
-343
-376
-358
-345
-312
-334
-319
-327
-273
-308
-275
-304
-301
-328
-352
-338
-350
-374
-364
-362
-403
-350
-399
-359
-390
-438
-439
-435
-424
-475
-441
-426
-428
-433
-471
-420
-461
-407
-446
-409
-430
-448
-439
-404
-410
-371
-415
-416
-360
-378
-353
-408
-359
-330
-335
-335
-333
-318
-317
-292
-325
-264
-303
-297
-320
-291
-269
-252
-258
-259
-278
-232
-221
-219
-181
-199
-222
-232
-239
-221
-199
-203
-196
-150
-210
-188
-201
-190
-226
-186
-226
-199
-228
-210
-208
-230
-294
-276
-268
-230
-241
-242
-273
-223
-261
-250
-244
-215
-189
-206
-222
-182
-166
-232
-237
-176
-245
-207
-190
-169
-206
-159
-192
-185
-184
-172
-186
-181
-124
-141
-182
-177
-144
-144
-135
-98
-94
-109
-115
-107
-101
-52
-89
-81
-71
-126
-32
-15
-68
-9
-55
-19
-13
-32
-24
21
13
-20
0
83
65
81
29
42
9
87
68
57
59
69
83
59
94
49
59
40
47
60
55
40
53
49
73
97
58
55
80
63
84
19
86
69
106
56
117
88
129
80
112
162
49
129
115
107
130
166
128
125
114
120
135
126
173
189
166
175
164
134
155
179
189
142
119
98
114
98
132
88
98
58
92
13
87
78
41
86
43
125
95
140
36
92
93
45
75
153
124
153
88
125
69
133
104
88
101
90
62
120
111
122
143
147
163
160
168
128
139
136
142
115
131
124
103
128
99
127
104
144
118
129
89
76
60
47
62
43
56
61
27
59
34
38
-17
39
-3
71
25
33
84
83
98
70
85
86
75
71
66
74
87
33
27
0
43
48
-19
-3
17
18
17
19
10
11
-20
-32
-33
-65
-23
-66
-35
-36
-29
-4
-58
-38
-32
-90
-92
-91
-92
-141
-83
-64
-66
-109
-84
-92
-82
-129
-122
-124
-122
-54
-92
-43
-117
-45
-70
-63
-49
-8
-24
-3
-29
-2
12
-33
-3
2
10
-124
-141
-182
-177
-144
-144
-135
-98
-94
-109
-115
-107
-101
-52
-89
-81
-71
-126
-32
-15
-68
-9
-55
-19
-13
-32
-24
21
13
-20
0
83
65
81
29
42
9
87
68
57
59
69
83
59
94
49
59
40
47
60
55
40
53
49
73
97
58
55
80
63
84
19
86
69
106
56
117
88
129
80
112
162
49
129
115
107
130
166
128
125
114
120
135
126
173
189
166
175
164
134
155
179
189
142
119
98
114
98
132
88
98
58
92
13
87
78
41
86
43
125
95
140
36
92
93
45
75
153
124
153
88
125
69
133
104
88
101
90
62
120
111
122
143
147
163
160
168
128
139
136
142
115
131
124
103
128
99
127
104
144
118
129
89
76
60
47
62
43
56
61
27
59
34
38
-17
39
-3
71
25
33
84
83
98
70
85
86
75
71
66
74
87
33
27
0
43
48
-19
-3
17
18
17
19
10
11
-20
-32
-33
-65
-23
-66
-35
-36
-29
-4
-58
-38
-32
-90
-92
-91
-92
-141
-83
-64
-66
-109
-84
-92
-82
-129
-122
-124
-122
-54
-92
-43
-117
-45
-70
-63
-49
-8
-24
-3
-29
-2
12
-33
-3
2
10
19
37
67
33
54
33
22
67
60
39
-22
55
34
15
36
27
13
47
-53
-31
-47
-24
-55
-26
-37
-35
-41
-47
-39
-40
-44
-52
-54
-29
-81
-72
-74
-65
-111
-98
-129
-127
-106
-109
-139
-125
-117
-115
-120
-87
-91
-89
-102
-82
-71
-49
-77
-44
-73
-61
-58
-30
-49
-70
-54
-105
-96
-130
-123
-87
-88
-120
-109
-112
-136
-128
-154
-125
-161
-153
-184
-117
-140
-117
-134
-168
-159
-159
-169
-170
-131
-153
-142
-103
-98
-85
-100
-103
-130
-121
-118
-92
-86
-68
-79
-92
-83
-72
-73
-90
-43
-43
-70
-43
-86
-90
-184
-102
-89
-93
-128
-109
-97
-174
-120
-149
-76
-102
-47
-130
-86
-94
-62
-38
-30
-82
-24
-34
-32
16
8
24
-29
13
13
42
50
78
78
64
28
101
51
103
99
122
103
128
85
74
28
80
63
77
46
12
85
-12
28
3
49
35
28
50
29
0
35
64
50
49
50
58
86
73
103
101
101
138
131
156
145
188
145
187
158
219
206
207
199
198
195
192
212
142
193
162
175
147
192
189
212
164
170
154
193
144
154
146
151
130
138
141
132
109
108
131
149
126
104
141
75
74
55
75
25
46
17
27
29
-14
10
19
37
67
33
54
33
22
67
60
39
-22
55
34
15
36
27
13
47
-53
-31
-47
-24
-55
-26
-37
-35
-41
-47
-39
-40
-44
-52
-54
-29
-81
-72
-74
-65
-111
-98
-129
-127
-106
-109
-139
-125
-117
-115
-120
-87
-91
-89
-102
-82
-71
-49
-77
-44
-73
-61
-58
-30
-49
-70
-54
-105
-96
-130
-123
-87
-88
-120
-109
-112
-136
-128
-154
-125
-161
-153
-184
-117
-140
-117
-134
-168
-159
-159
-169
-170
-131
-153
-142
-103
-98
-85
-100
-103
-130
-121
-118
-92
-86
-68
-79
-92
-83
-72
-73
-90
-43
-43
-70
-43
-86
-90
-184
-102
-89
-93
-128
-109
-97
-174
-120
-149
-76
-102
-47
-130
-86
-94
-62
-38
-30
-82
-24
-34
-32
16
8
24
-29
13
13
42
50
78
78
64
28
101
51
103
99
122
103
128
85
74
28
80
63
77
46
12
85
-12
28
3
49
35
28
50
29
0
35
64
50
49
50
58
86
73
103
101
101
138
131
156
145
188
145
187
158
219
206
207
199
198
195
192
212
142
193
162
175
147
192
189
212
164
170
154
193
144
154
146
151
130
138
141
132
109
108
131
149
126
104
141
75
74
55
75
25
46
17
27
29
-14
49
43
33
5
82
14
80
63
126
114
122
52
143
123
120
69
125
153
122
139
154
131
139
78
151
139
166
120
117
131
119
117
110
149
62
122
70
76
99
123
123
108
119
116
142
151
113
147
135
136
106
188
138
216
104
187
114
210
196
216
178
225
184
167
150
201
154
216
173
175
154
201
137
166
167
159
178
125
168
96
148
65
177
114
160
98
160
54
77
81
67
97
125
67
71
53
104
23
98
52
16
57
31
64
52
109
53
63
76
43
8
36
20
17
4
-10
-12
-60
-43
-37
-54
-56
-28
-26
-117
-79
-55
-129
-100
-108
-116
-84
-61
-78
-110
-80
-60
-44
-87
-59
-71
-29
-78
-65
-78
-63
-96
-106
-109
-152
-138
-129
-145
-150
-131
-117
-134
-136
-142
-134
-135
-99
-150
-96
-85
-39
-29
39
55
63
22
47
71
96
62
76
47
64
8
29
54
43
58
35
69
-5
106
49
59
42
86
46
77
41
71
59
114
75
143
121
117
108
119
114
112
30
72
86
69
68
69
58
78
75
10
48
34
37
59
76
72
91
82
93
97
90
80
112
62
29
22
37
-21
34
-5
60
1
16
-14
5
-14
49
43
33
5
82
14
80
63
126
114
122
52
143
123
120
69
125
153
122
139
154
131
139
78
151
139
166
120
117
131
119
117
110
149
62
122
70
76
99
123
123
108
119
116
142
151
113
147
135
136
106
188
138
216
104
187
114
210
196
216
178
225
184
167
150
201
154
216
173
175
154
201
137
166
167
159
178
125
168
96
148
65
177
114
160
98
160
54
77
81
67
97
125
67
71
53
104
23
98
52
16
57
31
64
52
109
53
63
76
43
8
36
20
17
4
-10
-12
-60
-43
-37
-54
-56
-28
-26
-117
-79
-55
-129
-100
-108
-116
-84
-61
-78
-110
-80
-60
-44
-87
-59
-71
-29
-78
-65
-78
-63
-96
-106
-109
-152
-138
-129
-145
-150
-131
-117
-134
-136
-142
-134
-135
-99
-150
-96
-85
-39
-29
39
55
63
22
47
71
96
62
76
47
64
8
29
54
43
58
35
69
-5
106
49
59
42
86
46
77
41
71
59
114
75
143
121
117
108
119
114
112
30
72
86
69
68
69
58
78
75
10
48
34
37
59
76
72
91
82
93
97
90
80
112
62
29
22
37
-21
34
-5
60
1
16
-14
5
-28
-12
-9
22
20
18
38
16
19
68
67
95
81
49
76
71
83
80
97
85
113
58
141
59
9
0
-20
29
-33
7
-62
-33
-65
-57
-63
-50
-24
-65
-58
-66
-61
-129
-7
-38
-59
-45
3
11
5
22
34
54
5
40
50
39
47
45
70
61
58
76
124
105
123
92
158
140
175
178
209
187
199
234
226
258
249
253
174
276
221
237
207
213
240
226
227
157
245
220
184
213
203
217
188
219
169
214
118
140
173
153
142
109
80
68
79
62
62
78
74
46
69
69
49
104
53
79
67
112
55
87
77
139
117
132
163
182
190
236
187
187
231
247
217
262
223
248
237
282
241
225
284
258
271
217
281
255
259
197
220
174
181
101
170
163
177
113
150
201
114
140
167
174
162
175
117
89
141
97
117
86
54
119
100
85
74
93
93
108
111
105
129
136
166
148
169
124
127
151
158
105
127
152
106
133
125
166
102
124
137
151
131
110
101
100
122
86
98
63
111
147
99
107
146
127
118
86
107
77
104
84
73
60
61
66
68
59
75
46
50
28
34
34
10
7
5
40
14
-8
5
-28
-12
-9
22
20
18
38
16
19
68
67
95
81
49
76
71
83
80
97
85
113
58
141
59
9
0
-20
29
-33
7
-62
-33
-65
-57
-63
-50
-24
-65
-58
-66
-61
-129
-7
-38
-59
-45
3
11
5
22
34
54
5
40
50
39
47
45
70
61
58
76
124
105
123
92
158
140
175
178
209
187
199
234
226
258
249
253
174
276
221
237
207
213
240
226
227
157
245
220
184
213
203
217
188
219
169
214
118
140
173
153
142
109
80
68
79
62
62
78
74
46
69
69
49
104
53
79
67
112
55
87
77
139
117
132
163
182
190
236
187
187
231
247
217
262
223
248
237
282
241
225
284
258
271
217
281
255
259
197
220
174
181
101
170
163
177
113
150
201
114
140
167
174
162
175
117
89
141
97
117
86
54
119
100
85
74
93
93
108
111
105
129
136
166
148
169
124
127
151
158
105
127
152
106
133
125
166
102
124
137
151
131
110
101
100
122
86
98
63
111
147
99
107
146
127
118
86
107
77
104
84
73
60
61
66
68
59
75
46
50
28
34
34
10
7
5
40
14
-8
27
18
13
20
18
21
-3
-3
-27
-1
10
-9
-7
-28
-39
-43
-71
-98
-120
-73
-103
-63
-68
-93
-115
-103
-161
-120
-162
-150
-133
-133
-187
-153
-145
-132
-149
-114
-126
-116
-145
-78
-122
-108
-159
-148
-129
-140
-128
-155
-159
-159
-174
-223
-187
-230
-209
-155
-179
-174
-244
-202
-175
-188
-193
-213
-215
-207
-185
-224
-195
-234
-199
-225
-204
-192
-230
-204
-203
-181
-242
-275
-252
-265
-304
-320
-270
-262
-223
-243
-232
-196
-206
-207
-192
-190
-178
-173
-134
-199
-144
-177
-140
-161
-119
-161
-150
-158
-106
-122
-136
-123
-136
-104
-133
-88
-102
-83
-128
-129
-161
-185
-209
-179
-206
-190
-209
-195
-196
-194
-177
-174
-165
-189
-182
-169
-152
-133
-152
-179
-131
-183
-163
-146
-137
-128
-194
-139
-150
-135
-154
-145
-179
-142
-178
-153
-160
-147
-149
-196
-166
-186
-177
-158
-182
-165
-203
-188
-184
-162
-172
-172
-194
-204
-179
-171
-205
-236
-189
-205
-177
-197
-164
-199
-129
-141
-112
-132
-110
-85
-94
-32
-36
-41
-8
9
26
-13
9
38
37
7
-41
39
12
9
46
8
1
17
32
26
30
17
22
7
34
-19
55
-37
-33
-29
-49
-31
-13
-25
-35
-55
-16
-58
-64
-54
-42
-73
-50
-36
-16
-12
17
13
-8
27
18
13
20
18
21
-3
-3
-27
-1
10
-9
-7
-28
-39
-43
-71
-98
-120
-73
-103
-63
-68
-93
-115
-103
-161
-120
-162
-150
-133
-133
-187
-153
-145
-132
-149
-114
-126
-116
-145
-78
-122
-108
-159
-148
-129
-140
-128
-155
-159
-159
-174
-223
-187
-230
-209
-155
-179
-174
-244
-202
-175
-188
-193
-213
-215
-207
-185
-224
-195
-234
-199
-225
-204
-192
-230
-204
-203
-181
-242
-275
-252
-265
-304
-320
-270
-262
-223
-243
-232
-196
-206
-207
-192
-190
-178
-173
-134
-199
-144
-177
-140
-161
-119
-161
-150
-158
-106
-122
-136
-123
-136
-104
-133
-88
-102
-83
-128
-129
-161
-185
-209
-179
-206
-190
-209
-195
-196
-194
-177
-174
-165
-189
-182
-169
-152
-133
-152
-179
-131
-183
-163
-146
-137
-128
-194
-139
-150
-135
-154
-145
-179
-142
-178
-153
-160
-147
-149
-196
-166
-186
-177
-158
-182
-165
-203
-188
-184
-162
-172
-172
-194
-204
-179
-171
-205
-236
-189
-205
-177
-197
-164
-199
-129
-141
-112
-132
-110
-85
-94
-32
-36
-41
-8
9
26
-13
9
38
37
7
-41
39
12
9
46
8
1
17
32
26
30
17
22
7
34
-19
55
-37
-33
-29
-49
-31
-13
-25
-35
-55
-16
-58
-64
-54
-42
-73
-50
-36
-16
-12
17
13
26
65
-25
8
-23
32
19
53
34
22
48
76
83
10
40
27
9
46
-21
17
-8
5
-7
-25
-33
-32
-55
-73
-76
-43
-86
-87
-75
-69
-57
-72
-56
-49
-68
-108
-103
-89
-55
-79
-107
-121
-93
-78
-85
-87
-91
-78
-56
-53
-45
-17
-25
-78
-44
-53
-8
-64
-20
-4
7
-1
-11
8
-8
-5
-10
-11
3
13
-2
31
19
2
7
-5
-64
-21
-53
-20
-69
-52
-37
-3
-41
-41
-14
-28
-56
-80
-84
-77
-60
-140
-85
-127
-78
-104
-159
-151
-208
-188
-202
-197
-237
-213
-166
-211
-233
-216
-211
-165
-148
-126
-87
-65
-118
-68
-65
-51
-75
-30
-24
-74
-41
-28
-10
-65
-19
-61
17
-32
25
-32
28
-4
-45
-38
14
-62
-13
-40
9
9
27
32
48
16
6
22
94
11
81
31
104
46
111
94
77
112
87
104
86
122
125
142
132
98
104
122
125
140
141
121
148
150
122
160
112
154
96
103
82
95
91
61
42
47
22
94
25
9
30
9
-31
20
10
44
36
-29
-18
-14
-36
-17
-50
-20
-27
-14
-27
-24
-16
-33
-37
-12
23
26
-10
4
27
39
54
59
67
74
77
44
79
57
98
92
86
52
35
10
63
42
13
26
65
-25
8
-23
32
19
53
34
22
48
76
83
10
40
27
9
46
-21
17
-8
5
-7
-25
-33
-32
-55
-73
-76
-43
-86
-87
-75
-69
-57
-72
-56
-49
-68
-108
-103
-89
-55
-79
-107
-121
-93
-78
-85
-87
-91
-78
-56
-53
-45
-17
-25
-78
-44
-53
-8
-64
-20
-4
7
-1
-11
8
-8
-5
-10
-11
3
13
-2
31
19
2
7
-5
-64
-21
-53
-20
-69
-52
-37
-3
-41
-41
-14
-28
-56
-80
-84
-77
-60
-140
-85
-127
-78
-104
-159
-151
-208
-188
-202
-197
-237
-213
-166
-211
-233
-216
-211
-165
-148
-126
-87
-65
-118
-68
-65
-51
-75
-30
-74
-41
-24
-28
-10
-65
-19
-61
17
-32
25
-32
28
-4
-45
-38
14
-62
-13
-40
9
9
27
32
48
16
6
22
94
11
81
31
104
46
111
94
77
112
87
104
86
122
125
142
132
98
104
122
125
140
141
121
148
150
122
160
112
154
96
103
82
95
91
61
42
47
22
94
25
9
30
9
-31
20
10
44
36
-29
-18
-14
-36
-17
-50
-20
-27
-14
-27
-24
-16
-33
-37
-12
23
26
-10
4
27
39
54
59
67
74
77
44
79
57
98
92
86
52
35
10
63
42
36
78
37
71
46
56
48
40
39
52
-13
21
-1
8
-32
-15
-30
-29
-86
-30
-97
-130
-101
-75
-104
-109
-86
-125
-144
-183
-137
-179
-163
-183
-190
-193
-73
-158
-67
-72
-30
-75
-87
-81
-15
-68
-17
-57
-71
-50
-48
-65
-64
-38
-68
-68
-39
-25
-39
-28
-19
12
-13
17
-24
35
-71
-7
-56
-54
-62
-50
-68
-30
-62
-75
-110
-87
-108
-107
-147
-127
-138
-151
-139
-140
-157
-123
-113
-134
-145
-126
-140
-114
-136
-145
-139
-119
-121
-120
-128
-113
-114
-95
-94
-98
-79
-83
-101
-112
-91
-94
-86
-55
-34
-44
-66
-79
-86
-37
-53
-72
-45
-71
-95
-28
-84
-70
-74
-63
-62
-67
-78
-73
-98
-82
-128
-111
-90
-53
-50
-11
-2
-10
-25
5
-22
-34
-12
-25
5
-61
-14
-74
-50
-51
-12
-56
-30
-18
-13
-24
-5
11
12
-33
-22
-33
-15
-41
-18
-3
-30
-16
12
-19
-18
10
11
13
10
-10
9
-22
-14
22
31
30
13
6
-20
11
26
66
94
115
98
118
100
136
77
131
163
189
138
143
198
191
193
150
175
178
134
171
146
147
103
94
92
84
82
58
84
85
121
95
127
138
122
123
169
151
169
156
164
141
139
123
168
137
42
36
78
37
71
46
56
48
40
39
52
-13
21
-1
8
-32
-15
-30
-29
-86
-30
-97
-130
-101
-75
-104
-109
-86
-125
-144
-183
-137
-179
-163
-183
-190
-193
-73
-158
-67
-72
-30
-75
-87
-81
-15
-68
-17
-57
-71
-50
-48
-65
-64
-38
-68
-68
-39
-25
-39
-28
-19
12
-13
17
-24
35
-71
-7
-56
-54
-62
-50
-68
-30
-62
-75
-110
-87
-108
-107
-147
-127
-138
-151
-139
-140
-157
-123
-113
-134
-145
-126
-140
-114
-136
-145
-139
-119
-121
-120
-128
-113
-114
-95
-94
-98
-79
-83
-101
-112
-91
-94
-86
-55
-34
-44
-66
-79
-86
-37
-53
-72
-45
-71
-95
-28
-84
-70
-74
-63
-62
-67
-78
-73
-98
-82
-128
-111
-90
-53
-50
-11
-2
-10
-25
5
-22
-34
-12
-25
5
-61
-14
-74
-50
-51
-12
-56
-30
-18
-13
-24
-5
11
12
-33
-22
-33
-15
-41
-18
-3
-30
-16
12
-19
-18
10
11
13
10
-10
9
-22
-14
22
31
30
13
6
-20
11
26
66
94
115
98
118
100
136
77
131
163
189
138
143
198
191
193
150
175
178
134
171
146
147
103
94
92
84
82
58
84
85
121
95
127
138
122
123
169
151
169
156
164
141
139
123
168
137
176
144
141
135
144
148
126
109
153
156
140
176
62
100
84
102
76
68
42
54
-17
7
-29
-18
-36
-1
-25
-11
4
-7
4
-78
-11
5
-54
-88
-54
-60
-46
-54
-72
-89
-84
-78
-63
-51
-57
-62
-54
-49
-42
-93
-43
-66
-25
-32
-48
8
-35
-27
-43
-10
-8
-19
-2
-34
5
-36
-35
-82
-53
-115
-77
-66
-58
-41
-61
-51
-96
-126
-95
-75
-131
-82
-96
-26
-55
-37
-60
-14
-45
-34
-37
-7
20
-2
15
62
58
63
103
103
58
33
60
43
16
6
-15
-47
26
-20
4
-35
-35
-14
12
3
-36
-1
-4
4
1
30
34
12
47
12
41
-13
-4
-55
-23
-41
4
-20
-4
-7
18
21
67
35
13
89
32
27
61
80
143
115
93
108
136
112
125
111
95
84
115
154
164
176
150
158
139
159
169
169
150
157
124
142
132
139
143
123
97
92
43
51
57
63
65
68
46
47
57
35
19
35
48
30
64
26
59
72
40
-1
85
58
-11
43
15
-2
-9
-22
-25
-52
-50
12
-36
-31
-23
-14
-41
-26
-32
7
-1
-34
14
-12
-8
-17
46
-9
-50
-37
6
-74
-35
-52
9
-31
-37
-16
-5
-2
30
18
137
176
144
141
135
144
148
126
109
153
156
140
176
62
100
84
102
76
68
42
54
-17
7
-29
-18
-36
-1
-25
-11
4
-7
4
-78
-11
5
-54
-88
-54
-60
-46
-54
-72
-89
-84
-78
-63
-51
-57
-62
-54
-49
-42
-93
-43
-66
-25
-32
-48
8
-35
-27
-43
-10
-8
-19
-2
-34
5
-36
-35
-82
-53
-115
-77
-66
-58
-41
-61
-51
-96
-126
-95
-75
-131
-82
-96
-26
-55
-37
-60
-14
-45
-34
-37
-7
20
-2
15
62
58
63
103
103
58
33
60
43
16
6
-15
-47
26
-20
4
-35
-35
-14
12
3
-36
-1
-4
4
1
30
34
12
47
12
41
-13
-4
-55
-23
-41
4
-20
-4
-7
18
21
67
35
13
89
32
27
61
80
143
115
93
108
136
112
125
111
95
84
115
154
164
176
150
158
139
159
169
169
150
157
124
142
132
139
143
123
97
92
43
51
57
63
65
68
46
47
57
35
19
35
48
30
64
26
59
72
40
-1
85
58
-11
43
15
-2
-9
-22
-25
-52
-50
12
-36
-31
-23
-14
-41
-26
-32
7
-1
-34
14
-12
-8
-17
46
-9
-50
-37
6
-74
-35
-52
9
-31
-37
-16
-5
-2
30
18
23
-1
8
16
26
24
23
56
-8
-11
-24
44
72
44
25
46
38
76
66
70
109
70
33
37
28
-1
-9
14
-6
7
29
29
-1
3
3
-5
29
38
25
60
60
45
40
39
21
33
55
32
24
-5
29
-12
-22
-18
-37
-50
-72
-62
-108
-78
-165
-90
-113
-86
-109
-71
-113
-115
-120
-140
-128
-180
-149
-165
-127
-167
-149
-134
-139
-173
-171
-208
-193
-178
-187
-175
-204
-164
-237
-179
-189
-168
-206
-150
-141
-136
-146
-162
-118
-158
-124
-179
-147
-163
-126
-134
-103
-120
-150
-125
-121
-134
-126
-112
-130
-114
-112
-101
-99
-162
-113
-126
-106
-112
-83
-92
-93
-88
-75
-72
-57
-35
-83
-94
-92
-116
-95
-109
-81
-65
-56
-35
-49
-33
-19
7
-28
42
-22
32
-24
-20
-11
21
-20
28
27
51
47
36
5
76
77
33
29
57
65
69
52
42
33
29
53
45
40
73
69
88
139
88
118
110
132
77
108
52
104
54
86
58
92
36
57
47
82
49
99
66
116
77
70
54
71
70
83
91
101
119
82
110
112
124
123
125
134
172
143
161
147
179
150
160
151
166
176
188
151
144
128
112
154
166
95
116
111
133
143
139
113
150
18
23
-1
8
16
26
24
23
56
-8
-11
-24
44
72
44
25
46
38
76
66
70
109
70
33
37
28
-1
-9
14
-6
7
29
29
-1
3
3
-5
29
38
25
60
60
45
40
39
21
33
55
32
24
-5
29
-12
-22
-18
-37
-50
-72
-62
-108
-78
-165
-90
-113
-86
-109
-71
-113
-115
-120
-140
-128
-180
-149
-165
-127
-167
-149
-134
-139
-173
-171
-208
-193
-178
-187
-175
-204
-164
-237
-179
-189
-168
-206
-150
-141
-136
-146
-162
-118
-158
-124
-179
-147
-163
-126
-134
-103
-120
-150
-125
-121
-134
-126
-112
-130
-114
-112
-101
-99
-162
-113
-126
-106
-112
-83
-92
-93
-88
-75
-72
-57
-35
-83
-94
-92
-116
-95
-109
-81
-65
-56
-35
-49
-33
-19
7
-28
42
-22
32
-24
-20
-11
21
-20
28
27
51
47
36
5
76
77
33
29
57
65
69
52
42
33
29
53
45
40
73
69
88
139
88
118
110
132
77
108
52
104
54
86
58
92
36
57
47
82
49
99
66
116
77
70
54
71
70
83
91
101
119
82
110
112
124
123
125
134
172
143
161
147
179
150
160
151
166
176
188
151
144
128
112
154
166
95
116
111
133
143
139
113
150
118
117
129
166
143
186
178
187
209
218
206
196
282
226
212
251
261
235
209
194
216
192
182
192
191
183
211
174
186
169
182
173
185
161
148
120
154
99
71
109
110
124
126
132
119
152
120
140
110
131
140
136
123
124
123
157
114
142
75
85
56
44
40
18
19
51
17
41
-27
26
18
44
33
-5
-13
-14
1
-23
-9
23
27
30
16
49
19
13
3
24
26
28
98
88
30
-10
57
27
30
54
-2
76
41
59
52
0
24
11
8
18
-47
-18
-44
7
-5
4
-1
-80
-9
-30
-9
65
52
15
-23
46
29
10
64
58
11
36
32
69
68
27
5
13
65
5
56
37
84
76
118
104
81
104
107
108
118
130
117
87
99
122
133
152
115
145
143
157
140
139
123
143
136
137
116
120
156
98
111
123
109
83
93
92
92
49
35
39
13
60
60
-3
19
-3
62
-12
22
-9
-16
-5
-13
29
59
9
-3
-63
-50
-47
-66
-113
-125
-126
-114
-157
-126
-163
-186
-187
-181
-177
-206
-113
-177
-171
-181
-144
-126
-136
-153
-136
-119
-134
-134
-154
-151
-148
-137
-160
-93
-143
-183
-161
-179
-110
-166
-144
-174
-218
150
118
117
129
166
143
186
178
187
209
218
206
196
282
226
212
251
261
235
209
194
216
192
182
192
191
183
211
174
186
169
182
173
185
161
148
120
154
99
71
109
110
124
126
132
119
152
120
140
110
131
140
136
123
124
123
157
114
142
75
85
56
44
40
18
19
51
17
41
-27
26
18
44
33
-5
-13
-14
1
-23
-9
23
27
30
16
49
19
13
3
24
26
28
98
88
30
-10
57
27
30
54
-2
76
41
59
52
0
24
11
8
18
-47
-18
-44
7
-5
4
-1
-80
-9
-30
-9
65
52
15
-23
46
29
10
64
58
11
36
32
69
68
27
5
13
65
5
56
37
84
76
118
104
81
104
107
108
118
130
117
87
99
122
133
152
115
145
143
157
140
139
123
143
136
137
116
120
156
98
111
123
109
83
93
92
92
49
35
39
13
60
60
-3
19
-3
62
-12
22
-9
-16
-5
-13
29
59
9
-3
-63
-50
-47
-66
-113
-125
-126
-114
-157
-126
-163
-186
-187
-181
-177
-206
-113
-177
-171
-181
-144
-126
-136
-153
-136
-119
-134
-134
-154
-151
-148
-137
-160
-93
-143
-183
-161
-179
-110
-166
-144
-174
-218
-186
-181
-159
-117
-117
-135
-81
-108
-105
-144
-62
-100
-90
-168
-138
-168
-136
-169
-120
-162
-165
-163
-164
-222
-164
-192
-223
-217
-131
-157
-160
-147
-156
-190
-175
-158
-180
-205
-177
-148
-193
-175
-172
-197
-195
-172
-165
-157
-163
-160
-132
-150
-161
-101
-144
-73
-140
-134
-97
-71
-61
-127
-71
-94
-95
-78
-92
-37
-52
-16
-76
-41
-49
-9
-40
-57
-27
-63
-46
-59
-15
-53
-21
-65
-50
-81
-3
-2
2
-66
-35
-42
-20
-3
-6
-44
15
-45
8
14
39
-3
8
-9
26
-66
-18
-67
-5
-50
-20
-39
-21
-55
-8
-44
17
-9
40
-32
23
-15
3
19
11
-6
0
-2
21
-5
6
57
53
73
53
96
96
75
21
109
40
79
64
133
110
140
94
94
29
80
74
91
82
82
63
88
54
71
31
88
29
14
22
22
3
36
18
-9
38
-10
-5
-83
-7
-7
-15
-35
-14
-50
-78
-24
-69
-48
-73
-87
-80
-77
-15
-85
-35
-3
-1
5
22
5
13
-28
-36
-64
12
-60
-59
-58
-29
-27
-18
-28
-3
-9
-4
-1
27
95
90
89
58
104
78
111
53
102
17
57
66
23
0
40
41
28
29
58
68
60
32
39
55
48
58
21
50
58
-218
-186
-181
-159
-117
-117
-135
-81
-108
-105
-144
-62
-100
-90
-168
-138
-168
-136
-169
-120
-162
-165
-163
-164
-222
-164
-192
-223
-217
-131
-157
-160
-147
-156
-190
-175
-158
-180
-205
-177
-148
-193
-175
-172
-197
-195
-172
-165
-157
-163
-160
-132
-150
-161
-101
-144
-73
-140
-134
-97
-71
-61
-127
-71
-94
-95
-78
-92
-37
-52
-16
-76
-41
-49
-9
-40
-57
-27
-63
-46
-59
-15
-53
-21
-65
-50
-81
-3
-2
2
-66
-35
-42
-20
-3
-6
-44
15
-45
8
14
39
-3
8
-9
26
-66
-18
-67
-5
-50
-20
-39
-21
-55
-8
-44
17
-9
40
-32
23
-15
3
19
11
-6
0
-2
21
-5
6
57
53
73
53
96
96
75
21
109
40
79
64
133
110
140
94
94
29
80
74
91
82
82
63
88
54
71
31
88
29
14
22
22
3
36
18
-9
38
-10
-5
-83
-7
-7
-15
-35
-14
-50
-78
-24
-69
-48
-73
-87
-80
-77
-15
-85
-35
-3
-1
5
22
5
13
-28
-36
-64
12
-60
-59
-58
-29
-27
-18
-28
-3
-9
-4
-1
27
95
90
89
58
104
78
111
53
102
17
57
66
23
0
40
41
28
29
58
68
60
32
39
55
48
58
21
50
58
30
-4
36
27
-1
22
34
37
69
45
122
125
108
121
142
112
136
135
80
72
95
102
112
69
70
51
28
32
53
39
48
49
31
10
-4
-9
-32
-11
-27
-39
-33
-30
-51
-42
-27
-39
-41
-56
-86
-74
-21
-47
-68
-63
-74
-94
-46
-60
-80
-117
-111
-115
-104
-117
-116
-99
-80
-104
-171
-83
-137
-139
-134
-108
-120
-143
-96
-106
-60
-76
-45
-41
-31
-64
-62
-2
-86
-66
-92
-69
-93
-4
-73
-39
-41
-20
-43
15
21
-38
-20
-9
-28
22
-16
-22
-9
-23
-36
-8
-53
-76
-52
-61
-55
-97
-57
-79
-71
-69
-57
-95
-58
-72
-64
-95
-64
-60
-40
-91
-106
-119
-85
-110
-96
-103
-115
-96
-93
-99
-106
-108
-96
-91
-47
-66
-39
12
-37
-24
-106
-36
-37
-50
-45
-82
-98
-62
-74
-65
-41
-46
-85
-50
-57
-95
-16
-67
-69
-73
-33
-69
-46
-67
-102
-77
-87
-111
-113
-59
-91
-45
-89
-36
-42
-86
-83
-83
-95
-99
-130
-69
-110
-91
-143
-107
-133
-147
-164
-185
-168
-191
-150
-143
-201
-185
-176
-175
-178
-192
-191
-198
-170
-129
-111
-107
-108
-108
-43
-98
-130
-122
-104
-123
-144
-150
-166
-181
-192
-158
-185
-156
-246
-212
-196
-243
-233
-165
-180
-176
58
30
-4
36
27
-1
22
34
37
69
45
122
125
108
121
142
112
136
135
80
72
95
102
112
69
70
51
28
32
53
39
48
49
31
10
-4
-9
-32
-11
-27
-39
-33
-30
-51
-42
-27
-39
-41
-56
-86
-74
-21
-47
-68
-63
-74
-94
-46
-60
-80
-117
-111
-115
-104
-117
-116
-99
-80
-104
-171
-83
-137
-139
-134
-108
-120
-143
-96
-106
-60
-76
-45
-41
-31
-64
-62
-2
-86
-66
-92
-69
-93
-4
-73
-39
-41
-20
-43
15
21
-38
-20
-9
-28
22
-16
-22
-9
-23
-36
-8
-53
-76
-52
-61
-55
-97
-57
-79
-71
-69
-57
-95
-58
-72
-64
-95
-64
-60
-40
-91
-106
-119
-85
-110
-96
-103
-115
-96
-93
-99
-106
-108
-96
-91
-47
-66
-39
12
-37
-24
-106
-36
-37
-50
-45
-82
-98
-62
-74
-65
-41
-46
-85
-50
-57
-95
-16
-67
-69
-73
-33
-69
-46
-67
-102
-77
-87
-111
-113
-59
-91
-45
-89
-36
-42
-86
-83
-83
-95
-99
-130
-69
-110
-91
-143
-107
-133
-147
-164
-185
-168
-191
-150
-143
-201
-185
-176
-175
-178
-192
-191
-198
-170
-129
-111
-107
-108
-108
-43
-98
-130
-122
-104
-123
-144
-150
-166
-181
-192
-158
-185
-156
-246
-212
-196
-243
-233
-165
-180
-176
-217
-199
-175
-237
-189
-203
-232
-211
-183
-183
-209
-176
-207
-194
-162
-202
-159
-147
-129
-114
-72
-175
-159
-160
-157
-151
-180
-205
-190
-190
-208
-198
-220
-210
-234
-199
-240
-204
-193
-169
-203
-155
-146
-173
-181
-157
-183
-153
-142
-127
-124
-176
-146
-114
-111
-55
-95
-84
-57
-33
-26
-67
-6
-18
0
34
28
32
31
21
26
52
54
19
33
30
-11
1
5
-5
-13
-25
-4
-22
3
-18
-10
0
-20
-22
-19
21
16
13
10
-43
25
21
39
17
43
5
25
42
-21
32
-24
3
-19
-10
-20
16
-9
-38
-37
-35
-3
-29
-15
-19
-11
-24
-38
-15
-40
-25
-28
-41
-65
-55
-54
-24
-18
-24
0
-16
-21
-25
-17
23
35
28
-9
-4
-12
-13
20
9
16
23
-26
-13
13
25
68
58
31
78
32
53
40
47
36
11
23
14
-4
-17
-27
-24
-32
-36
-4
-37
-11
-8
-19
5
-20
49
0
35
23
64
83
93
65
90
57
48
81
59
47
86
81
43
63
98
115
106
124
94
117
103
164
94
147
64
68
99
96
55
92
47
63
67
63
33
29
26
44
19
66
26
43
7
36
6
33
5
41
60
79
60
48
6
30
-4
9
1
-176
-217
-199
-175
-237
-189
-203
-232
-211
-183
-183
-209
-176
-207
-194
-162
-202
-159
-147
-129
-114
-72
-175
-159
-160
-157
-151
-180
-205
-190
-190
-208
-198
-220
-210
-234
-199
-240
-204
-193
-169
-203
-155
-146
-173
-181
-157
-183
-153
-142
-127
-124
-176
-146
-114
-111
-55
-95
-84
-57
-33
-26
-67
-6
-18
0
34
28
32
31
21
26
52
54
19
33
30
-11
1
5
-5
-13
-25
-4
-22
3
-18
-10
0
-20
-22
-19
21
16
13
10
-43
25
21
39
17
43
5
25
42
-21
32
-24
3
-19
-10
-20
16
-9
-38
-37
-35
-3
-29
-15
-19
-11
-24
-38
-15
-40
-25
-28
-41
-65
-55
-54
-24
-18
-24
0
-16
-21
-25
-17
23
35
28
-9
-4
-12
-13
20
9
16
23
-26
-13
13
25
68
58
31
78
32
53
40
47
36
11
23
14
-4
-17
-27
-24
-32
-36
-4
-37
-11
-8
-19
5
-20
49
0
35
23
64
83
93
65
90
57
48
81
59
47
86
81
43
63
98
115
106
124
94
117
103
164
94
147
64
68
99
96
55
92
47
63
67
63
33
29
26
44
19
66
26
43
7
36
6
33
5
41
60
79
60
48
6
30
-4
9
1
52
19
23
17
29
29
36
50
24
0
19
49
56
50
63
85
96
98
133
147
120
124
87
123
58
100
79
67
50
53
45
85
85
55
45
48
31
33
18
25
1
12
29
14
55
37
26
50
47
26
5
11
27
-10
2
-8
2
-13
-16
7
-80
-67
-59
-47
-52
-1
-58
17
-32
22
11
-37
-27
15
15
33
37
30
6
14
13
-4
16
20
22
32
30
55
35
18
14
20
-18
-19
-21
-21
17
-4
0
32
-18
45
-5
22
21
-3
1
21
14
20
8
41
45
55
31
18
46
79
39
63
54
56
62
31
57
51
32
62
127
80
113
102
116
122
90
130
112
114
75
121
93
101
77
112
122
123
62
88
67
29
65
48
70
85
63
59
91
79
93
109
78
94
45
114
38
125
82
184
129
173
148
180
172
194
174
158
152
150
146
124
132
125
129
132
130
161
131
166
143
124
162
141
146
142
120
156
82
117
148
137
179
118
157
115
118
55
58
66
55
-17
11
-62
-19
-59
-42
-51
-61
-53
-3
-49
-8
-10
21
10
-1
24
6
7
17
20
25
40
58
63
47
14
-39
15
-7
-40
1
52
19
23
17
29
29
36
50
24
0
19
49
56
50
63
85
96
98
133
147
120
124
87
123
58
100
79
67
50
53
45
85
85
55
45
48
31
33
18
25
1
12
29
14
55
37
26
50
47
26
5
11
27
-10
2
-8
2
-13
-16
7
-80
-67
-59
-47
-52
-1
-58
17
-32
22
11
-37
-27
15
15
33
37
30
6
14
13
-4
16
20
22
32
30
55
35
18
14
20
-18
-19
-21
-21
17
-4
0
32
-18
45
-5
22
21
-3
1
21
14
20
8
41
45
55
31
18
46
79
39
63
54
56
62
31
57
51
32
62
127
80
113
102
116
122
90
130
112
114
75
121
93
101
77
112
122
123
62
88
67
29
65
48
70
85
63
59
91
79
93
109
78
94
45
114
38
125
82
184
129
173
148
180
172
194
174
158
152
150
146
124
132
125
129
132
130
161
131
166
143
124
162
141
146
142
120
156
82
117
148
137
179
118
157
115
118
55
58
66
55
-17
11
-62
-19
-59
-42
-51
-61
-53
-3
-49
-8
-10
21
10
-1
24
6
7
17
20
25
40
58
63
47
14
-39
15
-7
-40
-30
5
-14
-3
-11
-38
18
-11
8
26
64
70
115
79
85
110
119
109
120
130
90
106
103
128
84
112
104
115
117
93
127
102
165
127
101
116
92
61
135
111
94
153
142
163
166
145
168
193
135
162
170
221
162
184
180
177
138
195
133
94
111
88
96
88
65
71
86
53
46
25
46
52
63
77
60
61
52
59
57
46
43
41
23
-9
-7
-2
-8
-48
-41
-34
-70
4
-31
-28
-68
-30
1
22
-33
-40
-20
-59
-52
-92
-78
-121
-116
-112
-89
-79
-89
-33
-80
-30
-48
-1
-27
-15
-45
-33
-58
-44
-41
-68
-2
-78
-25
-93
-41
-68
14
6
38
-24
-2
15
-36
11
34
-19
-30
-8
-16
20
7
-34
7
6
-17
-46
-11
-28
-40
-27
-65
-62
-46
-59
-88
-66
-47
-80
-88
-88
-53
-82
-54
-72
-35
-67
-48
-22
-108
-46
-109
-39
-91
-68
-83
-66
-86
-29
-66
-53
-51
-32
-19
-31
-86
-51
-21
-41
-31
-57
-60
-111
-45
-82
-63
-73
-31
-62
-27
-116
-121
-97
-119
-107
-117
-115
-104
-160
-114
-88
-94
-98
-47
-88
-21
-97
-36
-47
-38
-17
-5
30
22
49
27
69
46
118
91
102
104
111
123
163
136
59
-40
-30
5
-14
-3
-11
-38
18
-11
8
26
64
70
115
79
85
110
119
109
120
130
90
106
103
128
84
112
104
115
117
93
127
102
165
127
101
116
92
61
135
111
94
153
142
163
166
145
168
193
135
162
170
221
162
184
180
177
138
195
133
94
111
88
96
88
65
71
86
53
46
25
46
52
63
77
60
61
52
59
57
46
43
41
23
-9
-7
-2
-8
-48
-41
-34
-70
4
-31
-28
-68
-30
1
22
-33
-40
-20
-59
-52
-92
-78
-121
-116
-112
-89
-79
-89
-33
-80
-30
-48
-1
-27
-15
-45
-33
-58
-44
-41
-68
-2
-78
-25
-93
-41
-68
14
6
38
-24
-2
15
-36
11
34
-19
-30
-8
-16
20
7
-34
7
6
-17
-46
-11
-28
-40
-27
-65
-62
-46
-59
-88
-66
-47
-80
-88
-88
-53
-82
-54
-72
-35
-67
-48
-22
-108
-46
-109
-39
-91
-68
-83
-66
-86
-29
-66
-53
-51
-32
-19
-31
-86
-51
-21
-41
-31
-57
-60
-111
-45
-82
-63
-73
-31
-62
-27
-116
-121
-97
-119
-107
-117
-115
-104
-160
-114
-88
-94
-98
-47
-88
-21
-97
-36
-47
-38
-17
-5
30
22
49
27
69
46
118
91
102
104
111
123
163
136
59
99
73
93
82
84
84
56
77
35
42
20
27
49
71
-18
-6
6
-14
-26
-8
18
-53
-51
-55
-36
-53
-66
-49
-64
-65
-87
-50
-59
-77
-90
-75
-45
-93
-58
-80
-45
-54
-58
-67
-25
-48
-39
-40
-46
-41
11
-33
13
39
38
44
48
6
43
20
13
-6
46
5
0
15
-47
15
-55
-15
-61
-9
-70
-50
-28
-43
-37
-37
14
-54
-16
-29
-45
30
6
-41
-40
-45
-37
-58
-23
-53
-56
-50
-54
-69
-59
-126
-40
-36
-30
-56
-41
13
-62
13
-3
14
-40
6
-33
33
-24
34
45
69
56
127
89
151
149
96
108
85
75
74
37
51
30
24
33
35
15
23
11
-27
4
-12
-7
-36
-29
-3
-33
-33
-9
-37
-2
5
4
12
-7
1
11
18
43
61
32
36
80
66
86
69
74
65
63
67
109
119
124
122
147
128
127
137
193
172
207
233
146
175
165
173
164
191
153
163
130
125
97
85
68
70
83
65
54
-4
13
2
-3
16
-32
-37
-19
-52
-48
-70
-41
-57
-41
-51
-34
-7
-8
16
9
10
-7
-14
-3
-32
-49
-33
-96
-112
-110
-125
-144
-159
-169
-164
-174
-118
-182
-190
-206
-176
-165
-170
-193
-179
59
99
73
93
82
84
84
56
77
35
42
20
27
49
71
-18
-6
6
-14
-26
-8
18
-53
-51
-55
-36
-53
-66
-49
-64
-65
-87
-50
-59
-77
-90
-75
-45
-93
-58
-80
-45
-54
-58
-67
-25
-48
-39
-40
-46
-41
11
-33
13
39
38
44
48
6
43
20
13
-6
46
5
0
15
-47
15
-55
-15
-61
-9
-70
-50
-28
-43
-37
-37
14
-54
-16
-29
-45
30
6
-41
-40
-45
-37
-58
-23
-53
-56
-50
-54
-69
-59
-126
-40
-36
-30
-56
-41
13
-62
13
-3
14
-40
6
-33
33
-24
34
45
69
56
127
89
151
149
96
108
85
75
74
37
51
30
24
33
35
15
23
11
-27
4
-12
-7
-36
-29
-3
-33
-33
-9
-37
-2
5
4
12
-7
1
11
18
43
61
32
36
80
66
86
69
74
65
63
67
109
119
124
122
147
128
127
137
193
172
207
233
146
175
165
173
164
191
153
163
130
125
97
85
68
70
83
65
54
-4
13
2
-3
16
-32
-37
-19
-52
-48
-70
-41
-57
-41
-51
-34
-7
-8
16
9
10
-7
-14
-3
-32
-49
-33
-96
-112
-110
-125
-144
-159
-169
-164
-174
-118
-182
-190
-206
-176
-165
-170
-193
-179
-182
-172
-166
-104
-100
-119
-97
-130
-79
-58
-71
-121
-52
-58
-107
-76
-54
-107
-40
-70
-21
-36
0
-39
26
-25
41
-21
-5
40
66
-6
15
7
-2
-5
-10
-35
-34
-42
-63
-69
-104
-99
-130
-106
-121
-93
-118
-86
-120
-79
-91
-111
-129
-129
-132
-131
-119
-89
-129
-48
-51
-121
-83
-79
-99
-103
-98
-109
-81
-82
-77
-62
-81
-55
-61
-22
-37
9
-25
-40
27
22
-33
-29
16
-50
28
-12
28
-58
-47
-54
-76
-10
-36
-74
-41
-54
-133
-138
-141
-187
-175
-179
-172
-179
-120
-175
-128
-161
-143
-109
-125
-177
-148
-160
-152
-199
-211
-169
-198
-199
-221
-205
-242
-249
-218
-208
-231
-258
-281
-221
-268
-192
-284
-208
-274
-218
-230
-187
-208
-163
-176
-111
-170
-168
-137
-126
-136
-104
-132
-186
-153
-128
-151
-154
-120
-134
-147
-137
-126
-165
-146
-161
-144
-167
-150
-160
-148
-167
-139
-157
-146
-167
-170
-154
-157
-79
-151
-136
-147
-162
-199
-208
-192
-211
-202
-211
-187
-205
-186
-197
-213
-236
-252
-212
-200
-221
-191
-217
-259
-255
-243
-264
-246
-245
-230
-282
-259
-234
-185
-180
-176
-146
-130
-86
-136
-114
-30
-57
-44
-32
-29
-35
-28
-44
-11
3
11
15
-2
-38
26
-10
20
-2
-42
-31
-179
-182
-172
-166
-104
-100
-119
-97
-130
-79
-58
-71
-121
-52
-58
-107
-76
-54
-107
-40
-70
-21
-36
0
-39
26
-25
41
-21
-5
40
66
-6
15
7
-2
-5
-10
-35
-34
-42
-63
-69
-104
-99
-130
-106
-121
-93
-118
-86
-120
-79
-91
-111
-129
-129
-132
-131
-119
-89
-129
-48
-51
-121
-83
-79
-99
-103
-98
-109
-81
-82
-77
-62
-81
-55
-61
-22
-37
9
-25
-40
27
22
-33
-29
16
-50
28
-12
28
-58
-47
-54
-76
-10
-36
-74
-41
-54
-133
-138
-141
-187
-175
-179
-172
-179
-120
-175
-128
-161
-143
-109
-125
-177
-148
-160
-152
-199
-211
-169
-198
-199
-221
-205
-242
-249
-218
-208
-231
-258
-281
-221
-268
-192
-284
-208
-274
-218
-230
-187
-208
-163
-176
-111
-170
-168
-137
-126
-136
-104
-132
-186
-153
-128
-151
-154
-120
-134
-147
-137
-126
-165
-146
-161
-144
-167
-150
-160
-148
-167
-139
-157
-146
-167
-170
-154
-157
-79
-151
-136
-147
-162
-199
-208
-192
-211
-230
-282
-259
-234
-185
-180
-176
-146
-130
-86
-136
-114
-30
-57
-44
-32
-29
-35
-28
-44
-11
3
11
15
-2
-38
26
-10
20
-2
-42
-31
32
-28
13
-16
-16
-68
-45
-48
-7
-43
-4
-67
-76
-72
-77
-141
-146
-157
-131
-122
-134
-148
-133
-128
-179
-145
-126
-183
-141
-252
-212
-202
-211
-187
-205
-186
-197
-213
-236
-147
-142
-148
-150
-157
-176
-153
-152
-187
-133
-107
-110
-106
-143
-149
-93
-174
-168
-181
-169
-188
-182
-183
-171
-196
-173
-232
-182
-160
-180
-172
-200
-221
-191
-217
-259
-255
-243
-264
-246
-245
-182
-126
-189
-195
-183
-219
-196
-192
-182
-166
-141
-166
-107
-152
-148
-154
-109
-164
-175
-169
-148
-189
-179
-201
-175
-171
-147
-161
-151
-179
-189
-183
-157
-152
-135
-104
-87
-70
-81
-81
-66
-73
-105
-98
-116
-129
-132
-116
-127
-143
-159
-146
-186
-158
-183
-171
-200
-195
-274
-233
-267
-202
-210
-142
-153
-157
-99
-120
-104
-106
-102
-106
-95
-73
-66
-112
-49
-61
-53
-58
-27
-72
-44
-72
-39
-98
-31
-55
10
6
21
19
52
-30
11
30
13
28
2
78
6
2
-16
9
-2
-20
-31
-15
-28
-42
-34
-42
-57
-41
-61
-83
-81
-88
-139
-119
-138
-136
-154
-139
-147
-108
-126
-109
-131
-143
-160
-113
-85
-107
-73
-81
-86
-63
-61
-63
-69
-51
-22
-47
-63
-103
-118
-101
-110
-108
-119
-88
-81
-111
-132
-141
-133
-143
-102
-142
-113
-146
-133
-110
-160
-145
-125
-114
-148
-75
-105
-81
-103
-99
-136
-124
-128
-193
-163
-156
-31
32
-28
13
-16
-16
-68
-45
-48
-7
-43
-4
-67
-76
-72
-77
-141
-146
-157
-131
-122
-134
-148
-133
-128
-179
-145
-126
-183
-141
-147
-142
-148
-150
-157
-176
-153
-152
-187
-133
-107
-110
-106
-143
-149
-93
-174
-168
-181
-169
-188
-182
-183
-171
-196
-173
-232
-182
-160
-180
-172
-182
-126
-189
-195
-183
-219
-196
-192
-182
-166
-141
-166
-107
-152
-148
-154
-109
-164
-175
-169
-148
-189
-179
-201
-175
-171
-147
-161
-151
-179
-189
-183
-157
-152
-135
-104
-87
-70
-81
-81
-66
-73
-105
-98
-116
-129
-132
-116
-127
-143
-159
-146
-186
-158
-183
-171
-200
-195
-274
-233
-267
-202
-210
-142
-153
-157
-99
-120
-104
-106
-102
-106
-95
-73
-66
-112
-49
-61
-53
-58
-27
-72
-44
-72
-39
-98
-31
-55
10
6
21
19
52
-30
11
30
13
28
2
78
6
2
-16
9
-2
-20
-31
-15
-28
-42
-34
-42
-57
-41
-61
-83
-81
-88
-139
-119
-138
-136
-154
-139
-147
-108
-126
-109
-131
-143
-160
-113
-85
-107
-73
-81
-86
-63
-61
-63
-69
-51
-22
-47
-63
-103
-118
-101
-110
-108
-119
-88
-81
-111
-132
-141
-133
-143
-102
-142
-113
-146
-133
-110
-160
-145
-125
-114
-148
-75
-105
-81
-103
-99
-136
-124
-128
-193
-163
-156
-142
-166
-140
-134
-85
-117
-141
-100
-114
-103
-99
-61
-57
-61
-66
-85
-76
-89
-57
-80
-80
-96
-92
-97
-125
-156
-118
-138
-110
-122
-86
-108
-95
-76
-73
-108
-49
-91
-18
-47
3
-51
11
-10
4
-31
14
59
1
29
-40
30
28
81
7
61
27
44
56
51
40
104
84
86
72
78
98
112
77
128
110
139
125
119
146
177
163
137
169
199
126
171
178
186
169
201
212
251
244
257
225
242
207
194
188
204
171
204
196
200
185
211
232
239
225
231
211
232
211
272
253
256
242
240
185
184
199
198
199
175
174
174
185
163
167
201
205
151
143
207
167
211
183
117
151
178
105
98
86
87
97
63
39
48
22
60
63
50
17
75
92
36
24
35
44
78
61
128
65
100
64
106
79
97
73
70
40
56
50
19
11
10
-14
1
-48
-68
-103
-60
-64
-113
-94
-124
-59
-128
-128
-166
-129
-179
-185
-182
-160
-183
-163
-155
-199
-175
-158
-144
-125
-132
-147
-178
-129
-136
-155
-115
-140
-105
-112
-54
-94
-59
-148
-83
-137
-107
-110
-51
-133
-117
-151
-129
-135
-137
-154
-118
-145
-136
-158
-100
-118
-117
-92
-128
-127
-162
-146
-161
-140
-165
-156
-142
-166
-140
-134
-85
-117
-141
-100
-114
-103
-99
-61
-57
-61
-66
-85
-76
-89
-57
-80
-80
-96
-92
-97
-125
-156
-118
-138
-110
-122
-86
-108
-95
-76
-73
-108
-49
-91
-18
-47
3
-51
11
-10
4
-31
14
59
1
29
-40
30
28
81
7
61
27
44
56
51
40
104
84
86
72
78
98
112
77
128
110
139
125
119
146
177
163
137
169
199
126
171
178
186
169
201
212
251
244
257
225
242
207
194
188
204
171
204
196
200
185
211
232
239
225
231
211
232
211
272
253
256
242
240
185
184
199
198
199
175
174
174
185
163
167
201
205
151
143
207
167
211
183
117
151
178
105
98
86
87
97
63
39
48
22
60
63
50
17
75
92
36
24
35
44
78
61
128
65
100
64
106
79
97
73
70
40
56
50
19
11
10
-14
1
-48
-68
-103
-60
-64
-113
-94
-124
-59
-128
-128
-166
-129
-179
-185
-182
-160
-183
-163
-155
-199
-175
-158
-144
-125
-132
-147
-178
-129
-136
-155
-115
-140
-105
-112
-54
-94
-59
-148
-83
-137
-107
-110
-51
-133
-117
-151
-129
-135
-137
-154
-118
-145
-136
-158
-100
-118
-117
-92
-128
-127
-162
-146
-161
-140
-165
-126
-117
-102
-128
-102
-99
-82
-87
-81
-78
-105
-79
-136
-135
-98
-123
-90
-130
-58
-94
-99
-101
-102
-116
-119
-120
-103
-45
-73
-70
-54
-30
-33
5
-12
11
1
33
39
-2
29
27
17
19
31
75
48
67
52
39
9
35
34
-18
23
-6
70
-17
-29
-37
-23
-69
-82
-42
-19
-14
-2
2
-17
28
25
45
82
124
111
169
99
148
144
189
118
148
137
171
85
148
118
146
151
155
175
179
170
183
201
115
161
136
146
120
134
117
103
111
115
65
60
84
82
97
58
75
87
120
150
140
139
154
193
214
262
266
286
296
321
297
257
320
303
252
274
283
312
291
345
321
329
228
303
287
283
310
305
307
258
298
270
324
296
312
274
295
237
252
216
248
213
194
187
185
170
179
88
121
107
139
110
125
118
119
130
126
120
109
134
117
91
59
64
69
72
57
70
68
96
100
104
80
65
89
103
71
79
66
49
68
43
64
22
56
54
61
28
77
39
37
57
24
-11
-22
-27
-24
-68
-69
-17
-50
-9
-55
-22
-36
-37
7
-27
-49
-82
-73
-47
-18
-91
-8
-64
-59
-103
-62
-71
-56
-62
-74
-132
-85
-165
-126
-117
-102
-128
-102
-99
-82
-87
-81
-78
-105
-79
-136
-135
-98
-123
-90
-130
-58
-94
-99
-101
-102
-116
-119
-120
-103
-45
-73
-70
-54
-30
-33
5
-12
11
1
33
39
-2
29
27
17
19
31
75
48
67
52
39
9
35
34
-18
23
-6
70
-17
-29
-37
-23
-69
-82
-42
-19
-14
-2
2
-17
28
25
45
82
124
111
169
99
148
144
189
118
148
137
171
85
148
118
146
151
155
175
179
170
183
201
115
161
136
146
120
134
117
103
111
115
65
60
84
82
97
58
75
87
120
150
140
139
154
193
214
262
266
286
296
321
297
257
320
303
252
274
283
312
291
345
321
329
228
303
287
283
310
305
307
258
298
270
324
296
312
274
295
237
252
216
248
213
194
187
185
170
179
88
121
107
139
110
125
118
119
130
126
120
109
134
117
91
59
64
69
72
57
70
68
96
100
104
80
65
89
103
71
79
66
49
68
43
64
22
56
54
61
28
77
39
37
57
24
-11
-22
-27
-24
-68
-69
-17
-50
-9
-55
-22
-36
-37
7
-27
-49
-82
-73
-47
-18
-91
-8
-64
-59
-103
-62
-71
-56
-62
-74
-132
-85
-137
-150
-139
-90
-134
-227
-274
-232
-164
-185
-179
-232
-258
-225
-245
-216
-255
-257
-228
-259
-273
-290
-261
-260
-299
-257
-270
-258
-288
-208
-291
-283
-270
-264
-245
-266
-226
-259
-198
-201
-165
-153
-140
-164
-157
-185
-160
-160
-114
-138
-121
-177
-84
-75
-76
-149
-166
-66
-111
-86
-59
-95
-117
-68
-73
-56
-49
-36
-49
-70
-29
-49
-103
-68
-86
-108
-95
-46
-45
-84
-55
-44
-36
-25
-41
-29
-18
3
-2
18
-9
6
-48
-22
-33
-24
-39
-20
-39
-57
-63
-75
-44
-92
-97
-117
-102
-149
-173
-171
-180
-175
-175
-165
-198
-186
-166
-227
-164
-237
-205
-242
-189
-248
-237
-332
-216
-314
-279
-302
-310
-285
-324
-270
-257
-248
-278
-250
-245
-265
-249
-237
-202
-179
-183
-148
-146
-140
-184
-133
-146
-140
-181
-174
-165
-162
-145
-181
-168
-193
-181
-170
-138
-167
-150
-149
-130
-142
-138
-147
-123
-112
-82
-82
-123
-110
-120
-173
-172
-175
-188
-259
-165
-187
-250
-224
-171
-237
-203
-199
-175
-178
-174
-150
-108
-133
-68
-90
-60
-45
-64
-49
-51
-52
-50
-85
-99
-80
-43
-61
-90
-79
-81
-87
-64
-69
-82
-65
-80
-89
-80
-101
-53
-52
-51
-83
-66
-48
-93
-103
-82
-59
-48
-38
-16
13
-4
-37
36
-46
-85
-137
-150
-139
-90
-134
-164
-185
-179
-232
-258
-225
-245
-216
-255
-227
-274
-232
-257
-228
-259
-273
-290
-261
-260
-299
-257
-270
-258
-288
-208
-291
-283
-270
-264
-245
-266
-226
-259
-198
-201
-165
-153
-140
-164
-157
-185
-160
-160
-114
-138
-121
-177
-84
-75
-76
-149
-166
-66
-111
-86
-59
-95
-117
-68
-73
-56
-49
-36
-49
-70
-29
-49
-103
-68
-86
-108
-95
-46
-45
-84
-55
-44
-36
-25
-41
-29
-18
3
-2
18
-9
6
-48
-22
-33
-24
-39
-20
-39
-57
-63
-75
-44
-92
-97
-117
-102
-149
-173
-171
-180
-175
-175
-165
-198
-186
-166
-227
-164
-237
-205
-242
-189
-248
-237
-332
-216
-314
-279
-302
-310
-285
-324
-270
-257
-248
-278
-250
-245
-265
-249
-237
-202
-179
-183
-148
-146
-140
-184
-133
-146
-140
-181
-174
-165
-162
-145
-181
-168
-193
-181
-170
-138
-167
-150
-149
-130
-142
-138
-147
-123
-112
-82
-82
-123
-110
-120
-173
-172
-175
-188
-259
-165
-187
-250
-224
-171
-237
-203
-199
-175
-178
-174
-150
-108
-133
-68
-90
-60
-45
-64
-49
-51
-52
-50
-85
-99
-80
-43
-61
-90
-79
-81
-87
-64
-69
-82
-65
-80
-89
-80
-101
-53
-52
-51
-83
-66
-48
-93
-103
-82
-59
-48
-38
-16
13
-4
-37
36
-46
6
-22
1
4
36
7
33
42
55
54
74
62
79
57
59
80
34
82
29
86
74
54
39
49
16
-6
39
34
66
79
53
69
117
130
123
177
140
132
138
160
130
161
158
150
139
173
181
178
187
207
202
237
209
257
277
241
198
261
234
248
273
258
274
263
303
298
262
278
285
298
289
286
259
242
255
261
293
279
298
314
331
309
304
295
295
290
305
313
339
301
340
339
310
322
287
272
277
273
258
254
281
267
233
261
287
288
319
288
277
283
268
275
269
329
277
322
300
303
314
309
313
320
347
302
323
336
352
352
360
342
349
373
344
344
383
384
395
349
421
382
403
416
416
418
492
443
474
409
400
397
407
379
390
378
364
357
328
286
290
307
293
283
265
267
257
225
223
199
239
220
242
235
254
223
260
255
240
270
187
286
242
222
215
219
155
185
170
126
141
150
118
80
94
101
105
94
68
43
25
31
27
34
17
0
-5
-24
0
24
1
21
8
-7
22
33
7
21
31
65
103
121
85
87
72
45
38
30
26
33
15
26
22
-34
-51
-56
-54
-56
-63
-33
-72
-44
-46
6
-22
1
4
36
7
33
42
55
54
74
62
79
57
59
80
34
82
29
86
74
54
39
49
16
-6
39
34
66
79
53
69
117
130
123
177
140
132
138
160
130
161
158
150
139
173
181
178
187
207
202
237
209
257
277
241
198
261
234
248
273
258
274
263
303
298
262
278
285
298
289
286
259
242
255
261
293
279
298
314
331
309
304
295
295
290
305
313
339
301
340
339
310
322
287
272
277
273
258
254
281
267
233
261
287
288
319
288
277
283
268
275
269
329
277
322
300
303
314
309
313
320
347
302
323
336
352
352
360
342
349
373
344
344
383
384
395
349
421
382
403
416
416
418
492
443
474
409
400
397
407
379
390
378
364
357
328
286
290
307
293
283
265
267
257
225
223
199
239
220
242
235
254
223
260
255
240
270
187
286
242
222
215
219
155
185
170
126
141
150
118
80
94
101
105
94
68
43
25
31
27
34
17
0
-5
-24
0
24
1
21
8
-7
22
33
7
21
31
65
103
121
85
87
72
45
38
30
26
33
15
26
22
-34
-51
-56
-54
-56
-63
-33
-72
-44
-101
-80
-74
-99
-102
-103
-58
-65
-41
-82
-37
-96
-72
-94
-71
-54
-66
-107
-104
-88
-97
-123
-140
-151
-186
-212
-200
-192
-180
-152
-199
-175
-175
-156
-163
-104
-208
-131
-189
-181
-162
-160
-148
-166
-154
-182
-181
-178
-162
-196
-173
-193
-179
-190
-209
-188
-159
-193
-176
-107
-141
-118
-144
-116
-115
-126
-85
-89
-77
-93
-92
-76
-73
-97
-82
-82
-65
-96
-58
-85
-64
-96
-68
-80
-73
-104
3
-103
-68
-78
-32
-88
-100
-96
-116
-98
-67
-98
-108
-97
-95
-132
-114
-122
-156
-130
-149
-96
-174
-112
-155
-136
-138
-164
-168
-151
-114
-182
-155
-128
-122
-153
-123
-108
-119
-147
-160
-176
-150
-172
-155
-127
-228
-169
-168
-165
-195
-150
-216
-167
-203
-148
-222
-205
-244
-194
-270
-246
-258
-255
-260
-281
-273
-304
-289
-305
-281
-319
-268
-287
-272
-293
-253
-269
-186
-209
-148
-166
-133
-177
-162
-128
-143
-145
-132
-122
-130
-125
-110
-96
-108
-115
-47
-86
-54
-71
-100
-108
-61
-65
-42
-25
-10
-23
-52
-56
-54
-48
-56
-67
-81
-78
-96
-83
-80
-32
-55
-77
-65
-37
-60
-30
-69
-23
-87
-79
-80
-34
-53
1
-53
-45
-49
-53
-22
-48
-62
-52
-53
-39
0
-24
-6
-9
5
15
36
3
28
19
-44
-101
-80
-74
-99
-102
-103
-58
-65
-41
-82
-37
-96
-72
-94
-71
-54
-66
-107
-104
-88
-97
-123
-140
-151
-186
-212
-200
-192
-180
-152
-199
-175
-175
-156
-163
-104
-208
-131
-189
-181
-162
-160
-148
-166
-154
-182
-181
-178
-162
-196
-173
-193
-179
-190
-209
-188
-159
-193
-176
-107
-141
-118
-144
-116
-115
-126
-85
-89
-77
-93
-92
-76
-73
-97
-82
-82
-65
-96
-58
-85
-64
-96
-68
-80
-73
-104
3
-103
-68
-78
-32
-88
-100
-96
-116
-98
-67
-98
-108
-97
-95
-132
-114
-122
-156
-130
-149
-96
-174
-112
-155
-136
-138
-164
-168
-151
-114
-182
-155
-128
-122
-153
-123
-108
-119
-147
-160
-176
-150
-172
-155
-127
-228
-169
-168
-165
-195
-150
-216
-167
-203
-148
-222
-205
-244
-194
-270
-246
-258
-255
-260
-281
-273
-304
-289
-305
-281
-319
-268
-287
-272
-293
-253
-269
-186
-209
-148
-166
-133
-177
-162
-128
-143
-145
-132
-122
-130
-125
-110
-96
-108
-115
-47
-86
-54
-71
-100
-108
-61
-65
-42
-25
-10
-23
-52
-56
-54
-48
-56
-67
-81
-78
-96
-83
-80
-32
-55
-77
-65
-37
-60
-30
-69
-23
-87
-79
-80
-34
-53
1
-53
-45
-49
-53
-22
-48
-62
-52
-53
-39
0
-24
-6
-9
5
15
36
3
28
19
34
31
35
62
74
71
100
77
93
108
97
94
84
90
128
99
132
103
134
113
175
164
200
144
117
141
136
181
136
173
149
234
191
241
173
190
217
171
198
167
199
129
167
155
138
179
125
113
68
124
84
134
71
116
108
148
83
147
129
128
108
108
102
137
99
107
97
91
77
119
109
85
123
96
50
84
118
95
81
98
100
74
69
65
45
69
75
28
47
20
11
28
22
8
21
70
95
91
130
145
131
180
181
196
184
201
207
231
215
223
197
183
199
190
209
228
190
233
242
241
216
250
229
182
199
213
187
177
186
164
173
165
163
192
201
200
152
171
151
180
172
161
185
133
213
157
168
158
187
135
161
115
146
114
134
99
124
75
138
111
171
58
134
106
115
59
109
83
81
86
131
99
94
98
99
105
101
103
101
106
94
107
30
64
16
32
-24
27
5
42
-44
14
-18
6
-12
22
-5
8
-26
-5
-2
7
-8
-5
7
-9
-45
-18
-37
-39
-43
-57
-79
-70
-91
-81
-80
-154
-164
-152
-125
-97
-95
-42
-74
-79
-49
-105
-68
-80
-98
-86
-93
-95
-116
-105
-74
-89
-87
-95
19
34
31
35
62
74
71
100
77
93
108
97
94
84
90
128
99
132
103
134
113
175
164
200
144
117
141
136
181
136
173
149
234
191
241
173
190
217
171
198
167
199
129
167
155
138
179
125
113
68
124
84
134
71
116
108
148
83
147
129
128
108
108
102
137
99
107
97
91
77
119
109
85
123
96
50
84
118
95
81
98
100
74
69
65
45
69
75
28
47
20
11
28
22
8
21
70
95
91
130
145
131
180
181
196
184
201
207
231
215
223
197
183
199
190
209
228
190
233
242
241
216
250
229
182
199
213
187
177
186
164
173
165
163
192
201
200
152
171
151
180
172
161
185
133
213
157
168
158
187
135
161
115
146
114
134
99
124
75
138
111
171
58
134
106
115
59
109
83
81
86
131
99
94
98
99
105
101
103
101
106
94
107
30
64
16
32
-24
27
5
42
-44
14
-18
6
-12
22
-5
8
-26
-5
-2
7
-8
-5
7
-9
-45
-18
-37
-39
-43
-57
-79
-70
-91
-81
-80
-154
-164
-152
-125
-97
-95
-42
-74
-79
-49
-105
-68
-80
-98
-86
-93
-95
-116
-105
-74
-89
-87
-95
-163
-164
-127
-147
-136
-128
-144
-173
-153
-169
-119
-123
-103
-114
-104
-117
-146
-152
-139
-135
-122
-116
-85
-112
-105
-119
-84
-71
-86
-103
-79
-121
-105
-144
-133
-149
-118
-157
-74
-94
-130
-155
-127
-117
-122
-108
-121
-131
-109
-119
-92
-138
-119
-103
-101
-104
-102
-112
-101
-71
-87
-59
-50
-25
-28
-55
-84
-71
-152
-100
-115
-92
-108
-99
-180
-159
-151
-152
-107
-96
-97
-94
-89
-95
-69
-61
-74
-119
-131
-106
-125
-110
-71
-93
-69
-90
-66
-84
-50
-106
-57
-94
-65
-99
-63
-67
-29
-40
-29
-58
-42
-22
-10
-54
-22
12
-1
-14
2
9
-10
-27
-15
0
-22
12
-6
-10
-49
-26
-25
-22
-9
-44
21
-34
-31
-26
-8
-29
-25
-78
-91
-88
-75
-112
-102
-133
-120
-112
-191
-152
-176
-166
-191
-188
-171
-152
-232
-156
-179
-157
-143
-78
-118
-57
-88
-47
-50
-57
-22
23
11
1
8
21
4
31
14
45
45
72
80
92
125
135
165
159
192
146
223
203
213
191
213
199
212
193
223
215
164
203
158
200
185
193
141
122
129
153
137
135
131
139
128
132
152
218
185
216
178
254
226
205
240
227
201
233
208
179
182
200
215
191
175
233
203
220
137
222
-95
-163
-164
-127
-147
-136
-128
-144
-173
-153
-169
-119
-123
-103
-114
-104
-117
-146
-152
-139
-135
-122
-116
-85
-112
-105
-119
-84
-71
-86
-103
-79
-121
-105
-144
-133
-149
-118
-157
-74
-94
-130
-155
-127
-117
-122
-108
-121
-131
-109
-119
-92
-138
-119
-103
-101
-104
-102
-112
-101
-71
-87
-59
-50
-25
-28
-55
-84
-71
-152
-100
-115
-92
-108
-99
-180
-159
-151
-152
-107
-96
-97
-94
-89
-95
-69
-61
-74
-119
-131
-106
-125
-110
-71
-93
-69
-90
-66
-84
-50
-106
-57
-94
-65
-99
-63
-67
-29
-40
-29
-58
-42
-22
-10
-54
-22
12
-1
-14
2
9
-10
-27
-15
0
-22
12
-6
-10
-49
-26
-25
-22
-9
-44
21
-34
-31
-26
-8
-29
-25
-78
-91
-88
-75
-112
-102
-133
-120
-112
-191
-152
-176
-166
-191
-188
-171
-152
-232
-156
-179
-157
-143
-78
-118
-57
-88
-47
-50
-57
-22
23
11
1
8
21
4
31
14
45
45
72
80
92
125
135
165
159
192
146
223
203
213
191
213
199
212
193
223
215
164
203
158
200
185
193
141
122
129
153
137
135
131
139
128
132
152
218
185
216
178
254
226
205
240
227
201
233
208
179
182
200
215
191
175
233
203
220
137
222
174
224
238
218
262
267
306
284
304
285
347
300
347
297
307
320
338
306
344
272
369
314
289
309
302
276
277
265
276
264
304
264
301
252
221
242
201
235
191
210
203
251
215
236
173
249
197
201
185
205
170
161
175
188
171
193
164
138
137
124
76
128
136
139
118
107
89
124
83
127
93
72
79
102
109
98
144
103
150
122
121
62
105
105
100
130
132
154
172
169
186
155
186
187
221
144
155
222
208
248
224
195
200
223
198
199
173
195
175
216
185
208
222
213
172
159
227
160
138
169
144
134
174
179
167
124
111
88
105
61
83
91
98
85
92
124
127
120
107
118
132
116
109
104
119
123
126
130
112
107
147
83
124
110
110
108
92
67
85
61
68
72
112
71
74
122
102
73
118
92
45
102
95
149
144
143
116
111
79
79
44
25
59
-40
17
-54
-60
-62
-124
-118
-176
-148
-146
-167
-230
-150
-133
-123
-170
-109
-121
-126
-161
-140
-117
-172
-176
-185
-169
-234
-220
-202
-171
-157
-142
-153
-140
-146
-149
-169
-134
-117
-107
-105
-100
-119
-132
-118
-75
-136
-201
-183
-115
-126
-195
-168
-172
-178
-207
-197
222
174
224
238
218
262
267
306
284
304
285
347
300
347
297
338
307
320
306
344
272
369
314
289
309
302
276
277
265
276
264
304
264
301
252
221
242
201
235
191
210
203
251
215
236
173
249
197
201
185
205
170
161
175
188
171
193
164
138
137
124
76
128
136
139
118
107
89
124
83
127
93
72
79
102
109
98
144
103
150
122
121
62
105
105
100
130
132
154
172
169
186
155
186
187
221
144
155
222
208
248
224
195
200
223
198
199
173
195
175
216
185
208
222
213
172
159
227
160
138
169
144
134
174
179
167
124
111
88
105
61
83
91
98
85
92
124
127
120
107
118
132
116
109
104
119
123
126
130
112
107
147
83
124
110
110
108
92
67
85
61
68
72
112
71
74
122
102
73
118
92
45
102
95
149
144
143
116
111
79
79
44
25
59
-40
17
-54
-60
-62
-124
-118
-176
-148
-146
-167
-230
-150
-133
-123
-170
-109
-121
-126
-161
-140
-117
-172
-176
-185
-169
-234
-220
-202
-171
-157
-142
-153
-140
-146
-149
-169
-134
-117
-107
-105
-100
-119
-132
-118
-75
-136
-201
-183
-115
-126
-195
-168
-172
-178
-207
-197
-171
-134
-162
-142
-183
-145
-151
-142
-176
-151
-169
-192
-193
-172
-188
-182
-169
-189
-167
-102
-119
-151
-126
-131
-145
-148
-110
-123
-120
-145
-102
-100
-38
-93
-76
-86
-53
-87
-28
-67
-80
-160
-110
-169
-182
-157
-167
-163
-158
-181
-109
-159
-108
-104
-137
-142
-106
-103
-88
-42
-82
-70
-91
-51
-89
-121
-77
-111
-100
-135
-131
-153
-117
-170
-172
-147
-160
-171
-176
-166
-166
-147
-177
-191
-154
-136
-124
-137
-54
-137
-47
-57
-43
-75
-33
-47
-36
-25
-89
-52
-81
-81
-84
-76
-77
-97
-69
-124
-105
-151
-108
-126
-77
-100
-56
-45
-142
-77
-140
-48
-145
-130
-152
-106
-163
-104
-102
-102
-101
-74
-68
-91
-72
-98
-110
-95
-100
-43
-68
-55
-94
-67
-105
-57
-25
-84
-65
-52
-49
-30
3
-37
-50
-58
-49
-67
-53
-46
-63
-79
-74
-93
-99
-96
-70
-73
-58
-106
-105
-110
-105
-131
-116
-95
-95
-102
-114
-84
-108
-112
-113
-116
-115
-95
-102
-111
-99
-85
-50
-44
-54
0
-15
15
6
-24
71
37
83
73
87
64
26
26
58
31
66
64
39
43
60
81
105
104
103
102
109
99
87
99
105
63
106
119
91
121
69
57
86
105
108
79
98
81
90
77
100
82
105
118
-197
-171
-134
-162
-142
-183
-145
-151
-142
-176
-151
-169
-192
-193
-172
-188
-182
-169
-189
-167
-102
-119
-151
-126
-131
-145
-148
-110
-123
-120
-145
-102
-100
-38
-93
-76
-86
-53
-87
-28
-67
-80
-160
-110
-169
-182
-157
-167
-163
-158
-181
-109
-159
-108
-104
-137
-142
-106
-103
-88
-42
-82
-70
-91
-51
-89
-121
-77
-111
-100
-135
-131
-153
-117
-170
-172
-147
-160
-171
-176
-166
-166
-147
-177
-191
-154
-136
-124
-137
-54
-137
-47
-57
-43
-75
-33
-47
-36
-25
-89
-52
-81
-81
-84
-76
-77
-97
-69
-124
-105
-151
-108
-126
-77
-100
-56
-45
-142
-77
-140
-48
-145
-130
-152
-106
-163
-104
-102
-102
-101
-74
-68
-91
-72
-98
-110
-95
-100
-43
-68
-55
-94
-67
-105
-57
-25
-84
-65
-52
-49
-30
3
-37
-50
-58
-49
-67
-53
-46
-63
-79
-74
-93
-99
-96
-70
-73
-58
-106
-105
-110
-105
-131
-116
-95
26
26
58
31
66
64
39
43
60
81
105
104
103
102
109
99
87
99
105
63
106
-95
-102
-114
-84
-108
-112
-113
-116
-115
-95
-102
-111
-99
-85
-50
-44
-54
0
-15
15
6
-24
71
37
83
73
87
64
57
86
119
91
121
69
105
108
79
98
81
90
77
100
82
105
118
99
86
74
79
94
116
112
102
165
129
150
131
122
131
141
146
142
164
134
159
123
122
131
125
121
110
102
102
121
112
135
149
171
162
149
147
137
110
104
133
108
143
159
84
104
85
156
109
157
126
156
145
165
131
143
101
95
132
104
120
98
131
99
83
64
96
94
70
66
90
102
137
95
51
63
67
44
79
64
67
66
64
41
80
71
84
89
78
107
84
66
103
66
90
62
84
61
57
59
78
64
80
107
79
57
64
96
75
75
90
64
68
74
64
52
43
10
17
2
-35
-22
-51
-42
-60
-62
-79
-93
-100
-88
-70
-63
-64
-11
-100
-60
-82
-33
-88
-43
-56
-13
-39
-17
-31
-43
-11
-22
-5
-24
21
-15
12
-25
7
-33
-38
-29
-38
-67
-62
-82
-87
-72
-80
-86
-105
-131
-97
-129
-130
-106
-181
-148
-163
-162
-167
-195
-196
-175
-229
-193
-243
-260
-266
-273
-281
-272
-258
-273
-256
-260
-263
-259
-258
-293
-238
-270
-296
-227
-262
-240
-304
-260
-256
-302
-295
-313
-300
-329
-318
-314
-353
-329
-324
-339
-335
-303
-328
-292
-300
-326
-354
-334
-288
-291
-321
-307
-247
-270
-250
-265
-253
-267
-244
-248
-238
-277
-227
-217
-238
118
99
86
74
79
94
116
112
102
165
129
150
131
122
131
141
146
142
164
134
159
123
122
131
125
121
110
102
102
121
112
135
149
171
162
149
147
137
110
104
133
108
143
159
84
104
85
156
109
157
126
156
145
165
131
143
101
95
132
104
120
98
131
99
83
64
96
94
70
66
90
102
137
95
51
63
67
44
79
64
67
66
64
41
80
71
84
89
78
107
84
66
103
66
90
62
84
61
57
59
78
64
80
107
79
57
64
96
75
75
90
64
68
74
64
52
43
10
17
2
-35
-22
-51
-42
-60
-62
-79
-93
-100
-88
-70
-63
-64
-11
-100
-60
-82
-33
-88
-43
-56
-13
-39
-17
-31
-43
-11
-22
-5
-24
21
-15
12
-25
7
-33
-38
-29
-38
-67
-62
-82
-87
-72
-80
-86
-105
-131
-97
-129
-130
-106
-181
-148
-163
-162
-167
-195
-196
-175
-229
-193
-243
-260
-266
-273
-281
-272
-258
-273
-256
-260
-263
-259
-258
-293
-238
-270
-296
-227
-262
-240
-304
-260
-256
-302
-295
-313
-300
-329
-318
-314
-353
-329
-324
-339
-335
-303
-328
-292
-300
-326
-354
-334
-288
-291
-321
-307
-247
-270
-250
-265
-253
-267
-244
-248
-238
-277
-227
-217
-238
-261
-150
-202
-222
-205
-224
-219
-167
-152
-186
-179
-194
-166
-172
-158
-174
-158
-153
-181
-165
-126
-136
-136
-130
-106
-111
-97
-105
-44
-54
-70
-107
-82
-96
-90
-85
-75
-72
-51
-36
-51
-44
-37
-73
-54
-52
-33
-24
-25
-56
-47
-62
-42
-84
-63
-74
-11
-29
-76
-66
-48
-7
-31
10
-20
33
44
41
70
22
19
37
37
38
36
42
106
91
44
50
24
-5
-22
16
-3
43
26
10
33
34
91
47
90
68
70
29
66
33
61
78
62
68
82
79
57
68
81
56
91
37
76
124
89
52
128
152
84
62
86
129
86
101
73
76
12
42
23
23
1
28
15
17
22
35
31
25
43
-15
37
50
44
10
68
75
41
78
58
56
37
17
34
20
34
35
40
24
0
6
4
26
29
-11
33
25
13
34
3
16
1
-17
-25
-43
-49
-69
-88
-81
-95
-109
-106
-85
-105
-100
-60
-37
-46
-104
-41
-23
-42
-104
-56
-48
-24
-79
-35
-12
-20
-2
16
55
71
44
49
79
86
59
89
81
77
103
115
86
39
47
38
35
54
57
49
60
28
42
108
69
92
89
92
69
69
87
75
95
68
105
92
94
80
98
94
68
-238
-261
-150
-202
-222
-205
-224
-219
-167
-152
-186
-179
-194
-166
-172
-158
-174
-158
-153
-181
-165
-126
-136
-136
-130
-106
-111
-97
-105
-44
-54
-70
-107
-82
-96
-90
-85
-75
-72
-51
-36
-51
-44
-37
-73
-54
-52
-33
-24
-25
-56
-47
-62
-42
-84
-63
-74
-11
-29
-76
-66
-48
-7
-31
10
-20
33
44
41
70
22
19
37
37
38
36
42
106
91
44
50
24
-5
-22
16
-3
43
26
10
33
34
91
47
90
68
70
29
66
33
61
78
62
68
82
79
57
68
81
56
91
37
76
124
89
52
128
152
84
62
86
129
86
101
73
76
12
42
23
23
1
28
15
17
22
35
31
25
43
-15
37
50
44
10
68
75
41
78
58
56
37
17
34
20
34
35
40
24
0
6
4
26
29
-11
33
25
13
34
3
16
1
-17
-25
-43
-49
-69
-88
-81
-95
-109
-106
-85
-105
-100
-60
-37
-46
-104
-41
-23
-42
-104
-56
-48
-24
-79
-35
-12
-20
-2
16
55
71
44
49
79
86
59
89
81
77
103
115
86
39
47
38
35
54
57
49
60
28
42
108
69
92
89
92
69
69
87
75
95
68
105
92
94
80
98
94
68
52
30
10
21
28
51
20
33
46
48
-11
55
67
14
29
33
58
41
67
54
43
35
46
79
60
70
44
45
30
57
52
51
39
40
60
54
32
59
53
32
42
72
74
51
54
111
105
30
54
42
75
36
53
76
61
-10
12
-5
-9
-7
-24
-1
-42
-28
-52
-39
-45
-20
-22
-35
-23
-15
-19
-5
-19
5
16
36
37
25
7
29
39
-21
58
22
3
28
22
38
18
6
41
31
-5
2
-92
-29
-29
-96
-44
-82
-128
-109
-81
-76
-135
-99
-121
-126
-158
-114
-144
-139
-172
-137
-168
-152
-144
-146
-154
-177
-148
-155
-158
-170
-156
-141
-153
-120
-197
-149
-157
-111
-69
-115
-74
-80
-99
-109
-61
-93
-89
-119
-45
-117
-73
-85
-29
-36
-25
-55
-25
-49
-50
-98
-73
-98
-69
-78
-86
-93
-37
-41
-61
-29
-32
-23
-24
-62
-33
-41
4
-17
6
49
-13
-22
-6
-4
-49
-11
-54
-29
-62
-19
-59
-5
-25
-8
-31
-35
4
15
18
6
14
20
17
32
43
78
-1
50
13
48
-28
-6
-44
-10
-12
40
-23
56
20
52
35
20
44
27
73
111
81
86
157
142
99
123
156
148
116
131
90
48
95
79
109
60
67
23
68
52
30
10
21
28
51
20
33
46
48
-11
55
67
14
29
33
58
41
67
54
43
35
46
79
60
70
44
45
30
57
52
51
39
40
60
54
32
59
53
32
42
72
74
51
54
111
105
30
54
42
75
36
53
76
61
-10
12
-5
-9
-7
-24
-1
-42
-28
-52
-39
-45
-20
-22
-35
-23
-15
-19
-5
-19
5
16
36
37
25
7
29
39
-21
58
22
3
28
22
38
18
6
41
31
-5
2
-92
-29
-29
-96
-44
-82
-128
-109
-81
-76
-135
-99
-121
-126
-158
-114
-144
-139
-172
-137
-168
-152
-144
-146
-154
-177
-148
-155
-158
-170
-156
-141
-153
-120
-197
-149
-157
-111
-69
-115
-74
-80
-99
-109
-61
-93
-89
-119
-45
-117
-73
-85
-29
-36
-25
-55
-25
-49
-50
-98
-73
-98
-69
-78
-86
-93
-37
-41
-61
-29
-32
-23
-24
-62
-33
-41
4
-17
6
49
-13
-22
-6
-4
-49
-11
-54
-29
-62
-19
-59
-5
-25
-8
-31
-35
4
15
18
6
14
20
17
32
43
78
-1
50
13
48
-28
-6
-44
-10
-12
40
-23
56
20
52
35
20
44
27
73
111
81
86
157
142
99
123
156
148
116
131
90
48
95
79
109
60
67
23
48
33
54
42
49
53
60
138
150
160
77
131
97
147
131
144
170
124
144
134
154
120
148
171
168
174
175
174
190
175
182
163
160
152
184
185
179
180
219
193
196
171
161
124
168
128
149
157
149
138
130
126
118
129
103
131
203
113
167
155
124
209
165
166
134
178
157
207
191
194
202
229
217
245
180
191
148
175
172
190
-114
189
194
181
267
189
182
185
216
221
222
213
192
183
160
150
128
135
144
147
75
180
128
134
80
157
99
107
72
153
97
147
115
147
124
136
163
159
196
220
200
215
209
219
154
157
143
133
117
145
143
166
127
76
43
89
35
53
58
73
55
86
96
89
73
73
100
84
67
64
52
56
86
72
123
90
86
102
90
59
85
68
78
116
123
87
118
114
73
75
96
63
87
39
111
14
23
17
53
14
24
38
-21
-22
12
-10
-38
-12
14
1
4
56
35
-55
11
-1
-15
-17
-8
48
25
54
8
43
31
38
51
24
14
30
40
13
2
29
32
52
77
20
28
0
21
36
18
22
-17
11
29
40
64
26
45
9
69
0
27
37
29
32
51
18
45
189
194
181
267
189
182
185
216
221
222
213
192
183
160
150
128
135
144
147
75
180
128
134
80
157
99
107
72
153
97
147
115
147
124
136
163
159
196
220
200
215
209
219
154
157
143
133
117
145
143
166
127
76
43
89
35
53
58
73
55
86
96
89
73
73
100
84
67
64
52
56
86
72
123
90
86
102
90
59
85
68
78
116
123
87
118
114
73
75
96
63
87
39
111
14
23
17
53
14
24
38
-21
-22
12
-10
-38
-12
14
1
4
56
35
-55
11
-1
-15
-17
-8
48
25
28
0
32
52
77
20
54
21
36
8
43
31
38
51
24
14
30
40
13
2
29
-17
11
18
22
29
40
64
26
45
9
69
0
27
37
29
32
51
18
45
66
23
4
42
11
4
-15
-15
-29
-16
-6
2
-7
-46
-15
-39
-9
-34
-16
-24
-76
-50
-30
-14
-25
16
-44
-12
-60
-13
-6
-30
-53
-18
-55
-32
-59
-18
-14
-13
-2
19
-48
16
30
-8
-37
-8
-17
-22
-42
-46
-51
-62
-42
-81
-82
-59
-55
-35
-38
-30
-55
-69
-56
-71
-20
-85
-63
-77
-15
-45
-60
-44
-84
-43
-69
-20
-52
-39
-50
-84
-52
-78
-77
-74
-84
-36
-69
-39
-57
-63
-45
-51
1
-36
-66
23
-37
4
15
51
37
57
35
70
73
57
96
89
98
92
101
87
107
92
111
98
118
151
129
129
129
87
81
89
66
58
66
41
61
58
70
77
73
62
84
76
92
98
104
116
116
119
134
136
125
138
140
127
94
106
106
80
96
98
90
125
119
109
137
139
143
111
95
111
117
119
136
114
145
198
201
207
159
179
159
218
217
161
208
185
159
170
170
164
181
218
178
239
218
241
212
208
253
201
209
200
257
184
235
176
177
177
199
122
171
147
128
108
155
105
134
124
134
80
92
79
37
62
55
24
34
65
84
59
65
79
49
55
116
88
93
102
131
97
98
144
153
120
45
66
23
4
42
11
4
-15
-15
-29
-16
-6
2
-7
-46
-15
-39
-9
-34
-16
-24
-76
-50
-30
-14
-25
16
-44
-12
-60
-13
-6
-30
-53
-18
-55
-32
-59
-18
-14
-13
-2
19
-48
16
30
-8
-37
-8
-17
-22
-42
-46
-51
-62
-42
-81
-82
-59
-55
-35
-38
-30
-55
-69
-56
-71
-20
-85
-63
-77
-15
-45
-60
-44
-84
-43
-69
-20
-52
-39
-50
-84
-52
-78
-77
-74
-84
-36
-69
-39
-57
-63
-45
-51
1
-36
-66
23
-37
4
15
51
37
57
35
70
73
57
96
89
98
92
101
87
107
92
111
98
118
151
129
129
129
87
81
89
66
58
66
41
61
58
70
77
73
62
84
76
92
98
104
116
116
119
134
136
125
138
140
127
94
106
106
80
96
98
90
125
119
109
137
139
143
111
95
111
117
119
136
114
145
198
201
207
159
179
159
218
217
161
208
185
159
170
170
164
181
218
178
239
218
241
212
208
253
201
209
200
257
184
235
176
177
177
199
122
171
147
128
108
155
105
134
124
134
80
92
79
37
62
55
24
34
65
84
59
65
79
49
55
116
88
93
102
131
97
98
144
153
120
154
153
100
138
112
108
109
126
125
171
157
189
174
199
160
181
160
227
133
195
137
144
127
141
117
131
179
160
188
130
195
175
168
139
174
144
139
63
98
124
119
83
86
85
65
86
85
79
75
101
123
86
113
119
122
123
112
149
146
159
141
192
166
215
208
244
297
273
276
247
233
250
218
238
199
189
185
249
250
229
213
217
181
160
142
156
153
162
170
181
187
156
167
118
171
161
149
136
145
74
151
122
118
104
69
63
43
65
47
67
113
79
84
101
104
101
129
153
168
127
189
170
165
196
215
185
180
208
162
214
170
179
173
176
163
216
195
213
173
214
221
174
169
187
172
167
155
153
178
184
197
176
170
154
155
129
128
122
153
213
123
179
137
159
115
141
93
145
96
120
117
111
104
97
113
98
130
91
131
96
110
114
120
128
110
84
94
104
125
119
105
111
135
131
131
127
154
100
157
174
144
165
126
134
148
146
147
130
106
125
117
117
122
141
149
130
139
148
166
186
204
175
242
176
205
217
210
209
236
178
208
201
227
196
221
230
223
183
206
201
120
154
153
100
138
112
108
109
126
125
171
157
189
174
199
160
181
160
227
133
195
137
144
127
141
117
131
179
160
188
130
195
175
168
139
174
144
139
63
98
124
119
83
86
85
65
86
85
79
75
101
123
86
113
119
122
123
112
149
146
159
141
192
166
215
208
244
297
273
276
247
233
250
218
238
199
189
185
249
250
229
213
217
181
160
142
156
153
162
170
181
187
156
167
118
171
161
149
136
145
74
151
122
118
104
69
63
43
65
47
67
113
79
84
101
104
101
129
153
168
127
189
170
165
196
215
185
180
208
162
214
170
179
173
176
163
216
195
213
173
214
221
174
169
187
172
167
155
153
178
184
197
176
170
154
155
129
128
122
153
213
123
179
137
159
115
141
93
145
96
120
117
111
104
97
113
98
130
91
131
96
110
114
120
128
110
84
94
104
125
119
105
111
135
131
131
127
154
100
157
174
144
165
126
134
148
146
147
130
106
125
117
117
122
141
149
130
139
148
166
186
204
175
242
176
205
217
210
209
236
178
208
201
227
196
221
230
223
183
206
201
162
259
197
253
151
175
176
177
177
169
157
176
164
159
137
131
152
148
115
108
89
62
-16
54
-4
3
2
3
7
-20
-33
-41
-65
-45
-43
-24
-32
-12
-44
-18
3
-23
7
-17
4
-4
38
-9
-15
-7
35
17
-8
-13
-34
-29
-112
-144
-126
-135
-133
-117
-111
-76
-85
-46
-42
-71
-51
-62
-54
-28
-16
-39
-26
-57
-3
-79
-106
-94
-115
-136
-153
-151
-136
-170
-166
-166
-211
-208
-229
-235
-212
-229
-240
-212
-220
-221
-236
-199
-196
-189
-159
-159
-152
-139
-149
-164
-152
-160
-188
-161
-152
-148
-158
-134
-136
-126
-96
-80
-72
-37
-108
-87
-85
-43
-68
-51
-14
-18
-25
-23
-2
-75
-40
-92
-34
-132
-110
-154
-120
-165
-198
-152
-205
-158
-194
-182
-225
-211
-240
-226
-197
-206
-147
-191
-131
-157
-106
-146
-120
-105
-101
-100
-72
-79
-78
-67
-40
-14
-5
51
-50
-29
-24
2
-27
5
-34
-29
-49
-20
-51
-17
-46
-27
-43
-31
-35
-61
-77
-81
-62
-67
-67
-72
-77
-78
-61
-30
-36
-81
-100
-48
-83
-86
-81
-87
-103
-66
-110
-108
-60
-64
-50
-74
-58
-80
-137
-47
-69
-49
-44
-53
22
-22
-34
-28
-13
0
-8
-25
-10
-8
-24
-43
-33
-4
-78
13
201
162
259
197
253
151
175
176
177
177
169
157
176
164
159
137
131
152
148
115
108
89
62
-16
54
-4
3
2
3
7
-20
-33
-41
-65
-45
-43
-24
-32
-12
-44
-18
3
-23
7
-17
4
-4
38
-9
-15
-7
35
17
-8
-13
-34
-29
-112
-144
-126
-135
-133
-117
-111
-76
-85
-46
-42
-71
-51
-62
-54
-28
-16
-39
-26
-57
-3
-79
-106
-94
-115
-136
-153
-151
-136
-170
-166
-166
-211
-208
-229
-235
-212
-229
-240
-212
-220
-221
-236
-199
-196
-189
-159
-159
-152
-139
-149
-164
-152
-160
-188
-161
-152
-148
-158
-134
-136
-126
-96
-80
-72
-37
-108
-87
-85
-43
-68
-51
-14
-18
-25
-23
-2
-75
-40
-92
-34
-132
-110
-154
-120
-165
-198
-152
-205
-158
-194
-182
-225
-211
-240
-226
-197
-206
-147
-191
-131
-157
-106
-146
-120
-105
-101
-100
-72
-79
-78
-67
-40
-14
-5
51
-50
-29
-24
2
-27
5
-34
-29
-49
-20
-51
-17
-46
-27
-43
-31
-35
-61
-77
-81
-62
-67
-67
-72
-77
-78
-61
-30
-36
-81
-100
-48
-83
-86
-81
-87
-103
-66
-110
-108
-60
-64
-50
-74
-58
-80
-137
-47
-69
-49
-44
-53
22
-22
-34
-28
-13
0
-8
-25
-10
-8
-24
-43
-33
-4
-78
13
-17
48
-66
-51
-38
-59
-44
-20
5
10
9
2
-22
34
-58
-31
-26
12
-8
-34
-47
-26
-61
-66
-74
-96
-109
-145
-121
-140
-116
-157
-135
-160
-130
-144
-105
-77
-143
-102
-75
-107
-105
-128
-173
-110
-141
-140
-202
-197
-169
-154
-153
-124
-123
-128
-118
-112
-108
-94
-89
-106
-94
-98
-72
-97
-72
-86
-61
-69
5
-42
-17
-92
-53
-24
-32
-67
-25
-10
-85
-61
-64
-85
-63
-53
-29
-47
-47
-39
-18
-26
-49
-53
-48
-97
-36
-28
-94
-105
-125
-102
-163
-159
-175
-152
-161
-183
-208
-205
-253
-256
-250
-211
-213
-221
-220
-224
-231
-256
-258
-235
-284
-327
-288
-339
-308
-335
-320
-369
-337
-360
-328
-349
-344
-349
-305
-296
-300
-257
-319
-294
-316
-317
-326
-336
-306
-344
-335
-370
-367
-369
-358
-389
-371
-344
-361
-407
-358
-377
-394
-389
-400
-423
-404
-395
-430
-392
-411
-380
-415
-383
-407
-387
-414
-385
-405
-326
-411
-361
-363
-331
-356
-295
-322
-310
-331
-328
-311
-315
-316
-298
-312
-320
-311
-325
-314
-314
-276
-350
-360
-316
-379
-380
-356
-370
-374
-337
-351
-423
-368
-413
-356
-377
-328
-353
-290
-295
-269
-310
-303
-283
-227
-233
-204
-271
-207
-203
-159
-170
-128
-144
-146
-191
-173
-168
-165
-153
-98
-73
13
-17
48
-66
-51
-38
-59
-44
-20
5
10
9
2
-22
34
-58
-31
-26
12
-8
-34
-47
-26
-61
-66
-74
-96
-109
-145
-121
-140
-116
-157
-135
-160
-130
-144
-105
-77
-143
-102
-75
-107
-105
-128
-173
-110
-141
-140
-202
-197
-169
-154
-153
-124
-123
-128
-118
-112
-108
-94
-89
-106
-94
-98
-72
-97
-72
-86
-61
-69
5
-42
-17
-92
-53
-24
-32
-67
-25
-10
-85
-61
-64
-85
-63
-53
-29
-47
-47
-39
-18
-26
-49
-53
-48
-97
-36
-28
-94
-105
-125
-102
-163
-159
-175
-152
-161
-183
-208
-205
-253
-256
-250
-211
-213
-221
-220
-224
-231
-256
-258
-235
-284
-327
-288
-339
-308
-335
-320
-369
-337
-360
-328
-349
-344
-349
-305
-296
-300
-257
-319
-294
-316
-317
-326
-336
-306
-344
-335
-370
-367
-369
-358
-389
-371
-344
-361
-407
-358
-377
-394
-389
-400
-423
-404
-395
-430
-392
-411
-380
-415
-383
-407
-387
-414
-385
-405
-326
-411
-361
-363
-331
-356
-295
-322
-310
-331
-328
-311
-315
-316
-298
-312
-320
-311
-325
-314
-314
-276
-350
-360
-316
-379
-380
-356
-370
-374
-337
-351
-423
-368
-413
-356
-377
-328
-353
-290
-295
-269
-310
-303
-283
-227
-233
-204
-271
-207
-203
-159
-170
-128
-144
-146
-191
-173
-168
-165
-153
-98
-73
-50
-63
-25
-12
-26
-45
-56
-58
-62
-46
-57
-82
-79
-69
-91
-123
-112
-134
-87
-153
-131
-131
-122
-119
-133
-162
-176
-179
-190
-169
-214
-184
-200
-193
-181
-116
-146
-165
-101
-100
-152
-103
-77
-80
-68
-57
-30
-24
-25
-8
-62
-22
-20
-39
-63
21
-25
9
-63
-10
-65
-55
-65
-66
-86
-76
-92
-66
-77
-52
-73
-72
-66
-47
-47
-20
-36
0
-43
-49
-1
-26
-34
-55
-42
-88
25
-30
0
-15
-23
5
-5
85
44
16
50
106
100
100
115
97
141
87
115
135
166
152
163
182
181
163
168
196
180
185
211
126
164
97
118
101
154
108
104
94
116
104
105
106
114
109
129
120
128
138
148
159
208
106
160
139
136
148
133
129
121
174
133
159
109
145
139
162
174
212
219
224
183
238
246
282
277
290
291
278
257
275
231
289
277
324
275
267
246
340
211
289
296
251
222
241
208
184
170
172
174
174
171
141
169
152
125
131
147
162
172
139
186
147
204
106
155
132
216
163
190
174
211
139
178
202
166
206
156
192
152
200
160
200
141
159
114
129
111
85
76
81
56
32
87
84
46
77
-13
25
61
-25
0
23
-73
-50
-63
-25
-12
-26
-45
-56
-58
-62
-46
-57
-82
-79
-69
-91
-123
-112
-134
-87
-153
-131
-131
-122
-119
-133
-162
-176
-179
-190
-169
-214
-184
-200
-193
-181
-116
-146
-165
-101
-100
-152
-103
-77
-80
-68
-57
-30
-24
-25
-8
-62
-22
-20
-39
-63
21
-25
9
-63
-10
-65
-55
-65
-66
-86
-76
-92
-66
-77
-52
-73
-72
-66
-47
-47
-20
-36
0
-43
-49
-1
-26
-34
-55
-42
-88
25
-30
0
-15
-23
5
-5
85
44
16
50
106
100
100
115
97
141
87
115
135
166
152
163
182
181
163
168
196
180
185
211
126
164
97
118
101
154
108
104
94
116
104
105
106
114
109
129
120
128
138
148
159
208
106
160
139
136
148
133
129
121
174
133
159
109
145
139
162
174
212
219
224
183
238
246
282
277
290
291
278
257
275
231
289
277
324
275
267
246
340
211
289
296
251
222
241
208
184
170
172
174
174
171
141
169
152
125
131
147
162
172
139
186
147
204
106
155
132
216
163
190
174
211
139
178
202
166
206
156
192
152
200
160
200
141
159
114
129
111
85
76
81
56
32
87
84
46
77
-13
25
61
-25
0
23
8
6
-35
-11
4
-5
5
57
60
53
29
94
84
101
72
70
47
67
63
125
96
88
70
95
35
32
30
25
28
6
0
-11
-4
-21
-9
-30
-14
17
-17
-37
-33
-43
-34
-32
-16
4
-11
4
93
7
54
33
55
-1
30
-2
27
18
-19
-26
-26
-57
-54
-67
-14
-68
-33
-57
-34
-28
-30
-28
-34
4
48
-16
-32
23
-3
-6
11
30
-19
-38
-57
-67
-86
-32
-47
-90
-64
-85
-96
-88
-97
-88
-61
-55
-56
-58
-87
-74
-73
-97
-70
-62
-44
-62
-46
-35
-27
-42
-68
-45
-96
-86
-71
-73
-110
-111
-100
-105
-96
-122
-100
-104
-58
-106
-108
-138
-117
-118
-133
-115
-119
-140
-154
-81
-84
-90
-158
-151
-92
-125
-145
-129
-193
-123
-141
-124
-126
-121
-95
-153
-116
-112
-114
-105
-112
-136
-104
-150
-166
-136
-130
-144
-150
-145
-159
-144
-147
-163
-174
-185
-165
-189
-203
-198
-168
-145
-139
-145
-138
-152
-91
-106
-63
-109
-85
-104
-108
-139
-122
-91
-89
-122
-96
-120
-109
-105
-105
-100
-76
-95
-63
-48
-50
-70
-90
-70
-90
-89
-14
-76
-62
-32
-19
-47
-25
-15
-55
-41
-28
-22
-12
6
-3
-3
12
-14
21
52
20
37
42
73
59
59
48
29
23
8
6
-35
-11
4
-5
5
57
60
53
29
94
84
101
72
70
47
67
63
125
96
88
70
95
35
32
30
25
28
6
0
-11
-4
-21
-9
-30
-14
17
-17
-37
-33
-43
-34
-32
-16
4
-11
4
93
7
54
33
55
-1
30
-2
27
18
-19
-26
-26
-57
-54
-67
-14
-68
-33
-57
-34
-28
-30
-28
-34
4
48
-16
-32
23
-3
-6
11
30
-19
-38
-57
-67
-86
-32
-47
-90
-64
-85
-96
-88
-97
-88
-61
-55
-56
-58
-87
-74
-73
-97
-70
-62
-44
-62
-46
-35
-27
-42
-68
-45
-96
-86
-71
-73
-110
-111
-100
-105
-96
-122
-100
-104
-58
-106
-108
-138
-117
-118
-133
-115
-119
-140
-154
-81
-84
-90
-158
-151
-92
-125
-145
-129
-193
-123
-141
-124
-126
-121
-95
-153
-116
-112
-114
-105
-112
-136
-104
-150
-166
-136
-130
-144
-150
-145
-159
-144
-147
-163
-174
-185
-165
-189
-203
-198
-168
-145
-139
-145
-138
-152
-91
-106
-63
-109
-85
-104
-108
-139
-122
-91
-89
-122
-96
-120
-109
-105
-105
-100
-76
-95
-63
-48
-50
-70
-90
-70
-90
-89
-14
-76
-62
-32
-19
-47
-25
-15
-55
-41
-28
-22
-12
6
-3
-3
12
-14
21
52
20
37
42
73
59
59
48
29
14
38
38
26
38
56
49
72
80
66
49
45
46
33
37
37
44
41
47
88
75
113
71
77
60
55
52
44
67
41
58
52
76
74
87
29
15
93
15
72
38
31
-12
52
22
117
53
35
44
61
95
50
93
43
103
81
75
85
54
26
18
30
17
31
38
41
60
35
72
52
69
67
28
40
15
48
23
7
-24
43
51
23
8
-15
-11
-69
-56
-77
-95
-26
-61
-73
-2
-43
12
-39
13
-40
36
-50
15
-13
35
7
-14
-14
17
15
-24
-16
-5
-10
-17
-14
1
-15
15
-1
35
8
4
-21
-18
-30
-64
-50
-51
-19
-74
-90
-63
-67
-70
-72
-43
-103
-95
-109
-94
-111
-95
-126
-114
-121
-56
-110
-65
-65
-36
-65
-13
-41
-24
-8
-11
-42
-23
-11
-16
-12
-58
-25
-76
-69
-81
-22
-19
-18
-40
-4
-37
-12
-8
30
12
41
14
28
33
41
29
30
27
64
24
17
-37
-11
-36
44
2
-48
-36
-65
-69
-85
-62
-91
-102
-117
-112
-110
-132
-96
-120
-132
-140
-110
-133
-140
-101
-130
-90
-88
-74
-97
-76
-103
-88
-80
-90
-81
-107
-99
-79
-72
-92
-102
-111
-102
-100
-93
-103
-69
-57
-50
-67
-49
-39
-67
29
14
38
38
26
38
56
49
72
80
66
49
45
46
33
37
37
44
41
47
88
75
113
71
77
60
55
52
44
67
41
58
52
76
74
87
29
15
93
15
72
38
31
-12
52
22
117
53
35
44
61
95
50
93
43
103
81
75
85
54
26
18
30
17
31
38
41
60
35
72
52
69
67
28
40
15
48
23
7
-24
43
51
23
8
-15
-11
-69
-56
-77
-95
-26
-61
-73
-2
-43
12
-39
13
-40
36
-50
15
-13
35
7
-14
-14
17
15
-24
-16
-5
-10
-17
-14
1
-15
15
-1
35
8
4
-21
-18
-30
-64
-50
-51
-19
-74
-90
-63
-67
-70
-72
-43
-103
-95
-109
-94
-111
-95
-126
-114
-121
-56
-110
-65
-65
-36
-65
-13
-41
-24
-8
-11
-42
-23
-11
-16
-12
-58
-25
-76
-69
-81
-22
-19
-18
-40
-4
-37
-12
-8
30
12
41
14
28
33
41
29
30
27
64
24
17
-37
-11
-36
44
2
-48
-36
-65
-69
-85
-62
-91
-102
-117
-112
-110
-132
-96
-120
-132
-140
-110
-133
-140
-101
-130
-90
-88
-74
-97
-76
-103
-88
-80
-90
-81
-107
-99
-79
-72
-92
-102
-111
-102
-100
-93
-103
-69
-57
-50
-67
-49
-39
-67
-35
-47
-32
-35
-16
-23
-25
-40
-51
-22
-31
-12
-15
14
-21
16
-12
-12
-3
31
10
23
24
20
8
25
11
-13
-11
-36
-20
-66
-48
-45
-4
-79
-58
-30
-27
-20
-16
-27
-32
34
18
-17
2
37
12
7
24
55
1
16
1
-15
14
-16
-30
-1
-28
-43
-59
-30
-34
1
-18
25
-5
41
26
41
20
30
24
19
9
21
23
-15
64
29
-14
-7
-27
23
21
30
72
104
106
125
146
139
155
162
142
158
149
161
167
137
156
149
167
124
143
146
113
178
158
147
168
108
94
117
95
107
57
111
22
90
30
67
33
47
47
73
70
72
121
69
83
58
38
16
31
44
60
24
31
47
19
45
52
40
50
14
-11
-55
-2
0
-28
4
17
25
-3
-4
19
59
3
26
12
-8
-23
-19
3
8
-19
-21
17
-49
0
-6
5
-49
-41
-56
-58
-46
-40
24
-71
-30
-23
-55
-57
-64
-59
-35
-30
-60
9
-52
-19
-43
3
-57
-38
-75
-59
-43
-50
-33
10
10
-21
19
-19
46
-23
-9
41
-39
-3
-6
-1
-50
3
-1
19
1
9
-7
18
-4
-21
-18
-57
-31
-60
-42
-62
-56
-47
-46
-80
-89
-88
-80
-67
-35
-47
-32
-35
-16
-23
-25
-40
-51
-22
-31
-12
-15
14
-21
16
-12
-12
-3
31
10
23
24
20
8
25
11
-13
-11
-36
-20
-66
-48
-45
-4
-79
-58
-30
-27
-20
-16
-27
-32
34
18
-17
2
37
12
7
24
55
1
16
1
-15
14
-16
-30
-1
-28
-43
-59
-30
-34
1
-18
25
-5
41
26
41
20
30
24
19
9
21
23
-15
64
29
-14
-7
-27
23
21
30
72
104
106
125
146
139
155
162
142
158
149
161
167
137
156
149
167
124
143
146
113
178
158
147
168
108
94
117
95
107
57
111
22
90
30
67
33
47
47
73
70
72
121
69
83
58
38
16
31
44
60
24
31
47
19
45
52
40
50
14
-11
-55
-2
0
-28
4
17
25
-3
-4
19
59
3
26
12
-8
-23
-19
3
8
-19
-21
17
-49
0
-6
5
-49
-41
-56
-58
-46
-40
-23
-55
-57
-64
-59
-35
-30
-60
9
-52
-19
-43
3
24
-71
-30
-57
-38
-75
-59
-43
-50
-33
10
10
-21
19
-19
46
-23
-9
41
-39
-3
-6
-1
-50
3
-1
19
1
9
-7
18
-4
-21
-18
-57
-31
-60
-42
-62
-56
-47
-46
-80
-89
-88
-80
-114
-101
-174
-163
-135
-187
-194
-151
-196
-147
-190
-138
-164
-147
-165
-160
-156
-159
-162
-138
-173
-124
-162
-152
-154
-129
-122
-92
-112
-125
-158
-96
-64
-114
-122
-88
-140
-88
-154
-137
-122
-82
-120
-117
-138
-134
-132
-141
-144
-152
-172
-184
-195
-242
-242
-276
-223
-194
-193
-211
-173
-142
-185
-155
-150
-154
-151
-126
-97
-104
-95
-92
-124
-63
-119
-63
-98
-61
-73
-76
-87
-123
-123
-146
-92
-95
-43
-79
-37
-27
0
-23
-27
-40
-19
-30
-45
-86
-40
-20
-6
-22
8
-24
17
-13
-31
41
-2
-46
-12
29
-38
-4
-19
-2
-36
-27
-28
4
-47
-7
-21
-21
-40
-1
34
26
-29
55
20
47
52
30
48
54
62
36
40
102
62
102
121
156
122
115
130
71
125
126
124
125
141
128
135
172
132
127
146
146
141
139
160
142
163
127
194
120
186
148
166
121
132
118
129
116
96
104
142
132
127
145
123
119
77
129
88
83
90
103
116
111
126
136
137
110
92
91
118
116
81
111
96
50
46
66
81
78
35
36
23
2
21
-11
-6
-10
-45
-38
-32
-52
-47
-84
-88
-58
-35
-65
-56
-28
-42
-26
-33
-15
-19
-14
-7
1
11
15
21
17
-80
-114
-101
-174
-163
-135
-187
-194
-151
-196
-147
-190
-138
-164
-147
-165
-160
-156
-159
-162
-138
-173
-124
-162
-152
-154
-129
-122
-92
-112
-125
-158
-96
-64
-114
-122
-88
-140
-88
-154
-137
-122
-82
-120
-117
-138
-134
-132
-141
-144
-152
-172
-184
-195
-242
-242
-276
-223
-194
-193
-211
-173
-142
-185
-155
-150
-154
-151
-126
-97
-104
-95
-92
-124
-63
-119
-63
-98
-61
-73
-76
-87
-123
-123
-146
-92
-95
-43
-79
-37
-27
0
-23
-27
-40
-19
-30
-45
-86
-40
-20
-6
-22
8
-24
17
-13
-31
41
-2
-46
-12
29
-38
-4
-19
-2
-36
-27
-28
4
-47
-7
-21
-21
-40
-1
34
26
-29
55
20
47
52
30
48
54
62
36
40
102
62
102
121
156
122
115
130
71
125
126
124
125
141
128
135
172
132
127
146
146
141
139
160
142
163
127
194
120
186
148
166
121
132
118
129
116
96
104
142
132
127
145
123
119
77
129
88
83
90
103
116
111
126
136
137
110
92
91
118
116
81
111
96
50
46
66
81
78
35
36
23
2
21
-11
-6
-10
-45
-38
-32
-52
-47
-84
-88
-58
-35
-65
-56
-28
-42
-26
-33
-15
-19
-14
-7
1
11
15
21
17
38
15
25
0
-13
-20
15
-26
-12
9
21
37
0
8
3
-18
27
17
30
-21
13
19
34
69
73
66
69
80
56
35
43
19
-6
-18
18
-11
-1
-12
-29
-33
-49
-45
-36
-28
-15
-9
-36
-14
-19
-19
-18
31
-13
-30
-19
17
-20
-48
-29
11
-24
-9
-1
3
3
16
-41
37
29
38
11
30
56
20
16
13
51
-10
-38
12
-29
22
15
10
31
-43
13
11
-8
-53
-45
-53
-31
-43
-25
-30
-37
-13
-15
-9
-7
-22
-47
-48
-53
-19
-23
-47
-49
-46
-45
-55
-66
-50
-33
-33
-72
5
9
19
-42
-15
4
12
-26
-49
-43
-51
-32
-52
-51
-61
-33
-37
-21
-28
-15
-20
6
-48
42
-5
23
85
81
66
57
99
46
30
83
115
106
74
89
136
107
133
90
124
139
99
155
148
151
184
143
150
172
125
162
141
85
107
122
78
89
69
75
75
63
71
59
73
26
85
60
52
29
51
-7
26
-12
46
21
83
49
60
76
82
60
71
79
87
99
92
134
132
136
110
126
124
117
125
145
138
139
122
120
109
142
106
87
111
108
33
39
50
62
71
49
42
66
62
18
65
46
93
52
48
17
38
15
25
0
-13
-20
15
-26
-12
9
21
37
0
8
3
-18
27
17
30
-21
13
19
34
69
73
66
69
80
56
35
43
19
-6
-18
18
-11
-1
-12
-29
-33
-49
-45
-36
-28
-15
-9
-36
-14
-19
-19
-18
31
-13
-30
-19
17
-20
-48
-29
11
-24
-9
-1
3
3
16
-41
37
29
38
11
30
56
20
16
13
51
-10
-38
12
-29
22
15
10
31
-43
13
11
-8
-53
-45
-53
-31
-43
-25
-30
-37
-13
-15
-9
-7
-22
-47
-48
-53
-19
-23
-47
-49
-46
-45
-55
-66
-50
-33
-33
-72
5
9
19
-42
-15
4
12
-26
-49
-43
-51
-32
-52
-51
-61
-33
-37
-21
-28
-15
-20
6
-48
42
-5
23
85
81
66
57
99
46
30
83
115
106
74
89
136
107
133
90
124
139
99
155
148
151
184
143
150
172
125
162
141
85
107
122
78
89
69
75
75
63
71
59
73
26
85
60
52
29
51
-7
26
-12
46
21
83
49
60
76
82
60
71
79
87
99
92
134
132
136
110
126
124
117
125
145
138
139
122
120
109
142
106
87
111
108
33
39
50
62
71
49
42
66
62
18
65
46
93
52
48
38
10
-11
30
17
13
65
36
16
11
24
30
3
45
21
14
7
35
30
16
25
51
43
41
51
48
73
97
39
55
52
96
25
70
15
64
53
31
34
25
2
28
62
36
53
30
2
-9
-75
-5
-43
-98
-100
-48
-73
-77
-86
-46
10
-49
15
8
39
-8
29
24
43
56
-10
10
9
-6
2
1
13
-5
53
33
82
52
37
47
84
70
103
107
85
84
102
142
147
142
169
188
248
211
232
236
287
278
202
221
238
277
251
273
251
254
254
273
267
265
242
270
270
273
268
286
284
278
295
292
275
337
333
296
324
290
267
271
268
297
298
285
285
317
322
344
328
326
327
304
303
294
282
287
294
276
282
239
270
250
272
228
270
239
296
255
257
285
294
281
306
281
281
287
303
305
289
312
354
323
245
332
299
319
283
334
337
347
313
294
324
294
301
310
328
274
265
290
274
274
242
254
258
263
276
263
240
243
249
243
216
210
227
201
211
226
236
223
218
222
236
215
172
151
133
110
137
116
111
146
145
160
93
120
74
70
38
17
52
84
5
55
16
18
41
8
7
-9
48
38
10
-11
30
17
13
65
36
16
11
24
30
3
45
21
14
7
35
30
16
25
51
43
41
51
48
73
97
39
55
52
96
25
70
15
64
53
31
34
25
2
28
62
36
53
30
2
-9
-75
-5
-43
-98
-100
-48
-73
-77
-86
-46
10
-49
15
8
39
-8
29
24
43
56
-10
10
9
-6
2
1
13
-5
53
33
82
52
37
47
84
70
103
107
85
84
102
142
147
142
169
188
248
211
232
236
287
278
202
221
238
277
251
273
251
254
254
273
267
265
242
270
270
273
268
286
284
278
295
292
275
337
333
296
324
290
267
271
268
297
298
285
285
317
322
344
328
326
327
304
303
294
282
287
294
276
282
239
270
250
272
228
270
239
296
255
257
285
294
281
306
281
281
287
303
305
289
312
354
323
245
332
299
319
283
334
337
347
313
294
324
294
301
310
328
274
265
290
274
274
242
254
258
263
276
263
240
243
249
243
216
210
227
201
211
226
236
223
218
222
236
215
172
151
133
110
137
116
111
146
145
160
93
120
74
70
38
17
52
84
5
55
16
18
41
8
7
-9
-15
-38
-15
-45
-46
-90
-87
-93
-80
-107
-136
-145
-142
-191
-228
-204
-165
-200
-250
-213
-198
-228
-218
-256
-238
-236
-221
-202
-175
-217
-204
-197
-194
-249
-246
-210
-212
-260
-240
-253
-273
-284
-316
-279
-301
-270
-250
-257
-262
-308
-258
-282
-254
-298
-250
-282
-280
-252
-278
-248
-251
-275
-258
-289
-348
-307
-319
-288
-334
-262
-319
-277
-333
-279
-317
-323
-321
-323
-310
-308
-319
-306
-250
-276
-217
-249
-194
-207
-186
-170
-180
-166
-141
-134
-126
-135
-105
-105
-117
-131
-86
-110
-153
-127
-93
-161
-161
-146
-145
-126
-132
-101
-165
-173
-169
-138
-115
-94
-113
-112
-64
-111
-99
-59
-60
-71
-71
-93
-86
-96
-74
-58
-108
-99
-85
-68
-109
-122
-137
-110
-113
-106
-104
-95
-32
-48
-56
-12
-40
-88
-70
-43
-17
-67
-31
-42
-38
-19
-74
-40
-46
-46
-76
-58
-69
-57
-25
-9
-40
21
-32
12
-78
-67
-76
-71
-126
-88
-96
-81
-98
-85
-105
-93
-78
-73
25
-14
-23
14
1
0
14
6
21
-16
-19
-1
-12
-18
-15
-23
-31
-32
-40
-18
-62
-41
-44
-55
-84
-40
-22
-59
-42
-34
-39
-75
-40
-67
-54
-40
-61
-39
-70
-56
-17
-11
-9
0
14
-22
-29
-52
-26
-72
-48
28
-48
-25
-9
-15
-38
-15
-45
-46
-90
-87
-93
-80
-107
-136
-145
-142
-191
-228
-204
-165
-200
-250
-213
-198
-228
-218
-256
-238
-236
-221
-202
-175
-217
-204
-197
-194
-249
-246
-210
-212
-260
-240
-253
-273
-284
-316
-279
-301
-270
-250
-257
-262
-308
-258
-282
-254
-298
-250
-282
-280
-252
-278
-248
-251
-275
-258
-289
-348
-307
-319
-288
-334
-262
-319
-277
-333
-279
-317
-323
-321
-323
-310
-308
-319
-306
-250
-276
-217
-249
-194
-207
-186
-170
-180
-166
-141
-134
-126
-135
-105
-105
-117
-131
-86
-110
-153
-127
-93
-161
-161
-146
-145
-126
-132
-101
-165
-173
-169
-138
-115
-94
-113
-112
-64
-111
-99
-59
-60
-71
-71
-93
-86
-96
-74
-58
-108
-99
-85
-68
-109
-122
-137
-110
-113
-106
-104
-95
-32
-48
-56
-12
-40
-88
-70
-43
-17
-67
-31
-42
-38
-19
-74
-40
-46
-46
-76
-58
-69
-57
-25
-9
-40
21
-32
12
-78
-67
-76
-71
-126
-88
-96
-81
-98
-85
-105
-93
-78
-73
25
-14
-23
14
1
0
14
6
21
-16
-19
-1
-12
-18
-15
-23
-31
-32
-40
-18
-62
-41
-44
-55
-84
-40
-22
-59
-42
-34
-39
-75
-40
-67
-54
-40
-61
-39
-70
-56
-17
-11
-9
0
14
-22
-29
-52
-26
-72
-48
28
-48
-25
-51
3
-26
-43
-25
-5
-47
-31
-2
13
16
11
11
17
18
-58
-41
-19
-44
-87
-108
-124
-123
-147
-146
-149
-121
-225
-146
-151
-139
-205
-184
-219
-204
-207
-213
-219
-185
-162
-164
-144
-180
-150
-155
-131
-161
-119
-130
-76
-145
-88
-89
-80
-62
-79
-83
18
-2
44
-13
26
-2
-7
-29
-6
-19
-18
-19
-57
-9
-10
-22
-30
-91
-71
-114
-126
-141
-153
-156
-157
-129
-165
-155
-183
-157
-161
-130
-178
-142
-197
-225
-228
-230
-236
-244
-233
-275
-255
-253
-261
-226
-242
-264
-261
-179
-183
-189
-198
-148
-164
-113
-150
-114
-135
-142
-141
-109
-120
-168
-86
-132
-126
-129
-116
-115
-100
-103
-64
-98
-102
-105
-99
-109
-94
-86
-79
-116
-66
-70
-54
-113
-68
-78
-54
-88
-85
-119
-84
-98
-115
-121
-128
-106
-119
-74
-108
-65
-32
-38
-70
-20
-11
-34
-36
-46
-29
-32
-16
-39
-34
-5
-11
-18
9
0
19
-26
-58
-63
-52
-33
-36
24
30
48
-3
59
45
13
-68
-12
-45
-51
-36
-63
-51
-52
-53
-54
-4
3
-24
-19
-48
-25
-55
17
-40
-74
-69
-108
-124
-98
-116
-117
-89
-151
-94
-60
-147
-124
-80
-59
-130
-149
-86
-129
-101
-154
-122
-131
-88
-61
-29
-22
-18
53
45
-25
-51
3
-26
-43
-25
-5
-47
-31
-2
13
16
11
11
17
18
-58
-41
-19
-44
-87
-108
-124
-123
-147
-146
-149
-121
-225
-146
-151
-139
-205
-184
-219
-204
-207
-213
-219
-185
-162
-164
-144
-180
-150
-155
-131
-161
-119
-130
-76
-145
-88
-89
-80
-62
-79
-83
18
-2
44
-13
26
-2
-7
-29
-6
-19
-18
-19
-57
-9
-10
-22
-30
-91
-71
-114
-126
-141
-153
-156
-157
-129
-165
-155
-183
-157
-161
-130
-178
-142
-197
-225
-228
-230
-236
-244
-233
-275
-255
-253
-261
-226
-242
-264
-261
-179
-183
-189
-198
-148
-164
-113
-150
-114
-135
-142
-141
-109
-120
-168
-86
-132
-126
-129
-116
-115
-100
-103
-64
-98
-102
-105
-99
-109
-94
-86
-79
-116
-66
-70
-54
-113
-68
-78
-54
-88
-85
-119
-84
-98
-115
-121
-128
-106
-119
-74
-108
-65
-32
-38
-70
-20
-11
-34
-36
-46
-29
-32
-16
-39
-34
-5
-11
-18
9
0
19
-26
-58
-63
-52
-33
-36
24
30
48
-3
59
45
13
-68
-12
-45
-51
-36
-63
-51
-52
-53
-54
-4
3
-24
-19
-48
-25
-55
17
-40
-74
-69
-108
-124
-98
-116
-117
-89
-151
-94
-60
-147
-124
-80
-59
-130
-149
-86
-129
-101
-154
-122
-131
-88
-61
-29
-22
-18
53
45
20
51
9
-14
22
51
22
-39
-21
3
5
18
-7
-20
-23
-74
-75
-73
-62
-91
-118
-127
-117
-121
-67
-51
-64
-80
-49
-82
-63
-44
-18
-65
-81
-98
-77
-82
-130
-121
-94
-75
-68
-78
-52
-38
-77
-72
-54
-86
-32
-41
-24
-40
-47
-80
-68
-58
-49
-37
22
6
6
-9
12
-18
23
-37
-64
-8
-19
-3
5
-16
33
34
29
47
-9
21
48
33
21
25
72
60
93
124
119
142
169
205
221
223
233
255
263
306
282
322
313
338
320
307
299
287
305
288
302
300
342
333
316
298
296
311
315
317
290
286
292
312
336
301
302
333
326
328
352
330
308
289
312
335
316
337
293
323
321
311
328
326
323
349
323
281
327
298
319
304
297
339
326
335
354
349
351
364
372
382
394
375
363
337
360
354
381
367
358
383
394
361
367
361
351
374
381
428
415
407
423
385
369
357
368
372
363
349
330
349
293
270
287
269
256
248
226
230
213
239
212
188
218
218
217
241
223
251
295
213
253
249
296
222
272
271
226
242
243
280
281
318
288
287
319
281
313
309
298
300
297
308
211
281
233
252
217
237
251
264
45
20
51
9
-14
22
51
22
-39
-21
3
5
18
-7
-20
-23
-74
-75
-73
-62
-91
-118
-127
-117
-121
-67
-51
-64
-80
-49
-82
-63
-44
-18
-65
-81
-98
-77
-82
-130
-121
-94
-75
-68
-78
-52
-38
-77
-72
-54
-86
-32
-41
-24
-40
-47
-80
-68
-58
-49
-37
22
6
6
-9
12
-18
23
-37
-64
-8
-19
-3
5
-16
33
34
29
47
-9
21
48
33
21
25
72
60
93
124
119
142
169
205
221
223
233
255
263
306
282
322
313
338
320
307
299
287
305
288
302
300
342
333
316
298
296
311
315
317
290
286
292
312
336
301
302
333
326
328
352
330
308
289
312
335
316
337
293
323
321
311
328
326
323
349
323
281
327
298
319
304
297
339
326
335
354
349
351
364
372
382
394
375
363
337
360
354
381
367
358
383
394
361
367
361
351
374
381
428
415
407
423
385
369
357
368
372
363
349
330
349
293
270
287
269
256
248
226
230
213
239
212
188
218
218
217
241
223
251
295
213
253
249
296
222
272
271
226
242
243
280
281
318
288
287
319
281
313
309
298
300
297
308
211
281
233
252
217
237
251
264
245
258
266
285
294
282
255
240
184
212
199
201
162
108
157
131
158
129
131
93
153
111
111
91
108
73
73
100
88
34
44
-15
45
2
4
-12
39
12
53
21
49
54
52
80
35
56
71
3
48
28
3
36
93
117
77
132
95
112
112
65
65
78
70
65
127
95
116
102
155
124
160
130
196
143
136
144
140
166
160
146
139
130
62
126
67
88
37
78
36
62
54
35
-12
6
-8
6
11
12
3
2
25
29
-13
-41
37
-59
35
-44
-32
-30
19
9
12
25
40
17
-16
-10
26
34
45
24
-4
-37
-28
-73
-76
-80
-90
-54
-95
-42
-116
-100
-182
-85
-118
-105
-199
-146
-195
-150
-177
-163
-187
-185
-176
-194
-210
-170
-171
-151
-153
-145
-132
-99
-98
-63
-38
-9
-45
-50
-17
-45
-22
-4
-26
6
17
33
21
19
17
7
-17
-19
-45
-36
-41
-68
-64
-92
-57
-120
-38
-131
-115
-103
-100
-128
-126
-80
-85
-51
-84
-64
-122
-51
-86
-52
-101
-70
-115
-106
-114
-77
-108
-116
-94
-94
-104
-65
-92
-60
-71
-27
-27
-13
-53
-9
-49
13
-42
-29
-9
-9
-30
8
1
1
22
12
1
-1
-24
27
25
-12
-6
-39
264
245
258
266
285
294
282
255
240
184
212
199
201
162
108
157
131
158
129
131
93
153
111
111
91
108
73
73
100
88
34
44
-15
45
2
4
-12
39
12
53
21
49
54
52
80
35
56
71
3
48
28
3
36
93
117
77
132
95
112
112
65
65
78
70
65
127
95
116
102
155
124
160
130
196
143
136
144
140
166
160
146
139
130
62
126
67
88
37
78
36
62
54
35
-12
6
-8
6
11
12
3
2
25
29
-13
-41
37
-59
35
-44
-32
-30
19
9
12
25
40
17
-16
-10
26
34
45
24
-4
-37
-28
-73
-76
-80
-90
-54
-95
-42
-116
-100
-182
-85
-118
-105
-199
-146
-195
-150
-177
-163
-187
-185
-176
-194
-210
-170
-171
-151
-153
-145
-132
-99
-98
-63
-38
-9
-45
-50
-17
-45
-22
-4
-26
6
17
33
21
19
17
7
-17
-19
-45
-36
-41
-68
-64
-92
-57
-120
-38
-131
-115
-103
-100
-128
-126
-80
-85
-51
-84
-64
-122
-51
-86
-52
-101
-70
-115
-106
-114
-77
-108
-116
-94
-94
-104
-65
-92
-60
-71
-27
-27
-13
-53
-9
-49
13
-42
-29
-9
-9
-30
8
1
1
22
12
1
-1
-24
27
25
-12
-6
-39
2
-93
-20
-52
-16
-69
11
29
38
5
67
102
39
96
38
16
68
61
77
56
46
87
66
44
81
46
91
118
121
122
84
96
68
116
109
99
100
128
93
143
138
80
110
156
146
151
128
147
142
123
134
136
115
126
122
74
94
118
119
147
190
175
160
155
165
170
148
158
175
188
195
137
177
189
184
166
146
117
168
120
172
146
173
168
186
172
178
187
183
176
227
230
234
248
228
240
253
288
253
261
246
271
253
262
296
297
299
304
339
292
339
345
289
331
327
349
319
341
280
302
299
279
303
270
222
184
187
178
167
146
145
156
160
176
118
160
134
139
139
171
161
141
137
153
163
152
163
130
122
52
119
93
101
123
114
129
125
129
118
92
113
109
143
99
118
115
105
118
165
132
137
131
123
114
98
95
116
106
94
69
89
138
93
83
100
60
58
37
40
21
-5
-24
-12
-29
-31
-53
-42
-67
-25
-59
-16
-27
-50
-108
-53
-103
-94
-87
-105
-82
-83
-87
-98
-90
-84
-72
-94
-82
-97
-63
-77
-30
-47
-58
-91
-67
-68
-45
-23
-26
-59
-36
-41
-1
-31
-28
-39
-29
-68
-16
-39
2
-93
-20
-52
-16
-69
11
29
38
5
67
102
39
96
38
16
68
61
77
56
46
87
66
44
81
46
91
118
121
122
84
96
68
116
109
99
100
128
93
143
138
80
110
156
146
151
128
147
142
123
134
136
115
126
122
74
94
118
119
147
190
175
160
155
165
170
148
158
175
188
195
137
177
189
184
166
146
117
168
120
172
146
173
168
186
172
178
187
183
176
227
230
234
248
228
240
253
288
253
261
246
271
253
262
296
297
299
304
339
292
339
345
289
331
327
349
319
341
280
302
299
279
303
270
222
184
187
178
167
146
145
156
160
176
118
160
134
139
139
171
161
141
137
153
163
152
163
130
122
52
119
93
101
123
114
129
125
129
118
92
113
109
143
99
118
115
105
118
165
132
137
131
123
114
98
95
116
106
94
69
89
138
93
83
100
60
58
37
40
21
-5
-24
-12
-29
-31
-53
-42
-67
-25
-59
-16
-27
-50
-108
-53
-103
-94
-87
-105
-82
-83
-87
-98
-90
-84
-72
-94
-82
-97
-63
-77
-30
-47
-58
-91
-67
-68
-45
-23
-26
-59
-36
-41
-1
-31
-28
-39
-29
-68
-16
2
-50
-14
-2
0
-82
17
-20
-4
-52
-19
-18
-34
-77
-28
-38
-63
-52
-71
-75
-81
-68
-72
-104
-109
-109
-98
-111
-97
-132
-157
-132
-144
-136
-139
-146
-138
-172
-177
-181
-197
-200
-199
-144
-193
-179
-205
-185
-184
-194
-240
-182
-206
-228
-216
-231
-203
-256
-272
-249
-205
-189
-253
-229
-242
-207
-259
-231
-226
-199
-274
-288
-202
-200
-208
-219
-192
-183
-217
-177
-160
-182
-129
-151
-155
-115
-147
-157
-132
-122
-135
-170
-168
-189
-185
-195
-175
-217
-155
-173
-230
-152
-198
-196
-198
-180
-195
-173
-117
-150
-141
-112
-96
-106
-85
-101
-86
-123
-99
-114
-115
-123
-128
-119
-118
-119
-102
-121
-142
-139
-126
-97
-98
-140
-64
-31
-91
-64
-78
-79
-92
-69
-59
-56
-47
-49
-74
-55
-62
-46
-57
-74
-89
-63
-55
-65
-69
-53
-49
-43
0
2
-47
-29
-10
19
105
73
99
40
57
110
118
88
78
54
42
43
34
10
-15
3
-21
-13
-54
-36
-39
-40
-46
-41
-44
-52
-32
-32
-24
-35
-33
8
-8
-39
-36
11
33
-8
-71
0
-7
-22
-15
10
-2
-26
-14
1
-1
-15
-24
-42
20
49
15
35
3
-8
-12
-42
-40
7
-40
-44
-60
-37
-62
-70
-50
-73
-69
-60
-72
-83
-16
2
-50
-14
-2
0
-82
17
-20
-4
-52
-19
-18
-34
-77
-28
-38
-63
-52
-71
-75
-81
-68
-72
-104
-109
-109
-98
-111
-97
-132
-157
-132
-144
-136
-139
-146
-138
-172
-177
-181
-197
-200
-199
-144
-193
-179
-205
-185
-184
-194
-240
-182
-206
-228
-216
-231
-203
-256
-272
-249
-205
-189
-253
-229
-242
-207
-259
-231
-226
-199
-274
-288
-202
-200
-208
-219
-192
-183
-217
-177
-160
-182
-129
-151
-155
-115
-147
-157
-132
-122
-135
-170
-168
-189
-185
-195
-175
-217
-155
-173
-230
-152
-198
-196
-198
-180
-195
-173
-117
-150
-141
-112
-96
-106
-85
-101
-86
-123
-99
-114
-115
-123
-128
-119
-118
-119
-102
-121
-142
-139
-126
-97
-98
-140
-64
-31
-91
-64
-78
-79
-92
-69
-59
-56
-47
-49
-74
-55
-62
-46
-57
-74
-89
-63
-55
-65
-69
-53
-49
-43
0
2
-47
-29
-10
19
105
73
99
40
57
110
118
88
78
54
42
43
34
10
-15
3
-21
-13
-54
-36
-39
-40
-46
-41
-44
-52
-32
-32
-24
-35
-33
8
-8
-39
-36
11
33
-8
-71
0
-7
-22
-15
10
-2
-26
-14
1
-1
-15
-24
-42
20
49
15
35
3
-8
-12
-42
-40
7
-40
-44
-60
-37
-62
-70
-50
-73
-69
-60
-72
-83
-73
-31
-11
-61
-43
-68
-6
-23
8
-23
-7
0
30
12
-23
15
7
19
-14
-50
-16
-40
-6
-6
-35
-22
-21
-74
-77
-51
-97
-79
-126
-99
-52
-109
-141
-111
-118
-101
-136
-103
-107
-117
-136
-86
-153
-66
-147
-165
-155
-135
-142
-117
-131
-113
-132
-131
-69
-88
-75
-105
-62
-5
19
-24
-40
23
14
8
14
-47
9
-20
-6
-9
28
-19
-11
-17
-30
-22
-51
-27
-49
-13
-49
-9
2
22
26
35
19
-2
35
1
-12
19
-1
-2
-48
-31
-15
-66
-122
-76
-111
-51
-103
-143
-85
-63
-108
-119
-101
-134
-121
-152
-86
-140
-148
-175
-158
-180
-179
-182
-149
-163
-155
-159
-158
-166
-147
-156
-131
-130
-107
-100
-80
-56
-56
-57
-110
-61
-66
-34
-46
-37
-67
-41
-69
-57
-15
3
-3
-39
-24
-20
-16
-23
-44
-107
-108
-63
-140
-109
-150
-128
-145
-133
-138
-170
-180
-184
-172
-166
-179
-166
-134
-148
-146
-196
-195
-173
-216
-227
-237
-235
-214
-219
-213
-203
-185
-265
-177
-244
-224
-225
-213
-254
-241
-219
-259
-224
-188
-169
-213
-199
-212
-204
-198
-198
-164
-159
-168
-164
-237
-187
-176
-196
-204
-180
-196
-143
-225
-174
-153
-158
-197
-192
-233
-179
-236
-251
-219
-257
-214
-235
-303
-234
-83
-73
-31
-11
-61
-43
-68
-6
-23
8
-23
-7
0
30
12
-23
15
7
19
-14
-50
-16
-40
-6
-6
-35
-22
-21
-74
-77
-51
-97
-79
-126
-99
-52
-109
-141
-111
-118
-101
-136
-103
-107
-117
-136
-86
-153
-66
-147
-165
-155
-135
-142
-117
-131
-113
-132
-131
-69
-88
-75
-105
-62
-5
19
-24
-40
23
14
8
14
-47
9
-20
-6
-9
28
-19
-11
-17
-30
-22
-51
-27
-49
-13
-49
-9
2
22
26
35
19
-2
35
1
-12
19
-1
-2
-48
-31
-15
-66
-122
-76
-111
-51
-103
-143
-85
-63
-108
-119
-101
-134
-121
-152
-86
-140
-148
-175
-158
-180
-179
-182
-149
-163
-155
-159
-158
-166
-147
-156
-131
-130
-107
-100
-80
-56
-56
-57
-110
-61
-66
-34
-46
-37
-67
-41
-69
-57
-15
3
-3
-39
-24
-20
-16
-23
-44
-107
-108
-63
-140
-109
-150
-128
-145
-133
-138
-170
-180
-184
-172
-166
-179
-166
-134
-148
-146
-196
-195
-173
-216
-227
-237
-235
-214
-219
-213
-203
-185
-265
-177
-244
-224
-225
-213
-254
-241
-219
-259
-224
-188
-169
-213
-199
-212
-204
-198
-198
-164
-159
-168
-164
-237
-187
-176
-196
-204
-180
-196
-143
-225
-174
-153
-158
-197
-192
-233
-179
-236
-251
-219
-257
-214
-235
-303
-234
-237
-205
-225
-211
-207
-235
-245
-226
-252
-245
-228
-274
-265
-273
-231
-243
-226
-209
-224
-217
-208
-159
-194
-156
-162
-155
-161
-148
-155
-110
-146
-131
-184
-180
-193
-188
-232
-212
-247
-229
-245
-265
-279
-276
-261
-290
-245
-255
-263
-237
-250
-263
-232
-201
-261
-220
-183
-156
-227
-152
-151
-133
-120
-114
-163
-174
-147
-162
-192
-173
-188
-176
-156
-128
-177
-113
-140
-196
-138
-133
-163
-159
-150
-135
-106
-120
-109
-80
-141
-129
-111
-69
-62
-28
-65
-67
-63
-23
-21
-27
-16
-42
-33
-122
-41
-87
-3
-54
-35
-57
-43
-30
-29
-46
-45
-18
-45
-41
-35
-23
-7
8
29
5
28
-9
33
-3
43
26
74
66
59
87
95
65
64
67
37
93
91
80
101
114
125
136
146
125
154
187
183
218
196
225
260
285
234
203
255
194
242
201
236
205
203
198
199
246
210
203
243
158
213
214
204
184
217
184
203
158
219
218
168
219
167
196
217
241
223
243
248
294
303
319
313
276
266
288
250
296
241
255
243
243
203
193
233
183
196
206
190
177
206
195
194
219
202
254
232
284
236
201
189
228
224
229
210
220
213
190
214
207
215
197
202
189
216
204
161
152
-234
-237
-205
-225
-211
-207
-235
-245
-226
-252
-245
-228
-274
-265
-273
-231
-243
-226
-209
-224
-217
-208
-159
-194
-156
-162
-155
-161
-148
-155
-110
-146
-131
-184
-180
-193
-188
-232
-212
-247
-229
-245
-265
-279
-276
-261
-290
-245
-255
-263
-237
-250
-263
-232
-201
-261
-220
-183
-156
-227
-152
-151
-133
-120
-114
-163
-174
-147
-162
-192
-173
-188
-176
-156
-128
-177
-113
-140
-196
-138
-133
-163
-159
-150
-135
-106
-120
-109
-80
-141
-129
-111
-69
-62
-28
-65
-67
-63
-23
-21
-27
-16
-42
-33
-122
-41
-87
-3
-54
-35
-57
-43
-30
-29
-46
-45
-18
-45
-41
-35
-23
-7
8
29
5
28
-9
33
-3
43
26
74
66
59
87
95
65
64
67
37
93
91
80
101
114
125
136
146
125
154
187
183
218
196
225
260
285
234
203
255
194
242
201
236
205
203
198
199
246
210
203
243
158
213
214
204
184
217
184
203
158
219
218
168
219
167
196
217
241
223
243
248
294
303
319
313
276
266
288
250
296
241
255
243
243
203
193
233
183
196
206
190
177
206
195
194
219
202
254
232
284
236
201
189
228
224
229
210
220
213
190
214
207
215
197
202
189
216
204
161
152
143
136
119
125
174
152
156
154
156
167
166
145
127
137
127
92
141
129
183
110
139
103
114
68
136
129
134
168
183
210
155
190
181
189
190
200
219
247
231
255
238
249
217
228
192
200
166
182
174
154
148
161
148
136
175
150
165
160
152
170
161
136
85
142
123
176
192
195
153
201
209
210
194
180
210
204
249
254
275
243
245
242
272
233
233
219
212
181
225
189
214
211
194
184
223
229
216
232
230
250
293
255
271
282
242
223
229
241
271
244
287
296
268
329
309
316
313
275
269
301
238
256
249
243
206
228
236
248
216
245
213
239
165
198
175
175
183
187
170
135
169
146
159
141
144
151
168
121
143
80
70
64
66
33
53
16
31
44
27
43
12
-57
-5
-40
-45
-72
-89
-24
-12
-27
-10
-5
-26
-9
-62
-36
-63
-72
-105
-100
-117
-69
-175
-50
-142
-92
-140
-91
-152
-92
-151
-143
-172
-122
-161
-162
-139
-105
-79
-135
-158
-159
-179
-146
-148
-224
-240
-244
-234
-259
-249
-284
-258
-297
-275
-295
-271
-303
-290
-310
-307
-330
-312
-292
-359
-398
-368
-369
-365
-381
-367
-410
-386
-435
-425
-462
-408
-430
-454
-442
152
143
136
119
125
174
152
156
154
156
167
166
145
127
137
127
92
141
129
183
110
139
103
114
68
136
129
134
168
183
210
155
190
181
189
190
200
219
247
231
255
238
249
217
228
192
200
166
182
174
154
148
161
148
136
175
150
165
160
152
170
161
136
85
142
123
176
192
195
153
201
209
210
194
180
210
204
249
254
275
243
245
242
272
233
233
219
212
181
225
189
214
211
194
184
223
229
216
232
230
250
293
255
271
282
242
223
229
241
271
244
287
296
268
329
309
316
313
275
269
301
238
256
249
243
206
228
236
248
216
245
213
239
165
198
175
175
183
187
170
135
169
146
159
141
144
151
168
121
143
80
70
64
66
33
53
16
31
44
27
43
12
-57
-5
-40
-45
-72
-89
-24
-12
-27
-10
-5
-26
-9
-62
-36
-63
-72
-105
-100
-117
-69
-175
-50
-142
-92
-140
-91
-152
-92
-151
-143
-172
-122
-161
-162
-139
-105
-79
-135
-158
-159
-179
-146
-148
-224
-240
-244
-234
-259
-249
-284
-258
-297
-275
-295
-271
-303
-290
-310
-307
-330
-312
-292
-359
-398
-368
-369
-365
-381
-367
-410
-386
-435
-425
-462
-408
-430
-454
-442
-443
-425
-432
-449
-426
-406
-417
-390
-396
-365
-353
-364
-354
-386
-370
-349
-375
-333
-339
-341
-354
-327
-339
-356
-341
-349
-338
-363
-351
-388
-327
-354
-371
-338
-311
-321
-299
-264
-289
-299
-260
-250
-253
-318
-293
-265
-337
-275
-291
-329
-295
-289
-335
-264
-313
-270
-260
-192
-228
-168
-175
-151
-176
-137
-151
-144
-162
-125
-142
-132
-159
-105
-100
-85
-112
-102
-75
-51
-138
-124
-149
-144
-132
-92
-154
-120
-149
-136
-161
-196
-152
-147
-192
-176
-156
-153
-163
-187
-191
-201
-193
-218
-179
-241
-238
-253
-223
-199
-206
-243
-191
-221
-222
-243
-203
-242
-210
-262
-209
-198
-204
-203
-199
-174
-191
-228
-179
-172
-159
-140
-212
-130
-188
-181
-168
-176
-122
-169
-168
-152
-160
-183
-168
-184
-119
-121
-108
-97
-86
-64
-69
-77
-76
-55
-85
-26
-32
-17
-30
-2
-39
-26
-17
-5
-8
11
61
69
2
61
42
101
85
91
84
65
83
87
86
76
71
24
37
-20
58
-64
17
-50
-36
-48
-43
-76
-44
-60
-57
-88
-37
-48
-4
-91
-84
-99
-52
-90
-102
-108
-109
-156
-127
-123
-97
-95
-103
-102
-131
-66
-91
-46
-72
-89
-99
-74
-63
-61
-76
-119
-84
-103
-106
-125
-126
-145
-118
-102
-120
-103
-127
-106
-130
-145
-442
-443
-425
-432
-449
-426
-406
-417
-390
-396
-365
-353
-364
-354
-386
-370
-349
-375
-333
-339
-341
-354
-327
-339
-356
-341
-349
-338
-363
-351
-388
-327
-354
-371
-338
-311
-321
-299
-264
-289
-299
-260
-250
-253
-318
-293
-265
-337
-275
-291
-329
-295
-289
-335
-264
-313
-270
-260
-192
-228
-168
-175
-151
-176
-137
-151
-144
-162
-125
-142
-132
-159
-105
-100
-85
-112
-102
-75
-51
-138
-124
-149
-144
-132
-92
-154
-120
-149
-136
-161
-196
-152
-147
-192
-176
-156
-153
-163
-187
-191
-201
-193
-218
-179
-241
-238
-253
-223
-199
-206
-243
-191
-221
-222
-243
-203
-242
-210
-262
-209
-198
-204
-203
-199
-174
-191
-228
-179
-172
-159
-140
-212
-130
-188
-181
-168
-176
-122
-169
-168
-152
-160
-183
-168
-184
-119
-121
-108
-97
-86
-64
-69
-77
-76
-55
-85
-26
-32
-17
-30
-2
-39
-26
-17
-5
-8
11
61
69
2
61
42
101
85
91
84
65
83
87
86
76
71
24
37
-20
58
-64
17
-50
-36
-48
-43
-76
-44
-60
-57
-88
-37
-48
-4
-91
-84
-99
-52
-90
-102
-108
-109
-156
-127
-123
-97
-95
-103
-102
-131
-66
-91
-46
-72
-89
-99
-74
-63
-61
-76
-119
-84
-103
-106
-125
-126
-145
-118
-102
-120
-103
-127
-106
-130
-145
-153
-118
-83
-158
-106
-58
-27
-39
-70
-97
-122
-110
-135
-95
-79
-63
-119
-100
-59
-67
-122
-44
-19
-35
-11
-38
-35
-60
27
-26
-3
2
4
-6
40
4
35
0
-20
-63
-25
-35
-1
-7
46
30
64
35
75
28
3
17
31
34
15
88
21
21
23
50
50
46
55
45
51
49
24
32
50
45
67
32
47
41
60
25
75
67
60
47
-3
-3
-2
15
14
43
28
60
58
69
77
45
71
85
96
109
56
94
68
57
37
52
6
17
13
-42
12
-1
-38
-36
-34
-40
-53
-43
-47
-45
-18
-15
-36
-18
-22
-20
-11
-22
-22
8
4
-34
-41
-55
-53
-62
-30
-57
-1
-25
-102
-62
-72
-32
-92
-62
-93
-113
-125
-137
-141
-114
-107
-172
-114
-192
-176
-225
-198
-199
-133
-157
-161
-169
-196
-178
-212
-188
-183
-201
-185
-167
-120
-150
-135
-121
-153
-156
-123
-97
-64
-53
-63
-31
-39
-38
-14
-4
-39
-25
-15
-7
-11
-48
-35
-74
-52
-94
-25
-55
-92
-77
-109
-100
-95
-107
-100
-108
-128
-52
-143
-147
-147
-119
-202
-168
-165
-179
-229
-177
-164
-234
-227
-161
-231
-167
-160
-220
-165
-133
-102
-126
-108
-115
-89
-77
-34
-62
-47
-88
-18
-47
-53
-113
-145
-153
-118
-83
-158
-106
-58
-27
-39
-70
-97
-122
-110
-135
-95
-79
-63
-119
-100
-59
-67
-122
-44
-19
-35
-11
-38
-35
-60
27
-26
-3
2
4
-6
40
4
35
0
-20
-63
-25
-35
-1
-7
46
30
64
35
75
28
3
17
31
34
15
88
21
21
23
50
50
46
55
45
51
49
24
32
50
45
67
32
47
41
60
25
75
67
60
47
-3
-3
-2
15
14
43
28
60
58
69
77
45
71
85
96
109
56
94
68
57
37
52
6
17
13
-42
12
-1
-38
-36
-34
-40
-53
-43
-47
-45
-18
-15
-36
-18
-22
-20
-11
-22
-22
8
4
-34
-41
-55
-53
-62
-30
-57
-1
-25
-102
-62
-72
-32
-92
-62
-93
-113
-125
-137
-141
-114
-107
-172
-114
-192
-176
-225
-198
-199
-133
-157
-161
-169
-196
-178
-212
-188
-183
-201
-185
-167
-120
-150
-135
-121
-153
-156
-123
-97
-64
-53
-63
-31
-39
-38
-14
-4
-39
-25
-15
-7
-11
-48
-35
-74
-52
-94
-25
-55
-92
-77
-109
-100
-95
-107
-100
-108
-128
-52
-143
-147
-147
-119
-202
-168
-165
-179
-229
-177
-164
-234
-227
-161
-231
-167
-160
-220
-165
-133
-102
-126
-108
-115
-89
-77
-34
-62
-47
-88
-18
-47
-53
-113
-64
-89
-59
-69
-67
-87
-76
-87
-82
-94
-77
-94
-90
-86
-72
-54
-20
-63
-51
-46
-75
-97
-80
-48
-82
-46
-87
-65
-85
-70
-77
-58
-33
-14
4
21
12
6
-3
5
-9
-13
-33
-10
-26
12
20
16
0
18
33
13
26
14
25
27
36
30
5
31
11
31
1
-10
-3
-11
-1
-39
-59
-25
-65
-43
-28
-2
-16
-49
-47
-33
-39
-64
-51
-45
-57
-21
-7
4
10
-37
-26
48
24
16
6
89
-1
5
49
68
72
51
48
51
76
110
133
108
124
91
75
43
-4
34
-14
-3
15
0
-73
-68
-79
-45
-64
-137
-60
-72
-107
-99
-68
-96
-77
-175
-140
-167
-153
-186
-212
-209
-219
-224
-190
-180
-183
-190
-199
-175
-143
-130
-104
-88
-79
-83
-77
-34
-40
-5
-16
5
-9
35
38
56
52
31
-15
4
20
9
31
70
31
17
56
27
-46
10
-46
-28
-35
-69
-61
-65
-72
-136
-180
-144
-171
-171
-154
-198
-118
-167
-141
-172
-160
-193
-94
-214
-134
-144
-106
-67
-37
-103
-112
-85
-138
-120
-131
-121
-151
-132
-139
-164
-160
-140
-165
-172
-141
-128
-193
-152
-179
-159
-190
-69
-89
-67
-128
-60
-49
-13
-55
-109
-63
-61
-31
-44
-37
-30
28
10
-113
-64
-89
-59
-69
-67
-87
-76
-87
-82
-94
-77
-94
-90
-86
-72
-54
-20
-63
-51
-46
-75
-97
-80
-48
-82
-46
-87
-65
-85
-70
-77
-58
-33
-14
4
21
12
6
-3
5
-9
-13
-33
-10
-26
12
20
16
0
18
33
13
26
14
25
27
36
30
5
31
11
31
1
-10
-3
-11
-1
-39
-59
-25
-65
-43
-28
-2
-16
-49
-47
-33
-39
-64
-51
-45
-57
-21
-7
4
10
-37
-26
48
24
16
6
89
-1
5
49
68
72
51
48
51
76
110
133
108
124
91
75
43
-4
34
-14
-3
15
0
-73
-68
-79
-45
-64
-137
-60
-72
-107
-99
-68
-96
-77
-175
-140
-167
-153
-186
-212
-209
-219
-224
-190
-180
-183
-190
-199
-175
-143
-130
-104
-88
-79
-83
-77
-34
-40
-5
-16
5
-9
35
38
56
52
31
-15
4
20
9
31
70
31
17
56
27
-46
10
-46
-28
-35
-69
-61
-65
-72
-136
-180
-144
-171
-171
-154
-198
-118
-167
-141
-172
-160
-193
-94
-214
-134
-144
-106
-67
-37
-103
-112
-85
-138
-120
-131
-121
-151
-132
-139
-164
-160
-140
-165
-172
-141
-128
-193
-152
-179
-159
-190
-69
-89
-67
-128
-60
-49
-13
-55
-109
-63
-61
-31
-44
-37
-30
28
10
15
-31
1
-28
28
-14
29
-6
26
17
18
35
65
44
17
2
9
15
8
39
45
56
-11
54
50
57
53
45
33
28
43
7
30
20
25
17
35
21
46
55
54
69
47
91
30
44
53
67
49
71
70
97
113
109
132
174
136
223
181
146
178
187
184
169
186
171
152
162
200
147
206
146
180
132
145
150
132
130
147
128
134
110
114
96
138
81
121
122
158
114
165
118
111
148
119
132
135
114
149
175
181
191
169
215
178
153
170
147
159
197
198
194
193
208
207
210
200
197
245
227
203
146
250
128
147
127
139
103
122
104
105
114
76
99
80
88
71
52
26
22
-23
14
-4
-19
-44
-42
-36
-34
-47
4
-5
-9
-19
0
-27
-25
-9
-58
-47
-66
-37
-68
-59
-32
-19
-47
-18
-1
29
10
-31
-15
-24
-12
-20
-9
14
21
32
13
9
-23
9
-15
-42
-68
-24
-84
-38
-92
-36
-68
-29
-89
-42
-92
-64
-84
-64
-80
-67
-54
-61
-131
-250
-241
-71
-79
-10
-78
-34
13
-60
-14
75
105
53
118
145
29
42
89
118
159
117
75
107
126
121
174
114
217
125
136
134
79
75
83
80
42
10
15
-31
1
-28
28
-14
29
-6
26
17
18
35
65
44
17
2
9
15
8
39
45
56
-11
54
50
57
53
45
33
28
43
7
30
20
25
17
35
21
46
55
54
69
47
91
30
44
53
67
49
71
70
97
113
109
132
174
136
223
181
146
178
187
184
169
186
171
152
162
200
147
206
146
180
132
145
150
132
130
147
128
134
110
114
96
138
81
121
122
158
114
165
118
111
148
119
132
135
114
149
175
181
191
169
215
178
153
170
147
159
197
198
194
193
208
207
210
200
197
245
227
203
146
250
128
147
127
139
103
122
104
105
114
76
99
80
88
71
52
26
22
-23
14
-4
-19
-44
-42
-36
-34
-47
4
-5
-9
-19
0
-27
-25
-9
-58
-47
-66
-37
-68
-59
-32
-19
-47
-18
-1
29
10
-31
-15
-24
-12
-20
-9
14
21
32
13
9
-23
9
-15
-42
-68
-24
-84
-38
-92
-36
-68
-29
-89
-42
-92
-64
-84
-64
-80
-67
-54
-61
-131
-250
-241
-71
-79
-10
-78
-34
13
-60
-14
75
105
53
118
145
29
42
89
118
159
117
75
107
126
121
174
114
217
125
136
134
79
75
83
80
42
43
51
64
43
42
38
17
37
59
43
54
64
41
59
70
79
108
91
110
75
74
66
56
80
166
113
106
121
142
180
169
188
187
163
194
204
187
182
212
177
173
181
175
192
158
187
206
205
187
170
166
160
147
125
126
117
108
97
92
118
58
59
62
46
30
35
31
38
27
49
12
83
34
33
44
-3
14
-6
-9
2
16
-39
-11
-17
17
5
40
5
7
-49
-36
-77
-44
-68
15
-30
-83
-77
-56
-57
3
-28
-11
16
-70
-13
-11
3
-19
16
-15
-1
-24
-4
-20
1
4
6
30
25
-38
-7
-26
-21
-44
-20
-48
1
-23
-15
-74
-76
-42
-45
-19
-2
-59
-26
2
25
11
19
21
-9
35
-12
9
6
35
68
90
83
119
87
124
95
170
134
221
169
191
181
193
219
182
149
191
171
137
140
169
142
173
143
140
107
108
98
106
93
134
83
91
94
109
135
110
93
95
82
112
113
122
-13
-233
-337
-581
-709
-848
-897
-1064
-1186
-1128
-1044
-1061
-1097
-1126
-1061
-948
-887
-771
-692
-585
-560
-484
-409
-307
-175
-102
-26
25
73
99
124
89
151
244
289
314
421
481
471
532
542
644
720
763
818
862
884
42
43
51
64
43
42
38
17
37
59
43
54
64
41
59
70
79
108
91
110
75
74
66
56
80
166
113
106
121
142
180
169
188
187
163
194
204
187
182
212
177
173
181
175
192
158
187
206
205
187
170
166
160
147
125
126
117
108
97
92
118
58
59
62
46
30
35
31
38
27
49
12
83
34
33
44
-3
14
-6
-9
2
16
-39
-11
-17
17
5
40
5
7
-49
-36
-77
-44
-68
15
-30
-83
-77
-56
-57
3
-28
-11
16
-70
-13
-11
3
-19
16
-15
-1
-24
-4
-20
1
4
6
30
25
-38
-7
-26
-21
-44
-20
-48
1
-23
-15
-74
-76
-42
-45
-19
-2
-59
-26
2
25
11
19
21
-9
35
-12
9
6
35
68
90
83
119
87
124
95
170
134
221
169
191
181
193
219
182
149
191
171
137
140
169
142
173
143
140
107
108
98
106
93
134
83
91
94
109
135
110
93
95
82
112
113
122
-13
-233
-337
-581
-709
-848
-897
-1064
-1186
-1128
-1044
-1061
-1097
-1126
-1061
-948
-887
-771
-692
-585
-560
-484
-409
-307
-175
-102
-26
25
73
99
124
89
151
244
289
314
421
481
471
532
542
644
720
763
818
862
884
908
889
888
800
770
706
700
651
682
595
567
601
625
692
681
687
634
622
518
441
296
211
99
51
6
-63
-101
-101
-96
-98
-73
18
31
109
139
217
242
310
361
370
403
487
526
566
585
632
661
679
680
727
742
776
713
731
724
708
667
679
655
621
616
646
638
626
612
615
654
656
616
612
570
550
512
509
496
507
493
451
479
455
430
374
370
339
296
261
239
218
169
162
140
128
137
109
115
112
100
20
55
54
31
-25
-53
-86
-74
-122
-174
-223
-284
-323
-333
-367
-401
-392
-412
-401
-408
-416
-408
-402
-396
-375
-373
-353
-297
-278
-251
-208
-143
-154
-106
-106
-82
-67
-84
-11
-65
-46
-40
-57
-117
-94
-66
-58
-44
-51
-1
15
13
56
58
97
73
118
82
120
127
113
32
24
44
-1
-8
-2
-15
-19
-80
-101
-137
-163
-150
-192
-198
-195
-206
-205
-161
-157
-162
-148
-133
-230
-187
-229
-265
-240
-238
-247
-257
-214
-184
-164
-186
-166
-197
-155
-157
-88
-142
-99
-7
-20
26
16
103
102
111
122
177
191
207
202
194
221
223
215
225
277
255
249
250
267
250
284
314
328
325
366
346
343
353
366
355
393
356
388
394
405
382
369
884
908
889
888
800
770
706
700
651
682
595
567
601
625
692
681
687
634
622
518
441
296
211
99
51
6
-63
-101
-101
-96
-98
-73
18
31
109
139
217
242
310
361
370
403
487
526
566
585
632
661
679
680
727
742
776
713
731
724
708
667
679
655
621
616
646
638
626
612
615
654
656
616
612
570
550
512
509
496
507
493
451
479
455
430
374
370
339
296
261
239
218
169
162
140
128
137
109
115
112
100
20
55
54
31
-25
-53
-86
-74
-122
-174
-223
-284
-323
-333
-367
-401
-392
-412
-401
-408
-416
-408
-402
-396
-375
-373
-353
-297
-278
-251
-208
-143
-154
-106
-106
-82
-67
-84
-11
-65
-46
-40
-57
-117
-94
-66
-58
-44
-51
-1
15
13
56
58
97
73
118
82
120
127
113
32
24
44
-1
-8
-2
-15
-19
-80
-101
-137
-163
-150
-192
-198
-195
-206
-205
-161
-157
-162
-148
-133
-230
-187
-229
-265
-240
-238
-247
-257
-214
-184
-164
-186
-166
-197
-155
-157
-88
-142
-99
-7
-20
26
16
103
102
111
122
177
191
207
202
194
221
223
215
225
277
255
249
250
267
250
284
314
328
325
366
346
343
353
366
355
393
356
388
394
405
382
369
347
321
309
321
246
266
284
271
263
214
223
234
224
187
247
259
192
228
231
225
207
249
242
331
294
273
272
295
283
256
289
325
349
350
400
387
392
376
386
351
392
366
373
393
393
374
353
344
281
275
242
274
226
222
236
243
221
219
198
150
131
163
98
171
125
131
71
107
87
120
112
99
95
64
85
71
87
30
21
27
28
47
40
63
46
84
61
57
53
71
29
17
10
16
-22
-13
23
36
-25
-61
-34
-87
-76
-92
-49
-77
-72
-105
-91
-77
-139
-92
-139
-132
-160
-150
-153
-180
-190
-193
-218
-203
-214
-272
-235
-253
-212
-254
-202
-264
-262
-184
-248
-198
-178
-164
-106
-162
-146
-191
-193
-218
-201
-233
-214
-227
-248
-256
-234
-225
-202
-227
-188
-178
-202
-169
-133
-104
-81
-90
-60
-53
-47
13
16
50
60
43
18
72
57
67
-3
16
53
36
61
54
83
38
108
62
72
61
57
64
41
-27
16
-5
-21
-64
-65
-67
-116
-55
-47
-55
-66
-51
-80
-67
-87
-98
-111
-136
-163
-118
-126
-116
-122
-111
-82
-87
-147
-115
-122
-124
-107
-118
-113
-92
-101
-135
-64
-116
-90
-88
-59
-60
-46
-41
-37
-16
-32
0
0
43
48
27
369
347
321
309
321
246
266
284
271
263
214
223
234
224
187
247
259
192
228
231
225
207
249
242
331
294
273
272
295
283
256
289
325
349
350
400
387
392
376
386
351
392
366
373
393
393
374
353
344
281
275
242
274
226
222
236
243
221
219
198
150
131
163
98
171
125
131
71
107
87
120
112
99
95
64
85
71
87
30
21
27
28
47
40
63
46
84
61
57
53
71
29
17
10
16
-22
-13
23
36
-25
-61
-34
-87
-76
-92
-49
-77
-72
-105
-91
-77
-139
-92
-139
-132
-160
-150
-153
-180
-190
-193
-218
-203
-214
-272
-235
-253
-212
-254
-202
-264
-262
-184
-248
-198
-178
-164
-106
-162
-146
-191
-193
-218
-201
-233
-214
-227
-248
-256
-234
-225
-202
-227
-188
-178
-202
-169
-133
-104
-81
-90
-60
-53
-47
13
16
50
60
43
18
72
57
67
-3
16
53
36
61
54
83
38
108
62
72
61
57
64
41
-27
16
-5
-21
-64
-65
-67
-116
-55
-47
-55
-66
-51
-80
-67
-87
-98
-111
-136
-163
-118
-126
-116
-122
-111
-82
-87
-147
-115
-122
-124
-107
-118
-113
-92
-101
-135
-64
-116
-90
-88
-59
-60
-46
-41
-37
-16
-32
0
0
43
48
27
42
54
80
82
82
128
141
136
142
115
136
141
110
161
145
179
151
103
140
119
138
126
138
158
176
201
195
178
184
191
159
162
99
106
127
119
95
89
60
121
117
104
119
122
98
82
68
139
132
128
145
104
89
118
100
95
61
89
62
68
69
89
93
125
96
140
138
115
128
122
145
146
184
184
242
210
222
248
234
254
223
235
257
282
237
251
260
271
268
297
292
287
318
353
348
313
303
322
308
271
311
250
269
238
272
286
222
181
213
202
216
188
130
210
193
163
173
191
205
180
163
150
142
106
101
88
85
52
81
67
59
64
78
87
51
78
82
106
85
83
89
118
116
124
132
132
142
106
123
114
133
109
153
134
182
152
192
178
207
232
241
209
163
235
175
232
199
235
248
258
241
289
290
264
286
282
258
225
174
223
191
206
199
206
251
290
195
230
201
254
207
212
189
218
194
206
197
198
188
196
158
186
154
157
156
152
145
156
130
118
91
91
105
80
111
100
106
73
71
75
58
74
42
82
84
83
55
80
82
85
94
69
78
86
69
42
55
38
48
40
27
42
54
80
82
82
128
141
136
142
115
136
141
110
161
145
179
151
103
140
119
138
126
138
158
176
201
195
178
184
191
159
162
99
106
127
119
95
89
60
121
117
104
119
122
98
82
68
139
132
128
145
104
89
118
100
95
61
89
62
68
69
89
93
125
96
140
138
115
128
122
145
146
184
184
242
210
222
248
234
254
223
235
257
282
237
251
260
271
268
297
292
287
318
353
348
313
303
322
308
271
311
250
269
238
272
286
222
181
213
202
216
188
130
210
193
163
173
191
205
180
163
150
142
106
101
88
85
52
81
67
59
64
78
87
51
78
82
106
85
83
89
118
116
124
132
132
142
106
123
114
133
109
153
134
182
152
192
178
207
232
241
209
163
235
175
232
199
235
248
258
241
289
290
264
286
282
258
225
174
223
191
206
199
206
251
290
195
230
201
254
207
212
189
218
194
206
197
198
188
196
158
186
154
157
156
152
145
156
130
118
91
91
105
80
111
100
106
73
71
75
58
74
42
82
84
83
55
80
82
85
94
69
78
86
69
42
55
38
48
40
40
64
84
79
106
78
105
99
116
134
96
101
101
95
113
105
118
148
94
138
129
147
171
178
145
153
167
170
187
149
154
114
110
149
88
93
65
72
24
28
-2
14
-46
22
13
-87
-93
-95
-139
-150
-163
-160
-149
-147
-134
-138
-229
-175
-192
-130
-156
-179
-137
-128
-113
-107
-49
-85
-31
-44
-10
-8
-24
-15
30
-6
34
34
68
3
57
40
76
69
96
115
110
89
141
143
158
133
142
150
130
125
168
137
171
119
117
115
128
99
120
66
105
67
53
39
54
32
31
62
35
25
12
26
-7
8
21
53
34
-12
25
0
-25
-32
-48
-51
-33
-62
-6
-55
-38
-32
-14
-24
6
-25
7
37
39
29
4
31
40
27
52
27
79
107
120
84
68
134
63
41
78
107
78
95
56
52
56
67
62
49
74
51
49
43
59
49
35
44
27
-1
-26
-22
25
-10
1
19
33
64
38
53
33
23
63
72
-12
17
-15
14
-32
2
-16
-5
-83
-73
-90
-60
-89
-102
-129
-91
-128
-156
-141
-200
-160
-185
-123
-207
-146
-175
-150
-165
-142
-191
-191
-209
-186
-209
-212
-214
-217
-153
-150
-158
-137
-217
-128
-165
-115
-136
-166
-65
40
40
64
84
79
106
78
105
99
116
134
96
101
101
95
113
105
118
148
94
138
129
147
171
178
145
153
167
170
187
149
154
114
110
149
88
93
65
72
24
28
-2
14
-46
22
13
-87
-93
-95
-139
-150
-163
-160
-149
-147
-134
-138
-229
-175
-192
-130
-156
-179
-137
-128
-113
-107
-49
-85
-31
-44
-10
-8
-24
-15
30
-6
34
34
68
3
57
40
76
69
96
115
110
89
141
143
158
133
142
150
130
125
168
137
171
119
117
115
128
99
120
66
105
67
53
39
54
32
31
62
35
25
12
26
-7
8
21
53
34
-12
25
0
-25
-32
-48
-51
-33
-62
-6
-55
-38
-32
-14
-24
6
-25
7
37
39
29
4
31
40
27
52
27
79
107
120
84
68
134
63
41
78
107
78
95
56
52
56
67
62
49
74
51
49
43
59
49
35
44
27
-1
-26
-22
25
-10
1
19
33
64
38
53
33
23
63
72
-12
17
-15
14
-32
2
-16
-5
-83
-73
-90
-60
-89
-102
-129
-91
-128
-156
-141
-200
-160
-185
-123
-207
-146
-175
-150
-165
-142
-191
-191
-209
-186
-209
-212
-214
-217
-153
-150
-158
-137
-217
-128
-165
-115
-136
-166
-65
-17
10
-9
-4
-2
-4
-24
-48
-85
-40
-57
-91
-54
-79
-6
-51
-59
-62
-34
23
-28
36
-23
-3
5
39
36
43
79
48
65
8
35
25
56
45
72
74
28
73
121
50
77
73
113
43
71
-18
81
-16
41
74
98
83
81
96
62
105
149
126
136
105
128
139
154
170
225
210
270
281
240
287
255
308
257
298
255
267
218
255
209
219
197
190
179
171
157
138
176
201
150
103
176
164
110
117
83
128
28
98
99
49
33
84
64
64
80
95
18
20
24
62
66
7
28
62
61
78
60
42
107
134
129
129
105
112
89
109
63
76
76
102
105
98
109
61
62
68
57
41
43
34
39
84
48
49
29
20
-36
-15
-40
-106
-59
-92
-118
-98
-109
-115
-78
-114
-118
-114
-114
-119
-151
-140
-157
-102
-134
-94
-113
-102
-128
-138
-129
-83
-125
-111
-118
-158
-104
-128
-127
-145
-142
-147
-154
-164
-149
-158
-111
-106
-100
-107
-95
-116
-67
-94
-57
-48
-89
-63
-81
-26
-56
-40
-68
-67
-94
-48
-118
-109
-120
-161
-142
-171
-178
-218
-200
-185
-177
-169
-188
-215
-211
-217
-206
-210
-229
-214
-208
-220
-197
-207
-255
-226
-256
-187
-146
-169
-65
-17
10
-9
-4
-2
-4
-24
-48
-85
-40
-57
-91
-54
-79
-6
-51
-59
-62
-34
23
-28
36
-23
-3
5
39
36
43
79
48
65
8
35
25
56
45
72
74
28
73
121
50
77
73
113
43
71
-18
81
-16
41
74
98
83
81
96
62
105
149
126
136
105
128
139
154
170
225
210
270
281
240
287
255
308
257
298
255
267
218
255
209
219
197
190
179
171
157
138
176
201
150
103
176
164
110
117
83
128
28
98
99
49
33
84
64
64
80
95
18
20
24
62
66
7
28
62
61
78
60
42
107
134
129
129
105
112
89
109
63
76
76
102
105
98
109
61
62
68
57
41
43
34
39
84
48
49
29
20
-36
-15
-40
-106
-59
-92
-118
-98
-109
-115
-78
-114
-118
-114
-114
-119
-151
-140
-157
-102
-134
-94
-113
-102
-128
-138
-129
-83
-125
-111
-118
-158
-104
-128
-127
-145
-142
-147
-154
-164
-149
-158
-111
-106
-100
-107
-95
-116
-67
-94
-57
-48
-89
-63
-81
-26
-56
-40
-68
-67
-94
-48
-118
-109
-120
-161
-142
-171
-178
-218
-200
-185
-177
-169
-188
-215
-211
-217
-206
-210
-229
-214
-208
-220
-197
-207
-255
-226
-256
-187
-146
-169
-122
-203
-187
-185
-187
-171
-216
-160
-124
-163
-133
-92
-131
-55
-94
-95
-116
-144
-53
-57
-74
-117
-69
-110
-115
-143
-147
-144
-179
-140
-131
-84
-143
-34
-106
-69
-104
-68
-69
-130
-125
-155
-91
-127
-104
-210
-144
-159
-176
-240
-215
-249
-234
-234
-243
-218
-208
-220
-153
-217
-187
-234
-208
-231
-232
-229
-253
-221
-246
-230
-183
-170
-203
-262
-171
-159
-175
-142
-142
-202
-169
-193
-188
-210
-185
-207
-188
-189
-222
-196
-243
-194
-224
-233
-256
-224
-238
-185
-229
-208
-206
-210
-184
-187
-175
-222
-244
-243
-234
-256
-254
-260
-262
-264
-269
-252
-279
-238
-248
-206
-225
-206
-217
-221
-217
-138
-156
-148
-150
-164
-144
-128
-169
-178
-153
-170
-132
-160
-127
-126
-95
-124
-118
-120
-40
-53
-37
-111
-79
-93
-60
-80
-73
-131
-86
-76
-43
-88
-67
-85
-64
-73
-82
-60
-147
-122
-131
-95
-122
-58
-110
-34
-38
42
-36
56
-24
62
30
114
91
105
98
146
139
128
112
87
89
94
139
53
122
132
100
118
127
119
150
163
184
130
99
165
154
109
142
127
142
138
158
149
201
166
253
204
296
193
234
205
238
203
205
184
234
200
186
185
168
204
179
199
167
153
176
182
219
213
182
190
-169
-122
-203
-187
-185
-187
-171
-216
-160
-124
-163
-133
-92
-131
-55
-94
-95
-116
-144
-53
-57
-74
-117
-69
-110
-115
-143
-147
-144
-179
-140
-131
-84
-143
-34
-106
-69
-104
-68
-69
-130
-125
-155
-91
-127
-104
-210
-144
-159
-176
-240
-215
-249
-234
-234
-243
-218
-208
-220
-153
-217
-187
-234
-208
-231
-232
-229
-253
-221
-246
-230
-183
-170
-203
-262
-171
-159
-175
-142
-142
-202
-169
-193
-188
-210
-185
-207
-188
-189
-222
-196
-243
-194
-224
-233
-256
-224
-238
-185
-229
-208
-206
-210
-184
-187
-175
-222
-244
-243
-234
-256
-254
-260
-262
-264
-269
-252
-279
-238
-248
-206
-225
-206
-217
-221
-217
-138
-156
-148
-150
-164
-144
-128
-169
-178
-153
-170
-132
-160
-127
-126
-95
-124
-118
-120
-40
-53
-37
-111
-79
-93
-60
-80
-73
-131
-86
-76
-43
-88
-67
-85
-64
-73
-82
-60
-147
-122
-131
-95
-122
-58
-110
-34
-38
42
-36
56
-24
62
30
114
91
105
98
146
139
128
112
87
89
94
139
53
122
132
100
118
127
119
150
163
184
130
99
165
154
109
142
127
142
138
158
149
201
166
253
204
296
193
234
205
238
203
205
184
234
200
186
185
168
204
179
199
167
153
176
182
219
213
182
190
212
197
218
212
225
253
222
216
200
207
239
189
165
180
178
150
160
184
179
183
144
191
148
220
201
244
253
154
183
186
167
148
145
135
212
109
204
166
168
213
212
164
189
288
203
226
254
236
291
249
274
222
273
170
207
197
237
228
227
246
239
239
254
236
273
265
347
327
280
298
356
292
313
319
291
315
244
267
277
329
265
362
280
311
243
338
253
232
217
254
194
221
149
221
221
232
155
226
166
180
126
158
214
161
211
167
166
133
76
95
82
65
61
129
70
45
89
102
80
42
103
65
106
90
120
98
143
95
121
139
136
95
88
104
112
124
101
53
123
115
105
58
101
77
105
81
66
73
52
91
81
73
79
57
58
67
85
75
80
96
90
79
110
109
123
94
88
64
20
22
16
-30
-5
-12
8
29
-38
-33
-36
-39
-87
-32
-90
-81
-85
-34
-80
-97
-81
-51
-75
-36
-48
-19
-41
-8
-63
-37
-73
-24
-18
-26
-64
1
-71
-32
-61
-65
-99
-80
-119
-108
-110
-74
-66
-59
-54
-41
-20
-30
-8
-49
0
-14
10
19
25
-16
-16
-23
-3
-30
29
-8
33
21
33
15
42
21
190
212
197
218
212
225
253
222
216
200
207
239
189
165
180
178
150
160
184
179
183
144
191
148
220
201
244
253
154
183
186
167
148
145
135
212
109
204
166
168
213
212
164
189
288
203
226
254
236
291
249
274
222
273
170
207
197
237
228
227
246
239
239
254
236
273
265
347
327
280
298
356
292
313
319
291
315
244
267
277
329
265
362
280
311
243
338
253
232
217
254
194
221
149
221
221
232
155
226
166
180
126
158
214
161
211
167
166
133
76
95
82
65
61
129
70
45
89
102
80
42
103
65
106
90
120
98
143
95
121
139
136
95
88
104
112
124
101
53
123
115
105
58
101
77
105
81
66
73
52
91
81
73
79
57
58
67
85
75
80
96
90
79
110
109
123
94
88
64
20
22
16
-30
-5
-12
8
29
-38
-33
-36
-39
-87
-32
-90
-81
-85
-34
-80
-97
-81
-51
-75
-36
-48
-19
-41
-8
-63
-37
-73
-24
-18
-26
-64
1
-71
-32
-61
-65
-99
-80
-119
-108
-110
-74
-66
-59
-54
-41
-20
-30
-8
-49
0
-14
10
19
25
-16
-16
-23
-3
-30
29
-8
33
21
33
15
42
21
11
61
36
33
31
53
95
76
55
66
-1
50
59
-38
-17
31
-5
16
-6
-1
-50
29
32
24
15
55
11
-1
49
4
0
-13
32
-27
9
25
23
-28
-2
-29
-31
-34
-14
-25
-29
-58
-65
-43
-78
-39
-68
-63
-49
-82
-100
-86
-91
-72
-53
-37
-47
-30
-37
-71
-57
-75
-91
-86
-117
-91
-108
-139
-124
-133
-112
-128
-119
-116
-158
-122
-110
-81
-93
-88
-145
-69
-70
-88
-111
-117
-61
-84
-11
-79
-3
-50
-14
-58
16
-11
34
1
43
-2
54
59
66
36
34
8
26
8
40
19
-14
-36
-14
25
-13
25
6
13
-20
-85
-97
-80
-79
-88
-70
-63
-55
-72
-87
-78
-94
-72
-63
-98
-17
-47
31
-22
8
-22
5
-42
-27
-4
-30
-59
-54
-40
-80
-95
-93
-65
-59
-89
-80
-114
Name:Birds | Val: 0.000000
Name:Car horn | Val: 0.000000
Name:Crying Baby | Val: 0.000000
Name:Rain | Val: 0.000000
Name:Silence | Val: 0.996094

157
-93
-80
-51
-36
-57
-74
-74
-29
-79
-90
-127
-139
-143
-108
-130
-129
-96
-133
-119
-92
-76
-71
-94
-93
-141
-110
-114
-99
-148
-131
-153
-88
-142
-109
-115
-97
-114
-110
-114
-116
-126
-159
-144
-176
-146
-129
-201
-149
-129
-180
-167
-164
-135
-134
-113
-111
-112
-130
-135
-115
-104
-131
-125
-85
-116
-122
-142
-120
-141
-127
-152
-61
-87
-47
-93
-158
-125
-86
-129
-149
-93
-80
-51
-36
-57
-74
-74
-29
-79
-90
-127
-139
-143
-108
-130
-129
-96
-133
-119
-92
-76
-71
-94
-93
-141
-110
-114
-99
-148
-131
-153
-88
-142
-109
-115
-97
-114
-110
-114
-116
-126
-159
-144
-176
-146
-129
-201
-149
-129
-180
-167
-164
-135
-134
-113
-111
-112
-130
-135
-115
-104
-131
-125
-85
-116
-122
-142
-120
-141
-127
-152
-61
-87
-47
-93
-158
-125
-86
-129
-149
-99
-117
-159
-141
-81
-156
-121
-93
-96
-111
-148
-137
-139
-119
-63
-98
-50
-62
-87
-65
-67
-83
-49
-26
-112
-84
-138
-155
-138
-181
-159
-165
-161
-151
-141
-142
-159
-141
-141
-134
-173
-167
-189
-189
-142
-151
-138
-102
-120
-130
-124
-169
-117
-129
-108
-148
-112
-133
-103
-145
-108
-133
-115
-124
-112
-142
-148
-130
-129
-158
-139
-113
-154
-137
-136
-156
-172
-112
-191
-170
-165
-143
-141
-125
-141
-122
-131
-144
-129
-169
-148
-156
-152
-151
-142
-127
-106
-81
-41
-75
-38
-112
-76
-66
-7
-55
-23
-30
-19
-3
-19
-27
-47
-38
-60
-50
-76
-62
-27
-83
-76
-114
-104
-125
-110
-133
-88
-127
-150
-128
-119
-121
-148
-149
-121
-138
-135
-155
-141
-173
-88
-151
-130
-138
-94
-131
-59
2
-13
57
23
49
36
91
86
131
126
85
74
89
91
102
112
88
110
65
34
89
19
58
80
43
23
44
39
23
26
76
0
55
-3
42
-4
78
29
93
43
37
13
3
-22
-18
-8
11
19
-4
2
54
73
85
35
74
69
100
131
99
166
164
156
154
180
161
183
167
216
139
206
161
199
223
192
188
201
211
203
179
166
153
148
117
82
80
84
66
74
53
50
10
63
47
-149
-99
-117
-159
-141
-81
-156
-121
-93
-96
-111
-148
-137
-139
-119
-63
-98
-50
-62
-87
-65
-67
-83
-49
-26
-112
-84
-138
-155
-138
-181
-159
-165
-161
-151
-141
-142
-159
-141
-141
-134
-173
-167
-189
-189
-142
-151
-138
-102
-120
-130
-124
-169
-117
-129
-108
-148
-112
-133
-103
-145
-108
-133
-115
-124
-112
-142
-148
-130
-129
-158
-139
-113
-154
-137
-136
-156
-172
-112
-191
-170
-165
-143
-141
-125
-141
-122
-131
-144
-129
-169
-148
-156
-152
-151
-142
-127
-106
-81
-41
-75
-38
-112
-76
-66
-7
-55
-23
-30
-19
-3
-19
-27
-47
-38
-60
-50
-76
-62
-27
-83
-76
-114
-104
-125
-110
-133
-88
-127
-150
-128
-119
-121
-148
-149
-121
-138
-135
-155
-141
-173
-88
-151
-130
-138
-94
-131
-59
2
-13
57
23
49
36
91
86
131
126
85
74
89
91
102
112
88
110
65
34
89
19
58
80
43
23
44
39
23
26
76
0
55
-3
42
-4
78
29
93
43
37
13
3
-22
-18
-8
11
19
-4
2
54
73
85
35
74
69
100
131
99
166
164
156
154
180
161
183
167
216
139
206
161
199
223
192
188
201
211
203
179
166
153
148
117
82
80
84
66
74
53
50
10
63
47
24
47
61
118
19
68
36
71
30
116
25
54
-12
30
-3
4
6
19
-5
-31
-26
-32
-34
-8
-3
-37
-23
-28
2
-32
-56
-14
-28
-39
-22
-11
-118
-123
-74
-84
-67
-98
-126
-115
-100
-112
-141
-186
-135
-151
-136
-163
-116
-128
-153
-128
-128
-101
-169
-188
-97
-122
-109
-132
-149
-186
-145
-163
-177
-165
-160
-178
-126
-165
-122
-142
-142
-95
-70
-115
-83
-140
-110
-141
-101
-96
-85
-187
-109
-179
-124
-152
-148
-151
-141
-216
-171
-132
-192
-165
-143
-164
-147
-149
-143
-144
-146
-176
-203
-179
-219
-212
-203
-180
-190
-189
-204
-221
-226
-252
-230
-256
-262
-255
-257
-252
-235
-251
-280
-278
-305
-273
-286
-291
-291
-285
-307
-294
-326
-287
-295
-324
-289
-279
-274
-315
-272
-255
-264
-272
-316
-282
-256
-219
-199
-225
-222
-196
-179
-199
-156
-181
-161
-103
-151
-139
-125
-131
-122
-88
-82
-88
-55
-58
-55
-36
-42
-64
-48
-35
14
-49
-50
7
26
-14
-12
-20
-54
-82
-94
-89
-72
-144
-160
-139
-162
-193
-195
-195
-191
-188
-177
-155
-153
-118
-185
-167
-208
-186
-199
-201
-194
-226
-215
-178
-131
-125
-103
-142
-118
-131
-162
-149
-168
-139
-145
-124
-147
-138
-174
-134
-162
-109
-115
-116
-99
-116
-121
-115
47
24
47
61
118
19
68
36
71
30
116
25
54
-12
30
-3
4
6
19
-5
-31
-26
-32
-34
-8
-3
-37
-23
-28
2
-32
-56
-14
-28
-39
-22
-11
-118
-123
-74
-84
-67
-98
-126
-115
-100
-112
-141
-186
-135
-151
-136
-163
-116
-128
-153
-128
-128
-101
-169
-188
-97
-122
-109
-132
-149
-186
-145
-163
-177
-165
-160
-178
-126
-165
-122
-142
-142
-95
-70
-115
-83
-140
-110
-141
-101
-96
-85
-187
-109
-179
-124
-152
-148
-151
-141
-216
-171
-132
-192
-165
-143
-164
-147
-149
-143
-144
-146
-176
-203
-179
-219
-212
-203
-180
-190
-189
-204
-221
-226
-252
-230
-256
-262
-255
-257
-252
-235
-251
-280
-278
-305
-273
-286
-291
-291
-285
-307
-294
-326
-287
-295
-324
-289
-279
-274
-315
-272
-255
-264
-272
-316
-282
-256
-219
-199
-225
-222
-196
-179
-199
-156
-181
-161
-103
-151
-139
-125
-131
-122
-88
-82
-88
-55
-58
-55
-36
-42
-64
-48
-35
14
-49
-50
7
26
-14
-12
-20
-54
-82
-94
-89
-72
-144
-160
-139
-162
-193
-195
-195
-191
-188
-177
-155
-153
-118
-185
-167
-208
-186
-199
-201
-194
-226
-215
-178
-131
-125
-103
-142
-118
-131
-162
-149
-168
-139
-145
-124
-147
-138
-174
-134
-162
-109
-115
-116
-99
-116
-121
-115
-89
-99
-80
-141
-85
-128
-134
-125
-90
-102
-66
-91
-60
-105
-24
-51
-18
-76
-43
-64
17
-20
-2
-25
4
-51
6
-11
-28
-36
-29
-5
-23
34
-9
40
-26
4
-14
33
-45
19
-32
-2
-77
-43
-63
-58
-72
-81
-71
-77
-81
-89
-59
-54
-49
-63
-55
-57
-84
-80
-86
-92
-141
-131
-93
-129
-108
-124
-102
-120
-101
-103
-96
-101
-45
-54
-63
-9
19
13
3
-2
-16
-26
16
0
6
-38
0
-18
9
8
-17
1
19
-12
-45
19
6
-6
-11
-64
-79
-45
-63
-80
-44
-72
-40
-58
-85
-40
-69
-113
-98
-83
-122
-156
-130
-198
-125
-172
-162
-200
-188
-180
-198
-143
-153
-119
-106
-85
-82
-61
-60
-97
-31
-45
31
-10
16
-43
26
2
-53
-24
-25
35
-46
7
-43
16
-39
-39
-102
-62
-116
-134
-147
-165
-127
-179
-188
-176
-166
-192
-217
-173
-168
-158
-209
-191
-243
-219
-222
-233
-224
-290
-207
-247
-243
-281
-235
-267
-244
-197
-264
-225
-188
-185
-202
-204
-186
-206
-188
-192
-140
-208
-155
-201
-145
-214
-203
-193
-167
-170
-167
-124
-190
-73
-157
-135
-100
-144
-125
-157
-147
-178
-177
-202
-202
-211
-255
-224
-246
-214
-226
-189
-189
-212
-220
-213
-206
-213
-225
-212
-272
-223
-115
-89
-99
-80
-141
-85
-128
-134
-125
-90
-102
-66
-91
-60
-105
-24
-51
-18
-76
-43
-64
17
-20
-2
-25
4
-51
6
-11
-28
-36
-29
-5
-23
34
-9
40
-26
4
-14
33
-45
19
-32
-2
-77
-43
-63
-58
-72
-81
-71
-77
-81
-89
-59
-54
-49
-63
-55
-57
-84
-80
-86
-92
-141
-131
-93
-129
-108
-124
-102
-120
-101
-103
-96
-101
-45
-54
-63
-9
19
13
3
-2
-16
-26
16
0
6
-38
0
-18
9
8
-17
1
19
-12
-45
19
6
-6
-11
-64
-79
-45
-63
-80
-44
-72
-40
-58
-85
-40
-69
-113
-98
-83
-122
-156
-130
-198
-125
-172
-162
-200
-188
-180
-198
-143
-153
-119
-106
-85
-82
-61
-60
-97
-31
-45
31
-10
16
-43
26
2
-53
-24
-25
35
-46
7
-43
16
-39
-39
-102
-62
-116
-134
-147
-165
-127
-179
-188
-176
-166
-192
-217
-173
-168
-158
-209
-191
-243
-219
-222
-233
-224
-290
-207
-247
-243
-281
-235
-267
-244
-197
-264
-225
-188
-185
-202
-204
-186
-206
-188
-192
-140
-208
-155
-201
-145
-214
-203
-193
-167
-170
-167
-124
-190
-73
-157
-135
-100
-144
-125
-157
-147
-178
-177
-202
-202
-211
-255
-224
-246
-214
-226
-189
-189
-212
-220
-213
-206
-213
-225
-212
-272
-223
-161
-239
-251
-226
-224
-219
-253
-210
-243
-210
-217
-203
-192
-150
-109
-132
-87
-190
-143
-154
-100
-146
-130
-124
-130
-126
-106
-95
-104
-54
-103
-36
-5
-6
-21
-22
-86
-49
-19
-72
-52
-32
-41
-52
-42
-85
-29
-67
-65
-83
-35
-86
-97
-121
-156
-169
-141
-142
-125
-51
-108
-78
-139
-141
-155
-142
-174
-193
-179
-191
-157
-196
-178
-199
-211
-263
-234
-200
-270
-248
-213
-177
-222
-180
-160
-205
-149
-138
-118
-91
-127
-149
-141
-166
-117
-123
-88
-111
-93
-104
-103
-121
-92
-134
-129
-139
-137
-97
-95
-92
-76
-28
-67
-49
-73
-60
-75
-45
-64
-72
-66
-51
-56
-33
-27
-8
-37
-14
37
42
22
22
9
-2
33
12
-3
-5
4
-23
0
-15
10
1
14
2
42
24
51
10
-57
-11
-6
5
-15
-6
-6
-5
2
4
38
68
46
84
118
149
95
133
127
118
149
158
186
189
185
185
130
218
201
154
212
218
150
216
214
224
191
259
201
247
269
253
230
291
281
290
285
280
290
302
331
273
246
303
289
305
287
224
268
259
254
251
263
253
263
224
225
224
222
175
199
234
214
209
225
197
199
238
178
231
211
180
202
188
184
165
130
143
147
105
-223
-161
-239
-251
-226
-224
-219
-253
-210
-243
-210
-217
-203
-192
-150
-109
-132
-87
-190
-143
-154
-100
-146
-130
-124
-130
-126
-106
-95
-104
-54
-103
-36
-5
-6
-21
-22
-86
-49
-19
-72
-52
-32
-41
-52
-42
-85
-29
-67
-65
-83
-35
-86
-97
-121
-156
-169
-141
-142
-125
-51
-108
-78
-139
-141
-155
-142
-174
-193
-179
-191
-157
-196
-178
-199
-211
-263
-234
-200
-270
-248
-213
-177
-222
-180
-160
-205
-149
-138
-118
-91
-127
-149
-141
-166
-117
-123
-88
-111
-93
-104
-103
-121
-92
-134
-129
-139
-137
-97
-95
-92
-76
-28
-67
-49
-73
-60
-75
-45
-64
-72
-66
-51
-56
-33
-27
-8
-37
-14
37
42
22
22
9
-2
33
12
-3
-5
4
-23
0
-15
10
1
14
2
42
24
51
10
-57
-11
-6
5
-15
-6
-6
-5
2
4
38
68
46
84
118
149
95
133
127
118
149
158
186
189
185
185
130
218
201
154
212
218
150
216
214
224
191
259
201
247
269
253
230
291
281
290
285
280
290
302
331
273
246
303
289
305
287
224
268
259
254
251
263
253
263
224
225
224
222
175
199
234
214
209
225
197
199
238
178
231
211
180
202
188
184
165
130
143
147
105
123
96
136
133
122
108
93
106
110
97
132
80
98
101
117
99
92
111
94
151
148
130
135
95
94
112
61
88
45
68
72
78
70
79
74
95
99
96
98
83
122
84
116
129
124
37
128
81
125
92
128
62
151
121
101
98
125
118
97
112
148
92
129
111
109
114
124
110
105
101
118
116
146
137
134
134
139
163
140
172
169
184
145
170
89
156
93
119
84
104
86
96
66
71
37
22
2
-20
-16
-53
-29
-49
-66
-12
-38
-49
-66
-49
-99
-76
-98
-89
-118
-111
-104
-104
-171
-133
-138
-119
-130
-139
-135
-126
-118
-137
-117
-133
-128
-146
-124
-140
-150
-189
-155
-189
-181
-134
-159
-139
-168
-160
-159
-129
-140
-125
-122
-142
-152
-172
-188
-198
-112
-196
-166
-144
-194
-240
-183
-186
-194
-244
-191
-201
-211
-226
-211
-279
-214
-259
-212
-226
-242
-207
-213
-183
-222
-160
-181
-127
-157
-130
-144
-121
-105
-115
-110
-98
-157
-124
-165
-148
-172
-128
-174
-102
-156
-105
-136
-75
-128
-106
-88
-135
-117
-85
-114
-135
-120
-112
-115
-157
-109
-90
-122
-137
-109
-164
-107
-164
-84
-165
-137
-174
-138
-147
-109
-94
-87
-86
-114
-99
-73
-100
-67
-123
-66
-56
-44
-54
105
123
96
136
133
122
108
93
106
110
97
132
80
98
101
117
99
92
111
94
151
148
130
135
95
94
112
61
88
45
68
72
78
70
79
74
95
99
96
98
83
122
84
116
129
124
37
128
81
125
92
128
62
151
121
101
98
125
118
97
112
148
92
129
111
109
114
124
110
105
101
118
116
146
137
134
134
139
163
140
172
169
184
145
170
89
156
93
119
84
104
86
96
66
71
37
22
2
-20
-16
-53
-29
-49
-66
-12
-38
-49
-66
-49
-99
-76
-98
-89
-118
-111
-104
-104
-171
-133
-138
-119
-130
-139
-135
-126
-118
-137
-117
-133
-128
-146
-124
-140
-150
-189
-155
-189
-181
-134
-159
-139
-168
-160
-159
-129
-140
-125
-122
-142
-152
-172
-188
-198
-112
-196
-166
-144
-194
-240
-183
-186
-194
-244
-191
-201
-211
-226
-211
-279
-214
-259
-212
-226
-242
-207
-213
-183
-222
-160
-181
-127
-157
-130
-144
-121
-105
-115
-110
-98
-157
-124
-165
-148
-172
-128
-174
-102
-156
-105
-136
-75
-128
-106
-88
-135
-117
-85
-114
-135
-120
-112
-115
-157
-109
-90
-122
-137
-109
-164
-107
-164
-84
-165
-137
-174
-138
-147
-109
-94
-87
-86
-114
-99
-73
-100
-67
-123
-66
-56
-44
-54
-32
-33
7
7
26
3
-23
10
-39
13
-26
32
-38
17
-16
-9
-64
-41
-67
-23
-25
-2
-3
17
23
42
-3
14
2
60
39
103
90
81
84
117
134
80
112
80
109
61
113
53
85
61
83
53
74
69
120
74
73
72
41
53
20
42
32
61
27
78
77
44
40
34
43
50
46
54
68
77
46
74
70
128
123
120
103
125
113
130
120
110
71
91
99
93
88
97
99
86
91
102
58
103
75
93
44
159
119
98
144
131
83
93
105
116
121
128
106
106
109
87
117
106
106
45
51
32
75
78
96
44
44
72
87
56
93
70
58
59
68
54
22
-17
62
42
30
-24
73
82
51
79
110
93
91
93
63
76
56
64
100
71
44
-13
36
34
5
-15
-75
-60
-49
-43
-92
-56
-54
-65
-34
-18
-75
-32
-47
-38
-10
-13
0
26
26
-6
8
21
43
53
29
86
98
106
165
148
164
132
154
161
138
170
136
139
151
124
142
104
135
96
150
65
129
83
116
69
80
43
20
9
-13
-7
-2
-4
-14
-38
-40
-60
-12
-50
-29
-43
-14
-42
-2
-74
-32
-8
-7
30
58
46
79
84
66
134
-54
-32
-33
7
7
26
3
-23
10
-39
13
-26
32
-38
17
-16
-9
-64
-41
-67
-23
-25
-2
-3
17
23
42
-3
14
2
60
39
103
90
81
84
117
134
80
112
80
109
61
113
53
85
61
83
53
74
69
120
74
73
72
41
53
20
42
32
61
27
78
77
44
40
34
43
50
46
54
68
77
46
74
70
128
123
120
103
125
113
130
120
110
71
91
99
93
88
97
99
86
91
102
58
103
75
93
44
159
119
98
144
131
83
93
105
116
121
128
106
106
109
87
117
106
106
45
51
32
75
78
96
44
44
72
87
56
93
70
58
59
68
54
22
-17
62
42
30
-24
73
82
51
79
110
93
91
93
63
76
56
64
100
71
44
-13
36
34
5
-15
-75
-60
-49
-43
-92
-56
-54
-65
-34
-18
-75
-32
-47
-38
-10
-13
0
26
26
-6
8
21
43
53
29
86
98
106
165
148
164
132
154
161
138
170
136
139
151
124
142
104
135
96
150
65
129
83
116
69
80
43
20
9
-13
-7
-2
-4
-14
-38
-40
-60
-12
-50
-29
-43
-14
-42
-2
-74
-32
-8
-7
30
58
46
79
84
66
134
59
106
131
147
105
131
134
139
120
166
184
173
195
157
196
195
205
192
137
149
137
130
128
148
133
116
123
122
130
126
110
74
113
119
131
133
102
94
132
129
87
66
119
99
86
84
89
67
87
62
48
53
113
93
96
111
150
156
160
134
192
139
178
127
158
152
159
161
177
185
173
211
148
182
118
155
145
159
142
193
170
176
174
160
179
145
182
222
201
206
186
224
194
230
160
155
144
177
174
214
203
196
193
192
170
144
170
155
168
159
103
184
130
145
137
162
115
174
167
139
196
126
170
76
129
104
176
181
205
157
145
144
156
167
122
139
140
147
172
121
179
159
155
154
80
120
88
152
69
74
41
79
55
96
72
101
89
101
141
132
142
180
183
192
176
168
182
152
88
157
147
117
121
89
100
123
103
82
111
112
96
111
130
83
127
98
150
145
184
125
178
149
218
201
224
187
214
209
243
228
178
226
202
244
210
258
229
247
226
225
234
248
233
254
242
232
234
227
215
209
187
227
141
187
142
231
203
256
217
226
220
227
231
264
238
207
191
202
187
208
134
59
106
131
147
105
131
134
139
120
166
184
173
195
157
196
195
205
192
137
149
137
130
128
148
133
116
123
122
130
126
110
74
113
119
131
133
102
94
132
129
87
66
119
99
86
84
89
67
87
62
48
53
113
93
96
111
150
156
160
134
192
139
178
127
158
152
159
161
177
185
173
211
148
182
118
155
145
159
142
193
170
176
174
160
179
145
182
222
201
206
186
224
194
230
160
155
144
177
174
214
203
196
193
192
170
144
170
155
168
159
103
184
130
145
137
162
115
174
167
139
196
126
170
76
129
104
176
181
205
157
145
144
156
167
122
139
140
147
172
121
179
159
155
154
80
120
88
152
69
74
41
79
55
96
72
101
89
101
141
132
142
180
183
192
176
168
182
152
88
157
147
117
121
89
100
123
103
82
111
112
96
111
130
83
127
98
150
145
184
125
178
149
218
201
224
187
214
209
243
228
178
226
202
244
210
258
229
247
226
225
234
248
233
254
242
232
234
227
215
209
187
227
141
187
142
231
203
256
217
226
220
227
231
264
238
207
191
202
187
208
156
168
133
155
146
132
172
148
188
152
141
147
129
144
128
126
121
108
148
138
185
140
175
153
163
156
164
136
188
136
162
188
188
180
131
139
139
176
190
154
141
121
106
127
60
84
61
104
69
68
34
52
33
28
13
31
-5
18
-4
52
-32
-19
-8
32
-31
-22
-17
-32
-16
-3
-19
-8
-21
-19
-31
-19
-8
-4
0
-12
-16
-25
-1
0
-10
-36
-19
-35
-72
-57
-56
-73
-78
-60
-56
-40
-59
-81
-39
-60
-49
-2
-12
-14
-16
-22
-13
-3
41
9
43
1
44
2
28
22
48
21
19
0
-29
-27
-30
-59
-62
-36
-57
-101
-91
-33
-74
-47
-48
-9
-7
9
-15
-6
-25
-10
-8
-26
-15
-68
-47
-64
-85
-89
-95
-79
-94
-72
-73
-85
-99
-57
-55
-108
-100
-104
-32
-42
-39
-68
-43
-47
10
-45
1
-49
-17
-60
1
9
27
16
16
15
5
47
-12
41
-16
68
36
36
-43
29
-2
39
23
30
20
18
11
81
16
-8
-20
-2
-31
-16
-49
-40
-70
-92
-89
-93
-79
-99
-90
-106
-106
-122
-112
-94
-126
-143
-147
-140
-151
-155
-150
-157
-156
-134
-146
-151
-217
-186
-182
-207
-187
-173
-188
-142
-166
-200
-159
-170
208
156
168
133
155
146
132
172
148
188
152
141
147
129
144
128
126
121
108
148
138
185
140
175
153
163
156
164
136
188
136
162
188
188
180
131
139
139
176
190
154
141
121
106
127
60
84
61
104
69
68
34
52
33
28
13
31
-5
18
-4
52
-32
-19
-8
32
-31
-22
-17
-32
-16
-3
-19
-8
-21
-19
-31
-19
-8
-4
0
-12
-16
-25
-1
0
-10
-36
-19
-35
-72
-57
-56
-73
-78
-60
-56
-40
-59
-81
-39
-60
-49
-2
-12
-14
-16
-22
-13
-3
41
9
43
1
44
2
28
22
48
21
19
0
-29
-27
-30
-59
-62
-36
-57
-101
-91
-33
-74
-47
-48
-9
-7
9
-15
-6
-25
-10
-8
-26
-15
-68
-47
-64
-85
-89
-95
-79
-94
-72
-73
-85
-99
-57
-55
-108
-100
-104
-32
-42
-39
-68
-43
-47
10
-45
1
-49
-17
-60
1
9
27
16
16
15
5
47
-12
41
-16
68
36
36
-43
29
-2
39
23
30
20
18
11
81
16
-8
-20
-2
-31
-16
-49
-40
-70
-92
-89
-93
-79
-99
-90
-106
-106
-122
-112
-94
-126
-143
-147
-140
-151
-155
-150
-157
-156
-134
-146
-151
-217
-186
-182
-207
-187
-173
-188
-142
-166
-200
-159
-170
-196
-190
-154
-182
-136
-157
-167
-179
-152
-183
-148
-143
-157
-149
-169
-170
-177
-205
-181
-199
-203
-189
-187
-198
-224
-242
-264
-301
-277
-257
-205
-259
-230
-252
-187
-247
-209
-268
-233
-257
-228
-231
-199
-222
-211
-230
-216
-206
-167
-171
-155
-166
-179
-124
-157
-160
-109
-100
-121
-101
-123
-139
-146
-128
-157
-128
-166
-180
-183
-176
-175
-167
-188
-157
-142
-160
-141
-161
-123
-163
-129
-131
-136
-199
-204
-170
-214
-171
-201
-156
-181
-183
-160
-125
-140
-115
-122
-131
-101
-91
-121
-189
-152
-162
-165
-123
-170
-176
-234
-224
-200
-200
-222
-212
-201
-212
-216
-242
-203
-214
-235
-202
-229
-199
-222
-240
-224
-235
-270
-202
-231
-205
-265
-239
-191
-224
-200
-173
-144
-183
-157
-126
-100
-116
-141
-148
-149
-180
-145
-147
-113
-156
-137
-176
-150
-160
-143
-162
-159
-138
-100
-129
-101
-109
-115
-82
-93
-112
-105
-106
-51
-128
-65
-84
-101
-111
-97
-114
-107
-106
-113
-112
-116
-118
-124
-143
-117
-134
-141
-138
-150
-143
-123
-191
-144
-147
-151
-142
-149
-127
-115
-101
-153
-136
-77
-147
-145
-152
-131
-144
-119
-156
-81
-177
-130
-129
-136
-88
-103
-100
-64
-100
-64
-79
-23
-57
-57
44
17
1
-23
-22
-40
1
-20
-32
-68
-32
-35
-56
-170
-196
-190
-154
-182
-136
-157
-167
-179
-152
-183
-148
-143
-157
-149
-169
-170
-177
-205
-181
-199
-203
-189
-187
-198
-224
-242
-264
-301
-277
-257
-205
-259
-230
-252
-187
-247
-209
-268
-233
-257
-228
-231
-199
-222
-211
-230
-216
-206
-167
-171
-155
-166
-179
-124
-157
-160
-109
-100
-121
-101
-123
-139
-146
-128
-157
-128
-166
-180
-183
-176
-175
-167
-188
-157
-142
-160
-141
-161
-123
-163
-129
-131
-136
-199
-204
-170
-214
-171
-201
-156
-181
-183
-160
-125
-140
-115
-122
-131
-101
-91
-121
-189
-152
-162
-165
-123
-170
-176
-234
-224
-200
-200
-222
-212
-201
-212
-216
-242
-203
-214
-235
-202
-229
-199
-222
-240
-224
-235
-270
-202
-231
-205
-265
-239
-191
-224
-200
-173
-144
-183
-157
-126
-100
-116
-141
-148
-149
-180
-145
-147
-113
-156
-137
-176
-150
-160
-143
-162
-159
-138
-100
-129
-101
-109
-115
-82
-93
-112
-105
-106
-51
-128
-65
-84
-101
-111
-97
-114
-107
-106
-113
-112
-116
-118
-124
-143
-117
-134
-141
-138
-150
-143
-123
-191
-144
-147
-151
-142
-149
-127
-115
-101
-153
-136
-77
-147
-145
-152
-131
-144
-119
-156
-81
-177
-130
-129
-136
-88
-103
-100
-64
-100
-64
-79
-23
-57
-57
44
17
1
-23
-22
-40
1
-20
-32
-68
-32
-35
-56
-107
-10
-32
-15
-52
-119
-79
-72
-65
-128
-81
-90
-91
-84
-122
-63
-112
-65
-69
-63
-84
-49
-66
-96
-92
-91
-30
-45
-46
-42
-23
-52
-38
-47
-52
7
-20
24
-37
-39
-49
-51
-64
-69
-50
-58
-35
-32
-65
-45
42
-58
-25
-37
-35
-29
-50
-53
-79
-73
-18
-64
-67
-55
-64
-59
-57
-77
-35
-43
-27
-19
-14
-9
-2
16
11
4
14
60
21
36
-17
5
107
62
105
127
128
140
179
128
164
112
85
164
201
168
172
230
258
210
249
232
253
253
225
249
315
243
212
263
235
248
230
203
255
254
277
295
365
240
304
284
312
261
292
263
274
247
288
223
241
229
269
227
199
185
180
144
122
121
120
128
114
113
139
134
110
129
137
163
170
199
209
183
201
204
209
217
239
258
264
281
264
269
305
271
259
242
253
252
249
259
278
304
297
282
342
299
335
283
340
279
320
240
294
242
281
261
221
257
219
198
151
162
101
152
105
88
82
107
108
103
50
35
41
48
70
52
34
35
43
26
-8
-24
-32
-65
-88
-109
-71
-78
-54
-66
-69
-118
-38
-82
-60
-40
-66
-36
-109
-108
-94
-51
-100
-91
-99
-92
-56
-107
-10
-32
-15
-52
-119
-79
-72
-65
-128
-81
-90
-91
-84
-122
-63
-112
-65
-69
-63
-84
-49
-66
-96
-92
-91
-30
-45
-46
-42
-23
-52
-38
-47
-52
7
-20
24
-37
-39
-49
-51
-64
-69
-50
-58
-35
-32
-65
-45
42
-58
-25
-37
-35
-29
-50
-53
-79
-73
-18
-64
-67
-55
-64
-59
-57
-77
-35
-43
-27
-19
-14
-9
-2
16
11
4
14
60
21
36
-17
5
107
62
105
127
128
140
179
128
164
112
85
164
201
168
172
230
258
210
249
232
253
253
225
249
315
243
212
263
235
248
230
203
255
254
277
295
365
240
304
284
312
261
292
263
274
247
288
223
241
229
269
227
199
185
180
144
122
121
120
128
114
113
139
134
110
129
137
163
170
199
209
183
201
204
209
217
239
258
264
281
264
269
305
271
259
242
253
252
249
259
278
304
297
282
342
299
335
283
340
279
320
240
294
242
281
261
221
257
219
198
151
162
101
152
105
88
82
107
108
103
50
35
41
48
70
52
34
35
43
26
-8
-24
-32
-65
-88
-109
-71
-78
-54
-66
-69
-118
-38
-82
-60
-40
-66
-36
-109
-108
-94
-51
-100
-91
-99
-92
-85
-122
-84
-146
-63
-112
-87
-70
-62
-91
-80
-73
-111
-106
-134
-92
-111
-80
-112
-84
-44
-30
-89
-98
-26
-80
-101
-71
-48
-19
-40
-5
-20
13
15
23
16
-2
-17
6
-14
-13
-41
-54
-81
-76
-81
-88
-128
-130
-109
-143
-168
-190
-178
-193
-207
-193
-158
-180
-194
-143
-152
-247
-241
-244
-186
-227
-203
-198
-177
-222
-231
-184
-263
-240
-227
-213
-227
-189
-195
-177
-165
-142
-134
-155
-118
-139
-104
-117
-142
-106
-125
-89
-133
-107
-118
-89
-62
-85
-112
-105
-80
-138
-73
-98
-133
-126
-118
-112
-126
-103
-111
-82
-124
-87
-98
-69
-108
-71
-43
-1
-60
-85
-84
-53
-75
-43
-61
-45
-38
-23
3
-11
-23
-5
20
5
32
36
5
-13
-1
16
1
39
31
51
47
41
35
44
80
43
79
35
62
94
32
95
86
38
26
72
80
25
66
67
86
57
96
83
67
40
25
76
51
57
39
20
32
77
15
58
72
19
65
54
43
52
47
34
29
58
71
54
52
102
71
69
87
129
94
129
95
66
76
81
95
107
92
77
108
107
93
114
109
138
143
132
128
68
114
122
112
96
92
125
112
127
125
111
126
118
100
110
159
153
75
118
-92
-85
-122
-84
-146
-63
-112
-87
-70
-62
-91
-80
-73
-111
-106
-134
-92
-111
-80
-112
-84
-98
-26
-80
-44
-30
-89
-101
-71
-48
-19
-40
-5
-20
13
15
23
16
-2
-17
6
-14
-13
-41
-54
-81
-76
-81
-88
-128
-130
-109
-143
-168
-190
-178
-193
-207
-193
-158
-180
-194
-143
-152
-247
-241
-244
-186
-227
-203
-198
-177
-222
-231
-184
-263
-240
-227
-213
-227
-189
-195
-177
-165
-142
-134
-155
-118
-139
-104
-117
-142
-106
-125
-89
-133
-107
-118
-89
-62
-85
-112
-105
-80
-138
-73
-98
-133
-126
-118
-112
-126
-103
-111
-82
-124
-87
-98
-69
-108
-71
-43
-1
-60
-85
-84
-53
-75
-43
-61
-45
-38
-23
3
-11
-23
-5
20
5
32
36
5
-13
-1
16
1
39
31
51
47
41
35
44
80
43
79
35
62
94
32
95
86
38
26
72
80
25
66
67
86
57
96
83
67
40
25
76
51
57
39
20
32
77
15
58
72
19
65
54
43
52
47
34
29
58
71
54
52
102
71
69
87
129
94
129
95
66
76
81
95
107
92
77
108
107
93
114
109
138
143
132
128
68
114
122
112
96
92
125
112
127
125
111
126
118
100
110
159
153
75
118
148
167
160
178
186
202
191
207
200
201
191
177
192
141
148
125
102
128
107
100
147
183
184
161
187
239
201
190
187
253
241
226
287
277
317
279
312
320
239
315
277
303
317
303
294
281
266
303
258
268
232
250
233
273
236
267
235
228
236
258
222
225
199
194
147
182
150
203
146
190
124
226
144
169
150
167
152
115
151
168
124
132
125
139
127
137
154
154
145
143
212
170
190
139
178
138
125
131
188
109
131
101
128
106
144
101
144
88
163
117
164
115
129
144
159
160
141
118
95
116
90
86
93
94
101
76
81
75
72
84
68
52
41
68
41
62
58
72
58
41
48
47
9
34
60
12
49
48
19
94
77
92
77
82
63
104
47
45
69
76
91
105
95
94
81
82
60
82
93
90
64
28
74
63
72
60
50
44
39
55
36
21
24
-1
19
14
-4
8
-3
22
13
0
12
52
45
15
33
11
-6
-24
8
-20
-58
-85
-47
-39
-35
1
-18
0
-27
-11
-66
-17
-58
7
-14
-30
-29
-12
-26
-4
-42
-48
-64
-81
-82
-88
-108
-101
-132
-139
-122
-120
-129
-127
-163
-145
-103
-138
118
148
167
160
178
186
202
191
207
200
201
191
177
192
141
148
125
102
128
107
100
147
183
184
161
187
239
201
190
187
253
241
226
287
277
317
279
312
320
239
315
277
303
317
303
294
281
266
303
258
268
232
250
233
273
236
267
235
228
236
258
222
225
199
194
147
182
150
203
146
190
124
226
144
169
150
167
152
115
151
168
124
132
125
139
127
137
154
154
145
143
212
170
190
139
178
138
125
131
188
109
131
101
128
106
144
101
144
88
163
117
164
115
129
144
159
160
141
118
95
116
90
86
93
94
101
76
81
75
72
84
68
52
41
68
41
62
58
72
58
41
48
47
9
34
60
12
49
48
19
94
77
92
77
82
63
104
47
45
69
76
91
105
95
94
81
82
60
82
93
90
64
28
74
63
72
60
50
44
39
55
36
21
24
-1
19
14
-4
8
-3
22
13
0
12
52
45
15
33
11
-6
-24
8
-20
-58
-85
-47
-39
-35
1
-18
0
-27
-11
-66
-17
-58
7
-14
-30
-29
-12
-26
-4
-42
-48
-64
-81
-82
-88
-108
-101
-132
-139
-122
-120
-129
-127
-163
-145
-103
-138
-149
-175
-155
-197
-155
-177
-164
-217
-214
-214
-167
-170
-167
-226
-189
-205
-178
-225
-209
-212
-215
-213
-191
-203
-173
-214
-184
-188
-182
-211
-175
-171
-180
-173
-155
-137
-115
-131
-117
-107
-119
-24
-125
-66
-51
-114
-117
-106
-114
-99
-116
-112
-106
-106
-99
-102
-118
-74
-95
-54
-49
-15
-27
-24
-57
-27
8
-10
1
-18
57
-24
7
46
72
65
86
69
92
43
76
114
129
149
141
194
183
198
222
190
201
231
250
208
300
243
294
282
309
295
292
294
288
254
249
205
223
218
198
213
205
185
130
148
103
114
200
188
151
182
173
205
190
207
228
241
252
250
223
232
257
260
234
238
215
245
280
284
269
294
327
278
279
239
297
294
302
274
320
235
269
192
182
217
211
239
232
222
239
203
224
183
168
167
172
147
156
136
100
102
75
113
82
129
142
144
81
149
100
150
125
124
116
119
125
146
136
158
134
178
172
171
167
182
145
194
193
164
186
209
212
193
181
192
193
208
233
222
258
226
256
233
275
225
261
277
279
268
263
282
279
330
280
266
284
293
293
295
286
293
270
269
272
242
286
253
278
267
257
259
-138
-149
-175
-155
-197
-155
-177
-164
-217
-214
-214
-167
-170
-167
-226
-189
-205
-178
-225
-209
-212
-215
-213
-191
-203
-173
-214
-184
-188
-182
-211
-175
-171
-180
-173
-155
-137
-115
-131
-117
-107
-119
-24
-125
-66
-51
-114
-117
-106
-114
-99
-116
-112
-106
-106
-99
-102
-118
-74
-95
-54
-49
-15
-27
-24
-57
-27
8
-10
1
-18
57
-24
7
46
72
65
86
69
92
43
76
114
129
149
141
194
183
198
222
190
201
231
250
208
300
243
294
282
309
295
292
294
288
254
249
205
223
218
198
213
205
185
130
148
103
114
200
188
151
182
173
205
190
207
228
241
252
250
223
232
257
260
234
238
215
245
280
284
269
294
327
278
279
239
297
294
302
274
320
235
269
192
182
217
211
239
232
222
239
203
224
183
168
167
172
147
156
136
100
102
75
113
82
129
142
144
81
149
100
150
125
124
116
119
125
146
136
158
134
178
172
171
167
182
145
194
193
164
186
209
212
193
181
192
193
208
233
222
258
226
256
233
275
225
261
277
279
268
263
282
279
330
280
266
284
293
293
295
286
293
270
269
272
242
286
253
278
267
257
259
293
283
234
202
205
230
211
188
248
209
214
152
142
140
118
152
109
88
89
106
48
110
109
81
82
98
99
45
91
119
92
81
113
125
113
68
145
119
128
113
134
160
180
175
153
143
171
176
173
165
197
117
126
179
181
154
107
144
101
136
101
105
110
70
40
60
3
-25
-22
-9
-46
-32
-51
-25
-40
-64
-76
-69
-73
-64
-97
-52
-119
-64
-94
-68
-81
-64
-64
-40
-30
-71
-54
-48
-64
-73
-57
-57
-58
-38
-29
12
1
-13
-38
-28
-45
-24
-10
-28
-48
-82
-46
-48
-53
-107
-72
-86
-78
-70
-77
-77
-56
-84
-56
-30
-38
-55
-74
-73
-111
-106
-96
-49
-87
-60
-66
-74
-83
-74
-68
-75
-94
-87
-114
-107
-89
-81
-88
-27
-54
-16
-87
-14
-33
-73
-84
-61
-70
-96
-81
-100
-87
-96
-119
-124
-183
-156
-149
-150
-114
-142
-176
-205
-163
-199
-145
-194
-106
-121
-91
-120
-151
-163
-146
-125
-132
-96
-106
-84
-90
-125
-99
-76
-115
-94
-113
-65
-88
-88
-129
-59
-139
-138
-107
-131
-122
-105
-194
-212
-137
-155
-136
-203
-190
-216
-210
-241
-238
-244
-252
-258
-262
-275
-300
-277
-285
-277
-292
-294
-280
-275
-281
-299
-280
-244
-283
-258
-225
-232
259
293
283
234
202
205
230
211
188
248
209
214
152
142
140
118
152
109
88
89
106
48
110
109
81
82
98
99
45
91
119
92
81
113
125
113
68
145
119
128
113
134
160
180
175
153
143
171
176
173
165
197
117
126
179
181
154
107
144
101
136
101
105
110
70
40
60
3
-25
-22
-9
-46
-32
-51
-25
-40
-64
-76
-69
-73
-64
-97
-52
-119
-64
-94
-68
-81
-64
-64
-40
-30
-71
-54
-48
-64
-73
-57
-57
-58
-38
-29
12
1
-13
-38
-28
-45
-24
-10
-28
-48
-82
-46
-48
-53
-107
-72
-86
-78
-70
-77
-77
-56
-84
-56
-30
-38
-55
-74
-73
-111
-106
-96
-49
-87
-60
-66
-74
-83
-74
-68
-75
-94
-87
-114
-107
-89
-81
-88
-27
-54
-16
-87
-14
-33
-73
-84
-61
-70
-96
-81
-100
-87
-96
-119
-124
-183
-156
-149
-150
-114
-142
-176
-205
-163
-199
-145
-194
-106
-121
-91
-120
-151
-163
-146
-125
-132
-96
-106
-84
-90
-125
-99
-76
-115
-94
-113
-65
-88
-88
-129
-59
-139
-138
-107
-131
-122
-105
-194
-212
-137
-155
-136
-203
-190
-216
-210
-241
-238
-244
-252
-258
-262
-275
-300
-277
-285
-277
-292
-294
-280
-275
-281
-299
-280
-244
-283
-258
-225
-232
-249
-235
-226
-248
-214
-207
-177
-164
-125
-224
-186
-174
-221
-182
-210
-159
-243
-169
-192
-165
-164
-175
-185
-210
-206
-257
-220
-212
-243
-223
-201
-233
-263
-233
-248
-243
-236
-187
-219
-182
-184
-186
-178
-198
-209
-209
-229
-211
-182
-193
-185
-185
-155
-204
-171
-180
-172
-198
-195
-214
-212
-194
-219
-231
-196
-241
-204
-198
-170
-190
-164
-145
-137
-141
-131
-153
-167
-111
-165
-114
-71
-103
-119
-105
-98
-189
-141
-89
-112
-125
-129
-95
-90
-63
-129
-64
-87
-80
-101
-62
-88
-81
-105
-93
-97
-84
-61
-36
-58
-4
-27
57
-33
16
31
10
-104
-64
-59
-46
-44
-39
-35
-10
-25
-21
-7
-28
-20
-45
-18
-89
-51
-99
-17
-8
-19
-52
9
-25
3
-22
8
-17
88
23
59
110
66
37
82
85
62
78
80
99
95
111
95
149
123
114
112
148
136
152
144
189
185
212
205
151
180
148
161
150
162
131
133
133
118
105
116
89
118
98
107
61
82
95
88
98
78
146
140
75
165
159
118
98
143
117
144
114
133
126
185
149
164
153
219
180
233
199
169
221
190
179
180
139
142
131
121
122
133
109
126
135
120
127
122
163
102
98
135
85
134
93
80
85
-232
-249
-235
-226
-248
-214
-207
-177
-164
-125
-224
-186
-174
-221
-182
-210
-159
-243
-169
-192
-165
-164
-175
-185
-210
-206
-257
-220
-212
-243
-223
-201
-233
-263
-233
-248
-243
-236
-187
-219
-182
-184
-186
-178
-198
-209
-209
-229
-211
-182
-193
-185
-185
-155
-204
-171
-180
-172
-198
-195
-214
-212
-194
-219
-231
-196
-241
-204
-198
-170
-190
-164
-145
-137
-141
-131
-153
-167
-111
-165
-114
-71
-103
-119
-105
-98
-189
-141
-89
-112
-125
-129
-95
-90
-63
-129
-64
-87
-80
-101
-62
-88
-81
-105
-93
-97
-84
-61
-36
-58
-4
-27
57
-33
16
31
10
-104
-64
-59
-46
-44
-39
-35
-10
-25
-21
-7
-28
-20
-45
-18
-89
-51
-99
-17
-8
-19
-52
9
-25
3
-22
8
-17
88
23
59
110
66
37
82
85
62
78
80
99
95
111
95
149
123
114
112
148
136
152
144
189
185
212
205
151
180
148
161
150
162
131
133
133
118
105
116
89
118
98
107
61
82
95
88
98
78
146
140
75
165
159
118
98
143
117
144
114
133
126
185
149
164
153
219
180
233
199
169
221
190
179
180
139
142
131
121
122
133
109
126
135
120
127
122
163
102
98
135
85
134
93
80
85
123
97
104
115
104
76
86
103
41
94
96
104
74
143
145
129
95
62
79
69
80
84
98
57
45
82
79
41
46
43
13
5
14
-16
-23
5
0
2
18
28
3
3
8
-13
-14
0
-34
-22
-58
-21
-28
-59
-40
-11
-22
-9
15
-14
1
-14
-42
-46
-73
-59
-73
-86
-44
-83
-101
-86
-111
-84
-86
-55
-57
-41
-51
-3
-26
-23
-46
-13
-54
-54
-93
-97
-89
-70
-96
-99
-115
-91
-110
-162
-187
-160
-149
-135
-147
-194
-176
-196
-177
-173
-162
-169
-185
-165
-123
-116
-134
-154
-145
-133
-121
-135
-99
-122
-86
-95
-77
-43
-45
-29
-39
-18
-8
-36
-21
-2
0
32
-16
14
33
48
11
43
49
108
101
112
119
167
152
114
155
153
164
102
116
121
143
99
75
110
127
103
95
116
151
105
104
145
155
121
107
148
147
113
109
116
99
98
101
136
146
122
141
116
141
164
157
146
202
164
173
147
141
116
115
136
94
96
81
69
83
59
34
72
34
7
12
-13
-13
-42
-16
-12
-13
-28
-4
-7
-34
-46
-19
-23
-1
27
23
-45
45
9
-3
54
12
34
9
7
8
58
35
61
18
23
21
-28
0
-32
-9
-33
85
123
97
104
115
104
76
86
103
41
94
96
104
74
143
145
129
95
62
79
69
80
84
98
57
45
82
79
41
46
43
13
5
14
-16
-23
5
0
2
18
28
3
3
8
-13
-14
0
-34
-22
-58
-21
-28
-59
-40
-11
-22
-9
15
-14
1
-14
-42
-46
-73
-59
-73
-86
-44
-83
-101
-86
-111
-84
-86
-55
-57
-41
-51
-3
-26
-23
-46
-13
-54
-54
-93
-97
-89
-70
-96
-99
-115
-91
-110
-162
-187
-160
-149
-135
-147
-194
-176
-196
-177
-173
-162
-169
-185
-165
-123
-116
-134
-154
-145
-133
-121
-135
-99
-122
-86
-95
-77
-43
-45
-29
-39
-18
-8
-36
-21
-2
0
32
-16
14
33
48
11
43
49
108
101
112
119
167
152
114
155
153
164
102
116
121
143
99
75
110
127
103
95
116
151
105
104
145
155
121
107
148
147
113
109
116
99
98
101
136
146
122
141
116
141
164
157
146
202
164
173
147
141
116
115
136
94
96
81
69
83
59
34
72
34
7
12
-13
-13
-42
-16
-12
-13
-28
-4
-7
-34
-46
-19
-23
-1
27
23
-45
45
9
-3
54
12
34
9
7
8
58
35
61
18
23
21
-28
0
-32
-9
-33
-60
-69
-47
-80
-57
-46
-73
-84
-120
-125
-128
-117
-146
-162
-144
-143
-175
-161
-184
-142
-141
-221
-170
-137
-164
-171
-165
-185
-180
-219
-205
-158
-131
-218
-224
-176
-130
-159
-166
-191
-149
-170
-190
-148
-161
-165
-150
-137
-120
-123
-133
-126
-135
-125
-65
-127
-111
-97
-99
-107
-168
-135
-137
-97
-107
-122
-133
-117
-116
-112
-108
-90
-100
-73
-68
-79
-84
-96
-99
-74
-65
-59
-81
-34
-33
-69
-26
0
2
35
4
17
50
7
7
-3
-32
-38
-12
-28
-22
-24
-38
-37
-11
-37
-49
-62
-48
-25
-9
-40
-39
-10
-71
-33
-52
-68
-21
-31
63
20
-1
56
92
17
9
4
40
118
74
84
82
68
108
154
133
88
53
101
104
59
127
113
90
114
136
153
138
129
118
149
117
144
139
150
111
71
107
165
125
71
69
71
48
69
41
42
109
45
25
68
20
23
96
58
59
44
75
70
89
38
50
37
43
74
116
77
90
82
86
132
92
81
104
88
58
67
99
82
89
70
102
108
94
112
76
149
95
148
92
94
114
160
153
152
167
166
224
166
148
171
185
134
159
166
145
104
87
133
118
148
156
183
160
182
211
209
202
212
-33
-60
-69
-47
-80
-57
-46
-73
-84
-120
-125
-128
-117
-146
-162
-144
-143
-175
-161
-184
-142
-141
-221
-170
-137
-164
-171
-165
-185
-180
-219
-205
-158
-131
-218
-224
-176
-130
-159
-166
-191
-149
-170
-190
-148
-161
-165
-150
-137
-120
-123
-133
-126
-135
-125
-65
-127
-111
-97
-99
-107
-168
-135
-137
-97
-107
-122
-133
-117
-116
-112
-108
-90
-100
-73
-68
-79
-84
-96
-99
-74
-65
-59
-81
-34
-33
-69
-26
0
2
35
4
17
50
7
7
-3
-32
-38
-12
-28
-22
-24
-38
-37
-11
-37
-49
-62
-48
-25
-9
-40
-39
-10
-71
-33
-52
-68
-21
-31
63
20
-1
56
92
17
9
4
40
118
74
84
82
68
108
154
133
88
53
101
104
59
127
113
90
114
136
153
138
129
118
149
117
144
139
150
111
71
107
165
125
71
69
71
48
69
41
42
109
45
25
68
20
23
96
58
59
44
75
70
89
38
50
37
43
74
116
77
90
82
86
132
92
81
104
88
58
67
99
82
89
70
102
108
94
112
76
149
95
148
92
94
114
160
153
152
167
166
224
166
148
171
185
134
159
166
145
104
87
133
118
148
156
183
160
182
211
209
202
212
246
197
270
260
271
290
267
150
152
164
167
147
155
149
155
116
114
113
85
81
44
70
23
5
18
-13
24
34
-29
14
29
7
-3
9
11
-13
-24
-13
38
-12
-15
-12
-37
-32
-92
-32
-100
-31
-55
-44
-88
-73
3
-35
-48
-85
-40
-29
-83
-81
-82
-66
-111
-93
-113
-120
-114
-109
-100
-127
-125
-158
-164
-135
-112
-75
-73
-77
-72
-83
-54
-67
-61
-75
-60
-58
-67
-70
-83
-86
-110
-114
-84
-111
-143
-155
-105
-116
-157
-172
-99
-107
-80
-114
-80
-51
-58
-60
-36
-38
-69
-47
-9
-13
-66
-93
-73
-57
-74
-107
-94
-87
-118
-138
-86
-92
-105
-64
-61
-90
-67
-65
-83
-85
-88
-109
-78
-156
-104
-137
-126
-145
-130
-150
-141
-151
-113
-116
-97
-40
-44
-74
-71
-41
-61
-15
-58
-37
-42
-8
3
-45
-19
-26
-32
-47
-9
-30
-26
-2
4
20
66
-15
-8
-1
-20
-69
29
-19
25
-54
-24
-59
-68
-25
-70
-103
-116
-104
-139
-165
-158
-186
-149
-179
-155
-187
-172
-178
-183
-130
-101
-140
-194
-191
-197
-155
-194
-159
-207
-241
-249
-270
-278
-260
-302
-293
-303
-313
-293
-265
-263
-234
-222
-198
-193
-154
-188
-167
-175
-190
-184
-141
-131
-122
-138
-91
-56
1
212
246
197
270
260
271
290
267
150
152
164
167
147
155
149
155
116
114
113
85
81
44
70
23
5
18
-13
24
34
-29
14
29
7
-3
9
11
-13
-24
-13
38
-12
-15
-12
-37
-32
-92
-32
-100
-31
-55
-44
-88
-73
3
-35
-48
-85
-40
-29
-83
-81
-82
-66
-111
-93
-113
-120
-114
-109
-100
-127
-125
-158
-164
-135
-112
-75
-73
-77
-72
-83
-54
-67
-61
-75
-60
-58
-67
-70
-83
-86
-110
-114
-84
-111
-143
-155
-105
-116
-157
-172
-99
-107
-80
-114
-80
-51
-58
-60
-36
-38
-69
-47
-9
-13
-66
-93
-73
-57
-74
-107
-94
-87
-118
-138
-86
-92
-105
-64
-61
-90
-67
-65
-83
-85
-88
-109
-78
-156
-104
-137
-126
-145
-130
-150
-141
-151
-113
-116
-97
-40
-44
-74
-71
-41
-61
-15
-58
-37
-42
-8
3
-45
-19
-26
-32
-47
-9
-30
-26
-2
4
20
66
-15
-8
-1
-20
-69
29
-19
25
-54
-24
-59
-68
-25
-70
-103
-116
-104
-139
-165
-158
-186
-149
-179
-155
-187
-172
-178
-183
-130
-101
-140
-194
-191
-197
-155
-194
-159
-207
-241
-249
-270
-278
-260
-302
-293
-303
-313
-293
-265
-263
-234
-222
-198
-193
-154
-188
-167
-175
-190
-184
-141
-131
-122
-138
-91
-56
1
-28
0
25
46
7
36
82
61
12
19
42
6
6
-8
1
-13
13
12
32
-18
12
13
14
4
16
-27
12
-43
-38
0
-18
-19
-48
-23
-12
-16
-39
-10
-14
-20
-3
47
31
33
75
35
5
1
12
23
-26
54
49
51
38
81
30
78
37
29
36
35
51
13
24
27
21
24
54
33
-1
-3
-5
67
16
43
61
55
94
110
88
85
137
139
183
178
176
185
148
161
173
172
132
144
138
154
126
140
151
183
187
141
177
151
208
155
191
164
186
172
137
143
173
158
125
154
154
178
162
134
155
172
169
157
182
166
207
170
180
149
154
133
155
89
114
112
119
120
109
69
36
100
80
70
-10
0
2
-26
-29
-47
-70
-83
-95
-111
-121
-107
-105
-65
-145
-143
-113
-102
-66
-65
-47
-91
-60
-58
-56
-59
-73
-44
-40
-29
-65
-15
-69
-41
-55
-73
-103
-114
-113
-124
-89
-122
-87
-104
-65
-117
-85
-91
-47
-61
-25
-56
21
-15
19
-16
-18
-59
-47
-48
-21
-79
-60
-30
-42
-60
-49
-28
-27
-22
-80
-35
-67
-56
-105
-36
-60
-40
-50
-26
-62
-34
-74
-11
9
-18
-43
-34
-39
-21
23
59
31
-11
14
76
1
-28
0
25
46
7
36
82
61
12
19
42
6
6
-8
1
-13
13
12
32
-18
12
13
14
4
16
-27
12
-43
-38
0
-18
-19
-48
-23
-12
-16
-39
-10
-14
-20
-3
47
31
33
75
35
5
1
12
23
-26
54
49
51
38
81
30
78
37
29
36
35
51
13
24
27
21
24
54
33
-1
-3
-5
67
16
43
61
55
94
110
88
85
137
139
183
178
176
185
148
161
173
172
132
144
164
138
154
126
140
151
183
187
141
177
151
208
155
191
186
172
137
143
173
158
125
154
154
178
162
134
155
172
169
157
182
166
207
170
180
149
154
133
155
89
114
112
119
120
109
69
36
100
80
70
-10
0
2
-26
-29
-47
-70
-83
-95
-111
-121
-107
-105
-65
-145
-143
-113
-102
-66
-65
-47
-91
-60
-58
-56
-59
-73
-44
-40
-29
-65
-15
-69
-41
-55
-73
-103
-114
-113
-124
-89
-122
-87
-104
-65
-117
-85
-91
-47
-61
-25
-56
21
-15
19
-16
-18
-59
-47
-48
-21
-79
-60
-30
-42
-60
-49
-28
-27
-22
-80
-35
-67
-56
-105
-36
-60
-40
-50
-26
-62
-34
-74
-11
9
-18
-43
-34
-39
-21
23
59
31
-11
14
76
59
60
12
59
37
56
6
20
-7
44
-9
7
24
24
79
33
-4
20
36
19
57
78
60
53
90
109
41
66
66
55
65
47
92
75
104
125
93
147
147
115
142
148
158
121
137
87
133
70
83
53
112
93
113
49
83
54
115
73
90
27
69
-17
23
27
23
-21
-28
-57
-54
-69
-76
-62
-80
-65
-52
-82
-115
-95
-103
-108
-110
-73
-117
-102
-86
-86
-138
-96
-85
-73
-88
-51
-82
-66
-75
-61
-61
-55
-28
-39
-28
-7
-9
59
56
6
1
39
-8
2
-19
-9
-24
53
-66
-9
40
23
-6
-46
33
-50
-17
-55
2
-27
-20
-31
-35
-47
-58
-69
-93
-93
-109
-76
-51
-60
-32
-54
-52
-30
-63
-93
-71
-20
-67
-17
-67
-59
-72
-58
-26
-26
-63
-63
-46
-43
-62
-77
-46
-67
-78
-97
-40
-75
-106
-108
-76
-156
-145
-103
-113
-163
-165
-144
-154
-142
-142
-180
-187
-193
-187
-212
-171
-153
-173
-206
-182
-175
-170
-149
-121
-90
-137
-138
-159
-161
-153
-169
-156
-142
-130
-165
-170
-169
-165
-145
-173
-167
-201
-228
-208
-206
-203
-210
-187
-181
-157
-188
-181
-158
-167
-172
-196
-168
-179
-156
-155
-148
-174
-146
-183
-186
-161
-162
-188
-162
-155
-197
76
59
60
12
59
37
56
6
20
-7
44
-9
7
24
24
79
33
-4
20
36
19
57
78
60
53
90
109
41
66
66
55
65
47
92
75
104
125
93
147
147
115
142
148
158
121
137
87
133
70
83
53
112
93
113
49
83
54
115
73
90
27
69
-17
23
27
23
-21
-28
-57
-54
-69
-76
-62
-80
-65
-52
-82
-115
-95
-103
-108
-110
-73
-117
-102
-86
-86
-138
-96
-85
-73
-88
-51
-82
-66
-75
-61
-61
-55
-28
-39
-28
-7
-9
59
56
6
1
39
-8
2
-19
-9
-24
53
-66
-9
40
23
-6
-46
33
-50
-17
-55
2
-27
-20
-31
-35
-47
-58
-69
-93
-93
-109
-76
-51
-60
-32
-54
-52
-30
-63
-93
-71
-20
-67
-17
-67
-59
-72
-58
-26
-26
-63
-63
-46
-43
-62
-77
-46
-67
-78
-97
-40
-75
-106
-108
-76
-156
-145
-103
-113
-163
-165
-144
-154
-142
-142
-180
-187
-193
-187
-212
-171
-153
-173
-206
-182
-175
-170
-149
-121
-90
-137
-138
-159
-161
-153
-169
-156
-142
-130
-165
-170
-169
-165
-145
-173
-167
-201
-228
-208
-206
-203
-210
-187
-181
-157
-188
-181
-158
-167
-172
-196
-168
-179
-156
-155
-148
-174
-146
-183
-186
-161
-162
-188
-162
-155
-197
-191
-197
-183
-215
-175
-184
-196
-214
-167
-190
-152
-159
-163
-131
-170
-134
-106
-100
-110
-111
-96
-137
-126
-127
-109
-148
-158
-175
-145
-174
-212
-154
-200
-178
-217
-153
-178
-145
-157
-129
-121
-139
-116
-137
-88
-72
-78
-67
-72
-71
-70
-20
-56
-37
-52
-16
15
-3
-64
-31
-38
-8
-6
-37
-23
-36
-27
-30
2
12
-6
43
26
55
44
56
36
13
52
56
32
19
-8
40
36
35
26
40
-1
21
-11
13
-11
-29
29
13
-38
19
6
-4
-10
46
45
53
25
75
83
70
85
93
127
112
115
127
159
153
181
155
172
162
162
172
176
183
204
149
160
127
165
152
143
136
164
114
91
60
114
104
67
40
99
36
26
28
29
60
66
17
15
7
35
16
75
43
21
35
16
-5
-44
1
1
-34
-59
-45
-49
-43
-37
-29
-27
9
-30
-11
-5
-24
38
-27
-35
-33
1
-21
-26
-30
58
-26
-47
7
-46
-25
-14
-58
-45
-41
3
-31
-34
-52
27
1
63
-3
-8
57
67
95
67
108
122
58
48
42
98
72
53
7
53
-7
79
10
15
60
54
73
43
59
63
69
69
117
27
82
75
101
69
83
43
81
68
117
52
94
-197
-191
-197
-183
-215
-175
-184
-196
-214
-167
-190
-152
-159
-163
-131
-170
-134
-106
-100
-110
-111
-96
-137
-126
-127
-109
-148
-158
-175
-145
-174
-212
-154
-200
-178
-217
-153
-178
-145
-157
-129
-121
-139
-116
-137
-88
-72
-78
-67
-72
-71
-70
-20
-56
-37
-52
-16
15
-3
-64
-31
-38
-8
-6
-37
-23
-36
-27
-30
2
12
-6
43
26
55
44
56
36
13
52
56
32
19
-8
40
36
35
26
40
-1
21
-11
13
-11
-29
29
13
-38
19
6
-4
-10
46
45
53
25
75
83
70
85
93
127
112
115
127
159
153
181
155
172
162
162
172
176
183
204
149
160
127
165
152
143
136
164
114
91
60
114
104
67
40
99
36
26
28
29
60
66
17
15
7
35
16
75
43
21
35
16
-5
-44
1
1
-34
-59
-45
-49
-43
-37
-29
-27
9
-30
-11
-5
-24
38
-27
-35
-33
1
-21
-26
-30
58
-26
-47
7
-46
-25
-14
-58
-45
-41
3
-31
-34
-52
27
1
63
-3
-8
57
67
95
67
108
122
58
48
42
98
72
53
7
53
-7
79
10
15
60
54
73
43
59
63
69
69
117
27
82
75
101
69
83
43
81
68
117
52
94
91
109
50
69
69
78
66
47
59
100
71
105
95
84
71
102
88
131
145
134
171
169
153
190
205
127
184
197
207
198
168
219
251
251
237
238
263
250
235
211
251
265
292
233
292
202
238
237
216
234
225
202
220
224
194
177
252
245
224
229
265
259
210
257
224
187
188
215
208
224
168
178
107
94
142
125
143
123
140
146
147
148
165
179
189
200
189
211
187
237
183
198
239
212
225
210
224
226
226
205
218
260
199
211
267
222
224
196
243
227
252
262
239
237
262
275
279
267
230
239
233
274
248
275
258
287
295
266
267
251
250
245
262
293
273
307
271
241
253
189
288
270
287
217
254
254
231
216
233
227
184
159
206
258
207
206
207
199
188
176
131
205
197
217
156
199
155
178
141
180
118
149
139
173
133
162
70
94
22
52
65
91
43
31
46
38
9
-5
5
-17
-4
-29
-18
-31
-9
-28
-50
-53
-2
-36
-57
-117
6
-42
-41
-100
-63
-77
-45
-55
-41
-75
-28
-29
-40
-109
-65
-90
-133
-66
-48
-58
-61
-106
-115
-99
-94
-138
-145
-129
-135
-105
-85
-83
-103
-40
-37
-13
-2
-33
94
91
109
50
69
69
78
66
47
59
100
71
105
95
84
71
102
88
131
145
134
171
169
153
190
205
127
184
197
207
198
168
219
251
251
237
238
263
250
235
211
251
265
292
233
292
202
238
237
216
234
225
202
220
224
194
177
252
245
224
229
265
259
210
257
224
187
188
215
208
224
168
178
107
94
142
125
143
123
140
146
147
148
165
179
189
200
189
211
187
237
183
198
239
212
225
210
224
226
226
205
218
260
199
211
267
222
224
196
243
227
252
262
239
237
262
275
279
267
230
239
233
274
248
275
258
287
295
266
267
251
250
245
262
293
273
307
271
241
253
189
288
270
287
217
254
254
231
216
233
227
184
159
206
258
207
206
207
199
188
176
131
205
197
217
156
199
155
178
141
180
118
149
139
173
133
162
70
94
22
52
65
91
43
31
46
38
9
-5
5
-17
-4
-29
-18
-31
-9
-28
-50
-53
-2
-36
-57
-117
6
-42
-41
-100
-63
-77
-45
-55
-41
-75
-28
-29
-40
-109
-65
-90
-133
-66
-48
-58
-61
-106
-115
-99
-94
-138
-145
-129
-135
-105
-85
-83
-103
-40
-37
-13
-2
-33
-40
-40
14
-26
17
-11
75
45
68
24
4
92
24
36
17
32
-34
-7
-9
-7
-37
-12
-51
-62
-68
-44
-75
-66
-92
-77
-136
-115
-119
-105
-141
-152
-111
-87
-60
-79
-81
-66
-76
-75
-115
-100
-117
-92
-109
-76
-97
-77
-53
-73
-63
-36
-49
-35
-45
-67
-54
-71
-40
-88
-111
-87
-69
-67
-74
-66
-88
-76
-61
-46
-27
14
8
19
12
35
35
8
-18
34
5
23
44
26
-3
48
33
33
40
70
56
51
38
13
-7
29
-28
-8
-43
-9
-67
-107
-125
-78
-87
-84
-80
-93
-91
-103
-115
-97
-97
-103
-35
-92
-132
-76
-115
-101
-104
-100
-131
-136
-154
-163
-141
-112
-123
-123
-63
-96
-75
-43
-103
-79
-41
-92
-52
-50
-48
-38
-24
-38
-74
-48
-90
-63
-100
-110
-108
-137
-135
-170
-129
-148
-160
-122
-163
-144
-147
-178
-169
-187
-190
-197
-200
-207
-221
-210
-161
-151
-144
-146
-145
-124
-181
-161
-177
-127
-150
-141
-112
-101
-113
-132
-60
-120
-60
-71
-59
-45
-63
-73
-74
-52
-52
-50
-79
-41
-48
-54
-70
-79
-59
-87
-97
-78
-56
-85
-96
-66
-56
-91
-91
-73
-101
-102
-97
-119
-117
-144
-169
-192
-178
-158
-158
-173
-151
-155
-175
-167
-167
-143
-156
-180
-33
-40
-40
14
-26
17
-11
75
45
68
24
4
92
24
36
17
32
-34
-7
-9
-7
-37
-12
-51
-62
-68
-44
-75
-66
-92
-77
-136
-115
-119
-105
-141
-152
-111
-87
-60
-79
-81
-66
-76
-75
-115
-100
-117
-92
-109
-76
-97
-77
-53
-73
-63
-36
-49
-35
-45
-67
-54
-71
-40
-88
-111
-87
-69
-67
-74
-66
-88
-76
-61
-46
-27
14
8
19
12
35
35
8
-18
34
5
23
44
26
-3
48
33
33
40
70
56
51
38
13
-7
29
-28
-8
-43
-9
-67
-107
-125
-78
-87
-84
-80
-93
-91
-103
-115
-97
-97
-103
-35
-92
-132
-76
-115
-101
-104
-100
-131
-136
-154
-163
-141
-112
-123
-123
-63
-96
-75
-43
-103
-79
-41
-92
-52
-50
-48
-38
-24
-38
-74
-48
-90
-63
-100
-110
-108
-137
-135
-170
-129
-148
-160
-122
-163
-144
-147
-178
-169
-187
-190
-197
-200
-207
-221
-210
-161
-151
-144
-146
-145
-124
-181
-161
-177
-127
-150
-141
-112
-101
-113
-132
-60
-120
-60
-71
-59
-45
-63
-73
-74
-52
-52
-50
-79
-41
-48
-54
-70
-79
-59
-87
-97
-78
-56
-85
-96
-66
-56
-91
-91
-73
-101
-102
-97
-119
-117
-144
-169
-192
-178
-158
-158
-173
-151
-155
-175
-167
-167
-143
-156
-180
-174
-176
-188
-174
-209
-138
-161
-163
-174
-209
-217
-173
-223
-168
-211
-184
-203
-183
-167
-143
-142
-103
-96
-90
-82
-83
-50
-53
-58
-40
-57
-63
-43
-76
-86
-88
-45
-114
-24
-91
-49
-102
-51
-104
-78
-100
-94
-121
-125
-112
-97
-91
-88
-59
-62
-78
-112
-92
-109
-58
-91
-64
-77
-72
-79
-82
-102
-137
-137
-116
-102
-145
-184
-100
-155
-121
-122
-102
-156
-90
-150
-146
-184
-130
-148
-156
-115
-148
-156
-127
-126
-166
-154
-156
-180
-220
-211
-213
-183
-240
-152
-189
-165
-179
-168
-195
-167
-162
-134
-141
-139
-163
-152
-157
-187
-115
-163
-157
-145
-89
-92
-109
-82
-117
-105
-82
-103
-84
-124
-132
-158
-130
-139
-155
-174
-185
-158
-152
-192
-153
-165
-141
-144
-167
-121
-132
-64
-137
-96
-97
-99
-95
-157
-140
-179
-135
-175
-152
-196
-162
-228
-181
-217
-200
-202
-175
-186
-177
-165
-142
-122
-72
-160
-109
-120
-123
-121
-136
-130
-85
-159
-143
-159
-60
-96
-104
-97
-106
-120
-129
-110
-135
-102
-115
-85
-150
-128
-130
-113
-138
-65
-120
-117
-113
-110
-139
-133
-126
-157
-186
-150
-137
-147
-150
-81
-130
-71
-113
-51
-114
-78
-95
-68
-66
-39
-55
-21
-39
-27
-47
-42
-38
-60
-44
-91
-35
-83
-44
-67
-76
-180
-174
-176
-188
-174
-209
-138
-161
-163
-174
-209
-217
-173
-223
-168
-211
-184
-203
-183
-167
-143
-142
-103
-96
-90
-82
-83
-50
-53
-58
-40
-57
-63
-43
-76
-86
-88
-45
-114
-24
-91
-49
-102
-51
-104
-78
-100
-94
-121
-125
-112
-97
-91
-88
-59
-62
-78
-112
-92
-109
-58
-91
-64
-77
-72
-79
-82
-102
-137
-137
-116
-102
-145
-184
-100
-155
-121
-122
-102
-156
-90
-150
-146
-184
-130
-148
-156
-115
-148
-156
-127
-126
-166
-154
-156
-180
-220
-211
-213
-183
-240
-152
-189
-165
-179
-168
-195
-167
-162
-134
-141
-139
-163
-152
-157
-187
-115
-163
-157
-145
-89
-92
-109
-82
-117
-105
-82
-103
-84
-124
-132
-158
-130
-139
-155
-174
-185
-158
-152
-192
-153
-165
-141
-144
-167
-121
-132
-64
-137
-96
-97
-99
-95
-157
-140
-179
-135
-175
-152
-196
-162
-228
-181
-217
-200
-202
-175
-186
-177
-165
-142
-122
-72
-160
-109
-120
-123
-121
-136
-130
-85
-159
-143
-159
-60
-96
-104
-97
-106
-120
-129
-110
-135
-102
-115
-85
-150
-128
-130
-113
-138
-65
-120
-117
-113
-110
-139
-133
-126
-157
-186
-150
-137
-147
-150
-81
-130
-71
-113
-51
-114
-78
-95
-68
-66
-39
-55
-21
-39
-27
-47
-42
-38
-60
-44
-91
-35
-83
-44
-67
-76
-121
-104
-101
-90
-79
-71
-73
-56
-34
-29
-37
-7
-29
-38
-18
-25
-22
27
-21
-38
10
4
-17
-14
-29
15
32
-6
3
-5
3
-26
-28
-76
-32
-64
-53
-47
-18
-83
-75
-64
-55
-144
-98
-125
-89
-101
-94
-114
-81
-90
-55
-56
-22
-84
-45
-54
-70
-62
-58
-42
-12
-25
-8
4
35
68
88
120
95
92
107
121
113
126
114
109
111
84
113
83
114
95
89
95
73
37
41
26
16
35
-7
-2
-28
-25
-62
-58
-77
-65
-80
-38
-56
-57
-63
-38
-60
-22
-39
-28
-40
-26
-73
-39
-76
-14
-42
-57
-56
-47
-57
-89
-111
-142
-116
-158
-132
-146
-121
-92
-171
-150
-164
-118
-103
-84
-48
-64
-52
-61
-67
-33
-43
-120
-83
-88
-77
-67
-43
-58
-50
-40
-33
-6
9
-52
2
-51
-37
-34
-19
-72
-52
-90
-106
-121
-82
-126
-109
-187
-159
-197
-202
-203
-195
-211
-206
-287
-259
-243
-251
-254
-233
-208
-194
-211
-196
-214
-194
-204
-251
-191
-189
-193
-175
-194
-203
-186
-151
-199
-180
-202
-147
-203
-172
-160
-177
-178
-147
-165
-129
-117
-74
-98
-124
-96
-127
-82
-101
-76
-100
-59
-130
-79
-128
-52
-93
-98
-126
-133
-103
-100
-145
-100
-140
-73
-79
-46
-53
-13
-76
-121
-104
-101
-90
-79
-71
-73
-56
-34
-29
-37
-7
-29
-38
-18
-25
-22
27
-21
-38
10
4
-17
-14
-29
15
32
-6
3
-5
3
-26
-28
-76
-32
-64
-53
-47
-18
-83
-75
-64
-55
-144
-98
-125
-89
-101
-94
-114
-81
-90
-55
-56
-22
-84
-45
-54
-70
-62
-58
-42
-12
-25
-8
4
35
68
88
120
95
92
107
121
113
126
114
109
111
84
113
83
114
95
89
95
73
37
41
26
16
35
-7
-2
-28
-25
-62
-58
-77
-65
-80
-38
-56
-57
-63
-38
-60
-22
-39
-28
-40
-26
-73
-39
-76
-14
-42
-57
-56
-47
-57
-89
-111
-142
-116
-158
-132
-146
-121
-92
-171
-150
-164
-118
-103
-84
-48
-64
-52
-61
-67
-33
-43
-120
-83
-88
-77
-67
-43
-58
-50
-40
-33
-6
9
-52
2
-51
-37
-34
-19
-72
-52
-90
-106
-121
-82
-126
-109
-187
-159
-197
-202
-203
-195
-211
-206
-287
-259
-243
-251
-254
-233
-208
-194
-211
-196
-214
-194
-204
-251
-191
-189
-193
-175
-194
-203
-186
-151
-199
-180
-202
-147
-203
-172
-160
-177
-178
-147
-165
-129
-117
-74
-98
-124
-96
-127
-82
-101
-76
-100
-59
-130
-79
-128
-52
-93
-98
-126
-133
-103
-100
-145
-100
-140
-73
-79
-46
-53
-13
-58
5
-31
-15
-24
-3
-12
-5
42
32
77
83
36
-9
31
-6
1
-27
-26
-94
-86
-57
-66
15
-2
4
-5
-10
-61
-42
-15
-51
-26
-57
-5
-32
-16
-35
-26
-39
-19
-42
-13
-23
-13
-45
-53
-65
-78
-102
-92
-90
-80
-54
-57
-118
-93
-84
-130
-104
-134
-135
-157
-155
-162
-144
-147
-78
-94
-159
-113
-113
-134
-114
-139
-103
-113
-94
-124
-88
-110
-116
-125
-95
-117
-95
-49
-77
-61
-77
-77
-101
-100
-118
-107
-112
-112
-73
-70
-69
-65
-72
-69
-85
-15
1
-53
-36
-10
11
-79
-67
-76
-64
-115
-92
-93
-108
-131
-124
-84
-129
-86
-111
-108
-126
-113
-112
-94
-96
-91
-119
-89
-105
-113
-111
-54
-118
-123
-102
-96
-142
-126
-99
-133
-175
-154
-158
-141
-96
-118
-129
-117
-98
-138
-127
-149
-89
-110
-74
-131
-146
-156
-149
-183
-162
-168
-162
-158
-160
-172
-199
-152
-199
-155
-174
-158
-161
-156
-136
-151
-141
-154
-150
-127
-144
-129
-151
-166
-208
-226
-211
-223
-222
-231
-258
-287
-299
-257
-282
-262
-250
-239
-273
-278
-270
-271
-281
-271
-233
-303
-244
-284
-284
-291
-264
-281
-245
-287
-318
-385
-291
-322
-333
-326
-341
-366
-318
-355
-325
-330
-260
-287
-265
-287
-260
-289
-270
-327
-280
-13
-58
5
-31
-15
-24
-3
-12
-5
42
32
77
83
36
-9
31
-6
1
-27
-26
-94
-86
-57
-66
15
-2
4
-5
-10
-61
-42
-15
-51
-26
-57
-5
-32
-16
-35
-26
-39
-19
-42
-13
-23
-13
-45
-53
-65
-78
-102
-92
-90
-80
-54
-57
-118
-93
-84
-130
-104
-134
-135
-157
-155
-162
-144
-147
-78
-94
-159
-113
-113
-134
-114
-139
-103
-113
-94
-124
-88
-110
-116
-125
-95
-117
-95
-49
-77
-61
-77
-77
-101
-100
-118
-107
-112
-112
-73
-70
-69
-65
-72
-69
-85
-15
1
-53
-36
-10
11
-79
-67
-76
-64
-115
-92
-93
-108
-131
-124
-84
-129
-86
-111
-108
-126
-113
-112
-94
-96
-91
-119
-89
-105
-113
-111
-54
-118
-123
-102
-96
-142
-126
-99
-133
-175
-154
-158
-141
-96
-118
-129
-117
-98
-138
-127
-149
-89
-110
-74
-131
-146
-156
-149
-183
-162
-168
-162
-158
-160
-172
-199
-152
-199
-155
-174
-158
-161
-156
-136
-151
-141
-154
-150
-127
-144
-129
-151
-166
-208
-226
-211
-223
-222
-231
-258
-287
-299
-257
-282
-262
-250
-239
-273
-278
-270
-271
-281
-271
-233
-303
-244
-284
-284
-291
-264
-281
-245
-287
-318
-385
-291
-322
-333
-326
-341
-366
-318
-355
-325
-330
-260
-287
-265
-287
-260
-289
-270
-327
-280
-268
-360
-310
-318
-282
-318
-293
-296
-254
-265
-260
-244
-239
-192
-216
-220
-234
-210
-231
-202
-233
-231
-243
-256
-224
-263
-236
-254
-269
-260
-255
-253
-229
-218
-205
-252
-260
-227
-220
-183
-192
-168
-166
-158
-173
-122
-145
-90
-128
-123
-111
-108
-141
-79
-80
-68
-40
-78
-18
-27
-17
-4
20
27
16
47
36
22
-22
-2
54
40
28
9
46
-25
18
-33
-9
7
-17
1
3
-19
-3
30
5
-10
-12
-1
31
-33
8
8
44
24
60
50
74
48
34
64
34
89
50
46
34
7
57
36
61
54
31
15
32
28
67
10
9
17
50
34
37
-4
51
3
54
33
56
39
87
25
33
20
51
12
72
68
64
56
26
80
32
54
59
55
19
40
46
62
49
90
56
96
47
57
25
64
45
47
57
88
67
89
61
77
54
60
-11
52
39
66
9
14
87
58
55
23
32
31
50
3
14
21
35
33
22
30
25
-26
17
21
51
-12
7
-29
-12
22
14
7
23
-5
14
42
0
28
21
56
43
4
38
42
-9
25
33
28
27
23
9
64
21
39
36
70
43
76
55
66
66
85
69
84
72
102
51
96
55
75
52
91
-280
-268
-360
-310
-318
-282
-318
-293
-296
-254
-265
-260
-244
-239
-192
-216
-220
-234
-210
-231
-202
-233
-231
-243
-256
-224
-263
-236
-254
-269
-260
-255
-253
-229
-218
-205
-252
-260
-227
-220
-183
-192
-168
-166
-158
-173
-122
-145
-90
-128
-123
-111
-108
-141
-79
-80
-68
-40
-78
-18
-27
-17
-4
20
27
16
47
36
22
-22
-2
54
40
28
9
46
-25
18
-33
-9
7
-17
1
3
-19
-3
30
5
-10
-12
-1
31
-33
8
8
44
24
60
50
74
48
34
64
34
89
50
46
34
7
57
36
61
54
31
15
32
28
67
10
9
17
50
34
37
-4
51
3
54
33
56
39
87
25
33
20
51
12
72
68
64
56
26
80
32
54
59
55
19
40
46
62
49
90
56
96
47
57
25
64
45
47
57
88
67
89
61
77
54
60
-11
52
39
66
9
14
87
58
55
23
32
31
50
3
14
21
35
33
22
30
25
-26
17
21
51
-12
7
-29
-12
22
14
7
23
-5
14
42
0
28
21
56
43
4
38
42
-9
25
33
28
27
23
9
64
21
39
36
70
43
76
55
66
66
85
69
84
72
102
51
96
55
75
52
91
92
68
55
126
120
152
140
133
138
54
97
71
81
89
91
38
63
56
79
45
90
120
83
135
97
100
94
87
79
126
92
95
75
61
28
61
24
24
84
70
99
2
91
54
87
0
61
51
102
46
109
117
127
95
119
124
131
110
138
152
139
137
149
113
156
173
117
158
106
162
118
218
108
143
180
155
125
95
130
82
153
98
124
104
129
70
123
119
146
82
102
108
63
82
86
88
118
159
84
112
123
120
111
110
121
120
59
131
159
197
157
147
185
162
62
77
62
72
51
17
24
-3
-29
4
42
0
37
-2
29
-11
-7
-24
-13
-25
14
-57
17
-51
-24
-44
-18
-38
-29
-73
-89
-93
-125
-84
-144
-100
-137
-85
-100
-52
-63
-98
-78
-20
-18
-29
-18
-44
-1
21
6
5
-29
27
-42
23
-26
-51
-31
-40
-41
-46
-48
-19
-42
-22
1
18
-12
20
5
-11
-73
-55
-56
-58
-78
-64
-47
-67
-15
-65
-46
-88
-85
-109
-104
-124
-131
-155
-93
-106
-116
-175
-149
-144
-242
-156
-202
-197
-255
-221
-249
-211
-241
-224
-238
-243
-230
-187
-202
-196
-244
-201
-266
-196
-235
-263
-228
-244
-245
-288
-294
-254
-273
-317
91
92
68
55
126
120
152
140
133
138
54
97
71
81
89
91
38
63
56
79
45
90
120
83
135
97
100
94
87
79
126
92
95
75
61
28
61
24
24
84
70
99
2
91
54
87
0
61
51
102
46
109
117
127
95
119
124
131
110
138
152
139
137
149
113
156
173
117
158
106
162
118
218
108
143
180
155
125
95
130
82
153
98
124
104
129
70
123
119
146
82
102
108
63
82
86
88
118
159
84
112
123
120
111
110
121
120
59
131
159
197
157
147
185
162
62
77
62
72
51
17
24
-3
-29
4
42
0
37
-2
29
-11
-7
-24
-13
-25
14
-57
17
-51
-24
-44
-18
-38
-29
-73
-89
-93
-125
-84
-144
-100
-137
-85
-100
-52
-63
-98
-78
-20
-18
-29
-18
-44
-1
21
6
5
-29
27
-42
23
-26
-51
-31
-40
-41
-46
-48
-19
-42
-22
1
18
-12
20
5
-11
-73
-55
-56
-58
-78
-64
-47
-67
-15
-65
-46
-88
-85
-109
-104
-124
-131
-155
-93
-106
-116
-175
-149
-144
-242
-156
-202
-197
-255
-221
-249
-211
-241
-224
-238
-243
-230
-187
-202
-196
-244
-201
-266
-196
-235
-263
-228
-244
-245
-288
-294
-254
-273
-317
-285
-294
-300
-302
-299
-272
-268
-223
-277
-280
-254
-262
-240
-237
-294
-295
-253
-297
-254
-292
-277
-292
-296
-281
-246
-297
-257
-289
-232
-276
-269
-258
-189
-258
-209
-199
-184
-196
-158
-173
-142
-155
-160
-100
-131
-122
-118
-129
-137
-110
-138
-75
-179
-117
-123
-101
-131
-110
-143
-142
-88
-137
-117
-151
-122
-91
-166
-168
-149
-165
-186
-174
-178
-164
-153
-179
-185
-191
-175
-205
-168
-187
-188
-202
-193
-203
-218
-222
-213
-226
-207
-228
-175
-216
-187
-176
-166
-156
-145
-127
-136
-112
-100
-119
-132
-105
-183
-126
-125
-102
-79
-64
-134
-127
-100
-120
-158
-113
-136
-123
-156
-99
-133
-220
-167
-156
-227
-150
-180
-212
-206
-202
-174
-201
-193
-175
-191
-172
-182
-186
-123
-191
-215
-151
-174
-192
-178
-256
-181
-200
-223
-253
-269
-268
-225
-237
-221
-185
-202
-190
-222
-139
-214
-108
-170
-173
-134
-121
-128
-135
-107
-136
-117
-119
-80
-90
-104
-106
-99
-113
-116
-130
-143
-140
-125
-179
-173
-199
-164
-212
-213
-223
-228
-173
-220
-211
-259
-212
-185
-176
-189
-137
-160
-144
-146
-150
-155
-174
-128
-142
-120
-114
-114
-86
-75
-85
-68
-61
-41
-94
-90
-75
-65
-34
-40
-36
-56
-27
-30
13
-42
21
-1
-10
16
18
-11
1
-7
-24
-317
-285
-294
-300
-302
-299
-272
-268
-223
-277
-280
-254
-262
-240
-237
-294
-295
-253
-297
-254
-292
-277
-292
-296
-281
-246
-297
-257
-289
-232
-276
-269
-258
-189
-258
-209
-199
-184
-196
-158
-173
-142
-155
-160
-100
-131
-122
-118
-129
-137
-110
-138
-75
-179
-117
-123
-101
-131
-110
-143
-142
-88
-137
-117
-151
-122
-91
-166
-168
-149
-165
-186
-174
-178
-164
-153
-179
-185
-191
-175
-205
-168
-187
-188
-202
-193
-203
-218
-222
-213
-226
-207
-228
-175
-216
-187
-176
-166
-156
-145
-127
-136
-112
-100
-119
-132
-105
-183
-126
-125
-102
-79
-64
-134
-127
-100
-120
-158
-113
-136
-123
-156
-99
-133
-220
-167
-156
-227
-150
-180
-212
-206
-202
-174
-201
-193
-175
-191
-172
-182
-186
-123
-191
-215
-151
-174
-192
-178
-256
-181
-200
-223
-253
-269
-268
-225
-237
-221
-185
-202
-190
-222
-139
-214
-108
-170
-173
-134
-121
-128
-135
-107
-136
-117
-119
-80
-90
-104
-106
-99
-113
-116
-130
-143
-140
-125
-179
-173
-199
-164
-212
-213
-223
-228
-173
-220
-211
-259
-212
-185
-176
-189
-137
-160
-144
-146
-150
-155
-174
-128
-142
-120
-114
-114
-86
-75
-85
-68
-61
-41
-94
-90
-75
-65
-34
-40
-36
-56
-27
-30
13
-42
21
-1
-10
16
18
-11
1
-7
-24
-29
-11
-64
-37
-51
-76
-72
-55
-52
-87
-31
-71
-53
-67
-2
-67
-10
-48
30
10
-49
-33
12
6
37
10
42
44
55
27
46
31
40
3
-16
-4
22
15
18
27
41
71
59
50
24
49
52
50
43
69
68
37
78
112
101
144
70
116
111
146
123
121
123
167
128
133
171
155
185
137
164
217
186
224
220
166
179
212
173
204
159
179
85
102
95
98
79
69
87
34
37
57
82
80
82
94
80
47
110
99
91
139
134
127
143
144
133
125
169
119
140
152
110
114
121
132
104
101
117
120
121
148
131
104
120
115
109
105
106
84
60
89
78
119
114
152
93
130
106
104
95
124
98
90
106
92
103
88
114
127
92
80
127
123
128
156
150
143
134
140
119
111
125
139
103
101
108
80
63
126
47
81
123
68
164
137
101
104
103
101
82
88
119
95
89
106
100
128
88
68
82
101
102
102
94
168
129
128
144
147
147
157
161
140
197
177
187
169
153
177
188
184
228
226
166
195
210
212
170
281
246
202
157
196
177
256
140
221
193
216
183
228
203
235
169
213
211
227
169
196
-24
-29
-11
-64
-37
-51
-76
-72
-55
-52
-87
-31
-71
-53
-67
-2
-67
-10
-48
30
10
-49
-33
12
6
37
10
42
44
55
27
46
31
40
3
-16
-4
22
15
18
27
41
71
59
50
24
49
52
50
43
69
68
37
78
112
101
144
70
116
111
146
123
121
123
167
128
133
171
155
185
137
164
217
186
224
220
166
179
212
173
204
159
179
85
102
95
98
79
69
87
34
37
57
82
80
82
94
80
47
110
99
91
139
134
127
143
144
133
125
169
119
140
152
110
114
121
132
104
101
117
120
121
148
131
104
120
115
109
105
106
84
60
89
78
119
114
152
93
130
106
104
95
124
98
90
106
92
103
88
114
127
92
80
127
123
128
156
150
143
134
140
119
111
125
139
103
101
108
80
63
126
47
81
123
68
164
137
101
104
103
101
82
88
119
95
89
106
100
128
88
68
82
101
102
102
94
168
129
128
144
147
147
157
161
140
197
177
187
169
153
177
188
184
228
226
166
195
210
212
170
281
246
202
157
196
177
256
140
221
193
216
183
228
203
235
169
213
211
227
169
196
249
208
217
191
147
149
99
117
167
96
82
68
129
84
103
42
84
97
39
120
104
94
134
109
114
117
139
116
132
106
127
88
134
92
100
118
119
106
125
134
163
189
150
115
166
149
167
126
133
138
114
125
129
138
124
128
98
76
105
102
90
122
86
103
57
82
76
100
89
124
83
110
91
69
80
75
53
65
89
77
102
33
53
6
63
29
74
52
125
91
107
107
134
82
98
81
105
87
116
97
144
77
167
118
140
153
148
157
108
123
124
94
116
126
124
122
79
106
86
53
33
81
38
79
56
53
59
20
-10
-3
-28
3
-26
12
-37
-10
-33
-23
-85
12
-62
-35
9
16
37
24
33
21
44
5
28
36
34
42
50
15
-10
-27
18
-7
-9
-43
-17
-62
-78
-59
-55
-42
-31
-103
-68
-90
-37
-65
-17
-64
-37
-54
-60
-23
-51
-29
-25
2
7
5
-33
-23
-25
23
-56
-26
5
-3
-45
28
4
38
45
61
63
81
67
88
60
91
108
98
131
126
90
70
90
108
136
122
166
162
133
162
135
146
148
150
144
140
161
174
151
139
162
139
122
145
126
181
210
196
169
216
196
249
208
217
191
147
149
99
117
167
96
82
68
129
84
103
42
84
97
39
120
104
94
134
109
114
117
139
116
132
106
127
88
134
92
100
118
119
106
125
134
163
189
150
115
166
149
167
126
133
138
114
125
129
138
124
128
98
76
105
102
90
122
86
103
57
82
76
100
89
124
83
110
91
69
80
75
53
65
89
77
102
33
53
6
63
29
74
52
125
91
107
107
134
82
98
81
105
87
116
97
144
77
167
118
140
153
148
157
108
123
124
94
116
126
124
122
79
106
86
53
33
81
38
79
56
53
59
20
-10
-3
-28
3
-26
12
-37
-10
-33
-23
-85
12
-62
-35
9
16
37
24
33
21
44
5
28
36
34
42
50
15
-10
-27
18
-7
-9
-43
-17
-62
-78
-59
-55
-42
-31
-103
-68
-90
-37
-65
-17
-64
-37
-54
-60
-23
-51
-29
-25
2
7
5
-33
-23
-25
23
-56
-26
5
-3
-45
28
4
38
45
61
63
81
67
88
60
91
108
98
131
126
90
70
90
108
136
122
166
162
133
162
135
146
148
150
144
140
161
174
151
139
162
139
122
145
126
181
210
196
169
216
171
202
146
174
190
145
173
129
161
115
139
83
153
95
156
176
161
202
191
114
216
153
212
156
197
239
251
197
238
211
200
191
184
219
233
204
178
156
107
115
59
52
56
11
43
66
84
136
65
97
74
95
78
132
85
110
125
132
144
137
159
137
146
176
169
142
174
183
171
140
124
144
139
126
125
144
120
127
96
126
106
93
115
128
121
139
18
61
20
54
32
40
3
50
57
33
85
136
44
27
112
71
71
106
94
47
97
118
109
102
128
170
129
140
132
113
82
75
86
61
87
70
58
104
113
119
109
59
77
49
58
18
46
-33
12
-51
-3
-46
-27
-56
-35
-83
-51
-53
-40
-34
-29
-87
-73
-46
-100
-73
-121
-91
-109
-68
-113
-80
-114
-69
-52
-33
-5
-30
-18
-19
-39
-21
-65
-32
-19
-33
-38
-23
-66
-32
-40
-43
-95
-43
-49
-51
-54
-14
-21
-45
-39
-38
-47
-60
-38
-53
-65
-61
-51
-88
-84
-52
-43
-85
-97
-102
-55
-77
-60
-88
-111
-104
-119
-74
-91
-29
-44
-98
-40
-91
-54
-12
-17
-28
-8
8
-40
-34
1
-39
-48
-67
-56
-95
-62
-75
-159
-97
-129
-128
-166
-139
-164
-148
216
171
202
146
174
190
145
173
129
161
115
139
83
153
95
156
176
161
202
191
114
216
153
212
156
197
239
251
197
238
211
200
191
184
219
233
204
178
156
107
115
59
52
56
11
43
66
84
136
65
97
74
95
78
132
85
110
125
132
144
137
159
137
146
176
169
142
174
183
171
140
124
144
139
126
125
144
120
127
96
126
106
93
115
128
121
139
18
61
20
54
32
40
3
50
57
33
85
136
44
27
112
71
71
106
94
47
97
118
109
102
128
170
129
140
132
113
82
75
86
61
87
70
58
104
113
119
109
59
77
49
58
18
46
-33
12
-51
-3
-46
-27
-56
-35
-83
-51
-53
-40
-34
-29
-87
-73
-46
-100
-73
-121
-91
-109
-68
-113
-80
-114
-69
-52
-33
-5
-30
-18
-19
-39
-21
-65
-32
-19
-33
-38
-23
-66
-32
-40
-43
-95
-43
-49
-51
-54
-14
-21
-45
-39
-38
-47
-60
-38
-53
-65
-61
-51
-88
-84
-52
-43
-85
-97
-102
-55
-77
-60
-88
-111
-104
-119
-74
-91
-29
-44
-98
-40
-91
-54
-12
-17
-28
-8
8
-40
-34
1
-39
-48
-67
-56
-95
-62
-75
-159
-97
-129
-128
-166
-139
-164
-148
-155
-144
-189
-150
-163
-135
-137
-97
-102
-122
-106
-101
-139
-82
-100
-36
-32
-18
-57
-35
-2
-1
-18
-73
27
-54
1
10
21
-37
7
-13
4
-17
17
48
-1
-8
39
-12
-28
-14
13
-24
8
-7
-2
-17
-34
-5
-37
0
-44
-59
-91
-78
-107
-96
-85
-69
-39
-26
-75
-40
21
-29
-6
53
33
42
26
98
65
94
99
123
99
115
90
95
85
105
52
81
70
63
82
113
78
109
62
89
54
75
56
72
30
40
63
150
99
130
39
90
71
85
64
101
82
92
157
146
170
156
86
103
147
133
116
157
215
146
232
173
212
180
224
172
240
199
268
241
254
234
255
214
243
231
250
223
199
193
195
163
147
112
120
90
110
84
135
124
142
135
174
156
177
125
190
175
188
183
243
205
157
246
229
233
242
180
168
153
143
174
148
199
167
223
170
198
187
200
167
235
208
241
212
242
181
203
203
194
197
248
238
235
261
250
261
288
263
242
296
287
225
287
280
311
280
298
252
296
259
289
259
291
214
263
215
241
218
255
202
209
179
200
158
174
151
125
153
153
153
195
110
156
167
165
169
157
-148
-155
-144
-189
-150
-163
-135
-137
-97
-102
-122
-106
-101
-139
-82
-100
-36
-32
-18
-57
-35
-2
-1
-18
-73
27
-54
1
10
21
-37
7
-13
4
-17
17
48
-1
-8
39
-12
-28
-14
13
-24
8
-7
-2
-17
-34
-5
-37
0
-44
-59
-91
-78
-107
-96
-85
-69
-39
-26
-75
-40
21
-29
-6
53
33
42
26
98
65
94
99
123
99
115
90
95
85
105
52
81
70
63
82
113
78
109
62
89
54
75
56
72
30
40
63
150
99
130
39
90
71
85
64
101
82
92
157
146
170
156
86
103
147
133
116
157
215
146
232
173
212
180
224
172
240
199
268
241
254
234
255
214
243
231
250
223
199
193
195
163
147
112
120
90
110
84
135
124
142
135
174
156
177
125
190
175
188
183
243
205
157
246
229
233
242
180
168
153
143
174
148
199
167
223
170
198
187
200
167
235
208
241
212
242
181
203
203
194
197
248
238
235
261
250
261
288
263
242
296
287
225
287
280
311
280
298
252
296
259
289
259
291
214
263
215
241
218
255
202
209
179
200
158
174
151
125
153
153
153
195
110
156
167
165
169
157
86
178
167
275
194
242
176
253
204
229
193
244
150
203
198
223
159
179
127
199
144
176
114
144
108
115
103
107
126
118
125
93
101
8
52
42
56
37
65
38
48
38
65
50
70
85
43
28
40
15
44
59
67
37
43
6
31
66
22
16
38
49
43
-2
18
51
54
23
48
25
-21
-3
45
32
27
92
53
88
76
72
63
85
54
69
78
65
51
60
44
70
45
16
0
-4
-59
-6
-25
-14
15
-86
-34
-59
-24
-38
-20
-71
-39
-81
-57
-84
-73
-65
-60
-101
-106
-98
-89
-101
-77
-161
-101
-105
-102
-174
-117
-136
-207
-205
-192
-164
-210
-147
-182
-155
-188
-76
-135
-32
-88
-91
-75
-43
-33
-34
-64
-58
-62
-10
-38
-60
-67
-42
-37
0
52
17
13
27
-5
62
65
31
1
65
42
-33
62
3
15
-4
32
-6
12
-34
19
-38
-32
-18
-96
-75
-72
-20
-32
-32
-63
-13
-58
-41
-64
-19
-15
-22
-35
15
53
74
-9
59
-4
6
0
31
-12
36
-27
23
36
20
0
-22
-11
13
-34
32
10
22
-2
-9
6
45
31
54
35
-24
43
23
97
68
82
87
98
72
106
108
117
112
105
144
76
86
87
178
167
275
194
242
176
253
204
229
193
244
150
203
198
223
159
179
127
199
144
176
114
144
108
115
103
107
126
118
125
93
101
8
52
42
56
37
65
38
48
38
65
50
70
85
43
28
40
15
44
59
67
37
43
6
31
66
22
16
38
49
43
-2
18
51
54
23
48
25
-21
-3
45
32
27
92
53
88
76
72
63
85
54
69
78
65
51
60
44
70
45
16
0
-4
-59
-6
-25
-14
15
-86
-34
-59
-24
-38
-20
-71
-39
-81
-57
-84
-73
-65
-60
-101
-106
-98
-89
-101
-77
-161
-101
-105
-102
-174
-117
-136
-207
-205
-192
-164
-210
-147
-182
-155
-188
-76
-135
-32
-88
-91
-75
-43
-33
-34
-64
-58
-62
-10
-38
-60
-67
-42
-37
0
52
17
13
27
-5
62
65
31
1
65
42
-33
62
3
15
-4
32
-6
12
-34
19
-38
-32
-18
-96
-75
-72
-20
-32
-32
-63
-13
-58
-41
-64
-19
-15
-22
-35
15
53
74
-9
59
-4
6
0
31
-12
36
-27
23
36
20
0
-22
-11
13
-34
32
10
22
-2
-9
6
45
31
54
35
-24
43
23
97
68
82
87
98
72
106
108
117
112
105
144
76
86
87
124
100
90
164
130
100
73
128
62
98
89
115
80
58
76
55
33
22
27
20
14
26
64
50
83
106
97
114
97
128
133
121
150
167
162
191
226
245
243
202
220
202
173
163
175
168
119
143
156
164
147
175
178
147
170
182
187
180
191
198
167
210
188
243
224
208
189
202
210
207
241
248
257
255
230
199
268
222
252
272
271
266
232
210
244
249
252
197
223
191
207
194
196
163
194
194
182
231
174
214
178
165
183
179
217
267
249
281
308
279
314
263
300
277
272
291
269
254
261
227
251
188
207
184
181
144
173
117
138
135
117
131
63
140
53
48
64
49
29
18
56
34
4
14
15
11
17
-21
-14
-4
-57
-16
-54
-12
-70
-61
-60
-26
-25
-2
-19
-14
-41
-56
-65
-29
-89
-63
-61
-63
-67
-41
-67
-63
-59
-78
-61
-51
-31
-37
-62
-40
-25
-44
-44
-39
-23
-4
-22
5
-5
31
43
3
36
31
57
76
33
19
17
-1
-12
-35
-26
-26
-41
-21
-5
-9
-19
-8
-17
-43
-21
-5
-19
17
-6
1
-4
-5
4
-9
-15
0
-2
-18
-18
10
-21
-12
-10
-9
-10
-28
-25
-6
-37
-50
87
124
100
90
164
130
100
73
128
62
98
89
115
80
58
76
55
33
22
27
20
14
26
64
50
83
106
97
114
97
128
133
121
150
167
162
191
226
245
243
202
220
202
173
163
175
168
119
143
156
164
147
175
178
147
170
182
187
180
191
198
167
210
188
243
224
208
189
202
210
207
241
248
257
255
230
199
268
222
252
272
271
266
232
210
244
249
252
197
223
191
207
194
196
163
194
194
182
231
174
214
178
165
183
179
217
267
249
281
308
279
314
263
300
277
272
291
269
254
261
227
251
188
207
184
181
144
173
117
138
135
117
131
63
140
53
48
64
49
29
18
56
34
4
14
15
11
17
-21
-14
-4
-57
-16
-54
-12
-70
-61
-60
-26
-25
-2
-19
-14
-41
-56
-65
-29
-89
-63
-61
-63
-67
-41
-67
-63
-59
-78
-61
-51
-31
-37
-62
-40
-25
-44
-44
-39
-23
-4
-22
5
-5
31
43
3
36
31
57
76
33
19
17
-1
-12
-35
-26
-26
-41
-21
-5
-9
-19
-8
-17
-43
-21
-5
-19
17
-6
1
-4
-5
4
-9
-15
0
-2
-18
-18
10
-21
-12
-10
-9
-10
-28
-25
-6
-37
-50
-58
-90
-71
-84
-71
-60
-66
-59
-24
-32
-62
-11
-29
-62
-66
-49
-47
-32
-45
-25
-6
11
28
16
21
2
15
-30
-36
-16
-6
-24
-18
-24
-34
-41
-78
-89
-84
-150
-140
-149
-165
-174
-150
-129
-144
-120
-128
-142
-142
-148
-150
-145
-120
-114
-130
-89
-100
-110
-87
-101
-100
-63
-59
-43
-74
-79
-87
-88
-86
-67
-50
20
74
70
81
65
28
-24
-69
-113
-94
-91
-63
15
40
33
29
-19
-31
-20
-24
6
35
61
71
34
-27
-75
-173
-216
-242
-226
-122
-7
110
207
233
231
176
83
-97
-179
-296
-284
-200
-124
-66
-8
14
-10
-47
-36
6
34
69
134
164
198
194
150
130
66
98
127
209
295
313
274
184
67
-38
-116
-158
-111
-19
133
281
324
276
178
4
-74
-105
-23
89
212
342
315
268
190
83
-16
-44
47
194
396
641
830
839
724
533
306
71
-99
-156
-171
-72
75
214
304
375
454
503
552
563
570
482
384
263
138
12
-33
-95
-78
-45
57
189
416
595
645
631
533
452
351
278
227
182
229
298
333
344
286
114
-31
-87
-90
34
252
475
608
695
635
419
130
-153
-380
-417
-271
68
423
617
625
451
153
-100
-296
-315
-266
-50
-58
-90
-71
-84
-71
-60
-66
-59
-24
-32
-62
-11
-29
-62
-66
-49
-47
-32
-45
-25
-6
11
28
16
21
2
15
-30
-36
-16
-6
-24
-18
-24
-34
-41
-78
-89
-84
-150
-140
-149
-165
-174
-150
-129
-144
-120
-128
-142
-142
-148
-150
-145
-120
-114
-130
-89
-100
-110
-87
-101
-100
-63
-59
-43
-74
-79
-87
-88
-86
-67
-50
20
74
70
81
65
28
-24
-69
-113
-94
-91
-63
15
40
33
29
-19
-31
-20
-24
6
35
61
71
34
-27
-75
-173
-216
-242
-226
-122
-7
110
207
233
231
176
83
-97
-179
-296
-284
-200
-124
-66
-8
14
-10
-47
-36
6
34
69
134
164
198
194
150
130
66
98
127
209
295
313
274
184
67
-38
-116
-158
-111
-19
133
281
324
276
178
4
-74
-105
-23
89
212
342
315
268
190
83
-16
-44
47
194
396
641
830
839
724
533
306
71
-99
-156
-171
-72
75
214
304
375
454
503
552
563
570
482
384
263
138
12
-33
-95
-78
-45
57
189
416
595
645
631
533
452
351
278
227
182
229
298
333
344
286
114
-31
-87
-90
34
252
475
608
695
635
419
130
-153
-380
-417
-271
68
423
617
625
451
153
-100
-296
-315
-266
-101
195
509
703
763
692
454
291
144
141
201
221
207
118
-61
-184
-328
-316
-200
-11
287
590
845
888
643
252
-99
-451
-607
-596
-562
-411
-173
69
277
355
394
308
211
301
497
776
955
1010
902
701
443
113
-145
-358
-451
-360
-152
244
625
839
911
787
486
167
-167
-453
-624
-556
-314
-117
1
33
-56
-180
-193
-54
132
361
511
522
545
473
440
314
222
162
113
221
503
707
633
326
-115
-566
-889
-963
-783
-444
-32
408
612
535
240
-227
-614
-782
-648
-259
53
266
317
191
9
-195
-377
-482
-507
-273
218
818
1417
1632
1397
905
287
-249
-664
-870
-944
-809
-603
-383
-252
-157
9
94
196
311
420
330
167
-114
-311
-451
-613
-739
-872
-874
-813
-513
-31
415
648
588
325
39
-204
-256
-278
-241
-117
-17
101
47
-131
-401
-738
-944
-1059
-858
-485
11
429
662
666
306
-217
-784
-1176
-1344
-1107
-536
68
477
534
195
-228
-627
-886
-932
-834
-595
-196
339
767
953
925
618
294
39
-6
34
35
16
-153
-331
-629
-757
-861
-670
-366
-1
432
730
787
446
-31
-449
-816
-1028
-1095
-1114
-935
-633
-253
70
162
134
-151
-310
-209
138
590
895
1034
914
690
363
-43
-500
-833
-1052
-1176
-1005
-266
-101
195
509
703
763
692
454
291
144
141
201
221
207
118
-61
-184
-328
-316
-200
-11
287
590
845
888
643
252
-99
-451
-607
-596
-562
-411
-173
69
277
355
394
308
211
301
497
776
955
1010
902
701
443
113
-145
-358
-451
-360
-152
244
625
839
911
787
486
167
-167
-453
-624
-556
-314
-117
1
33
-56
-180
-193
-54
132
361
511
522
545
473
440
314
222
162
113
221
503
707
633
326
-115
-566
-889
-963
-783
-444
-32
408
612
535
240
-227
-614
-782
-648
-259
53
266
317
191
9
-195
-377
-482
-507
-273
218
818
1417
1632
1397
905
287
-249
-664
-870
-944
-809
-603
-383
-252
-157
9
94
196
311
420
330
167
-114
-311
-451
-613
-739
-872
-874
-813
-513
-31
415
648
588
325
39
-204
-256
-278
-241
-117
-17
101
47
-131
-401
-738
-944
-1059
-858
-485
11
429
662
666
306
-217
-784
-1176
-1344
-1107
-536
68
477
534
195
-228
-627
-886
-932
-834
-595
-196
339
767
953
925
618
294
39
-6
34
35
16
-153
-331
-629
-757
-861
-670
-366
-1
432
730
787
446
-31
-449
-816
-1028
-1095
-1114
-935
-633
-253
70
162
134
-151
-310
-209
138
590
895
1034
914
690
363
-43
-500
-833
-1052
-1176
-1005
-469
99
576
785
717
375
-157
-694
-1157
-1325
-1162
-681
-203
-16
-33
-311
-552
-587
-343
76
330
465
409
426
476
426
298
140
30
-177
-52
329
631
639
288
-265
-833
-1277
-1313
-1072
-582
-3
559
849
695
278
-310
-889
-1000
-751
-236
76
269
254
170
69
21
-169
-392
-446
-478
-129
538
1219
1563
1455
1012
433
-139
-524
-729
-897
-907
-763
-445
-258
-77
192
322
515
560
567
404
23
-247
-399
-334
-377
-524
-682
-805
-794
-598
38
739
994
858
455
113
-208
-202
-68
-14
146
350
619
649
377
2
-596
-1043
-1190
-893
-291
313
949
1201
1161
654
-69
-817
-1310
-1462
-1263
-577
226
610
595
251
-161
-551
-770
-754
-779
-632
-223
355
869
993
872
481
46
-72
-37
214
230
109
-146
-528
-728
-845
-849
-433
-11
322
541
782
695
234
-208
-541
-709
-881
-857
-954
-890
-548
78
581
737
572
103
-321
-238
178
830
1111
1176
1085
809
609
217
-294
-702
-976
-1185
-1103
-446
361
947
1243
1165
736
-27
-718
-1270
-1459
-1124
-370
346
414
104
-387
-896
-842
-430
240
563
658
567
485
480
358
129
-66
-134
-209
37
582
1007
909
385
-404
-1117
-1650
-1694
-1189
-453
274
918
1225
897
141
-696
-1386
-1421
-1090
-498
-51
28
-1005
-469
99
576
785
717
375
-157
-694
-1157
-1325
-1162
-681
-203
-16
-33
-311
-552
-587
-343
76
330
465
409
426
476
426
298
140
30
-177
-52
329
631
639
288
-265
-833
-1277
-1313
-1072
-582
-3
559
849
695
278
-310
-889
-1000
-751
-236
76
269
254
170
69
21
-169
-392
-446
-478
-129
538
1219
1563
1455
1012
433
-139
-524
-729
-897
-907
-763
-445
-258
-77
192
322
515
560
567
404
23
-247
-399
-334
-377
-524
-682
-805
-794
-598
38
739
994
858
455
113
-208
-202
-68
-14
146
350
619
649
377
2
-596
-1043
-1190
-893
-291
313
949
1201
1161
654
-69
-817
-1310
-1462
-1263
-577
226
610
595
251
-161
-551
-770
-754
-779
-632
-223
355
869
993
872
481
46
-72
-37
214
230
109
-146
-528
-728
-845
-849
-433
-11
322
541
782
695
234
-208
-541
-709
-881
-857
-954
-890
-548
78
581
737
572
103
-321
-238
178
830
1111
1176
1085
809
609
217
-294
-702
-976
-1185
-1103
-446
361
947
1243
1165
736
-27
-718
-1270
-1459
-1124
-370
346
414
104
-387
-896
-842
-430
240
563
658
567
485
480
358
129
-66
-134
-209
37
582
1007
909
385
-404
-1117
-1650
-1694
-1189
-453
274
918
1225
897
141
-696
-1386
-1421
-1090
-498
-51
28
-7
6
136
75
-81
-334
-677
-695
-481
125
893
1271
1305
929
507
-6
-523
-901
-1296
-1406
-1272
-716
-355
3
444
531
622
520
228
-91
-662
-822
-643
-299
-91
-340
-690
-983
-1089
-887
-283
515
841
696
361
5
-231
-380
-373
-418
-273
49
544
732
469
-15
-700
-1328
-1545
-1175
-478
313
1023
1428
1336
723
-294
-1228
-1746
-1668
-1234
-501
259
523
337
-89
-398
-529
-673
-692
-797
-713
-368
251
854
825
647
157
-289
-294
-60
184
110
-50
-312
-660
-693
-852
-863
-367
119
477
454
506
238
-240
-595
-722
-705
-821
-1045
-1169
-1278
-858
-175
574
699
382
-181
-598
-443
-86
393
566
604
600
701
792
404
-302
-970
-1424
-1718
-1632
-842
191
1099
1467
1415
820
-237
-1320
-1974
-2092
-1457
-506
454
570
90
-590
-1014
-847
-299
334
461
247
193
382
640
712
327
-47
-275
-394
-171
447
879
876
330
-505
-1260
-1687
-1671
-937
-91
753
1231
1263
603
-399
-1183
-1517
-1184
-612
24
245
46
-147
21
352
621
243
-327
-847
-749
-475
302
1208
1692
1611
1159
690
94
-530
-898
-1198
-1277
-1077
-480
26
305
752
985
1004
677
150
-419
-968
-961
-451
13
401
10
-660
-1216
-1221
-932
-327
525
964
875
668
445
205
-164
-364
-353
-299
162
828
28
-7
6
136
75
-81
-334
-677
-695
-481
125
893
1271
1305
929
507
-6
-523
-901
-1296
-1406
-1272
-716
-355
3
444
531
622
520
228
-91
-662
-822
-643
-299
-91
-340
-690
-983
-1089
-887
-283
515
841
696
361
5
-231
-380
-373
-418
-273
49
544
732
469
-15
-700
-1328
-1545
-1175
-478
313
1023
1428
1336
723
-294
-1228
-1746
-1668
-1234
-501
259
523
337
-89
-398
-529
-673
-692
-797
-713
-368
251
854
825
647
157
-289
-294
-60
184
110
-50
-312
-660
-693
-852
-863
-367
119
477
454
506
238
-240
-595
-722
-705
-821
-1045
-1169
-1278
-858
-175
574
699
382
-181
-598
-443
-86
393
566
604
600
701
792
404
-302
-970
-1424
-1718
-1632
-842
191
1099
1467
1415
820
-237
-1320
-1974
-2092
-1457
-506
454
570
90
-590
-1014
-847
-299
334
461
247
193
382
640
712
327
-47
-275
-394
-171
447
879
876
330
-505
-1260
-1687
-1671
-937
-91
753
1231
1263
603
-399
-1183
-1517
-1184
-612
24
245
46
-147
21
352
621
243
-327
-847
-749
-475
302
1208
1692
1611
1159
690
94
-530
-898
-1198
-1277
-1077
-480
26
305
752
985
1004
677
150
-419
-968
-961
-451
13
401
10
-660
-1216
-1221
-932
-327
525
964
875
668
445
205
-164
-364
-353
-299
162
828
1127
662
95
-641
-1347
-1409
-1021
-268
495
1083
1618
1481
788
-255
-1394
-1944
-1755
-1319
-594
89
525
481
280
145
-101
-361
-770
-1049
-925
-254
572
1243
1149
754
255
-47
178
405
544
277
-304
-716
-869
-562
-407
-183
122
558
600
143
-91
-346
-391
-469
-302
-201
-585
-1168
-1592
-1647
-1020
93
1002
1162
442
-238
-678
-546
-21
490
709
627
633
872
1053
794
-69
-1001
-1628
-1969
-1962
-1108
232
1501
2110
2117
1131
-424
-1912
-2725
-2596
-1619
-201
939
929
190
-518
-1058
-845
-264
295
395
-21
9
364
858
1078
704
174
-186
-318
-67
285
783
829
484
-235
-771
-1257
-1376
-894
-199
560
1060
1098
460
-617
-1310
-1474
-996
-458
-164
-31
-450
-519
-202
418
742
427
-296
-777
-750
-564
-50
648
1187
1442
1297
1096
518
-263
-1006
-1523
-1608
-1323
-553
114
646
1124
1382
1221
741
-172
-870
-1402
-1225
-419
238
572
171
-667
-1099
-1013
-633
-185
410
700
680
610
521
384
31
-331
-418
-349
257
888
1285
970
149
-587
-1329
-1342
-907
14
806
1380
1733
1456
757
-438
-1549
-2056
-1787
-1099
-497
-40
348
327
328
284
143
-250
-873
-1225
-1080
-421
492
1154
1228
730
370
72
306
292
314
-55
-499
-803
-699
-313
-14
233
330
644
445
-68
-595
-778
-593
828
1127
662
95
-641
-1347
-1409
-1021
-268
495
1083
1618
1481
788
-255
-1394
-1944
-1755
-1319
-594
89
525
481
280
145
-101
-361
-770
-1049
-925
-254
572
1243
1149
754
255
-47
178
405
544
277
-304
-716
-869
-562
-407
-183
122
558
600
143
-91
-346
-391
-469
-302
-201
-585
-1168
-1592
-1647
-1020
93
1002
1162
442
-238
-678
-546
-21
490
709
627
633
872
1053
794
-69
-1001
-1628
-1969
-1962
-1108
232
1501
2110
2117
1131
-424
-1912
-2725
-2596
-1619
-201
939
929
190
-518
-1058
-845
-264
295
395
-21
9
364
858
1078
704
174
-186
-318
-67
285
783
829
484
-235
-771
-1257
-1376
-894
-199
560
1060
1098
460
-617
-1310
-1474
-996
-458
-164
-31
-450
-519
-202
418
742
427
-296
-777
-750
-564
-50
648
1187
1442
1297
1096
518
-263
-1006
-1523
-1608
-1323
-553
114
646
1124
1382
1221
741
-172
-870
-1402
-1225
-419
238
572
171
-667
-1099
-1013
-633
-185
410
700
680
610
521
384
31
-331
-418
-349
257
888
1285
970
149
-587
-1329
-1342
-907
14
806
1380
1733
1456
757
-438
-1549
-2056
-1787
-1099
-497
-40
348
327
328
284
143
-250
-873
-1225
-1080
-421
492
1154
1228
730
370
72
306
292
314
-55
-499
-803
-699
-313
-14
233
330
644
445
-68
-595
-778
-593
-416
81
-61
-491
-1169
-1604
-1530
-813
308
1052
1048
307
-335
-608
-471
-14
324
591
575
745
1173
1359
1039
146
-913
-1564
-1804
-1642
-865
506
1755
2290
2064
1009
-541
-1911
-2533
-2256
-1329
-164
611
598
-104
-641
-911
-601
-133
128
124
-310
-185
249
786
963
716
213
-155
-53
11
118
352
443
113
-344
-782
-1009
-1074
-555
17
539
617
320
-339
-1139
-1497
-1305
-782
-309
-227
-193
-445
-328
168
566
732
252
-428
-891
-570
-351
39
506
1086
1417
1424
1204
542
-297
-1086
-1558
-1714
-1257
-570
305
875
1168
1393
967
332
-589
-1196
-1419
-1112
-286
321
605
134
-684
-1130
-1015
-670
-437
-96
196
380
599
630
452
-30
-459
-446
-308
277
636
762
474
-313
-879
-1362
-1214
-823
26
798
1263
1462
947
126
-875
-1649
-1834
-1436
-826
-720
-568
-320
-30
340
588
434
-243
-1108
-1444
-1213
-574
290
855
961
642
501
438
566
411
89
-106
-680
-901
-650
-271
267
601
834
1059
681
-65
-869
-1012
-623
-20
522
451
-94
-837
-1282
-1130
-496
421
969
884
229
-236
-231
10
338
533
818
814
887
1274
1118
818
-72
-1012
-1574
-1483
-1295
-709
483
1641
2251
2157
1080
-427
-1876
-2387
-2040
-1032
18
526
575
-69
-362
-300
-54
291
301
183
-27
150
752
1147
-593
-416
81
-61
-491
-1169
-1604
-1530
-813
308
1052
1048
307
-335
-608
-471
-14
324
591
575
745
1173
1359
1039
146
-913
-1564
-1804
-1642
-865
506
1755
2290
2064
1009
-541
-1911
-2533
-2256
-1329
-164
611
598
-104
-641
-911
-601
-133
128
124
-310
-185
249
786
963
716
213
-155
-53
11
118
352
443
113
-344
-782
-1009
-1074
-555
17
539
617
320
-339
-1139
-1497
-1305
-782
-309
-227
-193
-445
-328
168
566
732
252
-428
-891
-570
-351
39
506
1086
1417
1424
1204
542
-297
-1086
-1558
-1714
-1257
-570
305
875
1168
1393
967
332
-589
-1196
-1419
-1112
-286
321
605
134
-684
-1130
-1015
-670
-437
-96
196
380
599
630
452
-30
-459
-446
-308
277
636
762
474
-313
-879
-1362
-1214
-823
26
798
1263
1462
947
126
-875
-1649
-1834
-1436
-826
-720
-568
-320
-30
340
588
434
-243
-1108
-1444
-1213
-574
290
855
961
642
501
438
566
411
89
-106
-680
-901
-650
-271
267
601
834
1059
681
-65
-869
-1012
-623
-20
522
451
-94
-837
-1282
-1130
-496
421
969
884
229
-236
-231
10
338
533
818
814
887
1274
1118
818
-72
-1012
-1574
-1483
-1295
-709
483
1641
2251
2157
1080
-427
-1876
-2387
-2040
-1032
18
526
575
-69
-362
-300
-54
291
301
183
-27
150
752
1147
1280
898
433
224
476
556
413
336
280
35
-69
-199
-268
-276
-4
428
626
485
132
-347
-787
-891
-466
-182
13
-183
-325
-372
-284
326
675
743
250
-339
-501
-226
65
29
205
816
1275
1706
1698
1024
-42
-1036
-1577
-1779
-1291
-652
239
959
1373
1654
1096
326
-783
-1428
-1289
-962
-170
269
355
43
-494
-757
-521
-138
-263
-336
-50
384
840
1046
772
195
-294
-336
-47
508
742
695
270
-535
-1034
-1132
-975
-461
263
1001
1360
1222
643
-157
-1032
-1600
-1617
-1070
-589
-579
-655
-456
63
513
814
584
-188
-1100
-1310
-864
-146
494
767
844
503
287
419
425
250
-103
-358
-780
-1004
-831
-476
138
489
704
747
337
-521
-1457
-1384
-755
64
590
384
-377
-1200
-1600
-1239
-474
428
744
677
127
-205
-14
153
412
408
638
787
1013
1387
1177
792
-68
-1018
-1493
-1420
-1121
-627
483
1594
2164
1883
927
-587
-1793
-2284
-1848
-864
-76
222
107
-227
-474
-218
201
433
194
-175
-218
-1
481
819
871
679
355
284
558
453
5
-355
-461
-338
-320
-273
-286
-298
-142
191
343
204
-310
-789
-1038
-1136
-557
-222
-155
-493
-626
-360
-214
263
562
499
40
-342
-411
-238
-51
-321
-263
316
1074
1633
1563
755
-390
-1504
-2088
-2182
-1601
-785
183
911
1269
1147
1280
898
433
224
476
556
413
336
280
35
-69
-199
-268
-276
-4
428
626
485
132
-347
-787
-891
-466
-182
13
-183
-325
-372
-284
326
675
743
250
-339
-501
-226
65
29
205
816
1275
1706
1698
1024
-42
-1036
-1577
-1779
-1291
-652
239
959
1373
1654
1096
326
-783
-1428
-1289
-962
-170
269
355
43
-494
-757
-521
-138
-263
-336
-50
384
840
1046
772
195
-294
-336
-47
508
742
695
270
-535
-1034
-1132
-975
-461
263
1001
1360
1222
643
-157
-1032
-1600
-1617
-1070
-589
-579
-655
-456
63
513
814
584
-188
-1100
-1310
-864
-146
494
767
844
503
287
419
425
250
-103
-358
-780
-1004
-831
-476
138
489
704
747
337
-521
-1457
-1384
-755
64
590
384
-377
-1200
-1600
-1239
-474
428
744
677
127
-205
-14
153
412
408
638
787
1013
1387
1177
792
-68
-1018
-1493
-1420
-1121
-627
483
1594
2164
1883
927
-587
-1793
-2284
-1848
-864
-76
222
107
-227
-474
-218
201
433
194
-175
-218
-1
481
819
871
679
355
284
558
453
5
-355
-461
-338
-320
-273
-286
-298
-142
191
343
204
-310
-789
-1038
-1136
-557
-222
-155
-493
-626
-360
-214
263
562
499
40
-342
-411
-238
-51
-321
-263
316
1074
1633
1563
755
-390
-1504
-2088
-2182
-1601
-785
183
911
1269
1309
724
-291
-1294
-1809
-1459
-896
-178
142
23
-280
-711
-769
-460
-130
-319
-573
-385
228
791
1055
731
157
-345
-316
9
407
586
458
54
-658
-1054
-1097
-867
-333
323
1049
1344
1112
534
-258
-885
-1255
-1344
-922
-643
-758
-944
-649
149
802
1213
929
74
-952
-1174
-822
-215
357
645
872
753
784
950
772
337
-277
-685
-956
-1021
-652
-59
623
951
1043
765
160
-701
-1591
-1549
-787
246
709
456
-287
-1160
-1416
-1166
-485
200
512
427
230
74
312
448
516
468
616
880
1084
1299
1186
722
13
-907
-1356
-1338
-1050
-502
454
1583
2120
1859
905
-505
-1546
-2008
-1576
-806
-282
86
111
105
76
430
708
530
205
-164
-75
112
584
932
1087
1139
911
871
841
585
-90
-652
-673
-405
-157
83
185
124
238
368
349
37
-410
-724
-820
-549
-39
221
76
-351
-524
-151
197
692
897
743
443
166
116
199
271
18
53
684
1652
2276
1960
1059
-246
-1385
-1845
-1670
-1131
-287
592
1300
1590
1588
1027
-7
-918
-1371
-975
-372
159
520
409
317
82
-14
140
218
-127
-484
-138
714
1441
1717
1230
562
-49
-72
426
693
771
618
125
-429
-761
-646
-357
231
831
1391
1595
1049
371
-481
-774
-924
-653
-209
-44
-228
-727
-517
244
1034
1359
978
1269
1309
724
-291
-1294
-1809
-1459
-896
-178
142
23
-280
-711
-769
-460
-130
-319
-573
-385
228
791
1055
731
157
-345
-316
9
407
586
458
54
-658
-1054
-1097
-867
-333
323
1049
1344
1112
534
-258
-885
-1255
-1344
-922
-643
-758
-944
-649
149
802
1213
929
74
-952
-1174
-822
-215
357
645
872
753
784
950
772
337
-277
-685
-956
-1021
-652
-59
623
951
1043
765
160
-701
-1591
-1549
-787
246
709
456
-287
-1160
-1416
-1166
-485
200
512
427
230
74
312
448
516
468
616
880
1084
1299
1186
722
13
-907
-1356
-1338
-1050
-502
454
1583
2120
1859
905
-505
-1546
-2008
-1576
-806
-282
86
111
105
76
430
708
530
205
-164
-75
112
584
932
1087
1139
911
871
841
585
-90
-652
-673
-405
-157
83
185
124
238
368
349
37
-410
-724
-820
-549
-39
221
76
-351
-524
-151
197
692
897
743
443
166
116
199
271
18
53
684
1652
2276
1960
1059
-246
-1385
-1845
-1670
-1131
-287
592
1300
1590
1588
1027
-7
-918
-1371
-975
-372
159
520
409
317
82
-14
140
218
-127
-484
-138
714
1441
1717
1230
562
-49
-72
426
693
771
618
125
-429
-761
-646
-357
231
831
1391
1595
1049
371
-481
-774
-924
-653
-209
-44
-228
-727
-517
244
1034
1359
978
220
-704
-872
-371
149
494
725
914
907
1023
1214
933
389
-274
-740
-719
-797
-437
221
670
1101
1032
682
102
-727
-1368
-1338
-448
496
834
606
-198
-943
-1208
-907
-246
193
358
330
342
350
532
664
475
356
517
982
1284
1261
1050
481
-120
-826
-1222
-1116
-752
-279
456
1430
1825
1583
518
-559
-1514
-1854
-1369
-771
-325
-120
-38
116
136
502
613
381
48
-263
134
358
701
826
924
936
897
881
751
418
-226
-887
-842
-438
-61
186
388
286
156
106
-59
-405
-819
-943
-889
-512
-98
127
-142
-473
-511
-58
339
534
533
367
183
166
259
441
487
217
109
578
1420
1923
1669
877
-283
-1307
-1740
-1559
-949
-107
600
1252
1344
1054
516
-378
-990
-1131
-552
154
393
390
152
19
24
5
219
221
-43
-404
-14
751
1465
1737
1256
633
6
-76
328
403
472
151
-198
-583
-772
-592
-279
175
636
1090
1264
780
59
-592
-899
-862
-645
-499
-476
-723
-962
-542
218
1164
1302
925
65
-829
-818
-431
1
248
547
837
998
1130
1178
750
53
-667
-1074
-883
-791
-289
358
907
1362
1085
483
-381
-1164
-1734
-1636
-630
403
729
581
-148
-769
-1140
-943
-517
-363
-214
-125
180
327
543
672
440
332
352
749
940
752
469
16
-478
-876
978
220
-704
-872
-371
149
494
725
914
907
1023
1214
933
389
-274
-740
-719
-797
-437
221
670
1101
1032
682
102
-727
-1368
-1338
-448
496
834
606
-198
-943
-1208
-907
-246
193
358
330
342
350
532
664
475
356
517
982
1284
1261
1050
481
-120
-826
-1222
-1116
-752
-279
456
1430
1825
1583
518
-559
-1514
-1854
-1369
-771
-325
-120
-38
116
136
502
613
381
48
-263
134
358
701
826
924
936
897
881
751
418
-226
-887
-842
-438
-61
186
388
286
156
106
-59
-405
-819
-943
-889
-512
-98
127
-142
-473
-511
-58
339
534
533
367
183
166
259
441
487
217
109
578
1420
1923
1669
877
-283
-1307
-1740
-1559
-949
-107
600
1252
1344
1054
516
-378
-990
-1131
-552
154
393
390
152
19
24
5
219
221
-43
-404
-14
751
1465
1737
1256
633
6
-76
328
403
472
151
-198
-583
-772
-592
-279
175
636
1090
1264
780
59
-592
-899
-862
-645
-499
-476
-723
-962
-542
218
1164
1302
925
65
-829
-818
-431
1
248
547
837
998
1130
1178
750
53
-667
-1074
-883
-791
-289
358
907
1362
1085
483
-381
-1164
-1734
-1636
-630
403
729
581
-148
-769
-1140
-943
-517
-363
-214
-125
180
327
543
672
440
332
352
749
940
752
469
16
-478
-876
-1155
-1068
-583
-217
355
970
1250
924
3
-829
-1600
-1820
-1384
-991
-648
-616
-298
-41
77
291
223
-107
-446
-431
52
489
712
737
775
903
969
876
522
126
-597
-1222
-1150
-641
-86
324
508
495
211
-68
-477
-954
-1302
-1225
-933
-468
-254
-64
-343
-493
-419
-27
480
369
229
-102
-70
202
302
402
323
140
32
460
1374
1630
1376
466
-630
-1548
-1923
-1680
-997
-208
763
1433
1463
928
96
-703
-1220
-1188
-578
82
216
140
24
128
172
228
180
-100
-402
-640
-121
758
1455
1648
1279
683
96
109
339
352
333
111
-222
-466
-640
-475
-75
459
943
1157
1234
564
-122
-560
-656
-383
-232
-204
-225
-506
-647
-352
476
1285
1356
940
200
-338
-408
-68
235
500
837
1124
1403
1403
1211
713
78
-543
-748
-537
-391
44
642
1131
1488
1187
489
-338
-849
-1259
-1141
-164
602
887
682
195
-212
-391
-214
-68
-10
114
335
844
931
1040
987
888
792
957
1431
1531
1193
767
167
-241
-512
-730
-469
148
563
943
1353
1435
1071
368
-399
-958
-1110
-848
-609
-277
-184
174
534
716
803
670
332
0
122
440
922
997
1083
1111
1242
1391
1293
830
382
-336
-944
-926
-351
294
862
1115
1094
691
305
-256
-694
-912
-763
-123
276
385
339
138
-876
-1155
-1068
-583
-217
355
970
1250
924
3
-829
-1600
-1820
-1384
-991
-648
-616
-298
-41
77
291
223
-107
-446
-431
52
489
712
737
775
903
969
876
522
126
-597
-1222
-1150
-641
-86
324
508
495
211
-68
-477
-954
-1302
-1225
-933
-468
-254
-64
-343
-493
-419
-27
480
369
229
-102
-70
202
302
402
323
140
32
460
1374
1630
1376
466
-630
-1548
-1923
-1680
-997
-208
763
1433
1463
928
96
-703
-1220
-1188
-578
82
216
140
24
128
172
228
180
-100
-402
-640
-121
758
1455
1648
1279
683
96
109
339
352
333
111
-222
-466
-640
-475
-75
459
943
1157
1234
564
-122
-560
-656
-383
-232
-204
-225
-506
-647
-352
476
1285
1356
940
200
-338
-408
-68
235
500
837
1124
1403
1403
1211
713
78
-543
-748
-537
-391
44
642
1131
1488
1187
489
-338
-849
-1259
-1141
-164
602
887
682
195
-212
-391
-214
-68
-10
114
335
844
931
1040
987
888
792
957
1431
1531
1193
767
167
-241
-512
-730
-469
148
563
943
1353
1435
1071
368
-399
-958
-1110
-848
-609
-277
-184
174
534
716
803
670
332
0
122
440
922
997
1083
1111
1242
1391
1293
830
382
-336
-944
-926
-351
294
862
1115
1094
691
305
-256
-694
-912
-763
-123
276
385
339
138
-13
90
622
1085
912
698
435
578
878
996
929
676
516
416
837
1630
1819
1486
537
-466
-1302
-1532
-1230
-600
137
886
1391
1344
663
-27
-656
-939
-891
-459
-20
143
13
-100
115
322
444
263
78
-298
-472
-114
518
1209
1414
1202
742
221
106
48
-112
-291
-563
-683
-742
-781
-436
45
526
821
771
568
-50
-661
-913
-819
-450
-199
-285
-416
-610
-701
-521
255
861
1018
713
141
-263
-408
-116
36
164
434
686
1078
1026
698
337
-312
-822
-1020
-833
-564
-71
498
1017
1307
930
128
-757
-1267
-1480
-1319
-498
116
470
279
-66
-452
-710
-599
-543
-566
-378
9
434
559
455
523
345
336
403
772
789
375
-40
-568
-855
-950
-1096
-812
-188
213
479
649
703
310
-236
-630
-1131
-1227
-1181
-981
-799
-581
-108
308
521
298
62
-157
-255
33
382
821
762
717
764
1048
1340
1025
521
-59
-688
-1273
-1038
-449
403
937
1163
1157
466
-219
-898
-1260
-1242
-850
-178
128
48
-226
-478
-424
-189
321
626
403
43
-127
227
624
740
597
318
259
129
574
1069
1107
949
159
-672
-1386
-1799
-1594
-1030
-233
657
1115
1053
263
-545
-1050
-1258
-934
-537
-85
-73
-263
-164
19
408
413
161
-98
-333
-347
-63
618
1233
1328
1344
1003
689
396
138
-13
90
622
1085
912
698
435
578
878
996
929
676
516
416
837
1630
1819
1486
537
-466
-1302
-1532
-1230
-600
137
886
1391
1344
663
-27
-656
-939
-891
-459
-20
143
13
-100
115
322
444
263
78
-298
-472
-114
518
1209
1414
1202
742
221
106
48
-112
-291
-563
-683
-742
-781
-436
45
526
821
771
568
-50
-661
-913
-819
-450
-199
-285
-416
-610
-701
-521
255
861
1018
713
141
-263
-408
-116
36
164
434
686
1078
1026
698
337
-312
-822
-1020
-833
-564
-71
498
1017
1307
930
128
-757
-1267
-1480
-1319
-498
116
470
279
-66
-452
-710
-599
-543
-566
-378
9
434
559
455
523
345
336
403
772
789
375
-40
-568
-855
-950
-1096
-812
-188
213
479
649
703
310
-236
-630
-1131
-1227
-1181
-981
-799
-581
-108
308
521
298
62
-157
-255
33
382
821
762
717
764
1048
1340
1025
521
-59
-688
-1273
-1038
-449
403
937
1163
1157
466
-219
-898
-1260
-1242
-850
-178
128
48
-226
-478
-424
-189
321
626
403
43
-127
227
624
740
597
318
259
129
574
1069
1107
949
159
-672
-1386
-1799
-1594
-1030
-233
657
1115
1053
263
-545
-1050
-1258
-934
-537
-85
-73
-263
-164
19
408
413
161
-98
-333
-347
-63
618
1233
1328
1344
1003
689
396
174
-79
-399
-577
-679
-512
-454
-72
401
855
1074
946
642
-31
-654
-802
-642
-182
8
-193
-489
-644
-599
-485
220
790
934
650
353
48
-117
-18
-58
115
330
772
1142
1104
685
260
-333
-875
-1024
-815
-391
69
672
998
1157
784
-63
-1016
-1210
-1353
-1101
-400
186
409
406
230
50
-201
-285
-462
-541
-378
122
624
919
773
740
793
737
820
923
806
406
-73
-401
-500
-513
-552
-428
49
493
614
565
456
121
-195
-500
-666
-804
-938
-937
-995
-808
-214
341
629
459
279
16
8
105
286
615
592
695
784
1151
1419
1037
289
-413
-968
-1319
-1281
-627
225
949
1359
1385
703
-79
-955
-1299
-1403
-1009
-285
127
36
-197
-196
-122
52
292
448
209
-109
39
455
944
990
642
352
249
233
586
949
1178
961
312
-401
-1018
-1420
-1226
-688
103
806
1137
1037
203
-592
-903
-937
-629
-413
-181
-155
-364
-197
129
487
461
89
-299
-486
-378
-195
322
825
1047
1100
850
658
28
-267
-659
-1035
-1252
-1192
-949
-708
-453
198
710
787
435
-6
-548
-949
-1140
-905
-419
-237
-490
-817
-840
-710
-525
-61
331
472
313
212
25
-137
-243
-279
-107
132
657
1030
983
405
-172
-714
-1029
-1136
-886
-297
169
766
1005
960
476
-385
-1083
-1378
396
174
-79
-399
-577
-679
-512
-454
-72
401
855
1074
946
642
-31
-654
-802
-642
-182
8
-193
-489
-644
-599
-485
220
790
934
650
353
48
-117
-18
-58
115
330
772
1142
1104
685
260
-333
-875
-1024
-815
-391
69
672
998
1157
784
-63
-1016
-1210
-1353
-1101
-400
186
409
406
230
50
-201
-285
-462
-541
-378
122
624
919
773
740
793
737
820
923
806
406
-73
-401
-500
-513
-552
-428
49
493
614
565
456
121
-195
-500
-666
-804
-938
-937
-995
-808
-214
341
629
459
279
16
8
105
286
615
592
695
784
1151
1419
1037
289
-413
-968
-1319
-1281
-627
225
949
1359
1385
703
-79
-955
-1299
-1403
-1009
-285
127
36
-197
-196
-122
52
292
448
209
-109
39
455
944
990
642
352
249
233
586
949
1178
961
312
-401
-1018
-1420
-1226
-688
103
806
1137
1037
203
-592
-903
-937
-629
-413
-181
-155
-364
-197
129
487
461
89
-299
-486
-378
-195
322
825
1047
1100
850
658
28
-267
-659
-1035
-1252
-1192
-949
-708
-453
198
710
787
435
-6
-548
-949
-1140
-905
-419
-237
-490
-817
-840
-710
-525
-61
331
472
313
212
25
-137
-243
-279
-107
132
657
1030
983
405
-172
-714
-1029
-1136
-886
-297
169
766
1005
960
476
-385
-1083
-1378
-1255
-1111
-612
-154
137
349
390
249
-88
-598
-891
-933
-637
-6
550
949
624
484
552
565
745
521
446
33
-497
-889
-950
-790
-602
-324
56
426
282
28
-247
-381
-423
-483
-514
-779
-1104
-1335
-1262
-1005
-451
212
544
212
-173
-298
-146
-26
291
471
433
371
425
844
1087
789
111
-694
-1288
-1663
-1679
-964
-7
898
1350
1334
498
-526
-1542
-1916
-1968
-1296
-659
-191
-267
-610
-537
-321
6
236
281
-53
-497
-470
12
600
808
546
342
155
199
182
332
416
241
-277
-622
-1092
-1430
-1291
-756
-67
462
674
408
-256
-959
-1172
-969
-534
-389
-333
-321
-482
-277
44
479
490
109
-330
-438
-256
-254
238
649
1031
1169
1171
1009
397
-123
-564
-1046
-1285
-1116
-896
-417
-33
614
1071
1171
717
22
-448
-896
-945
-612
-245
56
-208
-585
-573
-424
-290
-50
358
486
548
537
393
252
3
-122
15
124
710
967
887
327
-240
-621
-902
-941
-780
-185
328
788
1036
948
535
-314
-955
-1245
-1060
-914
-671
-311
130
397
700
680
366
-225
-681
-729
-407
197
672
957
702
606
693
966
1010
722
516
46
-406
-680
-526
-311
-130
97
382
733
468
15
-303
-311
-215
-131
-26
-393
-900
-1265
-1165
-779
-162
505
648
449
-63
-267
34
259
366
-1378
-1255
-1111
-612
-154
137
349
390
249
-88
-598
-891
-933
-637
-6
550
949
624
484
552
565
745
521
446
33
-497
-889
-950
-790
-602
-324
56
426
282
28
-247
-381
-423
-483
-514
-779
-1104
-1335
-1262
-1005
-451
212
544
212
-173
-298
-146
-26
291
471
433
371
425
844
1087
789
111
-694
-1288
-1663
-1679
-964
-7
898
1350
1334
498
-526
-1542
-1916
-1968
-1296
-659
-191
-267
-610
-537
-321
6
236
281
-53
-497
-470
12
600
808
546
342
155
199
182
332
416
241
-277
-622
-1092
-1430
-1291
-756
-67
462
674
408
-256
-959
-1172
-969
-534
-389
-333
-321
-482
-277
44
479
490
109
-330
-438
-256
-254
238
649
1031
1169
1171
1009
397
-123
-564
-1046
-1285
-1116
-896
-417
-33
614
1071
1171
717
22
-448
-896
-945
-612
-245
56
-208
-585
-573
-424
-290
-50
358
486
548
537
393
252
3
-122
15
124
710
967
887
327
-240
-621
-902
-941
-780
-185
328
788
1036
948
535
-314
-955
-1245
-1060
-914
-671
-311
130
397
700
680
366
-225
-681
-729
-407
197
672
957
702
606
693
966
1010
722
516
46
-406
-680
-526
-311
-130
97
382
733
468
15
-303
-311
-215
-131
-26
-393
-900
-1265
-1165
-779
-162
505
648
449
-63
-267
34
259
366
499
609
504
607
990
1159
875
77
-825
-1388
-1684
-1621
-951
102
1003
1539
1454
611
-571
-1433
-1827
-1720
-1208
-459
-10
-80
-412
-362
-89
322
372
407
137
-181
-43
310
930
1052
722
471
327
547
455
587
638
462
55
-345
-753
-1058
-952
-452
173
635
839
512
-44
-730
-911
-711
-373
-308
-359
-322
-240
-61
336
652
731
162
-443
-519
-260
-196
146
586
1144
1315
1299
1079
281
-419
-963
-1365
-1441
-1276
-737
-124
294
664
969
822
232
-520
-755
-877
-790
-470
-122
119
-110
-438
-635
-346
-216
-159
143
458
720
930
912
596
87
-145
-133
59
644
908
987
434
-280
-562
-752
-746
-586
-20
564
963
1084
809
391
-337
-1016
-1270
-1036
-925
-870
-621
-150
256
623
696
406
-341
-971
-1022
-735
-161
382
746
732
570
640
945
899
460
153
-264
-770
-987
-852
-434
-46
174
390
523
173
-464
-727
-571
-286
-106
111
-221
-776
-1140
-1138
-838
-438
191
389
349
-163
-62
320
466
464
291
449
380
556
907
1027
957
163
-809
-1270
-1493
-1475
-836
172
1054
1572
1451
700
-499
-1428
-1744
-1561
-1086
-607
-279
-189
-487
-338
60
482
425
90
-183
-393
-130
187
692
797
663
308
240
440
308
149
99
-79
-264
-501
-700
-851
-788
-346
151
366
499
609
504
607
990
1159
875
77
-825
-1388
-1684
-1621
-951
102
1003
1539
1454
611
-571
-1433
-1827
-1720
-1208
-459
-10
-80
-412
-362
-89
322
372
407
137
-181
-43
310
930
1052
722
471
327
547
455
587
638
462
55
-345
-753
-1058
-952
-452
173
635
839
512
-44
-730
-911
-711
-373
-308
-359
-322
-240
-61
336
652
731
162
-443
-519
-260
-196
146
586
1144
1315
1299
1079
281
-419
-963
-1365
-1441
-1276
-737
-124
294
664
969
822
232
-520
-755
-877
-790
-470
-122
119
-110
-438
-635
-346
-216
-159
143
458
720
930
912
596
87
-145
-133
59
644
908
987
434
-280
-562
-752
-746
-586
-20
564
963
1084
809
391
-337
-1016
-1270
-1036
-925
-870
-621
-150
256
623
696
406
-341
-971
-1022
-735
-161
382
746
732
570
640
945
899
460
153
-264
-770
-987
-852
-434
-46
174
390
523
173
-464
-727
-571
-286
-106
111
-221
-776
-1140
-1138
-838
-438
191
389
349
-163
-62
320
466
464
291
449
380
556
907
1027
957
163
-809
-1270
-1493
-1475
-836
172
1054
1572
1451
700
-499
-1428
-1744
-1561
-1086
-607
-279
-189
-487
-338
60
482
425
90
-183
-393
-130
187
692
797
663
308
240
440
308
149
99
-79
-264
-501
-700
-851
-788
-346
151
404
419
7
-336
-885
-1006
-614
-285
-211
-384
-336
-79
55
382
553
545
112
-257
-182
68
92
159
567
1107
1397
1573
1290
653
-181
-864
-1240
-1414
-1114
-626
60
572
899
1122
935
293
-449
-820
-844
-772
-475
-231
-108
-195
-403
-574
-397
-306
-435
-342
-117
267
655
711
451
-47
-397
-352
-168
335
517
522
-26
-853
-1150
-1035
-874
-563
-49
510
717
773
410
-1
-546
-940
-1157
-1014
-882
-1031
-832
-294
266
763
968
560
-286
-1029
-1067
-603
-31
543
786
832
603
567
1032
994
697
120
-255
-768
-1037
-849
-339
329
638
665
697
209
-511
-972
-785
-225
134
306
12
-628
-1127
-1144
-742
-188
293
479
402
-56
-124
267
494
661
467
687
582
896
988
1087
824
110
-827
-1329
-1454
-1339
-751
360
1385
1862
1665
805
-391
-1427
-1721
-1492
-1020
-599
-288
-102
-135
-79
374
609
615
115
-130
-114
89
474
930
1144
1073
741
647
762
557
156
66
-24
-158
-97
-179
-195
-266
-20
310
442
237
-103
-401
-642
-828
-457
-90
-52
-306
-322
-48
132
427
540
480
169
-196
-185
-29
109
-73
326
778
1238
1479
1290
605
-305
-1231
-1590
-1666
-1335
-635
115
863
1092
1128
768
157
-578
-810
-662
-445
-211
-152
16
66
-101
-116
81
83
-300
151
404
419
7
-336
-885
-1006
-614
-285
-211
-384
-336
-79
55
382
553
545
112
-257
-182
68
92
159
567
1107
1397
1573
1290
653
-181
-864
-1240
-1414
-1114
-626
60
572
899
1122
935
293
-449
-820
-844
-772
-475
-231
-108
-195
-403
-574
-397
-306
-435
-342
-117
267
655
711
451
-47
-397
-352
-168
335
517
522
-26
-853
-1150
-1035
-874
-563
-49
510
717
773
410
-1
-546
-940
-1157
-1014
-882
-1031
-832
-294
266
763
968
560
-286
-1029
-1067
-603
-31
543
786
832
603
567
1032
994
697
120
-255
-768
-1037
-849
-339
329
638
665
697
209
-511
-972
-785
-225
134
306
12
-628
-1127
-1144
-742
-188
293
479
402
-56
-124
267
494
661
467
687
582
896
988
1087
824
110
-827
-1329
-1454
-1339
-751
360
1385
1862
1665
805
-391
-1427
-1721
-1492
-1020
-599
-288
-102
-135
-79
374
609
615
115
-130
-114
89
474
930
1144
1073
741
647
762
557
156
66
-24
-158
-97
-179
-195
-266
-20
310
442
237
-103
-401
-642
-828
-457
-90
-52
-306
-322
-48
132
427
540
480
169
-196
-185
-29
109
-73
326
778
1238
1479
1290
605
-305
-1231
-1590
-1666
-1335
-635
115
863
1092
1128
768
157
-578
-810
-662
-445
-211
-152
16
66
-101
-116
81
83
-300
-290
-74
557
957
1257
917
308
-51
-238
194
476
730
648
234
-663
-1027
-863
-626
-205
218
834
1090
839
379
-92
-452
-796
-957
-818
-653
-863
-861
-348
391
911
1110
765
-66
-803
-949
-458
-25
503
674
787
609
528
849
764
450
-127
-487
-889
-1080
-933
-405
243
630
711
492
126
-641
-1110
-844
-362
126
351
164
-442
-935
-956
-634
-159
245
497
405
146
131
497
763
811
702
887
1018
1134
1232
1179
1009
309
-561
-1090
-1065
-836
-366
565
1451
1847
1572
885
-101
-1037
-1459
-1201
-819
-467
-193
-7
163
168
489
785
674
219
-11
201
411
662
983
1113
1117
836
706
742
495
45
-249
-350
-292
-146
21
149
30
198
236
236
-84
-273
-452
-499
-625
-328
-6
29
-171
-154
274
408
652
641
552
397
244
261
392
488
115
308
850
1385
1798
1683
1102
10
-1014
-1641
-1629
-1383
-560
259
967
1250
927
606
-23
-561
-804
-513
-304
-114
-116
-78
-5
51
77
145
135
-258
-534
-214
448
954
1238
983
396
-42
-276
91
194
394
301
-137
-743
-1108
-931
-530
-136
321
831
976
640
36
-373
-549
-694
-819
-796
-735
-986
-1078
-500
251
900
1130
798
-17
-799
-891
-457
-18
312
499
779
722
691
801
864
524
-173
-688
-947
-300
-290
-74
557
957
1257
917
308
-51
-238
194
476
730
648
234
-663
-1027
-863
-626
-205
218
834
1090
839
379
-92
-452
-796
-957
-818
-653
-863
-861
-348
391
911
1110
765
-66
-803
-949
-458
-25
503
674
787
609
528
849
764
450
-127
-487
-889
-1080
-933
-405
243
630
711
492
126
-641
-1110
-844
-362
126
351
164
-442
-935
-956
-634
-159
245
497
405
146
131
497
763
811
702
887
1018
1134
1232
1179
1009
309
-561
-1090
-1065
-836
-366
565
1451
1847
1572
885
-101
-1037
-1459
-1201
-819
-467
-193
-7
163
168
489
785
674
219
-11
201
411
662
983
1113
1117
836
706
742
495
45
-249
-350
-292
-146
21
149
30
198
236
236
-84
-273
-452
-499
-625
-328
-6
29
-171
-154
274
408
652
641
552
397
244
261
392
488
115
308
850
1385
1798
1683
1102
10
-1014
-1641
-1629
-1383
-560
259
967
1250
927
606
-23
-561
-804
-513
-304
-114
-116
-78
-5
51
77
145
135
-258
-534
-214
448
954
1238
983
396
-42
-276
91
194
394
301
-137
-743
-1108
-931
-530
-136
321
831
976
640
36
-373
-549
-694
-819
-796
-735
-986
-1078
-500
251
900
1130
798
-17
-799
-891
-457
-18
312
499
779
722
691
801
864
524
-173
-688
-947
-994
-787
-138
572
1061
1031
449
-81
-884
-1346
-1083
-432
97
292
148
-384
-930
-1071
-862
-465
-249
-93
-43
-52
3
107
454
542
463
511
593
680
490
441
252
-216
-985
-1449
-1414
-1129
-777
0
814
1143
914
311
-482
-1316
-1761
-1643
-1247
-1031
-758
-491
-188
-188
74
203
128
-286
-480
-140
115
333
440
553
679
531
452
331
158
-517
-995
-1055
-770
-486
-172
66
17
2
-178
-345
-733
-923
-1030
-900
-847
-701
-463
-425
-604
-544
-133
66
80
-130
-205
-224
10
1
78
89
-275
-214
140
790
1143
1029
480
-572
-1521
-2036
-1944
-1587
-870
-63
562
735
372
-79
-475
-868
-1134
-900
-642
-636
-729
-656
-361
-195
-227
-129
-288
-695
-970
-516
287
734
1066
827
335
-172
-325
-1
45
168
-126
-476
-913
-1226
-1015
-539
0
499
814
901
375
-179
-645
-658
-656
-652
-767
-862
-1088
-1285
-734
98
709
846
564
-212
-878
-1004
-673
-219
-18
199
464
542
496
524
423
81
-541
-1071
-1165
-1244
-976
-383
364
934
866
262
-333
-991
-1436
-1337
-767
-40
153
170
-240
-637
-799
-647
-211
-194
-53
-74
49
104
187
613
608
734
612
897
954
787
524
178
-343
-771
-1183
-1221
-735
-410
279
1035
1259
1112
435
-302
-1123
-1658
-1559
-1269
-1005
-800
-947
-994
-787
-138
572
1061
1031
449
-81
-884
-1346
-1083
-432
97
292
148
-384
-930
-1071
-862
-465
-249
-93
-43
-52
3
107
454
542
463
511
593
680
490
441
252
-216
-985
-1449
-1414
-1129
-777
0
814
1143
914
311
-482
-1316
-1761
-1643
-1247
-1031
-758
-491
-188
-188
74
203
128
-286
-480
-140
115
333
440
553
679
531
452
331
158
-517
-995
-1055
-770
-486
-172
66
17
2
-178
-345
-733
-923
-1030
-900
-847
-701
-463
-425
-604
-544
-133
66
80
-130
-205
-224
10
1
78
89
-275
-214
140
790
1143
1029
480
-572
-1521
-2036
-1944
-1587
-870
-63
562
735
372
-79
-475
-868
-1134
-900
-642
-636
-729
-656
-361
-195
-227
-129
-288
-695
-970
-516
287
734
1066
827
335
-172
-325
-1
45
168
-126
-476
-913
-1226
-1015
-539
0
499
814
901
375
-179
-645
-658
-656
-652
-767
-862
-1088
-1285
-734
98
709
846
564
-212
-878
-1004
-673
-219
-18
199
464
542
496
524
423
81
-541
-1071
-1165
-1244
-976
-383
364
934
866
262
-333
-991
-1436
-1337
-767
-40
153
170
-240
-637
-799
-647
-211
-194
-53
-74
49
104
187
613
608
734
612
897
954
787
524
178
-343
-771
-1183
-1221
-735
-410
279
1035
1259
1112
435
-302
-1123
-1658
-1559
-1269
-1005
-800
-387
-62
105
190
151
134
-217
-417
-179
57
281
324
586
811
835
708
367
82
-593
-1202
-1208
-863
-447
51
449
551
364
8
-368
-803
-1020
-1015
-774
-572
-506
-411
-338
-311
-303
111
373
274
27
-163
51
339
469
417
389
73
19
325
1103
1484
1547
1004
-19
-1117
-1786
-1720
-1247
-460
431
1165
1290
798
114
-231
-548
-659
-458
-177
-107
-309
-242
142
397
487
323
147
-262
-779
-347
457
1081
1445
1378
1048
315
-40
-44
-32
-79
-190
-453
-619
-959
-826
-245
400
708
790
773
372
-349
-616
-518
-323
-205
-410
-549
-741
-949
-667
185
843
1131
979
561
-27
-199
-118
279
252
582
825
1100
1169
995
925
671
11
-537
-566
-405
-159
292
960
1447
1388
774
-38
-529
-1009
-1063
-405
186
527
518
251
-132
-424
-468
-293
-238
-179
69
380
578
579
726
785
793
652
909
946
809
458
154
-243
-573
-952
-966
-497
-163
251
770
1000
916
498
69
-558
-1057
-1257
-1131
-1027
-880
-315
208
553
529
455
330
110
-51
160
370
682
592
844
1147
1332
1152
602
300
-385
-1083
-1144
-706
-78
547
1061
1198
835
189
-292
-801
-1079
-871
-479
-210
-152
-125
-117
6
-15
253
504
408
90
-92
186
572
697
614
345
87
-177
142
878
-800
-387
-62
105
190
151
134
-217
-417
-179
57
281
324
586
811
835
708
367
82
-593
-1202
-1208
-863
-447
51
449
551
364
8
-368
-803
-1020
-1015
-774
-572
-506
-411
-338
-311
-303
111
373
274
27
-163
51
339
469
417
389
73
19
325
1103
1484
1547
1004
-19
-1117
-1786
-1720
-1247
-460
431
1165
1290
798
114
-231
-548
-659
-458
-177
-107
-309
-242
142
397
487
323
147
-262
-779
-347
457
1081
1445
1378
1048
315
-40
-44
-32
-79
-190
-453
-619
-959
-826
-245
400
708
790
773
372
-349
-616
-518
-323
-205
-410
-549
-741
-949
-667
185
843
1131
979
561
-27
-199
-118
279
252
582
825
1100
1169
995
925
671
11
-537
-566
-405
-159
292
960
1447
1388
774
-38
-529
-1009
-1063
-405
186
527
518
251
-132
-424
-468
-293
-238
-179
69
380
578
579
726
785
793
652
909
946
809
458
154
-243
-573
-952
-966
-497
-163
251
770
1000
916
498
69
-558
-1057
-1257
-1131
-1027
-880
-315
208
553
529
455
330
110
-51
160
370
682
592
844
1147
1332
1152
602
300
-385
-1083
-1144
-706
-78
547
1061
1198
835
189
-292
-801
-1079
-871
-479
-210
-152
-125
-117
6
-15
253
504
408
90
-92
186
572
697
614
345
87
-177
142
878
1238
1247
885
22
-945
-1635
-1576
-1129
-567
356
962
1199
707
48
-192
-391
-511
-431
-210
-207
-386
-382
46
473
590
431
125
-181
-615
-371
348
1132
1417
1516
1320
820
396
206
248
117
-181
-505
-631
-734
-592
96
769
1300
1138
962
500
-165
-612
-545
-280
-227
-266
-590
-661
-744
-550
146
808
1029
860
440
28
-252
-306
77
107
267
605
1027
1080
769
538
195
-321
-889
-858
-529
-175
287
881
1402
1239
512
-298
-792
-1116
-1234
-726
-13
323
425
474
199
-139
-423
-437
-407
-438
-31
475
798
761
708
859
1019
923
1025
1093
945
429
0
-260
-367
-614
-634
-183
272
547
759
979
865
535
166
-220
-751
-1150
-1138
-962
-937
-346
178
651
536
322
157
132
114
241
586
779
678
751
1008
1292
1162
631
150
-535
-1341
-1535
-1054
-280
456
1046
1294
775
7
-775
-1046
-1232
-1103
-741
-291
-311
-526
-419
-191
91
244
557
518
127
-145
104
584
783
757
443
497
196
441
920
1300
1445
976
227
-655
-1482
-1524
-966
-260
585
1242
1447
921
62
-373
-451
-366
-339
-147
100
-124
-66
119
579
697
527
99
-239
-419
-380
233
989
1357
1583
1383
968
521
-19
-54
-204
-528
-666
-735
-564
-466
53
756
1202
1110
821
480
-10
-469
878
1238
1247
885
22
-945
-1635
-1576
-1129
-567
356
962
1199
707
48
-192
-391
-511
-431
-210
-207
-386
-382
46
473
590
431
125
-181
-615
-371
348
1132
1417
1516
1320
820
396
206
248
117
-181
-505
-631
-734
-592
96
769
1300
1138
962
500
-165
-612
-545
-280
-227
-266
-590
-661
-744
-550
146
808
1029
860
440
28
-252
-306
77
107
267
605
1027
1080
769
538
195
-321
-889
-858
-529
-175
287
881
1402
1239
512
-298
-792
-1116
-1234
-726
-13
323
425
474
199
-139
-423
-437
-407
-438
-31
475
798
761
708
859
1019
923
1025
1093
945
429
0
-260
-367
-614
-634
-183
272
547
759
979
865
535
166
-220
-751
-1150
-1138
-962
-937
-346
178
651
536
322
157
132
114
241
586
779
678
751
1008
1292
1162
631
150
-535
-1341
-1535
-1054
-280
456
1046
1294
775
7
-775
-1046
-1232
-1103
-741
-291
-311
-526
-419
-191
91
244
557
518
127
-145
104
584
783
757
443
497
196
441
920
1300
1445
976
227
-655
-1482
-1524
-966
-260
585
1242
1447
921
62
-373
-451
-366
-339
-147
100
-124
-66
119
579
697
527
99
-239
-419
-380
233
989
1357
1583
1383
968
521
-19
-54
-204
-528
-666
-735
-564
-466
53
756
1202
1110
821
480
-10
-469
-513
-205
-15
-85
-474
-478
-505
-492
126
755
1023
1054
779
489
-20
-177
-38
138
401
817
1161
1288
875
448
67
-331
-746
-736
-389
55
473
950
1386
1289
599
-228
-779
-972
-1056
-727
-73
329
534
603
524
91
-334
-483
-458
-471
43
646
988
1030
803
908
1080
1031
959
964
866
355
-95
-364
-383
-396
-330
41
496
565
644
737
711
586
379
27
-453
-960
-1059
-917
-606
-138
404
847
773
299
132
190
308
363
825
1013
974
957
1122
1446
1294
832
171
-392
-1197
-1459
-882
-53
883
1529
1713
1209
132
-728
-1078
-1155
-970
-393
38
51
-378
-445
-162
130
307
561
606
96
-178
44
594
861
733
403
352
77
112
517
957
1132
789
140
-649
-1444
-1605
-1170
-380
347
921
1041
580
-134
-638
-583
-463
-451
-343
-269
-320
-290
23
496
610
392
-56
-479
-514
-566
11
756
1230
1580
1511
1169
532
-142
-301
-472
-772
-838
-735
-513
-316
55
646
1031
826
432
164
-221
-678
-702
-422
-81
-201
-604
-687
-641
-656
-341
258
612
580
530
383
124
-262
-400
-266
-155
252
670
853
655
93
-349
-742
-1087
-1105
-662
-151
300
557
860
787
174
-519
-981
-1107
-1310
-1149
-697
-190
126
308
392
143
-264
-687
-787
-775
-320
287
730
-469
-513
-205
-15
-85
-474
-478
-505
-492
126
755
1023
1054
779
489
-20
-177
-38
138
401
817
1161
1288
875
448
67
-331
-746
-736
-389
55
473
950
1386
1289
599
-228
-779
-972
-1056
-727
-73
329
534
603
524
91
-334
-483
-458
-471
43
646
988
1030
803
908
1080
1031
959
964
866
355
-95
-364
-383
-396
-330
41
496
565
644
737
711
586
379
27
-453
-960
-1059
-917
-606
-138
404
847
773
299
132
190
308
363
825
1013
974
957
1122
1446
1294
832
171
-392
-1197
-1459
-882
-53
883
1529
1713
1209
132
-728
-1078
-1155
-970
-393
38
51
-378
-445
-162
130
307
561
606
96
-178
44
594
861
733
403
352
77
112
517
957
1132
789
140
-649
-1444
-1605
-1170
-380
347
921
1041
580
-134
-638
-583
-463
-451
-343
-269
-320
-290
23
496
610
392
-56
-479
-514
-566
11
756
1230
1580
1511
1169
532
-142
-301
-472
-772
-838
-735
-513
-316
55
646
1031
826
432
164
-221
-678
-702
-422
-81
-201
-604
-687
-641
-656
-341
258
612
580
530
383
124
-262
-400
-266
-155
252
670
853
655
93
-349
-742
-1087
-1105
-662
-151
300
557
860
787
174
-519
-981
-1107
-1310
-1149
-697
-190
126
308
392
143
-264
-687
-787
-775
-320
287
730
896
629
718
893
1046
842
797
841
322
-246
-562
-414
-341
-255
1
359
499
189
273
206
326
203
71
-340
-867
-1236
-1233
-977
-533
101
557
637
201
-115
40
282
300
605
773
767
526
675
1015
1015
548
-123
-773
-1427
-1786
-1268
-447
582
1340
1592
1206
169
-883
-1221
-1325
-1224
-709
-222
-78
-391
-301
-87
357
461
491
521
121
-143
71
677
1118
1087
726
542
349
274
436
811
1022
786
256
-327
-995
-1285
-894
-159
404
883
989
618
-7
-533
-423
-152
-101
-229
-136
-155
-191
40
520
692
582
20
-365
-425
-557
-196
395
884
1276
1364
1269
746
-41
-348
-621
-1079
-1272
-1086
-636
-299
131
814
1190
994
384
101
-230
-585
-786
-454
-57
-79
-266
-411
-326
-344
-271
203
517
694
808
819
597
139
-80
99
235
494
895
1023
960
254
-145
-498
-711
-751
-386
259
678
987
1119
990
520
-167
-681
-765
-902
-890
-519
-179
354
649
844
630
84
-392
-685
-559
-164
403
881
1071
769
741
968
1110
1001
836
703
208
-507
-856
-607
-290
24
243
535
545
93
46
21
181
236
233
-65
-645
-1187
-1115
-840
-521
173
594
713
316
-95
107
399
547
758
978
1013
771
817
1154
1271
1043
379
-384
-967
-1455
-1279
-349
651
1456
730
896
629
718
893
1046
842
797
841
322
-246
-562
-414
-341
-255
1
359
499
189
273
206
326
203
71
-340
-867
-1236
-1233
-977
-533
101
557
637
201
-115
40
282
300
605
773
767
526
675
1015
1015
548
-123
-773
-1427
-1786
-1268
-447
582
1340
1592
1206
169
-883
-1221
-1325
-1224
-709
-222
-78
-391
-301
-87
357
461
491
521
121
-143
71
677
1118
1087
726
542
349
274
436
811
1022
786
256
-327
-995
-1285
-894
-159
404
883
989
618
-7
-533
-423
-152
-101
-229
-136
-155
-191
40
520
692
582
20
-365
-425
-557
-196
395
884
1276
1364
1269
746
-41
-348
-621
-1079
-1272
-1086
-636
-299
131
814
1190
994
384
101
-230
-585
-786
-454
-57
-79
-266
-411
-326
-344
-271
203
517
694
808
819
597
139
-80
99
235
494
895
1023
960
254
-145
-498
-711
-751
-386
259
678
987
1119
990
520
-167
-681
-765
-902
-890
-519
-179
354
649
844
630
84
-392
-685
-559
-164
403
881
1071
769
741
968
1110
1001
836
703
208
-507
-856
-607
-290
24
243
535
545
93
46
21
181
236
233
-65
-645
-1187
-1115
-840
-521
173
594
713
316
-95
107
399
547
758
978
1013
771
817
1154
1271
1043
379
-384
-967
-1455
-1279
-349
651
1456
1778
1421
508
-658
-1182
-1200
-1005
-616
-186
-6
-288
-381
-161
331
549
573
443
154
-162
-105
369
828
976
649
491
469
280
223
476
554
425
-11
-482
-949
-1209
-1013
-324
298
714
713
362
-142
-693
-756
-423
-292
-247
-168
-78
-73
42
325
525
399
3
-225
-270
-224
-90
538
1003
1448
1607
1513
1035
299
-173
-591
-877
-999
-778
-234
131
404
768
1072
885
354
47
-28
-311
-499
-471
-65
-151
-330
-581
-451
-421
-407
-17
255
462
701
806
612
65
-414
-318
-189
223
697
901
856
147
-549
-864
-960
-1041
-630
6
556
775
844
687
225
-282
-832
-1115
-1212
-1303
-1086
-610
10
523
817
690
101
-703
-1155
-1000
-628
63
571
921
713
571
626
892
706
601
432
10
-634
-1045
-802
-433
32
238
568
458
-139
-522
-478
-232
77
156
39
-461
-1198
-1429
-1212
-835
-155
318
540
153
-248
-189
127
206
382
500
617
425
291
512
641
495
-232
-999
-1585
-1965
-1847
-998
36
950
1375
1120
267
-821
-1507
-1634
-1506
-1116
-647
-401
-414
-591
-365
13
329
203
77
-157
-232
-150
186
577
762
626
322
303
123
-28
170
227
73
-139
-525
-906
-1146
-942
-375
103
365
394
84
-188
-697
-776
-527
-351
-432
-488
-272
-137
-67
141
325
1456
1778
1421
508
-658
-1182
-1200
-1005
-616
-186
-6
-288
-381
-161
331
549
573
443
154
-162
-105
369
828
976
649
491
469
280
223
476
554
425
-11
-482
-949
-1209
-1013
-324
298
714
713
362
-142
-693
-756
-423
-292
-247
-168
-78
-73
42
325
525
399
3
-225
-270
-224
-90
538
1003
1448
1607
1513
1035
299
-173
-591
-877
-999
-778
-234
131
404
768
1072
885
354
47
-28
-311
-499
-471
-65
-151
-330
-581
-451
-421
-407
-17
255
462
701
806
612
65
-414
-318
-189
223
697
901
856
147
-549
-864
-960
-1041
-630
6
556
775
844
687
225
-282
-832
-1115
-1212
-1303
-1086
-610
10
523
817
690
101
-703
-1155
-1000
-628
63
571
921
713
571
626
892
706
601
432
10
-634
-1045
-802
-433
32
238
568
458
-139
-522
-478
-232
77
156
39
-461
-1198
-1429
-1212
-835
-155
318
540
153
-248
-189
127
206
382
500
617
425
291
512
641
495
-232
-999
-1585
-1965
-1847
-998
36
950
1375
1120
267
-821
-1507
-1634
-1506
-1116
-647
-401
-414
-591
-365
13
329
203
77
-157
-232
-150
186
577
762
626
322
303
123
-28
170
227
73
-139
-525
-906
-1146
-942
-375
103
365
394
84
-188
-697
-776
-527
-351
-432
-488
-272
-137
-67
141
325
168
-163
-573
-510
-440
-423
37
486
884
1118
1061
669
-19
-587
-1082
-1493
-1687
-1402
-980
-329
39
449
693
557
65
-285
-369
-430
-711
-717
-486
-391
-464
-619
-460
-260
-366
-303
-194
-14
254
550
536
269
-89
-87
104
226
532
694
642
87
-633
-949
-898
-896
-380
154
697
809
641
440
162
-285
-616
-817
-862
-1007
-1021
-655
-211
377
718
668
260
-473
-956
-884
-711
-358
129
336
419
277
649
895
819
492
223
-217
-926
-1364
-1123
-630
-75
317
560
549
93
-376
-512
-311
-120
96
15
-268
-822
-913
-665
-227
95
202
131
-129
-615
-530
-35
191
368
529
777
699
589
715
862
748
194
-573
-892
-1214
-1183
-567
288
1031
1338
1275
775
51
-405
-438
-292
-292
-246
-294
-454
-492
-231
342
653
396
87
-329
-582
-785
-518
6
372
545
531
698
699
243
123
-12
-155
-310
-527
-657
-606
-388
72
528
683
544
300
31
-245
-260
-121
168
-63
-204
-27
86
220
140
205
132
-136
-373
-311
-275
-458
-255
77
586
938
1145
974
706
220
-182
-461
-699
-765
-603
-285
21
344
641
752
578
377
232
131
-288
-622
-610
-477
-348
-171
73
310
-8
-370
-686
-738
-593
-522
-348
-242
-275
-46
101
311
473
431
110
-315
-925
325
168
-163
-573
-510
-440
-423
37
486
884
1118
1061
669
-19
-587
-1082
-1493
-1687
-1402
-980
-329
39
449
693
557
65
-285
-369
-430
-711
-717
-486
-391
-464
-619
-460
-260
-366
-303
-194
-14
254
550
536
269
-89
-87
104
226
532
694
642
87
-633
-949
-898
-896
-380
154
697
809
641
440
162
-285
-616
-817
-862
-1007
-1021
-655
-211
377
718
668
260
-473
-956
-884
-711
-358
129
336
419
277
649
895
819
492
223
-217
-926
-1364
-1123
-630
-75
317
560
549
93
-376
-512
-311
-120
96
15
-268
-822
-913
-665
-227
95
202
131
-129
-615
-530
-35
191
368
529
777
699
589
715
862
748
194
-573
-892
-1214
-1183
-567
288
1031
1338
1275
775
51
-405
-438
-292
-292
-246
-294
-454
-492
-231
342
653
396
87
-329
-582
-785
-518
6
372
545
531
698
699
243
123
-12
-155
-310
-527
-657
-606
-388
72
528
683
544
300
31
-245
-260
-121
168
-63
-204
-27
86
220
140
205
132
-136
-373
-311
-275
-458
-255
77
586
938
1145
974
706
220
-182
-461
-699
-765
-603
-285
21
344
641
752
578
377
232
131
-288
-622
-610
-477
-348
-171
73
310
-8
-370
-686
-738
-593
-522
-348
-242
-275
-46
101
311
473
431
110
-315
-925
-1089
-996
-837
-514
-137
231
165
-115
-252
-193
-236
-117
-92
-112
-380
-813
-726
-398
-21
350
345
179
-187
-515
-537
-240
-89
67
119
183
143
357
696
926
869
651
357
-285
-850
-1001
-703
-142
326
714
782
524
43
-145
-78
203
166
-12
-166
-527
-526
-489
-46
211
226
22
-211
-692
-841
-786
-511
-264
-84
161
200
251
200
253
192
-138
-373
-705
-898
-1097
-826
-343
256
569
501
310
-27
-244
-391
-208
-123
12
-71
-17
-52
-125
80
83
87
-33
-177
-368
-548
-494
-351
-79
171
539
824
898
646
231
-6
-166
-349
-495
-386
-202
-8
239
473
587
530
374
220
104
2
-56
75
-62
-152
-109
-17
-56
-283
-378
-460
-540
-511
-350
-316
-395
-566
-425
-199
199
431
509
418
55
-350
-615
-734
-689
-492
-212
211
383
424
258
184
46
2
10
-149
-274
-355
-449
-283
-130
149
170
-9
-347
-553
-633
-454
-425
-243
-69
-8
-19
176
523
687
752
564
358
-88
-455
-573
-454
-138
184
495
592
352
-32
-108
-154
-68
3
-47
-5
-423
-546
-443
-151
-6
99
102
-149
-498
-671
-560
-363
-227
-135
136
189
384
464
497
471
104
-151
-444
-743
-952
-729
-281
192
468
545
404
22
-377
-386
-330
-327
-208
-150
-925
-1089
-996
-837
-514
-137
231
165
-115
-252
-193
-236
-117
-92
-112
-380
-813
-726
-398
-21
350
345
179
-187
-515
-537
-240
-89
67
119
183
143
357
696
926
869
651
357
-285
-850
-1001
-703
-142
326
714
782
524
43
-145
-78
203
166
-12
-166
-527
-526
-489
-46
211
226
22
-211
-692
-841
-786
-511
-264
-84
161
200
251
200
253
192
-138
-373
-705
-898
-1097
-826
-343
256
569
501
310
-27
-244
-391
-208
-123
12
-71
-17
-52
-125
80
83
87
-33
-177
-368
-548
-494
-351
-79
171
539
824
898
646
231
-6
-166
-349
-495
-386
-202
-8
239
473
587
530
374
220
104
2
-56
75
-62
-152
-109
-17
-56
-283
-378
-460
-540
-511
-350
-316
-395
-566
-425
-199
199
431
509
418
55
-350
-615
-734
-689
-492
-212
211
383
424
258
184
46
2
10
-149
-274
-355
-449
-283
-130
149
170
-9
-347
-553
-633
-454
-425
-243
-69
-8
-19
176
523
687
752
564
358
-88
-455
-573
-454
-138
184
495
592
352
-32
-108
-154
-68
3
-47
-5
-423
-546
-443
-151
-6
99
102
-149
-498
-671
-560
-363
-227
-135
136
189
384
464
497
471
104
-151
-444
-743
-952
-729
-281
192
468
545
404
22
-377
-386
-330
-327
-208
-150
-134
-152
-169
18
129
120
-81
-174
-394
-518
-383
-217
-86
39
146
321
312
169
142
123
68
-153
-327
-399
-421
-379
-6
226
339
239
265
205
95
-7
-12
141
141
99
116
105
136
161
126
151
-85
-264
-353
-379
-341
-365
-108
117
346
592
644
579
226
-97
-353
-552
-656
-445
-167
243
391
526
523
387
298
149
153
154
147
162
158
210
119
170
155
39
-113
-100
3
52
138
203
177
-7
-58
-45
249
279
552
606
462
168
-135
-282
-336
-307
32
440
578
616
454
422
277
163
211
73
68
-94
34
229
243
397
388
280
4
-285
-377
-381
-345
-122
49
234
254
261
452
503
541
413
228
27
-229
-226
-100
83
255
419
526
411
306
308
481
517
485
380
223
54
-94
-156
81
184
254
340
210
110
-95
-147
-13
19
117
235
398
495
521
562
556
318
71
-123
-283
-295
-131
253
634
813
651
435
232
55
25
-67
17
114
72
146
82
-58
-42
-16
26
-128
-163
-175
-230
-190
-45
22
89
143
134
141
71
72
61
138
123
-206
-216
-274
-220
-214
-27
90
138
229
206
177
79
-91
-57
0
46
43
20
47
69
34
-29
-145
-259
-345
-296
-263
-207
-60
206
468
-150
-134
-152
-169
18
129
120
-81
-174
-394
-518
-383
-217
-86
39
146
321
312
169
142
123
68
-153
-327
-399
-421
-379
-6
226
339
239
265
205
95
-7
-12
141
141
99
116
105
136
161
126
151
-85
-264
-353
-379
-341
-365
-108
117
346
592
644
579
226
-97
-353
-552
-656
-445
-167
243
391
526
523
387
298
149
153
154
147
162
158
210
119
170
155
39
-113
-100
3
52
138
203
177
-7
-58
-45
249
279
552
606
462
168
-135
-282
-336
-307
32
440
578
616
454
422
277
163
211
73
68
-94
34
229
243
397
388
280
4
-285
-377
-381
-345
-122
49
234
254
261
452
503
541
413
228
27
-229
-226
-100
83
255
419
526
411
306
308
481
517
485
380
223
54
-94
-156
81
184
254
340
210
110
-95
-147
-13
19
117
235
398
495
521
562
556
318
71
-123
-283
-295
-131
253
634
813
651
435
232
55
25
-67
17
114
72
146
82
-58
-42
-16
26
-128
-163
-175
-230
-190
-45
22
89
143
134
141
71
72
61
138
123
-206
-216
-274
-220
-214
-27
90
138
229
206
177
79
-91
-57
0
46
43
20
47
69
34
-29
-145
-259
-345
-296
-263
-207
-60
206
468
434
326
147
-50
-272
-470
-538
-527
-424
-286
-84
12
-45
-22
-79
-82
-113
-50
-58
-145
-121
-89
-74
-130
-166
-140
-263
-278
-343
-224
-99
-55
-127
-114
-187
-208
-144
-2
94
69
134
65
-114
-316
-402
-314
-158
-30
180
280
173
120
176
185
225
17
-92
-108
-198
-211
8
193
257
121
23
-174
-515
-712
-671
-444
-314
-106
55
168
188
93
50
133
57
-66
-253
-393
-387
-289
-162
45
-4
12
-99
-153
-191
-77
45
42
-51
-172
-314
-464
-492
-420
-324
-244
-198
-316
-389
-535
-529
-429
-243
-59
148
233
226
87
13
-16
-137
-309
-381
-407
-407
-434
-303
-75
54
-1
-93
-167
-256
-379
-477
-430
-295
-242
-110
-67
-43
-39
-114
-80
-64
-279
-299
-409
-398
-290
-237
-9
149
180
124
15
-157
-258
-290
-288
-336
-273
-327
-245
-269
-293
-291
-297
-207
-182
-186
-218
-271
-257
-170
-74
-14
-78
-146
-263
-332
-372
-454
-539
-582
-498
-445
-406
-210
-64
166
273
140
-7
-165
-362
-480
-499
-365
-162
-34
38
20
-25
7
-22
157
63
94
-75
-179
-218
-144
-103
-4
6
29
-54
-200
-327
-354
-458
-369
-327
-223
-122
-16
74
206
276
248
163
100
-51
-178
-243
-96
89
247
361
248
56
-97
-121
468
434
326
147
-50
-272
-470
-538
-527
-424
-286
-84
12
-45
-22
-79
-82
-113
-50
-58
-145
-121
-89
-74
-130
-166
-140
-263
-278
-343
-224
-99
-55
-127
-114
-187
-208
-144
-2
94
69
134
65
-114
-316
-402
-314
-158
-30
180
280
173
120
176
185
225
17
-92
-108
-198
-211
8
193
257
121
23
-174
-515
-712
-671
-444
-314
-106
55
168
188
93
50
133
57
-66
-253
-393
-387
-289
-162
45
-4
12
-99
-153
-191
-77
45
42
-51
-172
-314
-464
-492
-420
-324
-244
-198
-316
-389
-535
-529
-429
-243
-59
148
233
226
87
13
-16
-137
-309
-381
-407
-407
-434
-303
-75
54
-1
-93
-167
-256
-379
-477
-430
-295
-242
-110
-67
-43
-39
-114
-80
-64
-279
-299
-409
-398
-290
-237
-9
149
180
124
15
-157
-258
-290
-288
-336
-273
-327
-245
-269
-293
-291
-297
-207
-182
-186
-218
-271
-257
-170
-74
-14
-78
-146
-263
-332
-372
-454
-539
-582
-498
-445
-406
-210
-64
166
273
140
-7
-165
-362
-480
-499
-365
-162
-34
38
20
-25
7
-22
157
63
94
-75
-179
-218
-144
-103
-4
6
29
-54
-200
-327
-354
-458
-369
-327
-223
-122
-16
74
206
276
248
163
100
-51
-178
-243
-96
89
247
361
248
56
-97
-121
-133
-162
-211
-214
-160
-187
-70
-43
45
110
83
-64
-142
-348
-452
-485
-342
-135
57
259
392
492
474
427
334
375
217
133
-33
-13
111
183
265
339
308
338
277
198
125
118
113
176
209
250
258
170
148
152
101
94
8
-105
-143
-154
-91
0
172
398
494
471
332
231
119
10
-43
-32
40
49
98
204
322
281
217
260
139
73
-4
-51
24
67
227
327
351
300
166
180
130
90
98
7
-13
-24
-20
111
215
331
400
501
428
265
129
3
-130
-171
-227
-58
7
7
20
16
54
67
42
-77
-112
-187
-137
-109
13
42
163
176
21
4
-192
-284
-308
-340
-254
-122
-58
68
150
257
264
206
73
-3
-87
-207
-228
-206
-18
106
191
166
115
112
129
88
121
127
92
81
85
153
151
72
126
146
214
56
58
-25
-51
-114
-122
-106
67
160
291
264
242
278
265
277
112
64
17
59
83
202
267
318
219
239
223
164
78
122
124
261
264
337
300
314
239
143
126
12
-46
-195
-191
-172
-106
68
196
313
347
339
353
226
152
26
58
-30
-29
11
36
0
44
51
190
165
210
174
72
152
165
192
311
277
279
275
252
296
249
153
77
19
-121
-133
-162
-211
-214
-160
-187
-70
-43
45
110
83
-64
-142
-348
-452
-485
-342
-135
57
259
392
492
474
427
334
375
217
133
-33
198
125
118
111
183
265
339
308
338
277
-13
113
176
209
250
258
170
148
152
101
94
8
-105
-143
-154
-91
0
172
398
494
471
332
231
119
10
-43
-32
40
49
98
204
322
281
217
260
139
73
-4
-51
24
67
227
327
351
300
166
180
130
90
98
7
-13
-24
-20
111
215
331
400
501
428
265
129
3
-130
-171
-227
-58
7
7
20
16
54
67
42
-77
-112
-187
-137
-109
13
42
163
176
21
4
-192
-284
-308
-340
-254
-122
-58
68
150
257
264
206
73
-3
-87
-207
-228
-206
-18
106
191
166
115
112
129
88
121
127
92
81
85
153
151
72
126
146
214
56
58
-25
-51
-114
-122
-106
67
160
291
264
242
278
265
277
112
64
17
59
83
202
267
318
219
239
223
164
78
122
124
261
264
337
300
314
239
143
126
12
-46
-195
-191
-172
-106
68
196
313
347
339
353
226
152
26
58
-30
-29
11
36
0
44
51
190
165
210
174
72
152
165
192
311
277
279
275
252
296
249
153
77
19
-6
77
93
256
314
437
408
399
270
214
51
-22
35
191
244
258
281
277
156
113
105
129
106
62
49
138
211
263
414
408
364
264
265
175
86
83
42
26
65
27
90
120
137
220
385
443
380
387
252
191
72
91
164
178
184
170
162
221
253
286
225
211
172
207
188
180
253
257
337
228
248
128
51
-61
-103
-60
141
175
290
378
401
360
357
340
267
224
112
113
95
194
280
383
200
185
95
91
17
-7
44
104
144
198
230
168
110
102
136
156
224
213
147
113
70
4
45
51
140
249
135
166
118
102
158
29
-7
-94
0
-56
-93
-62
-43
-31
21
10
66
-21
-61
4
148
265
264
348
348
291
186
143
52
-43
-105
-139
-115
-69
-43
29
132
39
-60
4
-73
-173
-241
-153
-208
-191
-186
-191
-292
-391
-377
-269
-150
-120
-59
-125
-133
-147
-99
-31
-106
-119
-96
-201
-167
-191
-141
-170
-227
-274
-208
-175
-175
-74
33
21
51
-47
-71
-212
-359
-349
-263
-166
-152
-77
-70
-91
-186
-68
-118
-134
-160
-189
-149
-162
-39
40
25
-13
-55
-61
-160
-275
-291
-270
-280
-233
-230
-205
-229
-234
-265
-245
-178
-132
-162
-190
-202
-253
-213
-157
19
-6
77
93
256
314
437
408
399
270
214
51
-22
35
191
244
258
281
277
156
113
105
129
106
62
49
138
211
263
414
408
364
264
265
175
86
83
42
26
65
27
90
120
137
220
385
443
380
387
252
191
72
91
164
178
184
170
162
221
253
286
225
211
172
207
188
180
253
257
337
228
248
128
51
-61
-103
-60
141
175
290
378
401
360
357
340
267
224
112
113
95
194
280
383
200
185
95
91
17
-7
44
104
144
198
230
168
110
102
136
156
224
213
147
113
70
4
45
51
140
249
135
166
118
102
158
29
-7
-94
0
-56
-93
-62
-43
-31
21
10
66
-21
-61
4
148
265
264
348
348
291
186
143
52
-43
-105
-139
-115
-69
-43
29
132
39
-60
4
-73
-173
-241
-153
-208
-191
-186
-191
-292
-391
-377
-269
-150
-120
-59
-125
-133
-147
-99
-31
-106
-119
-96
-201
-167
-191
-141
-170
-227
-274
-208
-175
-175
-74
33
21
51
-47
-71
-212
-359
-349
-263
-166
-152
-77
-70
-91
-186
-68
-118
-134
-160
-189
-149
-162
-39
40
25
-13
-55
-61
-160
-275
-291
-270
-280
-233
-230
-205
-229
-234
-265
-245
-178
-132
-162
-190
-202
-253
-213
-157
-104
-131
-169
-99
-123
-49
-14
17
-109
-85
-1
-20
-20
-6
5
58
-22
-77
-88
-177
-294
-319
-303
-179
-77
-21
121
100
101
55
56
36
-65
-125
-151
-233
-126
-109
28
-13
-18
8
34
-5
-68
-88
-127
-62
-46
3
-30
-145
-151
-167
-135
-160
-141
-167
-135
-111
-117
-53
-42
-18
-60
-119
-189
-156
-142
-151
-243
-307
-307
-255
-326
-351
-276
-229
-193
-158
-105
-116
-200
-290
-265
-200
-55
-80
15
96
132
59
51
-22
-137
-128
-135
-141
-61
-27
81
85
20
-54
-33
-24
-152
-218
-169
-141
-112
-71
-74
-88
-156
-114
-50
104
132
131
113
101
101
86
81
47
29
-1
-61
-82
-126
-94
-93
-102
-142
-111
-65
-35
19
70
85
89
66
4
-133
-239
-277
-187
-89
-30
65
123
105
128
167
237
175
68
29
29
9
91
139
138
102
18
28
-109
-114
-159
-64
-40
-1
58
52
91
19
-60
-54
-12
25
30
35
47
53
103
163
147
174
104
42
26
98
109
174
29
30
84
106
76
55
96
92
89
26
-16
-83
-119
-123
-118
-68
107
188
292
265
284
244
186
160
105
70
71
61
146
162
166
117
73
56
145
151
123
62
104
172
225
261
202
188
110
-157
-104
-131
-169
-99
-123
-49
-14
17
-109
-85
-1
-20
-20
-6
5
58
-22
-77
-88
-177
-294
-319
-303
-179
-77
-21
121
100
101
55
56
36
-65
-125
-151
-233
-126
-109
28
-13
-18
8
34
-5
-68
-88
-127
-62
-46
3
-30
-145
-151
-167
-135
-160
-141
-167
-135
-111
-117
-53
-42
-18
-60
-119
-189
-156
-142
-151
-243
-307
-307
-255
-326
-351
-276
-229
-193
-158
-105
-116
-200
-290
-265
-200
-55
-80
15
96
132
59
51
-22
-137
-128
-135
-141
-61
-27
81
85
20
-54
-33
-24
-152
-218
-169
-141
-112
-71
-74
-88
-156
-114
-50
104
132
131
113
101
101
86
81
47
29
-1
-61
-82
-126
-94
-93
-102
-142
-111
-65
-35
19
70
85
89
66
4
-133
-239
-277
-187
-89
-30
65
123
105
128
167
237
175
68
29
29
9
91
139
138
102
18
28
-109
-114
-159
-64
-40
-1
58
52
91
19
-60
-54
-12
25
30
35
47
53
103
163
147
174
104
42
26
98
109
174
29
30
84
106
76
55
96
92
89
26
-16
-83
-119
-123
-118
-68
107
188
292
265
284
244
186
160
105
70
71
61
146
162
166
117
73
56
145
151
123
62
104
172
225
261
202
188
110
125
57
126
127
126
182
216
219
210
269
300
278
219
131
64
31
-21
-60
-102
-56
32
30
-30
-93
-56
-68
-9
63
76
9
-82
-140
-29
33
64
144
173
158
117
-7
-34
-104
-39
-23
4
48
65
79
85
51
26
17
-80
-92
-100
-57
6
167
209
268
201
110
-41
-6
41
155
217
246
332
356
323
369
298
341
333
243
133
31
-47
-77
58
72
112
166
162
50
83
123
163
140
198
69
-20
-100
-17
36
115
180
236
198
148
164
169
155
155
89
135
85
111
39
70
99
86
43
-31
-159
-242
-161
-51
73
206
209
171
91
8
-94
-49
-17
56
114
134
168
175
189
164
151
108
37
-3
5
-9
-27
-34
20
33
55
-6
-112
-110
-119
-92
-60
-102
-139
-135
-180
-186
-181
-101
-7
80
95
100
4
-46
-124
-158
-135
-116
-74
-46
-59
-64
-125
-159
-181
-138
-167
-198
-225
-160
-76
32
114
103
158
-2
-88
-207
-208
-237
-70
77
156
167
95
63
-34
-81
-113
-122
-168
-103
-158
-171
-156
-155
-109
-86
-179
-253
-276
-229
-172
-59
32
-25
-71
-201
-273
-164
-150
29
136
149
105
-31
-134
-240
-213
-143
-98
-65
-101
-113
-108
-165
-132
-154
-99
110
125
57
126
127
126
182
216
219
210
269
300
278
219
131
64
31
-21
-60
-102
-56
32
30
-30
-93
-56
-68
-9
63
76
9
-82
-140
-29
33
64
144
173
158
117
-7
-34
-104
-39
-23
4
48
65
79
85
51
26
17
-80
-92
-100
-57
6
167
209
268
201
110
-41
-6
41
155
217
246
332
356
323
369
298
341
333
243
133
31
-47
-77
58
72
112
166
162
50
83
123
163
140
198
69
-20
-100
-17
36
115
180
236
198
148
164
169
155
155
89
135
85
111
39
70
99
86
43
-31
-159
-242
-161
-51
73
206
209
171
91
8
-94
-49
-17
56
114
134
168
175
189
164
151
108
37
-3
5
-9
-27
-34
20
33
55
-6
-112
-110
-119
-92
-60
-102
-139
-135
-180
-186
-181
-101
-7
80
95
100
4
-46
-124
-158
-135
-116
-74
-46
-59
-64
-125
-159
-181
-138
-167
-198
-225
-160
-76
32
114
103
158
-2
-88
-207
-208
-237
-70
77
156
167
95
63
-34
-81
-113
-122
-168
-103
-158
-171
-156
-155
-109
-86
-179
-253
-276
-229
-172
-59
32
-25
-71
-201
-273
-164
-150
29
136
149
105
-31
-134
-240
-213
-143
-98
-65
-101
-113
-108
-165
-132
-154
-99
-158
-236
-275
-179
-126
-18
24
40
-126
-262
-316
-328
-230
-98
-28
55
63
53
-6
-131
-72
-66
-189
-223
-287
-371
-316
-246
-131
-32
3
-26
-125
-197
-174
-133
-73
-22
37
-25
-82
-77
-51
-10
47
79
81
52
-13
-17
-60
-112
-51
-28
-56
-92
-152
-125
-75
34
-46
-66
-165
-207
-212
-158
-78
42
90
132
-10
-138
-294
-251
-248
-221
-30
75
181
171
161
90
8
-43
-90
-70
-86
-94
-80
-82
-121
-20
-20
-62
-99
-117
-110
-131
-203
-202
-215
-198
-166
-254
-236
-217
-161
-65
-55
31
-6
-136
-168
-289
-235
-230
-153
-128
-103
-189
-223
-324
-279
-311
-289
-331
-353
-302
-245
-208
-142
-159
-134
-131
-231
-323
-371
-296
-195
-26
63
137
169
67
-30
-89
-117
-169
-185
-214
-195
-145
-156
-3
-50
40
-21
-157
-194
-137
-139
-76
-52
-42
-78
-186
-215
-230
-175
-12
55
163
85
-5
-93
-194
-176
-135
-35
-50
-18
-51
-75
-142
-126
-117
-133
-204
-265
-217
-97
-55
39
25
76
-34
-188
-302
-281
-219
-135
-86
14
39
-28
-106
-146
-170
-163
-189
-263
-358
-434
-417
-344
-188
-148
-34
-4
-78
-172
-164
-218
-154
-158
-109
-133
-106
-147
-149
-86
-15
34
100
133
106
153
50
6
-55
-99
-158
-236
-275
-179
-126
-18
24
40
-126
-262
-316
-328
-230
-98
-28
55
63
53
-6
-131
-72
-66
-189
-223
-287
-371
-316
-246
-131
-32
3
-26
-125
-197
-174
-133
-73
-22
37
-25
-82
-77
-51
-10
47
79
81
52
-13
-17
-60
-112
-51
-28
-56
-92
-152
-125
-75
34
-46
-66
-165
-207
-212
-158
-78
42
90
132
-10
-138
-294
-251
-248
-221
-30
75
181
171
161
90
8
-43
-90
-70
-86
-94
-80
-82
-121
-20
-20
-62
-99
-117
-110
-131
-203
-202
-215
-198
-166
-254
-236
-217
-161
-65
-55
31
-6
-136
-168
-289
-235
-230
-153
-128
-103
-189
-223
-324
-279
-311
-289
-331
-353
-302
-245
-208
-142
-159
-134
-131
-231
-323
-371
-296
-195
-26
63
137
169
67
-30
-89
-117
-169
-185
-214
-195
-145
-156
-3
-50
40
-21
-157
-194
-137
-139
-76
-52
-42
-78
-186
-215
-230
-175
-12
55
163
85
-5
-93
-194
-176
-135
-35
-50
-18
-51
-75
-142
-126
-117
-133
-204
-265
-217
-97
-55
39
25
76
-34
-188
-302
-281
-219
-135
-86
14
39
-28
-106
-146
-170
-163
-189
-263
-358
-434
-417
-344
-188
-148
-34
-4
-78
-172
-164
-218
-154
-158
-109
-133
-106
-147
-149
-86
-15
34
100
133
106
153
50
6
-55
-38
-92
-101
-165
-131
-74
3
-66
-57
-147
-194
-231
-150
-111
-23
10
53
-1
-91
-205
-201
-248
-258
-110
11
107
143
153
93
-18
-78
-88
-107
-115
-83
-157
-108
-74
-60
-58
-96
-70
-79
11
-38
-75
-147
-120
-131
-118
-159
-98
-107
7
71
143
174
160
50
26
-33
-70
-32
24
-12
-1
-8
-33
-74
-88
-34
-1
-19
-83
-15
6
15
23
82
86
-155
61
-83
-105
-195
-184
-88
14
133
144
130
147
126
122
101
23
-11
-60
-121
-76
-80
36
59
136
77
18
-26
27
36
71
95
78
54
-28
-88
-107
-48
68
186
226
195
64
-52
-125
-147
-116
-27
36
19
5
-36
-69
-74
-55
-57
-119
-148
-178
-75
-7
1
27
-28
-95
-203
-236
-288
-205
-88
60
128
34
49
-78
-70
-107
-82
-157
-183
-303
-341
-350
-318
-246
-232
-149
-146
-149
-153
-123
-106
-104
-150
-128
-215
-268
-281
-251
-208
-170
-139
-21
-56
-27
-30
-105
-162
-138
-173
-171
-201
-200
-166
-147
-154
-143
-190
-187
-276
-257
-252
-180
-109
-34
-41
-9
-185
-231
-320
-286
-299
-226
-41
-38
-10
-58
-182
-278
-294
-266
-268
-248
-273
-297
-264
-208
-154
-91
-108
-45
-102
-69
-58
-87
-112
-70
-11
-148
-190
-216
-199
61
-83
-105
-195
-184
-88
14
133
144
130
147
126
122
101
23
-11
-60
-121
-76
-80
36
59
136
77
18
-26
27
36
71
95
78
54
-28
-88
-107
-48
68
186
226
195
64
-52
-125
-147
-116
-27
36
19
5
-36
-69
-74
-55
-57
-119
-148
-178
-75
-7
1
27
-28
-95
-203
-236
-288
-205
-88
60
128
34
49
-78
-70
-107
-82
-157
-183
-303
-341
-350
-318
-246
-232
-149
-146
-149
-153
-123
-106
-104
-150
-128
-215
-268
-281
-251
-208
-170
-139
-21
-56
-27
-30
-105
-162
-138
-173
-171
-201
-200
-166
-147
-154
-143
-190
-187
-276
-257
-252
-180
-109
-34
-41
-9
-185
-231
-320
-286
-299
-226
-41
-38
-10
-58
-182
-278
-294
-266
-268
-248
-273
-297
-264
-208
-154
-91
-108
-45
-102
-69
-58
-87
-112
-70
-11
-148
-190
-216
-199
-179
-85
-35
19
36
-53
-212
-178
-149
-123
-82
-98
-161
-171
-267
-256
-179
-76
-105
-25
-96
-133
-139
-174
-154
-124
-27
-59
-137
-264
-317
-341
-260
-198
-36
8
-74
-83
-125
-76
-69
-111
-86
-174
-231
-217
-229
-168
-115
-72
-121
-186
-221
-183
-155
-142
-72
-11
-62
-140
-160
-179
-169
-68
-15
88
8
-18
-94
-130
-182
-138
-177
-75
-102
-168
-166
-153
-190
-212
-230
-242
-232
-228
-164
-130
-131
-159
-206
-335
-358
-371
-321
-269
-195
-71
-34
-17
-46
-159
-104
-125
-138
-124
-171
-221
-304
-322
-276
-237
-174
-127
-71
-89
-113
-78
-124
-134
-136
-109
-113
-166
-162
-180
-181
-144
-149
-64
-40
-39
-43
-126
-111
-78
-53
-73
-74
-84
-26
-45
-63
-111
-85
-107
-108
-129
-59
15
33
94
139
166
68
-29
-89
-33
-59
36
189
239
267
90
46
-4
-6
7
44
71
49
19
48
89
96
145
112
155
104
116
31
78
-39
10
79
71
39
75
109
175
206
279
218
245
175
90
59
103
189
185
192
140
83
20
21
-24
48
103
159
147
188
191
182
168
191
204
182
77
21
-42
-58
-34
114
181
285
192
169
121
130
129
133
100
48
-66
12
61
83
79
123
105
28
-85
-199
-179
-85
-35
19
36
-53
-212
-178
-149
-123
-82
-98
-161
-171
-267
-256
-179
-76
-105
-25
-96
-133
-139
-174
-154
-124
-27
-59
-137
-264
-317
-341
-260
-198
-36
8
-74
-83
-125
-76
-69
-111
-86
-174
-231
-217
-229
-168
-115
-72
-121
-186
-221
-183
-155
-142
-72
-11
-62
-140
-160
-179
-169
-68
-15
88
8
-18
-94
-130
-182
-138
-177
-75
-102
-168
-166
-153
-190
-212
-230
-242
-232
-228
-164
-130
-131
-159
-206
-335
-358
-371
-321
-269
-195
-71
-34
-17
-46
-159
-104
-125
-138
-124
-171
-221
-304
-322
-276
-237
-174
-127
-71
-89
-113
-78
-124
-134
-136
-109
-113
-166
-162
-180
-181
-144
-149
-64
-40
-39
-43
-126
-111
-78
-53
-73
-74
-84
-26
-45
-63
-111
-85
-107
-108
-129
-59
15
33
94
139
166
68
-29
-89
-33
-59
36
189
239
267
90
46
-4
-6
7
44
71
49
19
48
89
96
145
112
155
104
116
31
78
-39
10
79
71
39
75
109
175
206
279
218
245
175
90
59
103
189
185
192
140
83
20
21
-24
48
103
159
147
188
191
182
168
191
204
182
77
21
-42
-58
-34
114
181
285
192
169
121
130
129
133
100
48
-66
12
61
83
79
123
105
28
-85
39
51
64
132
179
213
118
83
100
127
169
254
269
294
151
91
-11
40
76
117
145
176
105
106
25
38
-28
20
32
45
27
91
125
94
107
92
56
-17
-129
-113
-11
-26
123
266
284
161
171
88
85
88
55
-17
-27
-107
-101
-103
-8
28
102
161
152
113
79
137
129
59
94
133
114
81
26
-1
2
-2
51
76
61
65
-49
33
36
66
56
80
59
60
60
68
-3
12
-12
27
43
47
137
199
186
136
135
52
-18
-94
-92
-48
-1
107
197
195
126
36
-49
-56
-72
-29
-49
-16
-35
-18
25
33
-21
19
18
-53
-126
-80
-79
-111
-140
-143
-115
-100
-129
-84
-77
-64
-47
-70
-75
-132
-170
-187
-107
-65
16
-23
-56
-107
-141
-204
-180
-147
-85
-57
-43
-50
5
60
27
26
51
16
-38
-120
-175
-112
-136
-32
62
90
114
5
-34
-95
-114
-143
-142
-145
-146
-122
-85
-74
-27
-98
-105
-120
-175
-184
-209
-200
-94
-30
32
-46
-61
-128
-137
-62
1
63
28
25
-73
-74
-59
-47
56
123
59
66
25
9
-78
-131
-96
-92
-48
-24
18
75
122
88
73
67
-25
-97
-107
-73
-46
81
195
222
239
172
165
51
25
26
-37
-58
-85
39
51
64
132
179
213
118
83
100
127
169
254
269
294
151
91
-11
40
76
117
145
176
105
106
25
38
-28
20
32
45
27
91
125
94
107
92
56
-17
-129
-113
-11
-26
123
266
284
161
171
88
85
88
55
-17
-27
-107
-101
-103
-8
28
102
161
152
113
79
137
129
59
94
133
114
81
26
-1
2
-2
51
76
61
65
-49
33
36
66
56
80
59
60
60
68
-3
12
-12
27
43
47
137
199
186
136
135
52
-18
-94
-92
-48
-1
107
197
195
126
36
-49
-56
-72
-29
-49
-16
-35
-18
25
33
-21
19
18
-53
-126
-80
-79
-111
-140
-143
-115
-100
-129
-84
-77
-64
-47
-70
-75
-132
-170
-187
-107
-65
16
-23
-56
-107
-141
-204
-180
-147
-85
-57
-43
-50
5
60
27
26
51
16
-38
-120
-175
-112
-136
-32
62
90
114
5
-34
-95
-114
-143
-142
-145
-146
-122
-85
-74
-27
-98
-105
-120
-175
-184
-209
-200
-94
-30
32
-46
-61
-128
-137
-62
1
63
28
25
-73
-74
-59
-47
56
123
59
66
25
9
-78
-131
-96
-92
-48
-24
18
75
122
88
73
67
-25
-97
-107
-73
-46
81
195
222
239
172
165
51
25
26
-37
-58
-95
-86
-72
-24
-16
8
55
74
38
-12
-8
17
4
-1
27
15
26
-18
21
-37
-17
54
75
120
62
43
51
63
100
88
89
110
98
49
29
-52
-101
-117
-84
-42
-86
36
51
99
96
93
24
-47
-135
-151
-152
-81
14
56
110
68
38
-3
-30
-44
-60
-15
20
11
-20
14
-7
-45
-52
-18
-32
-92
-121
-132
-165
-174
-162
-131
-109
-107
-99
-93
-79
-77
-25
-38
-5
-114
-33
-87
-16
-23
24
-29
37
-28
-78
-88
-147
-100
-75
22
35
96
106
125
129
116
89
13
-6
-53
-57
-32
-39
55
123
192
162
202
136
91
28
28
9
61
53
157
136
41
82
76
101
113
123
184
206
137
210
229
153
147
163
207
236
242
281
253
245
210
184
222
205
174
270
275
280
274
276
256
163
87
114
126
197
303
411
428
392
346
289
223
219
201
215
213
278
356
397
352
393
355
357
312
259
188
143
167
172
192
208
211
212
260
263
270
234
278
259
269
272
256
263
297
234
265
226
206
191
291
271
287
163
239
231
217
242
174
194
230
253
224
187
80
23
-10
4
16
52
182
207
184
246
133
108
7
16
29
113
101
-58
-95
-86
-72
-24
-16
8
55
74
38
-12
-8
17
4
-1
27
15
26
-18
21
-37
-17
54
75
120
62
43
51
63
100
88
89
110
98
49
29
-52
-101
-117
-84
-42
-86
36
51
99
96
93
24
-47
-135
-151
-152
-81
14
56
110
68
38
-3
-30
-44
-60
-15
20
11
-20
14
-7
-45
-52
-18
-32
-92
-121
-132
-165
-174
-162
-131
-109
-107
-99
-93
-79
-77
-25
-38
-5
-114
-33
-87
-16
-23
24
-29
37
-28
-78
-88
-147
-100
-75
22
35
96
106
125
129
116
89
13
-6
-53
-57
-32
-39
55
123
192
162
202
136
91
28
28
9
61
53
157
136
41
82
76
101
113
123
184
206
137
210
229
153
147
163
207
236
242
281
253
245
210
184
222
205
174
270
275
280
274
276
256
163
87
114
126
197
303
411
428
392
346
289
223
219
201
215
213
278
356
397
352
393
355
357
312
259
188
143
167
172
192
208
211
212
260
263
270
234
278
259
269
272
256
263
297
234
265
226
206
191
291
271
287
163
239
231
217
242
174
194
230
253
224
187
80
23
-10
4
16
52
182
207
184
246
133
108
7
16
29
113
101
172
199
207
166
151
96
113
63
41
19
45
69
96
95
52
63
32
29
-6
16
33
24
6
-10
-31
-67
-59
-28
18
73
87
70
134
132
34
68
44
83
54
75
-4
2
-11
-51
4
-64
-63
-62
-122
-92
-50
29
66
21
36
-4
-37
-81
-92
-91
-63
-44
20
68
101
135
153
125
101
43
1
-57
8
42
99
91
33
51
28
72
22
89
68
162
134
112
154
115
105
62
111
82
137
132
110
88
58
45
-49
-15
-53
5
-26
-91
23
-57
-63
-179
-220
-225
-105
-39
-10
-18
-11
4
-24
14
-111
-112
-171
-178
-176
-128
-127
-60
-16
8
-24
-36
-41
-28
-85
-100
-161
-91
-134
-81
-113
-125
-96
-101
-126
-130
-96
-124
-141
-139
-82
-114
-144
-159
-248
-237
-258
-202
-186
-170
-151
-146
-176
-139
-135
-148
-152
-195
-187
-204
-216
-214
-267
-274
-290
-307
-285
-233
-144
-143
-143
-124
-156
-225
-259
-235
-196
-114
-64
46
70
105
60
5
-3
-46
27
-69
-58
-91
-8
-36
27
-14
-34
0
44
65
57
69
74
61
95
98
15
5
-17
-12
-46
-70
-41
-15
-114
-82
-85
-50
-59
-23
-27
-71
-64
-96
-105
-197
-167
-122
-138
-164
-142
-73
-74
-31
101
172
199
207
166
151
96
113
63
41
19
45
69
96
95
52
63
32
29
-6
16
33
24
6
-10
-31
-67
-59
-28
18
73
87
70
134
132
34
68
44
83
54
75
-4
2
-11
-51
4
-64
-63
-62
-122
-92
-50
29
66
21
36
-4
-37
-81
-92
-91
-63
-44
20
68
101
135
153
125
101
43
1
-57
8
42
99
91
33
51
28
72
22
89
68
162
134
112
154
115
105
62
111
82
137
132
110
88
58
45
-49
-15
-53
5
-26
-91
23
-57
-63
-179
-220
-225
-105
-39
-10
-18
-11
4
-24
14
-111
-112
-171
-178
-176
-128
-127
-60
-16
8
-24
-36
-41
-28
-85
-100
-161
-91
-134
-81
-113
-125
-96
-101
-126
-130
-96
-124
-141
-139
-82
-114
-144
-159
-248
-237
-258
-202
-186
-170
-151
-146
-176
-139
-135
-148
-152
-195
-187
-204
-216
-214
-267
-274
-290
-307
-285
-233
-144
-143
-143
-124
-156
-225
-259
-235
-196
-114
-64
46
70
105
60
5
-3
-46
27
-69
-58
-91
-8
-36
27
-14
-34
0
44
65
57
69
74
61
95
98
15
5
-17
-12
-46
-70
-41
-15
-114
-82
-85
-50
-59
-23
-27
-71
-64
-96
-105
-197
-167
-122
-138
-164
-142
-73
-74
-31
-36
-26
-84
-87
-127
-163
-150
-149
-102
-81
7
24
95
73
15
32
-24
-41
-41
-2
35
66
87
38
63
54
110
-14
31
29
93
106
96
143
137
132
112
102
54
101
110
179
144
177
185
131
155
128
145
148
167
162
173
127
114
57
48
93
114
93
159
151
211
161
159
131
103
80
109
79
72
93
97
153
105
120
50
61
50
-2
-12
-26
-20
-23
17
-16
71
75
13
48
75
84
70
117
172
122
108
99
75
110
110
131
161
200
127
155
156
133
136
172
155
168
182
175
167
150
128
102
103
90
105
113
171
211
252
274
257
224
164
179
108
111
207
236
252
274
282
286
220
189
185
207
169
171
121
125
155
158
201
181
208
207
235
262
237
235
280
244
265
220
197
208
207
248
235
196
160
151
79
98
113
139
144
126
121
87
86
103
50
46
40
-23
-4
8
21
61
67
78
85
73
100
68
52
-5
17
16
87
107
188
170
151
153
150
103
67
-1
36
30
49
57
56
23
94
1
43
32
75
52
97
114
98
76
13
-2
-49
-64
-54
-5
15
-9
38
-25
-82
-102
-65
-72
-73
-61
-66
-30
-31
-36
-26
-84
-87
-127
-163
-150
-149
-102
-81
7
24
95
73
15
32
-24
-41
-41
-2
35
66
87
38
63
54
110
-14
31
29
93
106
96
143
137
132
112
102
54
101
110
179
144
177
185
131
155
128
145
148
167
162
173
127
114
57
48
93
114
93
159
151
211
161
159
131
103
80
109
79
72
93
97
153
105
120
50
61
50
-2
-12
-26
-20
-23
17
-16
71
75
13
48
75
84
70
117
172
122
108
99
75
110
110
131
161
200
127
155
156
133
136
172
155
168
182
175
167
150
128
102
103
90
105
113
171
211
252
274
257
224
164
179
108
111
207
236
252
274
282
286
220
189
185
207
169
171
121
125
155
158
201
181
208
207
235
262
237
235
280
244
265
220
197
208
207
248
235
196
160
151
79
98
113
139
144
126
121
87
86
103
50
46
40
-23
-4
8
21
61
67
78
85
73
100
68
52
-5
17
16
87
107
188
170
151
153
150
103
67
-1
36
30
49
57
56
23
94
1
43
32
75
52
97
114
98
76
13
-2
-49
-64
-54
-5
15
-9
38
-25
-82
-102
-65
-72
-73
-61
-66
-30
-140
-96
-137
-188
-196
-155
-133
-102
-52
8
-61
-70
-85
-109
-134
-116
-121
-97
-127
-111
-86
-171
-139
-123
-98
-113
-99
-187
-184
-254
-283
-282
-269
-216
-269
-232
-270
-261
-299
-234
-188
-171
-205
-226
-225
-268
-299
-269
-260
-244
-245
-265
-233
-230
-145
-146
-95
-88
-104
-158
-211
-179
-143
-166
-136
-143
-161
-152
-161
-123
-103
-58
-59
-51
-72
-64
-93
-104
-151
-67
-38
-20
-5
9
-14
-39
-94
-74
-79
-70
-45
-77
-56
-73
-67
-105
-138
-177
-170
-191
-165
-132
-103
-160
-187
-174
-204
-218
-226
-244
-180
-163
-225
-234
-221
-214
-169
-161
-159
-167
-174
-204
-154
-199
-224
-227
-189
-154
-148
-135
-103
-95
-55
-117
-82
-122
-113
-124
-132
-107
-124
-116
-149
-89
-123
-122
-115
-142
-147
-176
-155
-139
-229
-138
-144
-183
-177
-170
-185
-195
-220
-195
-216
-206
-124
-74
-89
-96
-121
-152
-172
-193
-114
-109
-41
-25
7
-5
2
-80
-65
-66
-26
15
-53
-21
-5
5
-29
-34
-94
-28
-39
-41
2
38
47
57
41
4
-27
0
10
-1
51
56
38
54
11
-11
-81
-77
-92
-53
-52
-10
-23
-7
-22
-23
-61
-26
-66
-50
-52
-45
6
18
78
110
146
116
63
45
38
20
6
46
83
104
-30
-140
-96
-137
-188
-196
-155
-133
-102
-52
8
-61
-70
-85
-109
-134
-116
-121
-97
-127
-111
-86
-171
-139
-123
-98
-113
-99
-187
-184
-254
-283
-282
-269
-216
-269
-232
-270
-261
-299
-234
-188
-171
-205
-226
-225
-268
-299
-269
-260
-244
-245
-265
-233
-230
-145
-146
-95
-88
-104
-158
-211
-179
-143
-166
-136
-143
-161
-152
-161
-123
-103
-58
-59
-51
-72
-64
-93
-104
-151
-67
-38
-20
-5
9
-14
-39
-94
-74
-79
-70
-45
-77
-56
-73
-67
-105
-138
-177
-170
-191
-165
-132
-103
-160
-187
-174
-204
-218
-226
-244
-180
-163
-225
-234
-221
-214
-169
-161
-159
-167
-174
-204
-154
-199
-224
-227
-189
-154
-148
-135
-103
-95
-55
-117
-82
-122
-113
-124
-132
-107
-124
-116
-149
-89
-123
-122
-115
-142
-147
-176
-155
-139
-229
-138
-144
-183
-177
-170
-185
-195
-220
-195
-216
-206
-124
-74
-89
-96
-121
-152
-172
-193
-114
-109
-41
-25
7
-5
2
-80
-65
-66
-26
15
-53
-21
-5
5
-29
-34
-94
-28
-39
-41
2
38
47
57
41
4
-27
0
10
-1
51
56
38
54
11
-11
-81
-77
-92
-53
-52
-10
-23
-7
-22
-23
-61
-26
-66
-50
-52
-45
6
18
78
110
146
116
63
45
38
20
6
46
83
104
127
119
137
104
112
98
72
53
85
91
137
120
112
136
117
92
118
99
124
111
97
90
71
82
40
55
117
102
56
22
50
31
41
-36
-17
-51
1
-17
-5
33
58
48
21
16
-4
-19
38
-18
-17
84
76
102
78
101
53
27
-17
-28
-55
-63
-88
-69
-72
-56
-42
-25
-3
-7
18
-41
-49
-56
-54
-10
5
33
19
22
-11
24
26
42
-5
21
-48
-24
-86
-56
-36
-17
-34
-7
16
19
40
13
15
-7
-23
-44
-29
-2
-18
26
30
-27
-33
-41
-38
-74
-71
-28
9
28
17
-20
-44
-64
-93
-118
-86
-89
-76
-23
-13
-68
-34
-34
8
0
8
-37
-44
-67
-59
-48
-60
-24
26
-16
63
49
49
132
90
70
59
8
71
59
103
106
89
91
66
67
66
26
1
15
2
24
59
48
81
46
62
8
-32
-24
-15
1
3
-27
25
17
55
60
51
18
18
-27
-35
-51
-106
-23
4
59
37
68
138
65
90
88
39
30
13
35
38
84
66
101
41
82
95
126
105
125
99
107
134
113
137
116
228
171
124
116
119
131
67
94
148
125
161
166
148
166
161
95
87
53
52
69
48
59
48
77
78
83
104
127
119
137
104
112
98
72
53
85
91
137
120
112
136
117
92
118
99
124
111
97
90
71
82
40
55
117
102
56
22
50
31
41
-36
-17
-51
1
-17
-5
33
58
48
21
16
-4
-19
38
-18
-17
84
76
102
78
101
53
27
-17
-28
-55
-63
-88
-69
-72
-56
-42
-25
-3
-7
18
-41
-49
-56
-54
-10
5
33
19
22
-11
24
26
42
-5
21
-48
-24
-86
-56
-36
-17
-34
-7
16
19
40
13
15
-7
-23
-44
-29
-2
-18
26
30
-27
-33
-41
-38
-74
-71
-28
9
28
17
-20
-44
-64
-93
-118
-86
-89
-76
-23
-13
-68
-34
-34
8
0
8
-37
-44
-67
-59
-48
-60
-24
26
-16
63
49
49
132
90
70
59
8
71
59
103
106
89
91
66
67
66
26
1
15
2
24
59
48
81
46
62
8
-32
-24
-15
1
3
-27
25
17
55
60
51
18
18
-27
-35
-51
-106
-23
4
59
37
68
138
65
90
88
39
30
13
35
38
84
66
101
41
82
95
126
105
125
99
107
134
113
137
116
228
171
124
116
119
131
67
94
148
125
161
166
148
166
161
95
87
53
52
69
48
59
48
77
78
83
71
61
95
17
0
-5
49
57
35
78
64
23
59
50
26
64
-12
-28
-34
-42
-48
-23
-68
-30
-76
-68
-72
-57
-87
-9
15
24
-1
37
89
72
77
81
73
113
122
125
111
128
113
76
16
52
44
48
62
32
38
9
67
-60
-32
25
67
116
85
147
111
160
105
81
82
83
61
91
53
30
24
-17
-15
-60
-25
-26
-40
-97
-100
-103
-109
-71
-124
-39
-14
3
18
14
32
0
24
-34
32
-31
-20
23
42
27
66
97
101
77
104
139
104
122
145
143
139
112
95
114
80
110
76
67
84
109
123
149
151
167
172
161
110
103
149
72
105
52
45
-4
14
-9
8
-39
-28
3
23
-3
-41
-42
-57
-40
-69
-52
-49
-33
-51
-2
17
-7
5
7
-20
-16
5
32
0
79
101
98
104
84
67
42
16
-11
41
15
56
70
85
61
33
5
-15
-11
11
-22
-2
2
5
45
77
73
25
29
-17
16
-25
-44
-89
-68
-88
-95
-93
-85
-156
-134
-117
-116
-141
-168
-216
-179
-181
-193
-167
-175
-196
-213
-221
-217
-224
-226
-212
-218
-204
-223
-226
-196
-187
-220
-197
-259
-226
-289
-265
-313
-204
-191
-179
-120
-103
-188
-185
-177
83
71
61
95
17
0
-5
49
57
35
78
64
23
59
50
26
64
-12
-28
-34
-42
-48
-23
-68
-30
-76
-68
-72
-57
-87
-9
15
24
-1
37
89
72
77
81
73
113
122
125
111
128
113
76
16
52
44
48
62
32
38
9
67
-60
-32
25
67
116
85
147
111
160
105
81
82
83
61
91
53
30
24
-17
-15
-60
-25
-26
-40
-97
-100
-103
-109
-71
-124
-39
-14
3
18
14
32
0
24
-34
32
-31
-20
23
42
27
66
97
101
77
104
139
104
122
145
143
139
112
95
114
80
110
76
67
84
109
123
149
151
167
172
161
110
103
149
72
105
52
45
-4
14
-9
8
-39
-28
3
23
-3
-41
-42
-57
-40
-69
-52
-49
-33
-51
-2
17
-7
5
7
-20
-16
5
32
0
79
101
98
104
84
67
42
16
-11
41
15
56
70
85
61
33
5
-15
-11
11
-22
-2
2
5
45
77
73
25
29
-17
16
-25
-44
-89
-68
-88
-95
-93
-85
-156
-134
-117
-116
-141
-168
-216
-179
-181
-193
-167
-175
-196
-213
-221
-217
-224
-226
-212
-218
-204
-223
-226
-196
-187
-220
-197
-259
-226
-289
-265
-313
-204
-191
-179
-120
-103
-188
-185
-177
-154
-183
-183
-194
-155
-155
-131
-106
-93
-103
-153
-173
-156
-246
-233
-233
-210
-210
-247
-230
-228
-217
-212
-219
-212
-205
-177
-191
-173
-215
-177
-206
-160
-165
-164
-190
-189
-188
-186
-179
-181
-126
-181
-132
-168
-129
-177
-139
-166
-191
-149
-97
-121
-145
-104
-117
-32
-45
-18
-48
-33
-71
-83
-91
-79
-90
-58
-92
-28
-64
3
-98
-44
-105
-77
-108
-99
-133
-199
-181
-138
-122
-108
-125
-93
-115
-130
-142
-143
-219
-132
-169
-195
-204
-225
-146
-192
-236
-261
-190
-233
-222
-238
-194
-267
-223
-211
-179
-229
-236
-248
-258
-183
-216
-254
-173
-170
-140
-170
-130
-141
-131
-135
-141
-192
-213
-211
-214
-156
-197
-110
-82
-57
-106
-101
-127
-136
-86
-75
-54
-43
-107
-99
-103
-68
-45
-25
-47
0
-31
-23
-93
-89
-82
2
58
32
65
14
25
0
16
47
91
105
113
95
87
107
112
93
48
54
55
26
28
54
79
65
71
105
105
123
118
72
111
41
90
24
8
-22
-13
0
22
34
30
32
21
20
24
14
64
85
117
79
111
108
160
117
112
82
98
62
80
66
53
16
30
59
73
133
134
97
115
132
134
123
87
71
48
57
35
8
-12
88
23
-2
5
24
30
-177
-154
-183
-183
-194
-155
-155
-131
-106
-93
-103
-153
-173
-156
-246
-233
-233
-210
-210
-247
-230
-228
-217
-212
-219
-212
-205
-177
-191
-173
-215
-177
-206
-160
-165
-164
-190
-189
-188
-186
-179
-181
-126
-181
-132
-168
-129
-177
-139
-166
-191
-149
-97
-121
-145
-104
-117
-32
-45
-18
-48
-33
-71
-83
-91
-79
-90
-58
-92
-28
-64
3
-98
-44
-105
-77
-108
-99
-133
-199
-181
-138
-122
-108
-125
-93
-115
-130
-142
-143
-219
-132
-169
-195
-204
-225
-146
-192
-236
-261
-190
-233
-222
-238
-194
-267
-223
-211
-179
-229
-236
-248
-258
-183
-216
-254
-173
-170
-140
-170
-130
-141
-131
-135
-141
-192
-213
-211
-214
-156
-197
-110
-82
-57
-106
-101
-127
-136
-86
-75
-54
-43
-107
-99
-103
-68
-45
-25
-47
0
-31
-23
-93
-89
-82
2
58
32
65
14
25
0
16
47
91
105
113
95
87
107
112
93
48
54
55
26
28
54
79
65
71
105
105
123
118
72
111
41
90
24
8
-22
-13
0
22
34
30
32
21
20
24
14
64
85
117
79
111
108
160
117
112
82
98
62
80
66
53
16
30
59
73
133
134
97
115
132
134
123
87
71
48
57
35
8
-12
88
23
-2
5
24
30
16
63
91
65
73
84
118
141
114
98
63
51
32
9
14
33
24
62
90
94
41
23
-7
-28
10
-12
-13
-18
-11
-12
10
-36
-43
-48
-40
-63
-22
-69
-36
-37
7
-32
23
-34
-49
-88
-104
-84
-81
-55
-95
-82
-111
-65
-113
-64
-165
-109
-158
-136
-133
-131
-129
-77
-106
-122
-88
-112
-102
-132
-204
-212
-265
-152
-195
-168
-184
-155
-147
-127
-127
-153
-185
-184
-175
-167
-176
-154
-201
-135
-147
-167
-76
-141
-141
-181
-150
-170
-161
-152
-85
-135
-50
-102
-120
-121
-96
-93
-109
-78
-115
-88
-74
-51
-99
-63
-85
-93
-136
-165
-208
-182
-169
-189
-220
-206
-228
-206
-200
-224
-220
-275
-303
-330
-328
-322
-318
-321
-350
-362
-329
-274
-287
-299
-312
-367
-337
-342
-352
-342
-326
-334
-279
-244
-232
-238
-317
-257
-284
-243
-224
-241
-242
-160
-179
-147
-141
-147
-186
-146
-76
-98
-117
-153
-59
-75
-49
-47
-56
-77
-84
-125
-125
-152
-142
-133
-116
-65
-105
-87
-131
-106
-105
-67
-49
-58
-104
-76
-58
-98
-105
-99
-115
-57
-52
-66
-94
-94
-143
-111
-99
-103
-105
-82
-103
-55
-28
-3
18
9
-34
4
-17
20
31
79
89
148
139
166
84
77
62
83
99
107
82
72
86
131
30
16
63
91
65
73
84
118
141
114
98
63
51
32
9
14
33
24
62
90
94
41
23
-7
-28
10
-12
-13
-18
-11
-12
10
-36
-43
-48
-40
-63
-22
-69
-36
-37
7
-32
23
-34
-49
-88
-104
-84
-81
-55
-95
-82
-111
-65
-113
-64
-165
-109
-158
-136
-133
-131
-129
-77
-106
-122
-88
-112
-102
-132
-204
-212
-265
-152
-195
-168
-184
-155
-147
-127
-127
-153
-185
-184
-175
-167
-176
-154
-201
-135
-147
-167
-76
-141
-141
-181
-150
-170
-161
-152
-85
-135
-50
-102
-120
-121
-96
-93
-109
-78
-115
-88
-74
-51
-99
-63
-85
-93
-136
-165
-208
-182
-169
-189
-220
-206
-228
-206
-200
-224
-220
-275
-303
-330
-328
-322
-318
-321
-350
-362
-329
-274
-287
-299
-312
-367
-337
-342
-352
-342
-326
-334
-279
-244
-232
-238
-317
-257
-284
-243
-224
-241
-242
-160
-179
-147
-141
-147
-186
-146
-76
-98
-117
-153
-59
-75
-49
-47
-56
-77
-84
-125
-125
-152
-142
-133
-116
-65
-105
-87
-131
-106
-105
-67
-49
-58
-104
-76
-58
-98
-105
-99
-115
-57
-52
-66
-94
-94
-143
-111
-99
-103
-105
-82
-103
-55
-28
-3
18
9
-34
4
-17
20
31
79
89
148
139
166
84
77
62
83
99
107
82
72
86
131
134
208
178
153
144
154
85
115
119
117
143
113
179
85
108
123
185
166
119
102
44
83
114
61
54
119
70
107
117
102
76
66
83
85
176
136
139
159
220
222
261
253
240
209
201
166
170
216
214
197
245
254
235
194
183
145
167
231
212
183
134
155
193
164
76
139
72
139
116
116
79
132
104
162
127
220
207
188
190
190
122
154
137
124
111
139
141
169
243
213
246
198
167
118
157
136
201
148
189
121
183
83
143
125
147
111
148
82
149
103
158
141
183
201
200
149
140
143
177
187
172
264
270
284
231
255
240
233
207
211
179
190
206
220
266
283
262
286
216
209
233
298
303
303
223
265
251
267
228
227
206
214
185
199
178
162
97
180
163
282
215
222
221
250
294
276
219
252
202
147
193
207
277
264
279
235
220
255
256
148
182
170
179
197
213
186
184
165
163
193
223
169
164
122
147
141
137
123
91
85
116
113
140
81
71
56
105
156
121
141
90
112
156
164
157
168
66
78
59
77
98
89
13
106
46
144
110
97
63
6
20
18
33
73
30
13
41
68
92
79
131
134
208
178
153
144
154
85
115
119
117
143
113
179
85
108
123
185
166
119
102
44
83
114
61
83
54
119
70
107
117
102
76
66
85
176
136
139
159
220
222
261
253
240
209
201
166
170
216
214
197
245
254
235
194
183
145
167
231
212
183
134
155
193
164
76
139
72
139
116
116
79
132
104
162
127
220
207
188
190
190
122
154
137
124
111
139
141
169
243
213
246
198
167
118
157
136
201
148
189
121
183
83
143
125
147
111
148
82
149
103
158
141
183
201
200
149
140
143
177
187
172
264
270
284
231
255
240
233
207
211
179
190
206
220
266
283
262
286
216
209
233
298
303
303
223
265
251
267
228
227
206
214
185
199
178
162
97
180
163
282
215
222
221
250
294
276
219
252
202
147
193
207
277
264
279
235
220
255
256
148
182
170
179
197
213
186
184
165
163
193
223
169
164
122
147
141
137
123
91
85
116
113
140
81
71
56
105
156
121
141
90
112
156
164
157
168
66
78
59
77
98
89
13
106
46
144
110
97
63
6
20
18
33
73
30
13
41
68
92
79
73
-2
34
-16
24
32
60
-7
19
33
41
17
-8
13
-17
-15
3
-10
-46
-69
-3
104
87
91
45
36
49
113
68
109
-10
16
39
77
83
115
81
105
35
-3
70
75
62
45
68
137
100
114
89
118
129
65
107
87
104
47
78
56
120
108
127
76
39
43
22
32
35
6
47
40
69
41
63
22
40
72
83
-24
-50
-48
-40
3
-20
38
-46
-92
-114
-49
-22
-25
-61
-128
-103
-50
-60
-16
-40
2
-19
40
20
66
-72
-12
-33
43
3
78
21
46
34
99
45
-1
-9
-35
-76
2
-27
-19
17
-5
16
2
-7
7
12
-40
7
-11
108
19
141
82
113
114
116
120
183
128
174
94
103
144
183
154
136
111
131
136
154
126
116
85
170
182
162
169
147
195
141
171
157
150
93
73
63
135
143
156
110
120
136
164
206
120
61
71
87
58
46
112
18
107
105
169
102
207
98
15
70
108
153
178
212
77
124
76
103
135
144
131
116
111
72
87
89
85
79
95
111
112
145
118
146
103
145
157
123
78
48
108
89
174
194
193
132
36
130
142
206
216
200
231
284
251
315
283
252
239
79
73
-2
34
-16
24
32
60
-7
19
33
41
17
-8
13
-17
-15
3
-10
-46
-69
-3
104
87
91
45
36
49
113
68
109
-10
16
39
77
83
115
81
105
35
-3
70
75
62
45
68
137
100
114
89
118
129
65
107
87
104
47
78
56
120
108
127
76
39
43
22
32
35
6
47
40
69
41
63
22
40
72
83
-24
-50
-48
-40
3
-20
38
-46
-92
-114
-49
-22
-25
-61
-128
-103
-50
-60
-16
-40
2
-19
40
20
66
-72
-12
-33
43
3
78
21
46
34
99
45
-1
-9
-35
-76
2
-27
-19
17
-5
16
2
-7
7
12
-40
7
-11
108
19
141
82
113
114
116
120
183
128
174
94
103
144
183
154
136
111
131
136
154
126
116
85
170
182
162
169
147
195
141
171
157
150
93
73
63
135
143
156
110
120
136
164
206
120
61
71
87
58
46
112
18
107
105
169
102
207
98
15
70
108
153
178
212
77
124
76
103
135
144
131
116
111
72
87
89
85
79
95
111
112
145
118
146
103
145
157
123
78
48
108
89
174
194
193
132
36
130
142
206
216
200
231
284
251
315
283
252
239
183
216
228
210
193
236
232
304
287
269
236
154
153
178
210
229
109
122
98
18
56
50
17
13
-10
-48
49
40
50
5
6
76
-3
29
-24
-45
-29
-107
-40
-39
-44
-48
-40
-76
-55
-8
-13
-20
-34
-45
-36
-67
-62
-52
-53
-66
-26
-45
-6
-41
-60
-56
-106
-61
-22
18
-71
-23
2
8
-3
-36
-35
-122
-95
-74
-51
-32
-18
-45
-22
27
20
27
39
-37
-47
-67
-82
-105
-61
-92
-67
-17
-45
-65
-49
-65
-52
-76
-86
-69
-12
-12
-30
-23
-4
-9
47
48
28
-21
-53
-34
16
-8
-36
-45
-21
-22
-32
-50
-39
-86
-100
-123
-124
-109
-145
-154
-135
-84
-65
-104
-111
-149
-177
-135
-133
-120
-37
-96
-84
-120
-93
-76
-45
-12
-9
-12
6
10
82
77
57
32
56
75
100
154
155
166
137
200
203
223
165
169
184
190
262
229
222
109
90
97
167
180
217
161
151
159
153
195
126
98
107
102
187
168
158
62
108
117
187
150
174
176
133
183
177
179
164
167
147
183
221
261
199
165
144
159
188
265
266
190
170
160
150
142
169
113
69
123
85
117
176
120
110
81
80
169
178
183
191
179
138
128
170
110
239
183
216
228
210
193
236
232
304
287
269
236
154
153
178
210
229
109
122
98
18
56
50
17
13
-10
-48
49
40
50
5
6
76
-3
29
-24
-45
-29
-107
-40
-39
-44
-48
-40
-76
-55
-8
-13
-20
-34
-45
-36
-67
-62
-52
-53
-66
-26
-45
-6
-41
-60
-56
-106
-61
-22
18
-71
-23
2
8
-3
-36
-35
-122
-95
-74
-51
-32
-18
-45
-22
27
20
27
39
-37
-47
-67
-82
-105
-61
-92
-67
-17
-45
-65
-49
-65
-52
-76
-86
-69
-12
-12
-30
-23
-4
-9
47
48
28
-21
-53
-34
16
-8
-36
-45
-21
-22
-32
-50
-39
-86
-100
-123
-124
-109
-145
-154
-135
-84
-65
-104
-111
-149
-177
-135
-133
-120
-37
-96
-84
-120
-93
-76
-45
-12
-9
-12
6
10
82
77
57
32
56
75
100
154
155
166
137
200
203
223
165
169
184
190
262
229
222
109
90
97
167
180
217
161
151
159
153
195
126
98
107
102
187
168
158
62
108
117
187
150
174
176
133
183
177
179
164
167
147
183
221
261
199
165
144
159
188
265
266
190
170
160
150
142
169
113
69
123
85
117
176
120
110
81
80
169
178
183
191
179
138
128
170
110
139
132
179
188
221
231
227
212
165
199
212
270
263
267
302
318
294
312
310
273
255
236
268
209
324
259
285
279
274
243
306
253
276
242
214
238
274
243
223
216
222
225
236
234
224
167
183
176
203
201
213
200
222
209
193
203
131
228
153
166
218
235
231
226
243
239
255
278
316
338
315
334
275
323
306
329
311
303
327
357
358
322
278
235
282
300
317
283
294
243
251
254
282
234
225
267
286
271
310
290
229
280
295
269
311
268
248
228
302
311
328
293
315
246
298
307
357
328
333
242
258
254
271
234
243
234
243
270
255
239
174
175
170
217
218
249
173
196
213
295
287
278
226
275
267
298
219
197
132
162
162
238
242
177
134
129
122
141
104
151
150
179
217
193
163
144
109
107
80
115
115
90
65
25
-22
45
44
86
17
43
16
27
5
2
-25
-1
-47
-49
-55
71
28
-20
-25
-28
27
-47
-44
-42
-44
-18
-39
12
13
30
27
29
-60
-39
-29
-68
-124
-173
-135
-125
-57
-112
-83
-159
-117
-143
-135
-179
-143
-150
-214
-163
-149
-99
-98
-161
-179
-125
-120
-150
-194
-158
-151
-131
-168
-122
110
139
132
179
188
221
231
227
212
165
199
212
270
263
267
302
318
294
312
310
273
255
236
268
209
324
259
285
279
274
243
306
253
276
242
214
238
274
243
223
216
222
225
236
234
224
167
183
176
203
201
213
200
222
209
193
203
131
228
153
166
218
235
231
226
243
239
255
278
316
338
315
334
275
323
306
329
311
303
327
357
358
322
278
235
282
300
317
283
294
243
251
254
282
234
225
267
286
271
310
290
229
280
295
269
311
268
248
228
302
311
328
293
315
246
298
307
357
328
333
242
258
254
271
234
243
234
243
270
255
239
174
175
170
217
218
249
173
196
213
295
287
278
226
275
267
298
219
197
132
162
162
238
242
177
134
129
122
141
104
151
150
179
217
193
163
144
109
107
80
115
115
90
65
25
-22
45
44
86
17
43
16
27
5
2
-25
-1
-47
-49
-55
71
28
-20
-25
-28
27
-47
-44
-42
-44
-18
-39
12
13
30
27
29
-60
-39
-29
-68
-124
-173
-135
-125
-57
-112
-83
-159
-117
-143
-135
-179
-143
-150
-214
-163
-149
-99
-98
-161
-179
-125
-120
-150
-194
-158
-151
-131
-168
-122
-170
-133
-134
-156
-156
-148
-173
-176
-207
-217
-183
-144
-167
-144
-148
-168
-163
-149
-141
-211
-222
-279
-291
-235
-234
-256
-247
-272
-270
-272
-300
-276
-265
-265
-282
-217
-293
-248
-299
-267
-309
-265
-272
-254
-270
-332
-316
-290
-253
-273
-291
-300
-324
-302
-283
-313
-352
-335
-348
-410
-358
-378
-276
-326
-332
-340
-315
-333
-320
-359
-320
-334
-328
-261
-308
-328
-369
-325
-350
-310
-318
-360
-394
-330
-421
-342
-314
-277
-283
-289
-304
-309
-321
-283
-321
-329
-259
-286
-216
-201
-215
-237
-246
-245
-227
-254
-266
-213
-263
-170
-201
-187
-166
-250
-215
-240
-216
-205
-202
-228
-197
-204
-153
-128
-182
-263
-276
-306
-286
-275
-250
-324
-290
-300
-286
-315
-282
-306
-273
-278
-220
-268
-256
-264
-229
-264
-230
-237
-176
-192
-133
-198
-155
-152
-162
-181
-164
-184
-171
-134
-93
-62
-52
-135
-143
-152
-75
-132
-118
-182
-200
-181
-185
-162
-205
-158
-214
-151
-212
-158
-227
-102
-146
-84
-76
-47
-79
-102
-114
-80
-39
48
23
14
-19
-10
-26
-20
-24
-33
-49
-38
34
37
-6
-34
-116
-127
-67
-77
-80
-148
-97
-88
-106
-143
-94
-231
-164
-211
-143
-193
-180
-237
-195
-242
-247
-290
-250
-251
-263
-353
-305
-261
-225
-237
-261
-248
-235
-193
-122
-170
-133
-134
-156
-156
-148
-173
-176
-207
-217
-183
-144
-167
-144
-148
-168
-163
-149
-141
-211
-222
-279
-291
-235
-234
-256
-247
-272
-270
-272
-300
-276
-265
-265
-282
-217
-293
-248
-299
-267
-309
-265
-272
-254
-270
-332
-316
-290
-253
-273
-291
-300
-324
-302
-283
-313
-352
-335
-348
-410
-358
-378
-276
-326
-332
-340
-315
-333
-320
-359
-320
-334
-328
-261
-308
-328
-369
-325
-350
-310
-318
-360
-394
-330
-421
-342
-314
-277
-283
-289
-304
-309
-321
-283
-321
-329
-259
-286
-216
-201
-215
-237
-246
-245
-227
-254
-266
-213
-263
-170
-201
-187
-166
-250
-215
-240
-216
-205
-202
-228
-197
-204
-153
-128
-182
-263
-276
-306
-286
-275
-250
-324
-290
-300
-286
-315
-282
-306
-273
-278
-220
-268
-256
-264
-229
-264
-230
-237
-176
-192
-133
-198
-155
-152
-162
-181
-164
-184
-171
-134
-93
-62
-52
-135
-143
-152
-75
-132
-118
-182
-200
-181
-185
-162
-205
-158
-214
-151
-212
-158
-227
-102
-146
-84
-76
-47
-79
-102
-114
-80
-39
48
23
14
-19
-10
-26
-20
-24
-33
-49
-38
34
37
-6
-34
-116
-127
-67
-77
-80
-148
-97
-88
-106
-143
-94
-231
-164
-211
-143
-193
-180
-237
-195
-242
-247
-290
-250
-251
-263
-353
-305
-261
-225
-237
-261
-248
-235
-193
-210
-162
-174
-158
-123
-65
-102
-33
-94
-100
-112
-92
-54
-55
-36
-87
-79
-9
-14
-30
-48
-59
-40
19
-32
10
-2
-13
-28
-25
-82
-38
-73
-80
-33
-6
75
10
-37
19
0
-11
33
-54
17
55
5
-67
-22
-10
-15
-62
-33
-24
-32
-32
-62
-84
-53
-93
-100
-177
-184
-167
-150
-144
-129
-157
-141
-87
-127
-148
-100
-133
-44
-70
-59
-90
-28
-84
-67
-145
-97
-119
-79
-107
-133
-125
-69
-117
-55
-153
-133
-172
-71
-66
-58
-105
-61
-48
3
27
4
-37
-19
22
73
57
65
25
86
66
37
49
25
27
47
36
-17
25
48
86
52
84
85
91
43
50
66
45
66
88
74
-2
-68
-24
21
20
5
-38
-32
-7
12
-43
-97
-17
-53
-57
-56
42
-47
-15
-89
-39
-130
-116
-124
-156
-93
-102
-92
-98
-79
-73
-85
-117
-121
-104
-96
-66
-83
-75
-94
-99
-109
-115
-107
-105
-29
-102
-110
-103
-74
-51
-117
-109
-95
-70
-88
-42
-38
-76
-37
14
60
-12
14
-74
-70
-27
-28
-53
-65
-15
-98
-72
-82
-40
-67
-67
-118
-85
-79
-82
-73
-130
-122
-154
-96
-76
-107
-157
-174
-131
-44
-54
-107
-134
-143
-121
-96
-150
-162
-182
-177
-212
-171
-274
-236
-256
-193
-210
-162
-174
-158
-123
-65
-102
-33
-94
-100
-112
-92
-54
-55
-36
-87
-79
-9
-14
-30
-48
-59
-40
19
-32
10
-2
-13
-28
-25
-82
-38
-73
-80
-33
-6
75
10
-37
19
0
-11
33
-54
17
55
5
-67
-22
-10
-15
-62
-33
-24
-32
-32
-62
-84
-53
-93
-100
-177
-184
-167
-150
-144
-129
-157
-141
-87
-127
-148
-100
-133
-44
-70
-59
-90
-28
-84
-67
-145
-97
-119
-79
-107
-133
-125
-69
-117
-55
-153
-133
-172
-71
-66
-58
-105
-61
-48
3
27
4
-37
-19
22
73
57
65
25
86
66
37
49
25
27
47
36
-17
25
48
86
52
84
85
91
43
50
66
45
66
88
74
-2
-68
-24
21
20
5
-38
-32
-7
12
-43
-97
-17
-53
-57
-56
42
-47
-15
-89
-39
-130
-116
-124
-156
-93
-102
-92
-98
-79
-73
-85
-117
-121
-104
-96
-66
-83
-75
-94
-99
-109
-115
-107
-105
-29
-102
-110
-103
-74
-51
-117
-109
-95
-70
-88
-42
-38
-76
-37
14
60
-12
14
-74
-70
-27
-28
-53
-65
-15
-98
-72
-82
-40
-67
-67
-118
-85
-79
-82
-73
-130
-122
-154
-96
-76
-107
-157
-174
-131
-44
-54
-107
-134
-143
-121
-96
-150
-162
-182
-177
-212
-171
-274
-236
-256
-191
-154
-218
-194
-202
-203
-222
-226
-221
-207
-263
-288
-303
-321
-253
-237
-244
-327
-275
-301
-281
-229
-220
-192
-205
-182
-149
-175
-255
-247
-193
-145
-177
-207
-229
-189
-171
-175
-205
-159
-147
-121
-156
-184
-217
-173
-185
-153
-148
-163
-243
-238
-205
-232
-254
-236
-217
-166
-230
-253
-245
-188
-154
-203
-163
-61
-82
-131
-87
-158
-111
-107
-98
-117
-87
-90
-82
-41
-57
-105
-97
-121
-111
-161
-200
-151
-175
-130
-149
-122
-145
-166
-186
-197
-217
-221
-157
-165
-223
-277
-250
-243
-230
-285
-283
-340
-281
-288
-273
-304
-307
-316
-265
-276
-265
-250
-276
-233
-175
-142
-193
-183
-151
-134
-86
-83
-99
-89
-38
-58
-71
-124
-100
-113
-113
-78
-101
-111
-40
-67
-86
-76
-75
-50
-29
-74
-100
-61
-118
-76
-92
-65
-107
-69
-94
-84
-135
-84
-117
-76
-127
-137
-151
-180
-110
-165
-206
-173
-152
-124
-109
-123
-122
-86
-66
-111
-116
-140
-92
-47
-52
-89
-80
-91
-107
-86
-126
-150
-124
-102
-118
-147
-225
-285
-186
-191
-213
-217
-259
-244
-217
-212
-154
-167
-206
-163
-229
-214
-223
-213
-207
-203
-191
-216
-236
-210
-262
-278
-283
-267
-261
-246
-308
-342
-399
-318
-271
-224
-272
-289
-275
-210
-227
-230
-285
-228
-292
-269
-295
-269
-256
-191
-154
-218
-194
-202
-203
-222
-226
-221
-207
-263
-288
-303
-321
-253
-237
-244
-327
-275
-301
-281
-229
-220
-192
-205
-182
-149
-175
-255
-247
-193
-145
-177
-207
-229
-189
-171
-175
-205
-159
-147
-121
-156
-184
-217
-173
-185
-153
-148
-163
-243
-238
-205
-232
-254
-236
-217
-166
-230
-253
-245
-188
-154
-203
-163
-61
-82
-131
-87
-158
-111
-107
-98
-117
-87
-90
-82
-41
-57
-105
-97
-121
-111
-161
-200
-151
-175
-130
-149
-122
-145
-166
-186
-197
-217
-221
-157
-165
-223
-277
-250
-243
-230
-285
-283
-340
-281
-288
-273
-304
-307
-316
-265
-276
-265
-250
-276
-233
-175
-142
-193
-183
-151
-134
-86
-83
-99
-89
-38
-58
-71
-124
-100
-113
-113
-78
-101
-111
-40
-67
-86
-76
-75
-50
-29
-74
-100
-61
-118
-76
-92
-65
-107
-69
-94
-84
-135
-84
-117
-76
-127
-137
-151
-180
-110
-165
-206
-173
-152
-124
-109
-123
-122
-86
-66
-111
-116
-140
-92
-47
-52
-89
-80
-91
-107
-86
-126
-150
-124
-102
-118
-147
-225
-285
-186
-191
-213
-217
-259
-244
-217
-212
-154
-167
-206
-163
-229
-214
-223
-213
-207
-203
-191
-216
-236
-210
-262
-278
-283
-267
-261
-246
-308
-342
-399
-318
-271
-224
-272
-289
-275
-210
-227
-230
-285
-228
-292
-269
-295
-269
-291
-257
-235
-240
-211
-204
-263
-290
-293
-250
-188
-285
-253
-267
-284
-285
-263
-274
-264
-334
-251
-317
-225
-153
-236
-225
-220
-199
-184
-223
-220
-287
-253
-212
-207
-230
-281
-231
-243
-297
-291
-266
-260
-220
-263
-218
-276
-274
-259
-273
-302
-273
-239
-240
-266
-194
-288
-265
-267
-247
-245
-238
-228
-204
-216
-183
-190
-202
-277
-234
-239
-276
-224
-195
-206
-202
-247
-199
-165
-202
-282
-252
-226
-228
-198
-243
-229
-234
-240
-212
-217
-240
-241
-277
-210
-218
-147
-221
-193
-167
-143
-142
-125
-184
-107
-35
-75
-60
-89
-56
-93
-74
-105
-62
-98
-40
-87
-82
-89
-92
-98
-113
-167
-160
-203
-151
-126
-125
-150
-180
-233
-271
-253
-230
-204
-237
-240
-223
-198
-236
-298
-273
-278
-282
-259
-241
-235
-205
-141
-132
-161
-152
-123
-169
-199
-198
-202
-172
-162
-109
-157
-125
-143
-165
-177
-184
-186
-181
-144
-143
-146
-106
-123
-135
-195
-105
-143
-56
-55
-106
-136
-102
-124
-86
-112
-135
-116
-160
-106
-125
-106
-126
-95
-127
-106
-171
-175
-195
-176
-174
-98
-121
-52
-143
-141
-220
-200
-222
-176
-167
-113
-116
-93
-110
-76
-107
-97
-163
-176
-126
-89
-65
-133
-76
-104
-82
-53
-30
-18
-50
-31
58
60
64
81
-13
11
4
35
42
-269
-291
-257
-235
-240
-211
-204
-263
-290
-293
-250
-188
-285
-253
-267
-284
-285
-263
-274
-264
-334
-251
-317
-225
-153
-236
-225
-220
-199
-184
-223
-220
-287
-253
-212
-207
-230
-281
-231
-243
-297
-291
-266
-260
-220
-263
-218
-276
-274
-259
-273
-302
-273
-239
-240
-266
-194
-288
-265
-267
-247
-245
-238
-228
-204
-216
-183
-190
-202
-277
-234
-239
-276
-224
-195
-206
-202
-247
-199
-165
-202
-282
-252
-226
-228
-198
-243
-229
-234
-240
-212
-217
-240
-241
-277
-210
-218
-147
-221
-193
-167
-143
-142
-125
-184
-107
-35
-75
-60
-89
-56
-93
-74
-105
-62
-98
-40
-87
-82
-89
-92
-98
-113
-167
-160
-203
-151
-126
-125
-150
-180
-233
-271
-253
-230
-204
-237
-240
-223
-198
-236
-298
-273
-278
-282
-259
-241
-235
-205
-141
-132
-161
-152
-123
-169
-199
-198
-202
-172
-162
-109
-157
-125
-143
-165
-177
-184
-186
-181
-144
-143
-146
-106
-123
-135
-195
-105
-143
-56
-55
-106
-136
-102
-124
-86
-112
-135
-116
-160
-106
-125
-106
-126
-95
-127
-106
-171
-175
-195
-176
-174
-98
-121
-52
-143
-141
-220
-200
-222
-176
-167
-113
-116
-93
-110
-76
-107
-97
-163
-176
-126
-89
-65
-133
-76
-104
-82
-53
-30
-18
-50
-31
58
60
64
81
-13
11
4
35
42
88
63
82
65
49
66
47
37
20
-6
23
23
6
1
-10
3
-16
37
-7
13
37
59
106
9
44
25
13
-24
9
-9
24
-18
-47
-37
-40
-43
-52
-97
-78
-85
-94
-80
-92
-56
-43
-75
-55
-42
-80
-36
-24
-18
-8
34
14
1
11
27
20
34
17
76
63
84
45
104
83
99
52
63
31
32
25
15
36
65
45
36
50
24
-37
14
-25
19
44
63
50
49
3
23
37
-2
-19
-4
40
22
32
-9
16
58
71
73
35
77
80
92
87
80
90
105
86
137
77
104
122
87
44
75
62
121
131
173
98
42
130
114
100
121
143
118
93
75
75
67
70
4
68
36
31
59
6
-54
-2
-3
-83
3
-10
-35
-27
-38
26
24
-22
23
47
38
64
48
51
55
75
116
107
108
78
71
98
102
94
62
34
18
10
27
16
-6
-3
33
18
77
41
67
39
73
75
50
33
44
63
95
57
82
76
29
32
-21
-1
67
52
61
61
45
75
75
126
77
72
102
162
186
180
143
154
165
231
208
188
211
225
166
189
182
157
129
83
86
105
85
33
52
59
114
71
111
65
28
-1
34
54
79
42
88
63
82
65
49
66
47
37
20
-6
23
23
6
1
37
-10
3
-16
-7
13
37
59
106
9
44
25
13
-24
9
-9
24
-18
-47
-37
-40
-43
-52
-97
-78
-85
-94
-80
-92
-56
-43
-75
-55
-42
-80
-36
-24
-18
-8
34
14
1
11
27
20
34
17
76
63
84
45
104
83
99
52
63
31
32
25
15
36
65
45
36
50
24
-37
14
-25
19
44
63
50
49
3
23
37
-2
-19
-4
40
22
32
-9
16
58
71
73
35
77
80
92
87
80
90
105
86
137
77
104
122
87
44
75
62
121
131
173
98
42
130
114
100
121
143
118
93
75
75
67
70
4
68
36
31
59
6
-54
-2
-3
-83
3
-10
-35
-27
-38
26
24
-22
23
47
38
64
48
51
55
75
116
107
108
78
71
98
102
94
62
34
18
10
27
16
-6
-3
33
18
77
41
67
39
73
75
50
33
44
63
95
57
82
76
29
32
-21
-1
67
52
61
61
45
75
75
126
77
72
102
162
186
180
143
154
165
231
208
188
211
225
166
189
182
157
129
83
86
105
85
33
52
59
114
71
111
65
28
-1
34
54
79
79
69
61
11
80
80
87
37
40
40
67
59
84
66
111
107
165
119
114
130
172
214
209
171
168
168
187
140
163
187
207
172
184
131
207
190
145
95
107
92
108
154
147
103
88
76
114
103
75
88
154
135
117
137
145
124
0
21
24
86
28
66
30
47
65
44
62
27
85
8
66
79
90
81
98
129
124
91
85
77
107
91
103
61
155
89
134
169
173
157
181
181
130
135
165
194
159
174
123
154
132
140
166
147
151
141
136
109
84
79
13
24
-22
64
47
52
42
-2
19
67
45
-25
-8
-44
-40
-41
-8
-55
-62
-86
-157
-127
-179
-138
-180
-166
-183
-161
-133
-135
-196
-194
-177
-162
-158
-157
-165
-135
-162
-166
-154
-150
-180
-184
-123
-128
-132
-149
-134
-146
-167
-160
-155
-169
-201
-180
-149
-164
-197
-127
-138
-173
-239
-191
-269
-241
-242
-218
-226
-215
-177
-251
-255
-314
-261
-232
-204
-243
-250
-308
-222
-250
-209
-276
-252
-254
-250
-213
-195
-247
-216
-238
-195
-198
-226
-238
-288
-245
-261
-188
-247
-238
-268
-240
-270
-271
-206
-231
-188
-218
-214
-241
-234
-293
-275
-309
-275
-237
-221
-235
-234
-177
-222
-209
-194
-197
-276
-225
-213
-144
79
79
69
61
11
80
80
87
37
40
40
67
59
84
66
111
107
165
119
114
130
172
214
209
171
168
168
187
140
163
187
207
172
184
131
207
190
145
95
107
92
108
154
147
103
88
76
114
103
75
88
154
135
117
137
145
124
0
21
24
86
28
66
30
47
65
44
62
27
85
8
66
79
90
81
98
129
124
91
85
77
107
91
103
61
155
89
134
169
173
157
181
181
130
135
165
194
159
174
123
154
132
140
166
147
151
141
136
109
84
79
13
24
-22
64
47
52
42
-2
19
67
45
-25
-8
-44
-40
-41
-8
-55
-62
-86
-157
-127
-179
-138
-180
-166
-183
-161
-133
-135
-196
-194
-177
-162
-158
-157
-165
-135
-162
-166
-154
-150
-180
-184
-123
-128
-132
-149
-134
-146
-167
-160
-155
-169
-201
-180
-149
-164
-197
-127
-138
-173
-239
-191
-269
-241
-242
-218
-226
-215
-177
-251
-255
-314
-261
-232
-204
-243
-250
-308
-222
-250
-209
-276
-252
-254
-250
-213
-195
-247
-216
-238
-195
-198
-226
-238
-288
-245
-261
-188
-247
-238
-268
-240
-270
-271
-206
-231
-188
-218
-214
-241
-234
-293
-275
-309
-275
-237
-221
-235
-234
-177
-222
-209
-194
-197
-276
-225
-213
-144
-152
-176
-218
-180
-166
-216
-182
-219
-191
-201
-182
-160
-154
-154
-158
-152
-149
-96
-101
-104
-145
-115
-63
-48
-54
-117
-86
-74
-69
-85
-59
-19
-19
-54
-68
-30
-5
28
-8
-22
-3
49
68
79
37
-18
-5
-32
1
-39
-72
-89
-47
-2
-26
-45
-59
-75
-41
-68
-64
-117
-97
-57
-21
-73
-45
-92
-89
-99
-69
-115
-114
-35
-72
-99
-81
-125
-57
-32
-32
-52
-26
6
-47
18
-37
-42
-64
-5
-28
50
-6
-9
-37
-36
-85
-50
-54
-68
-65
14
23
46
83
28
29
36
-3
66
71
60
-4
21
-12
35
71
18
67
109
78
102
78
53
98
89
131
110
85
120
144
120
131
117
83
79
101
79
92
126
152
153
173
170
216
216
222
217
231
214
271
299
259
253
262
271
284
287
249
173
201
222
213
178
168
190
225
211
148
149
158
160
191
169
152
217
236
281
257
246
203
182
243
163
221
177
215
249
227
190
198
187
213
214
128
78
125
165
208
168
206
253
259
235
195
177
190
208
260
237
219
215
214
223
233
212
183
259
191
206
174
179
133
171
147
144
109
132
162
199
137
82
92
90
86
69
61
77
140
156
-144
-152
-176
-218
-180
-166
-216
-182
-219
-191
-201
-182
-160
-154
-154
-158
-152
-149
-96
-101
-104
-145
-115
-63
-48
-54
-117
-86
-74
-69
-85
-59
-19
-19
-54
-68
-30
-5
28
-8
-22
-3
49
68
79
37
-18
-5
-32
1
-39
-72
-89
-47
-2
-26
-45
-59
-75
-41
-68
-64
-117
-97
-57
-21
-73
-45
-92
-89
-99
-69
-115
-114
-35
-72
-99
-81
-125
-57
-32
-32
-52
-26
6
-47
18
-37
-42
-64
-5
-28
50
-6
-9
-37
-36
-85
-50
-54
-68
-65
14
23
46
83
28
29
36
-3
66
71
60
-4
21
-12
35
71
18
67
109
78
102
78
53
98
89
131
110
85
120
144
120
131
117
83
79
101
79
92
126
152
153
173
170
216
216
222
217
231
214
271
299
259
253
262
271
284
287
249
173
201
222
213
178
168
190
225
211
148
149
158
160
191
169
152
217
236
281
257
246
203
182
243
163
221
177
215
249
227
190
198
187
213
214
128
78
125
165
208
168
206
253
259
235
195
177
190
208
260
237
219
215
214
223
233
212
183
259
191
206
174
179
133
171
147
144
109
132
162
199
137
82
92
90
86
69
61
77
140
156
107
98
94
91
73
43
-42
-36
31
-8
-23
-58
-50
-53
-78
-82
-117
-81
-36
-37
-50
-56
-86
-98
-104
-72
-93
-132
-130
-77
-73
-81
-68
-53
-26
16
8
-34
-49
-41
31
33
32
13
20
7
42
4
21
33
51
31
48
-14
-7
-10
24
15
-22
-16
6
22
48
38
59
80
63
68
33
37
24
68
79
63
71
-11
-13
-22
-70
-98
-133
-116
-121
-174
-151
-190
-145
-146
-211
-156
-163
-171
-185
-146
-88
-79
-60
-67
-91
-177
-155
-90
-99
-121
-115
-141
-126
-131
-102
-93
-108
-124
-69
-97
-75
-81
-57
-85
-19
-46
-118
-83
-78
-82
-84
-114
-97
-100
-66
-34
-81
-27
-77
-114
-128
-160
-206
-150
-170
-177
-251
-218
-221
-135
-165
-89
-137
-82
-70
-22
-60
-34
-76
-62
-75
-29
-39
-18
-53
-39
-112
-93
-106
-61
-50
2
-1
22
59
56
62
-2
22
4
98
41
53
27
58
16
26
-23
-15
30
44
49
67
33
69
47
63
25
51
11
24
-5
24
18
66
53
80
78
64
21
75
87
87
86
71
82
92
101
113
19
58
22
87
-9
54
29
91
116
86
59
83
101
78
89
112
56
60
41
91
98
69
107
86
123
86
135
156
107
98
94
91
73
43
-42
-36
31
-8
-23
-58
-50
-53
-78
-82
-117
-81
-36
-37
-50
-56
-86
-98
-104
-72
-93
-132
-130
-77
-73
-81
-68
-53
-26
16
8
-34
-49
-41
31
33
32
13
20
7
42
4
21
33
51
31
48
-14
-7
-10
24
15
-22
-16
6
22
48
38
59
80
63
68
33
37
24
68
79
63
71
-11
-13
-22
-70
-98
-133
-116
-121
-174
-151
-190
-145
-146
-211
-156
-163
-171
-185
-146
-88
-79
-60
-67
-91
-177
-155
-90
-99
-121
-115
-141
-126
-131
-102
-93
-108
-124
-69
-97
-75
-81
-57
-85
-19
-46
-118
-83
-78
-82
-84
-114
-97
-100
-66
-34
-81
-27
-77
-114
-128
-160
-206
-150
-170
-177
-251
-218
-221
-135
-165
-89
-137
-82
-70
-22
-60
-34
-76
-62
-75
-29
-39
-18
-53
-39
-112
-93
-106
-61
-50
2
-1
22
59
56
62
-2
22
4
98
41
53
27
58
16
26
-23
-15
30
44
49
67
33
69
47
63
25
51
11
24
-5
24
18
66
53
80
78
64
21
75
87
87
86
71
82
92
101
113
19
58
22
87
-9
54
29
91
116
86
59
83
101
78
89
112
56
60
41
91
98
69
107
86
123
86
135
125
181
139
181
150
187
174
157
156
212
215
235
228
189
220
218
192
193
239
258
241
274
276
269
207
233
237
245
255
246
274
248
272
219
256
192
224
169
181
138
159
194
195
125
90
101
102
112
77
60
22
26
60
67
18
26
27
35
106
97
74
32
117
78
134
82
75
89
95
92
117
179
160
172
135
170
114
160
117
133
84
90
107
161
146
198
178
132
191
147
116
151
134
142
145
169
137
60
62
106
81
41
110
93
76
89
25
82
35
12
3
12
15
5
-6
31
35
5
46
78
90
40
32
48
93
101
85
19
94
68
42
111
80
88
70
91
46
99
49
118
49
109
113
82
122
171
141
146
88
95
58
80
80
49
23
81
130
78
98
55
65
52
64
51
62
26
68
36
76
6
83
59
18
24
26
6
44
43
59
22
-3
17
29
55
7
-9
-2
-8
-14
-66
-97
-128
-67
17
29
57
21
-70
-53
-72
-74
-78
-51
-24
-53
-48
-35
12
8
49
-18
-5
-11
23
-75
-55
-55
3
-59
-54
-99
-151
-118
-112
-83
-157
-118
-102
-69
-74
-101
-126
-110
-47
-74
-105
-164
-153
-172
-159
135
125
181
139
181
150
187
174
157
156
212
215
235
228
189
220
218
192
193
239
258
241
274
276
269
207
233
237
245
255
246
274
248
272
219
256
192
224
169
181
138
159
194
195
125
90
101
102
112
77
60
22
26
60
67
18
26
27
35
106
97
74
32
117
78
134
82
75
89
95
92
117
179
160
172
135
170
114
160
117
133
84
90
107
161
146
198
178
132
191
147
116
151
134
142
145
169
137
60
62
106
81
41
110
93
76
89
25
82
35
12
3
12
15
5
-6
31
35
5
46
78
90
40
32
48
93
101
85
19
94
68
42
111
80
88
70
91
46
99
49
118
49
109
113
82
122
171
141
146
88
95
58
80
80
49
23
81
130
78
98
55
65
52
64
51
62
26
68
36
76
6
83
59
18
24
26
17
29
57
21
6
44
43
59
22
-3
17
29
55
7
-9
-2
-8
-14
-66
-97
-128
-67
-74
-78
-70
-53
-72
-51
-24
-53
-48
-35
12
8
49
-18
-5
-11
23
-75
-55
-55
3
-59
-54
-99
-151
-118
-112
-83
-157
-118
-102
-69
-74
-101
-126
-110
-47
-74
-105
-164
-153
-172
-159
-203
-258
-241
-199
-150
-192
-231
-253
-185
-136
-154
-186
-224
-172
-167
-192
-263
-273
-213
-165
-182
-234
-250
-237
-153
-158
-147
-219
-180
-117
-81
-128
-192
-177
-108
-122
-180
-208
-136
-109
-98
-113
-149
-134
-131
-106
-122
-159
-216
-177
-112
-139
-168
-257
-209
-156
-133
-205
-239
-221
-121
-72
-71
-125
-138
-6
-38
-62
-117
-146
-97
-15
-46
-107
-114
-70
4
-5
-14
-18
38
75
115
26
75
48
116
107
101
41
84
136
154
90
-7
75
76
124
-16
25
27
119
114
102
71
115
116
183
122
98
42
102
102
146
75
115
81
120
116
104
84
128
166
177
172
150
170
232
249
219
158
122
206
210
186
146
116
157
145
149
54
64
118
105
125
85
22
106
175
134
114
108
143
156
191
102
70
113
181
131
102
47
132
169
200
148
183
160
242
258
228
209
199
256
272
258
238
240
244
310
303
282
256
275
248
281
210
270
220
309
275
279
178
243
227
280
162
135
150
212
202
163
104
145
169
185
222
112
146
138
190
185
145
14
50
99
91
42
114
70
174
91
112
16
94
108
86
121
86
104
148
194
150
142
125
170
161
183
137
129
-159
-203
-258
-241
-199
-150
-192
-231
-253
-185
-136
-154
-186
-224
-172
-167
-192
-263
-273
-213
-165
-182
-234
-250
-237
-153
-158
-147
-219
-180
-117
-81
-128
-192
-177
-108
-122
-180
-208
-136
-109
-98
-113
-149
-134
-131
-106
-122
-159
-216
-177
-112
-139
-168
-257
-209
-156
-133
-205
-239
-221
-121
-72
-71
-125
-138
-6
-38
-62
-117
-146
-97
-15
-46
-107
-114
-70
4
-5
-14
-18
38
75
115
26
75
48
116
107
101
41
84
136
154
90
-7
75
76
124
-16
25
27
119
114
102
71
115
116
183
122
98
42
102
102
146
75
115
81
120
116
104
84
128
166
177
172
150
170
232
249
219
158
122
206
210
186
146
116
157
145
149
54
64
118
105
125
85
22
106
175
134
114
108
143
156
191
102
70
113
181
131
102
47
132
169
200
148
183
160
242
258
228
209
199
256
272
258
238
240
244
310
303
282
256
275
248
281
210
270
220
309
275
279
178
243
227
280
162
135
150
212
202
163
104
145
169
185
222
112
146
138
190
185
145
14
50
99
91
42
114
70
174
91
112
16
94
108
86
121
86
104
148
194
150
142
125
170
161
183
137
129
190
229
207
145
98
193
218
209
192
207
188
212
152
89
38
87
104
103
98
55
84
126
73
97
72
101
127
220
118
132
109
176
237
192
133
132
206
240
270
238
239
226
273
226
200
151
191
243
233
145
136
137
175
172
141
86
110
152
180
129
117
134
202
208
190
138
133
137
181
166
110
98
171
173
145
102
120
141
167
234
217
168
229
286
243
220
174
175
188
240
186
145
151
203
205
173
105
147
147
159
154
74
102
154
200
125
56
-2
78
75
110
66
44
84
134
74
69
-9
59
67
154
139
53
30
69
124
67
23
18
97
100
121
49
1
111
120
89
61
18
26
106
79
53
-26
-32
44
42
2
-68
-61
35
58
17
-45
-70
34
35
43
-18
-95
-20
16
-30
-87
-71
-51
4
-89
-130
-196
-185
-122
-108
-158
-266
-104
-92
-37
-136
-153
-216
-147
-137
-103
-154
-150
-78
-18
-62
-131
-154
-139
-88
-75
-144
-137
-121
-43
-44
-113
-136
-115
-87
-92
-141
-121
-95
-85
-88
-175
-192
-188
-183
-169
-227
-305
-296
-238
-225
-232
-324
-330
-290
-244
-261
-298
-292
-235
-192
-220
-284
-277
-260
-203
-184
-229
-238
-211
-106
-106
129
190
229
207
145
98
193
218
209
192
207
188
212
152
89
38
87
104
103
98
55
84
126
73
97
72
101
127
220
118
132
109
176
237
192
133
132
206
240
270
238
239
226
273
226
200
151
191
243
233
145
136
137
175
172
141
86
110
152
180
129
117
134
202
208
190
138
133
137
181
166
110
98
171
173
145
102
120
141
167
234
217
168
229
286
243
220
174
175
188
240
186
145
151
203
205
173
105
147
147
159
154
74
102
154
200
125
56
-2
78
75
110
66
44
84
134
74
69
-9
59
67
154
139
53
30
69
124
67
23
18
97
100
121
49
1
111
120
89
61
18
26
106
79
53
-26
-32
44
42
2
-68
-61
35
58
17
-45
-70
34
35
43
-18
-95
-20
16
-30
-87
-71
-51
4
-89
-130
-196
-185
-122
-108
-158
-266
-104
-92
-37
-136
-153
-216
-147
-137
-103
-154
-150
-78
-18
-62
-131
-154
-139
-88
-75
-144
-137
-121
-43
-44
-113
-136
-115
-87
-92
-141
-121
-95
-85
-88
-175
-192
-188
-183
-169
-227
-305
-296
-238
-225
-232
-324
-330
-290
-244
-261
-298
-292
-235
-192
-220
-284
-277
-260
-203
-184
-229
-238
-211
-106
-106
-147
-300
-232
-142
-154
-220
-279
-240
-166
-113
-121
-197
-182
-145
-101
-132
-193
-220
-148
-68
-85
-133
-144
-93
-77
-95
-161
-179
-106
-39
-46
-137
-179
-176
-119
-83
-91
-132
-173
-100
-64
-110
-195
-195
-148
-110
-97
-103
-177
-101
-62
-74
-144
-145
-105
-5
-52
-49
-108
-48
69
73
20
-21
7
79
149
69
62
-6
145
143
111
20
-1
37
117
55
20
-4
85
137
78
19
33
103
158
112
40
36
73
160
112
30
13
21
133
168
61
-24
11
-5
122
101
68
-1
70
162
53
57
9
100
132
140
19
80
35
147
118
70
2
75
155
135
84
15
83
166
155
92
14
67
144
213
124
117
60
120
167
144
38
5
104
172
218
107
26
99
212
170
79
42
98
171
173
65
-18
51
162
142
72
16
15
115
127
62
16
19
114
133
117
57
22
94
163
156
93
2
43
120
47
23
-46
61
57
52
-22
-44
17
72
94
21
-47
-21
71
79
68
-22
-8
89
97
55
12
-52
64
170
123
17
9
49
110
59
-31
-34
45
138
134
96
25
54
133
200
139
39
68
126
143
21
-47
11
42
85
25
-45
-51
65
100
48
-17
-40
-106
-147
-300
-232
-142
-154
-220
-279
-240
-166
-113
-121
-197
-182
-145
-101
-132
-193
-220
-148
-68
-85
-133
-144
-93
-77
-95
-161
-179
-106
-39
-46
-137
-179
-176
-119
-83
-91
-132
-173
-100
-64
-110
-195
-195
-148
-110
-97
-103
-177
-101
-62
-74
-144
-145
-105
-5
-52
-49
-108
-48
69
73
20
-21
7
79
149
69
62
-6
145
143
111
20
-1
37
117
55
20
-4
85
137
78
19
33
103
158
112
40
36
73
160
112
30
13
21
133
168
61
-24
11
-5
122
101
68
-1
70
162
53
57
9
100
132
140
19
80
35
147
118
70
2
75
155
135
84
15
83
166
155
92
14
67
144
213
124
117
60
120
167
144
38
5
104
172
218
107
26
99
212
170
79
42
98
171
173
65
-18
51
162
142
72
16
15
115
127
62
16
19
114
133
117
57
22
94
163
156
93
2
43
120
47
23
-46
61
57
52
-22
-44
17
72
94
21
-47
-21
71
79
68
-22
-8
89
97
55
12
-52
64
170
123
17
9
49
110
59
-31
-34
45
138
134
96
25
54
133
200
139
39
68
126
143
21
-47
11
42
85
25
-45
-51
65
100
48
-17
-40
29
88
63
-16
-28
7
90
68
-6
-79
-25
58
49
4
-21
-12
47
105
50
-1
14
93
81
91
23
18
84
153
115
81
58
117
177
184
95
91
107
120
186
116
104
69
144
157
117
8
23
112
162
113
29
74
108
163
106
34
32
109
124
152
72
47
85
105
71
25
9
66
136
133
44
29
44
135
169
58
16
38
117
179
123
75
64
166
211
108
22
57
98
168
78
51
3
89
64
-6
-29
-78
-28
84
60
-46
-1
37
87
89
75
-51
58
72
110
34
-23
-38
62
93
69
-15
-48
5
112
93
-15
-45
66
73
67
-4
-56
-31
92
33
-45
-74
-22
77
101
46
20
43
104
162
74
13
38
112
136
118
-81
-42
63
153
6
-46
-94
1
49
60
-83
-79
-44
93
34
-59
-95
-62
46
80
-40
-24
-1
75
102
67
-30
26
79
147
86
-2
7
96
118
127
17
-20
21
110
88
-50
-108
-25
54
14
-44
-124
-41
9
69
-51
-110
-130
-3
-70
-101
-197
-149
-128
-82
-104
-197
-182
-113
-82
-117
-196
-202
-133
-52
-47
-186
-241
-124
-9
-2
-116
-165
-118
-59
-1
-75
-153
-156
-94
-58
-77
-148
-98
-17
1
-40
29
88
63
-16
-28
7
90
68
-6
-79
-25
58
49
4
-21
-12
47
105
50
-1
14
93
81
91
23
18
84
153
115
81
58
117
177
184
95
91
107
120
186
116
104
69
144
157
117
8
23
112
162
113
29
74
108
163
106
34
32
109
124
152
72
47
85
105
71
25
9
66
136
133
44
29
44
135
169
58
16
38
117
179
123
75
64
166
211
108
22
57
98
168
78
51
3
89
64
-6
-29
-78
-28
84
60
-46
-1
37
87
89
75
-51
58
72
110
34
-23
-38
62
93
69
-15
-48
5
112
93
-15
-45
66
73
67
-4
-56
-31
92
33
-45
-74
-22
77
101
46
20
43
104
162
74
13
38
112
136
118
-81
-42
63
153
6
-46
-94
1
49
60
-83
-79
-44
93
34
-59
-95
-62
46
80
-40
-24
-1
75
102
67
-30
26
79
147
86
-2
7
96
118
127
17
-20
21
110
88
-50
-108
-25
54
14
-44
-124
-41
9
69
-51
-110
-130
-3
-70
-101
-197
-149
-128
-82
-104
-197
-182
-113
-82
-117
-196
-202
-133
-52
-47
-186
-241
-124
-9
-2
-116
-165
-118
-59
-1
-75
-153
-156
-94
-58
-77
-148
-98
-17
1
-8
-56
-78
-20
-15
-33
-77
-56
-3
32
-2
-73
-135
-41
55
95
-20
-70
-35
77
84
1
-111
-74
13
85
80
-76
-61
-20
49
62
-18
-81
66
93
70
71
57
111
164
188
110
93
89
160
83
107
-7
62
112
169
89
47
-7
99
188
89
-4
39
81
93
189
83
67
172
159
158
60
122
128
200
164
180
95
124
183
182
156
68
108
114
202
90
63
18
143
146
159
87
112
137
194
129
108
63
141
121
122
73
102
156
163
128
101
121
134
190
176
172
139
189
238
209
195
138
116
247
280
189
97
187
246
296
242
177
175
258
263
234
201
162
244
216
181
133
125
177
177
184
104
113
188
213
182
87
131
117
198
172
157
78
135
164
211
178
112
145
139
217
145
85
119
126
194
144
117
81
185
219
194
140
144
178
220
182
169
127
151
181
190
178
75
141
256
201
161
68
182
244
241
180
139
163
252
267
213
161
137
201
247
218
163
132
165
189
195
131
57
99
117
87
46
59
48
83
76
29
-7
54
112
126
90
86
139
191
295
187
91
83
203
250
177
114
134
211
303
255
187
165
1
-8
-56
-78
-20
-15
-33
-77
-56
-3
32
-2
-73
-135
-41
55
95
-20
-70
-35
77
84
1
-111
-74
13
85
80
-76
-61
-20
49
62
-18
-81
66
93
70
71
57
111
164
188
110
93
89
160
83
107
-7
62
112
169
89
47
-7
99
188
89
-4
39
81
93
189
83
67
172
159
158
60
122
128
200
164
180
95
124
183
182
156
68
108
114
202
90
63
18
143
146
159
87
112
137
194
129
108
63
141
121
122
73
102
156
163
128
101
121
134
190
176
172
139
189
238
209
195
138
116
247
280
189
97
187
246
296
242
177
175
258
263
234
201
162
244
216
181
133
125
177
177
184
104
113
188
213
182
87
131
117
198
172
157
78
135
164
211
178
112
145
139
217
145
85
119
126
194
144
117
81
185
219
194
140
144
178
220
182
169
127
151
181
190
178
75
141
256
201
161
68
182
244
241
180
139
163
252
267
213
161
137
201
247
218
163
132
165
189
195
131
57
99
117
87
46
59
48
83
76
29
-7
54
112
126
90
86
139
191
295
187
91
83
203
250
177
114
134
211
303
255
187
165
215
242
205
163
126
226
208
198
152
83
157
223
210
158
73
181
224
273
150
133
167
237
259
220
166
101
195
241
180
111
106
181
207
234
92
105
215
242
184
89
114
160
221
204
116
94
158
194
210
77
10
50
122
133
53
-3
-23
100
132
53
-40
-7
37
144
15
-72
-116
6
34
-22
-116
-120
-18
24
4
-113
-133
-100
-33
-31
-55
-133
-75
-11
-39
-54
-120
-91
-19
8
-129
-129
-93
-83
-37
-91
-240
-190
-94
-79
-91
-154
-161
-137
-45
-127
-126
-145
-123
-53
-48
-105
-165
-80
-49
-45
-110
-124
-170
-60
-84
-106
-211
-180
-88
-157
-124
-215
-190
-169
-132
-133
-207
-156
-121
-40
-96
-180
-170
-29
11
20
-90
-56
-41
31
12
-58
-137
-67
69
59
-35
-76
-68
27
51
3
-46
-62
29
24
-39
-119
-104
-13
0
-56
-106
-77
0
67
54
-26
-29
101
98
41
-15
-3
38
105
156
53
60
8
107
67
109
-42
26
-4
81
-26
-38
6
34
22
11
-108
-89
-46
31
-114
-100
-110
-33
12
-14
-108
-159
-39
-23
-17
-119
-97
-101
28
48
23
-38
-38
48
11
-12
-81
-87
-32
-41
-82
-178
-165
-98
-60
-103
-184
-176
-63
-38
-121
165
215
242
205
163
126
226
208
198
152
83
157
223
210
158
73
181
224
273
150
133
167
237
259
220
166
101
195
241
180
111
106
181
207
234
92
105
215
242
184
89
114
160
221
204
116
94
158
194
210
77
10
50
122
133
53
-3
-23
100
132
53
-40
-7
37
144
15
-72
-116
6
34
-22
-116
-120
-18
24
4
-113
-133
-100
-93
-83
-37
-91
-240
-190
-94
-33
-31
-55
-133
-75
-11
-39
-54
-120
-91
-19
8
-129
-129
-79
-91
-154
-161
-137
-45
-127
-126
-145
-123
-53
-48
-105
-165
-80
-49
-45
-110
-124
-170
-60
-84
-106
-211
-180
-88
-157
-124
-215
-190
-169
-132
-133
-207
-156
-121
-40
-96
-180
-170
-29
11
20
-90
-56
-41
31
12
-58
-137
-67
69
59
-35
-76
-68
27
51
3
-46
-62
29
24
-39
-119
-104
-13
0
-56
-106
-77
0
67
54
-26
-29
101
98
41
-15
-3
38
105
156
53
60
8
107
67
109
-42
26
-4
81
-26
-38
6
34
22
11
-108
-89
-46
31
-114
-100
-110
-33
12
-14
-108
-159
-39
-23
-17
-119
-97
-101
28
48
23
-38
-38
48
11
-12
-81
-87
-32
-41
-82
-178
-165
-98
-60
-103
-184
-176
-63
-38
-121
-216
-219
-124
-70
-81
-150
-148
-114
-71
-109
-201
-251
-161
-104
-129
-142
-104
-77
0
-52
-115
-90
-93
-43
-41
-66
-126
-52
-10
-34
-111
-94
-106
10
74
107
11
0
-23
92
92
56
-11
24
63
71
38
5
27
-21
27
-5
-16
-67
-15
-24
4
-57
-2
15
57
2
-80
-89
-34
-4
-9
-32
-91
5
58
81
0
-17
-23
54
-10
6
-65
30
22
95
67
-26
-6
29
58
35
27
23
49
39
20
-30
-32
30
50
37
46
45
34
85
49
31
17
113
128
97
74
35
88
132
99
86
54
72
125
130
95
82
124
114
154
149
88
125
148
216
180
195
185
209
255
257
217
175
187
271
262
191
152
233
249
260
170
139
159
239
272
268
225
227
269
309
259
190
179
179
215
180
193
166
225
252
243
242
192
259
251
229
233
204
192
201
221
170
165
136
209
207
182
123
163
181
178
203
156
143
173
274
290
180
149
179
230
215
220
167
163
137
138
116
109
72
109
91
67
27
48
70
137
116
89
68
142
165
138
122
129
142
197
245
191
180
187
241
290
242
179
185
247
281
273
233
223
246
228
240
210
139
-121
-216
-219
-124
-70
-81
-150
-148
-114
-71
-109
-201
-251
-161
-104
-129
-142
-104
-77
0
-52
-115
-90
-93
-43
-41
-66
-126
-52
-10
-34
-111
-94
-106
10
74
107
11
0
-23
92
92
56
-11
24
63
71
38
5
27
-21
27
-5
-16
-67
-15
-24
4
-57
-2
15
57
2
-80
-9
-32
-89
-34
-4
-91
5
58
81
0
-17
-23
54
-10
6
-65
30
22
95
67
-26
-6
29
58
35
27
23
49
39
20
-30
-32
30
50
37
46
45
34
85
49
31
17
113
128
97
74
35
88
132
99
86
54
72
125
130
95
82
124
114
154
149
88
125
148
216
180
195
185
209
255
257
217
175
187
271
262
191
152
233
249
260
170
139
159
239
272
268
225
227
269
309
259
190
179
179
215
180
193
166
225
252
243
242
192
259
251
229
233
204
192
201
221
170
165
136
209
207
182
123
163
181
178
203
156
143
173
274
290
180
149
179
230
215
220
167
163
137
138
116
109
72
109
91
67
27
48
70
137
116
89
68
142
165
138
122
129
142
197
245
191
180
187
241
290
242
179
185
247
281
273
233
223
246
228
240
210
139
147
234
153
193
154
250
204
206
120
189
173
219
166
121
148
180
187
210
123
104
143
119
141
75
75
75
194
171
200
103
182
142
200
158
199
148
179
173
195
187
247
214
235
213
232
180
259
246
274
215
169
198
234
199
149
149
114
168
160
116
68
106
103
104
95
78
65
71
110
96
82
34
10
16
38
30
39
46
31
33
59
6
11
30
55
-27
-47
11
79
77
49
4
56
78
84
37
-17
-13
24
33
17
4
16
11
15
13
29
-17
-22
-17
-6
19
-12
28
-43
-26
-101
-54
-56
-50
-47
-91
-164
-152
-161
-100
-111
-176
-183
-135
-61
-120
-138
-180
-140
-68
-82
-77
-82
-61
-19
-70
-60
-164
-84
-106
-84
-140
-131
-130
-61
-72
-110
-116
-54
-20
-35
-75
-101
-109
-23
29
-28
-68
-42
23
68
0
-108
-137
-60
-83
-47
-68
-111
-33
-123
-97
-100
-122
-145
-136
-121
-146
-155
-164
-107
-91
-111
-122
-105
-122
-99
-117
-137
-152
-108
-27
-129
-190
-195
-141
-113
-105
-162
-210
-193
-171
-155
-155
-145
-150
-106
-141
-80
-128
-104
-91
-107
-77
-94
-72
-92
-52
-67
-133
-100
-58
-18
-102
-142
-137
-83
-45
-62
-100
-137
-75
-88
-75
139
147
234
153
193
154
250
204
206
120
189
173
219
166
121
148
180
187
210
123
104
143
119
141
75
75
75
194
171
200
103
182
142
200
158
199
148
179
173
195
187
247
214
235
213
232
180
259
246
274
215
169
198
234
199
149
149
114
168
160
116
68
106
103
104
95
78
65
71
110
96
82
34
10
16
38
30
39
46
31
33
59
6
11
30
55
-27
-47
11
79
77
49
4
56
78
84
37
-17
-13
24
33
17
4
16
11
15
13
29
-17
-22
-17
-6
19
-12
28
-43
-26
-101
-54
-56
-50
-47
-91
-164
-152
-161
-100
-111
-176
-183
-135
-61
-120
-138
-180
-140
-68
-82
-77
-82
-61
-19
-70
-60
-164
-84
-106
-84
-140
-131
-130
-61
-72
-110
-116
-54
-20
-35
-75
-101
-109
-23
29
-28
-68
-42
23
68
0
-108
-137
-60
-83
-47
-68
-111
-33
-123
-97
-100
-122
-145
-136
-121
-146
-155
-164
-107
-91
-111
-122
-105
-122
-99
-117
-137
-152
-108
-27
-129
-190
-195
-141
-113
-105
-162
-210
-193
-171
-155
-155
-145
-150
-106
-141
-80
-128
-104
-91
-107
-77
-94
-72
-92
-52
-67
-133
-100
-58
-18
-102
-142
-137
-83
-45
-62
-100
-137
-75
-88
-75
-119
-152
-158
-115
-144
-139
-220
-210
-202
-177
-180
-182
-178
-158
-186
-223
-168
-232
-194
-174
-151
-175
-179
-143
-191
-192
-172
-220
-195
-140
-118
-184
-232
-232
-131
-132
-139
-193
-214
-161
-94
-127
-185
-215
-215
-180
-176
-163
-217
-151
-189
-168
-133
-148
-129
-155
-190
-173
-177
-141
-110
-101
-176
-139
-141
-30
-46
-98
-153
-183
-70
-105
-159
-136
-114
-116
-39
-58
-49
-51
-75
-41
-24
-3
-25
-47
-28
4
6
-62
-9
-13
16
-3
-37
-7
34
63
6
-29
-25
27
29
6
-66
-123
-74
-17
-19
-100
-130
-117
-59
-47
-113
-108
-85
-63
-26
27
-26
-37
-55
25
-43
-94
-82
-9
61
-17
-74
-79
-14
-4
9
-82
-102
-26
36
31
-45
-66
-11
29
62
-25
-83
-46
68
70
87
-35
15
47
92
35
25
1
52
41
34
-4
-56
2
32
-87
-98
-138
-47
-84
-38
-176
-170
-97
-14
-47
-119
-169
-121
42
22
-60
-150
-111
-113
-55
-155
-237
-222
-132
-113
-124
-153
-189
-159
-133
-158
-172
-211
-170
-146
-155
-172
-174
-124
-92
-115
-138
-149
-118
-58
-60
-123
-171
-142
-70
-13
-43
-105
-122
-38
20
26
-21
-19
32
46
46
-9
-34
11
13
14
-11
-46
-84
-12
-98
-81
-148
-75
-119
-152
-158
-115
-144
-139
-220
-210
-202
-177
-180
-182
-178
-158
-186
-223
-168
-232
-194
-174
-151
-175
-179
-143
-191
-192
-172
-220
-195
-140
-118
-184
-232
-232
-131
-132
-139
-193
-214
-161
-94
-127
-185
-215
-215
-180
-176
-163
-217
-151
-189
-168
-133
-148
-129
-155
-190
-173
-177
-141
-110
-101
-176
-139
-141
-30
-46
-98
-153
-183
-70
-105
-159
-136
-114
-116
-39
-58
-49
-51
-75
-41
-24
-3
-25
-47
-28
4
6
-62
-9
-13
16
-3
-37
-7
34
63
6
-29
-25
27
29
6
-66
-123
-74
-17
-19
-100
-130
-117
-59
-47
-113
-108
-85
-63
-26
27
-26
-37
-55
25
-43
-94
-82
-9
61
-17
-74
-79
-14
-4
9
-82
-102
-26
36
31
-45
-66
-11
29
62
-25
-83
-46
68
70
87
-35
15
47
92
35
25
1
52
41
34
-4
-56
2
32
-87
-98
-138
-47
-84
-38
-176
-170
-97
-14
-47
-119
-169
-121
42
22
-60
-150
-111
-113
-55
-155
-237
-222
-132
-113
-124
-153
-189
-159
-133
-158
-172
-211
-170
-146
-155
-172
-174
-124
-92
-115
-138
-149
-118
-58
-60
-123
-171
-142
-70
-13
-43
-105
-122
-38
20
26
-21
-19
32
46
46
-9
-34
11
13
14
-11
-46
-84
-12
-98
-81
-148
-122
-113
-135
-218
-237
-221
-192
-187
-270
-342
-281
-241
-180
-224
-259
-240
-155
-160
-117
-173
-177
-115
-138
-124
-165
-207
-193
-165
-121
-191
-205
-178
-145
-126
-136
-152
-158
-166
-133
-167
-187
-180
-145
-157
-203
-299
-250
-217
-157
-180
-253
-253
-224
-185
-184
-224
-241
-226
-210
-245
-242
-261
-270
-247
-261
-279
-276
-256
-283
-289
-328
-277
-231
-212
-193
-272
-280
-241
-170
-152
-210
-271
-304
-215
-256
-297
-324
-419
-375
-308
-298
-337
-390
-389
-347
-328
-308
-378
-355
-365
-327
-369
-361
-376
-370
-336
-375
-371
-348
-266
-302
-335
-322
-364
-292
-230
-221
-256
-255
-218
-168
-153
-212
-264
-230
-166
-150
-154
-163
-207
-119
-107
-119
-105
-110
-179
-129
-167
-146
-164
-164
-173
-170
-144
-149
-109
-143
-130
-182
-142
-98
-64
-66
-85
-147
-109
-88
-73
-129
-155
-19
-145
-91
-102
-118
-153
-146
-174
-219
-175
-222
-185
-205
-163
-149
-130
-125
-157
-168
-143
-72
-123
-112
-131
-117
-151
-139
-169
-159
-158
-195
-190
-170
-166
-159
-187
-120
-181
-126
-162
-77
-104
-103
-164
-121
-78
-64
-79
-114
-110
-19
-40
-34
-31
-82
-59
-16
-6
-41
-17
-6
14
-5
67
42
15
-12
33
-11
-13
-13
35
-10
-20
0
-18
16
1
-26
-142
-96
-145
-91
-102
-118
-153
-146
-174
-219
-175
-222
-185
-205
-163
-149
-130
-125
-157
-168
-143
-72
-123
-112
-131
-117
-151
-139
-169
-159
-158
-195
-190
-170
-166
-159
-187
-120
-181
-126
-162
-77
-104
-103
-164
-121
-78
-64
-79
-114
-110
-19
-40
-34
-31
-82
-59
-16
-6
-41
-17
-6
14
-5
67
42
15
-12
33
-11
-13
-13
35
-10
-20
0
-18
16
1
-26
-142
-96
-99
-120
-141
-169
-166
-170
-138
-165
-191
-203
-201
-148
-127
-127
-91
-105
-54
-38
-16
11
27
61
87
90
40
82
150
126
65
73
142
96
101
97
109
123
149
137
124
116
116
109
120
108
94
76
-9
41
62
37
-4
14
39
23
31
-28
-1
16
-31
-16
-4
-2
21
27
45
66
67
95
147
143
150
111
155
160
189
165
145
159
146
187
176
142
95
171
185
203
167
107
128
193
201
181
120
117
176
197
151
120
97
108
120
129
121
32
72
88
140
103
77
73
147
112
63
43
55
109
109
86
55
50
145
131
73
82
78
92
154
110
102
37
132
98
159
31
88
35
95
64
68
3
53
72
117
68
5
32
85
73
14
11
-29
88
101
46
-14
29
79
145
75
40
1
111
115
136
112
163
132
169
170
154
105
142
191
234
248
159
179
230
243
237
225
220
270
256
207
194
203
267
301
209
206
186
277
257
227
175
191
208
264
181
145
159
170
178
167
170
182
116
164
186
173
183
190
188
207
237
209
209
242
246
225
235
191
229
255
290
254
277
265
343
298
275
301
328
317
278
278
280
275
250
-96
-99
-120
-141
-169
-166
-170
-138
-165
-191
-203
-201
-148
-127
-127
-91
-105
-54
-38
-16
11
27
61
87
90
40
82
150
126
65
73
142
96
101
97
109
123
149
137
124
116
116
109
120
108
94
76
-9
41
62
37
-4
14
39
23
31
-28
-1
16
-31
-16
-4
-2
21
27
45
66
67
95
147
143
150
111
155
160
189
165
145
159
146
187
176
142
95
171
185
203
167
107
128
193
201
181
120
117
176
197
151
120
97
108
120
129
121
32
72
88
140
103
77
73
147
112
63
43
55
109
109
86
55
50
145
131
73
82
78
92
154
110
102
37
132
98
159
31
88
35
95
64
68
3
53
72
117
68
5
32
85
73
14
11
-29
88
101
46
-14
29
79
145
75
40
1
111
115
136
112
163
132
169
170
154
105
142
191
234
248
159
179
230
243
237
225
220
270
256
207
194
203
267
301
209
206
186
277
257
227
175
191
208
264
181
145
159
170
178
167
170
182
116
164
186
173
183
190
188
207
237
209
209
242
246
225
235
191
229
255
290
254
277
265
343
298
275
301
328
317
278
278
280
275
250
232
333
303
261
242
259
245
233
235
231
273
264
250
200
233
251
251
218
189
200
238
221
260
215
224
243
269
242
271
289
327
277
251
271
301
328
326
254
273
274
258
275
304
254
206
230
295
285
300
271
228
296
263
237
224
205
196
212
190
162
133
156
128
107
93
145
100
110
84
73
77
90
105
77
66
80
91
38
31
87
50
34
42
31
58
46
51
79
64
7
7
26
33
-21
-32
-41
-41
-31
-55
-67
-40
-25
-4
-19
-14
-11
7
21
33
14
68
42
33
1
84
65
97
105
48
69
55
71
100
78
113
117
107
133
115
142
92
125
75
109
57
119
110
66
122
129
50
77
107
110
64
40
93
101
90
66
50
60
83
23
43
20
16
28
25
-22
-3
-4
4
-14
-12
32
14
-19
-31
-22
12
-5
-31
-27
-21
-8
-6
16
30
17
53
35
36
1
35
37
55
70
32
13
26
89
76
107
52
72
90
169
145
72
75
129
150
103
39
73
152
159
78
50
101
105
104
132
92
122
100
138
138
169
138
119
141
186
140
96
89
127
187
161
118
39
82
139
143
34
58
55
148
76
250
232
333
303
261
242
259
245
233
235
231
273
264
250
200
233
251
251
218
189
200
238
221
260
215
224
243
269
242
271
289
327
277
251
271
301
328
326
254
273
274
258
275
304
254
206
230
295
285
300
271
228
296
263
237
224
205
196
212
190
162
133
156
128
107
93
145
100
110
84
73
77
90
105
77
66
80
91
38
31
87
50
34
42
31
58
46
51
79
64
7
7
26
33
-21
-32
-41
-41
-31
-55
-67
-40
-25
-4
-19
-14
-11
7
21
33
14
68
42
33
1
84
65
97
105
48
69
55
71
100
78
113
117
107
133
115
142
92
125
75
109
57
119
110
66
122
129
50
77
107
110
64
40
93
101
90
66
50
60
83
23
43
20
16
28
25
-22
-3
-4
4
-14
-12
32
14
-19
-31
-22
12
-5
-31
-27
-21
-8
-6
16
30
17
53
35
36
1
35
37
55
70
32
13
26
89
76
107
52
72
90
169
145
72
75
129
150
103
39
73
152
159
78
50
101
105
104
132
92
122
100
138
138
169
138
119
141
186
140
96
89
127
187
161
118
39
82
139
143
34
58
55
148
76
76
45
98
85
101
57
16
27
46
14
42
13
42
93
121
90
61
90
132
163
124
117
96
118
135
139
92
63
29
113
65
12
-21
-4
38
50
63
83
109
110
99
89
68
92
106
171
132
137
73
115
136
121
70
86
95
174
164
206
193
201
234
275
208
233
212
299
338
314
312
251
296
289
329
195
233
256
286
213
228
163
224
204
215
187
224
149
228
190
186
70
117
145
165
169
146
136
156
205
183
165
45
183
168
206
74
105
159
186
179
113
113
104
213
169
110
165
155
172
183
185
159
205
148
216
178
150
149
224
245
214
150
182
165
200
152
113
68
135
100
91
33
61
74
117
99
53
82
58
98
106
60
48
127
40
113
54
20
13
59
90
87
67
55
73
106
99
50
102
135
142
145
94
102
57
153
93
47
-19
65
70
47
24
-10
30
59
54
-10
20
-21
5
-4
-9
-14
6
93
26
36
-6
-3
65
66
76
10
17
11
123
68
40
31
68
101
85
67
22
64
100
108
92
29
102
109
100
80
61
72
56
61
55
75
64
97
110
68
49
52
59
104
47
71
29
76
76
45
98
85
101
57
16
27
46
14
42
13
42
93
121
90
61
90
132
163
124
117
96
118
135
139
92
63
29
113
65
12
-21
-4
38
50
63
83
109
110
99
89
68
92
106
171
132
137
73
115
136
121
70
86
95
174
164
206
193
201
234
275
208
233
212
299
338
314
312
251
296
289
329
195
233
256
286
213
228
163
224
204
215
187
224
149
228
190
186
70
117
145
165
169
146
136
156
205
183
165
45
183
168
206
74
105
159
186
179
113
113
104
213
169
110
165
155
172
183
185
159
205
148
216
178
150
149
224
245
214
150
182
165
200
152
113
68
135
100
91
33
61
74
117
99
53
82
58
98
106
60
48
127
40
113
54
20
13
59
90
87
67
55
73
106
99
50
102
135
142
145
94
102
57
153
93
47
-19
65
70
47
24
-10
30
59
54
-10
20
-21
5
-4
-9
-14
6
93
26
36
-6
-3
65
66
76
10
17
11
123
68
40
31
68
101
85
67
22
64
100
108
92
29
102
109
100
80
61
72
56
61
55
75
64
97
110
68
49
52
59
104
47
71
29
-7
72
85
62
44
55
49
103
89
78
39
74
111
106
69
104
84
126
61
33
59
-4
93
-4
60
5
47
32
28
43
39
30
20
82
17
1
31
51
41
65
85
70
80
93
45
11
43
57
50
46
-9
78
93
126
129
36
99
88
158
113
121
100
102
121
100
94
68
121
99
123
112
130
86
141
109
134
86
86
114
80
39
27
35
34
45
7
-7
-17
28
-35
-34
-75
-138
-136
-100
-117
-101
-140
-109
-114
-137
-154
-111
-98
-73
-118
-94
-104
9
-16
-32
-10
-13
-1
-30
24
-35
-47
-14
61
57
43
15
9
74
97
86
29
31
66
118
112
111
127
161
168
126
124
111
165
156
125
150
150
178
121
128
93
86
142
160
177
54
19
74
117
37
26
-17
-1
-23
29
-48
-2
-19
2
20
21
38
41
140
166
102
104
128
158
143
120
91
93
120
154
163
98
111
134
208
206
160
85
150
185
165
93
82
126
131
170
109
82
111
180
200
183
122
142
176
235
147
140
86
177
182
188
128
158
155
242
129
137
97
116
179
227
156
187
215
295
306
286
190
248
232
296
258
263
252
279
262
239
29
-7
72
85
62
44
55
49
103
89
78
39
74
111
106
69
104
84
126
61
33
59
-4
93
-4
60
5
47
32
28
43
39
30
20
82
17
1
31
51
41
65
85
70
80
93
45
11
43
57
50
46
-9
78
93
126
129
36
99
88
158
113
121
100
102
121
100
94
68
121
99
123
112
130
86
141
109
134
86
86
114
80
39
27
35
34
45
7
-7
-17
28
-35
-34
-75
-138
-136
-100
-117
-101
-140
-109
-114
-137
-154
-111
-98
-73
-118
-94
-104
9
-16
-32
-10
-13
-1
-30
24
-35
-47
-14
61
57
43
15
9
74
97
86
29
31
66
118
112
111
127
161
168
126
124
111
165
156
125
150
150
178
121
128
93
86
142
160
177
54
19
74
117
37
26
-17
-1
-23
29
-48
-2
-19
2
20
21
38
41
140
166
102
104
128
158
143
120
91
93
120
154
163
98
111
134
208
206
160
85
150
185
165
93
82
126
131
170
109
82
111
180
200
183
122
142
176
235
147
140
86
177
182
188
128
158
155
242
129
137
97
116
179
227
156
187
215
295
306
286
190
248
232
296
258
263
252
279
262
239
173
179
213
217
200
142
139
124
126
104
23
24
24
76
48
-65
-62
-79
17
-17
-58
-134
-117
-90
-16
-102
-153
-173
-121
-70
-110
-142
-128
-84
17
-89
-101
-100
-50
10
6
-48
-71
20
62
55
-19
25
-24
110
116
25
11
47
80
137
86
38
29
51
81
100
11
-50
27
89
77
2
-34
-28
15
8
-11
-54
-1
30
16
-38
-69
-12
56
42
11
-31
-4
36
52
50
-1
5
68
88
117
12
18
47
100
72
0
-35
6
86
67
40
3
-27
52
48
20
-15
-26
7
16
-70
-65
-76
-19
11
-40
-55
-28
54
43
4
-72
-91
-12
50
38
-1
-25
16
73
51
36
9
51
54
90
48
61
60
113
74
66
2
24
86
99
67
56
23
98
110
75
42
38
63
99
49
14
-6
37
82
68
13
-23
44
46
94
36
-43
-10
1
30
2
-17
-4
-26
76
-51
-37
-34
-5
-15
-109
-76
-24
-40
-35
36
-66
-13
-17
79
38
4
-122
-41
-50
22
-44
-39
-60
-17
-6
48
-33
-91
-57
-32
-17
-130
-45
-47
8
-5
-16
-39
2
-20
8
-48
-18
-8
77
-13
43
-22
25
12
61
37
-11
45
55
70
38
44
-74
239
173
179
213
217
200
142
139
124
126
104
23
24
24
76
48
-65
-62
-79
17
-17
-58
-134
-117
-90
-16
-102
-153
-173
-121
-70
-110
-142
-128
-84
17
-89
-101
-100
-50
10
6
-48
-71
20
62
55
-19
25
-24
110
116
25
11
47
80
137
86
38
29
51
81
100
11
-50
27
89
77
2
-34
-28
15
8
-11
-54
-1
30
16
-38
-69
-12
56
42
11
-31
-4
36
52
50
-1
5
68
88
117
12
18
47
100
72
0
-35
6
86
67
40
3
-27
52
48
20
-15
-26
7
16
-70
-65
-76
-19
11
-40
-55
-28
54
43
4
-72
-91
-12
50
38
-1
-25
16
73
51
36
9
51
54
90
48
61
60
113
74
66
2
24
86
99
67
56
23
98
110
75
42
38
63
99
49
14
-6
37
82
68
13
-23
44
46
94
36
-43
-10
1
30
2
-17
-4
-26
76
-51
-37
-34
-5
-15
-109
-76
-24
-40
-35
36
-66
-13
-17
79
38
4
-122
-41
-50
22
-44
-39
-60
-17
-6
48
-33
-91
-57
-32
-17
-130
-45
-47
8
-5
-16
-39
2
-20
8
-48
-18
-8
77
-13
43
-22
25
12
61
37
-11
45
55
70
38
44
-74
10
24
125
7
20
2
71
98
44
26
37
57
38
64
34
40
70
103
81
73
59
43
77
62
15
55
87
127
111
66
42
98
94
79
85
49
54
86
93
16
63
41
109
106
136
-28
61
115
73
14
31
-7
50
22
-26
-60
-19
1
52
11
1
-14
15
73
50
-23
-20
-12
32
34
13
-57
-38
-5
-4
-16
-100
-62
-10
7
6
5
-46
16
50
30
-26
-10
12
48
15
-20
-46
4
37
39
6
-2
54
68
104
31
-3
-54
70
100
81
47
29
12
101
56
46
38
74
124
106
28
75
22
105
96
62
-1
10
52
64
60
21
13
-3
55
1
-51
-53
-33
24
-54
-48
-64
-57
60
5
-60
-33
32
33
50
32
5
7
47
72
71
27
33
39
125
69
81
54
103
96
130
144
101
139
181
179
117
113
146
176
204
125
61
134
137
143
163
144
156
196
231
215
154
152
146
172
152
95
85
74
102
51
42
19
1
16
55
22
22
95
114
131
101
123
106
137
163
114
136
196
171
211
168
152
129
160
182
213
231
120
193
178
173
155
124
116
164
125
107
76
72
122
131
89
69
101
99
-74
10
24
125
7
20
2
71
98
44
26
37
57
38
64
34
40
70
103
81
73
59
43
77
62
15
55
87
127
111
66
42
98
94
79
85
49
54
86
93
16
63
41
109
106
136
-28
61
115
73
14
31
-7
50
22
-26
-60
-19
1
52
11
1
-14
15
73
50
-23
-20
-12
32
34
13
-57
-38
-5
-4
-16
-100
-62
-10
7
6
5
-46
16
50
30
-26
-10
12
48
15
-20
-46
4
37
39
6
-2
54
68
104
31
-3
-54
70
100
81
47
29
12
101
56
46
38
74
124
106
28
75
22
105
96
62
-1
10
52
64
60
21
13
-3
55
1
-51
-53
-33
24
-54
-48
-64
-57
60
5
-60
-33
32
33
50
32
5
7
47
72
71
27
33
39
125
69
81
54
103
96
130
144
101
139
181
179
117
113
146
176
204
125
61
134
137
143
163
144
156
196
231
215
154
152
146
172
152
95
85
74
102
51
42
19
1
16
55
22
22
95
114
131
101
123
106
137
163
114
136
196
171
211
168
152
129
160
182
213
231
120
193
178
173
155
124
116
164
125
107
76
72
122
131
89
69
101
99
54
77
115
60
130
120
124
107
94
88
103
20
29
35
88
86
96
71
136
108
132
116
103
88
129
113
144
104
77
96
121
136
72
86
93
156
138
136
148
166
205
127
138
136
95
115
113
88
54
67
63
100
62
84
29
91
98
43
84
74
36
36
25
32
32
17
38
75
81
121
76
111
82
99
71
122
33
95
32
82
58
66
52
2
14
17
-54
5
-24
-28
-57
-53
-27
-55
-66
-109
-68
-52
-109
-86
-52
-72
-44
-34
-20
-101
-73
-16
-43
-18
-46
-41
-58
-51
-65
-83
-76
-7
-25
-63
-46
-23
-21
-49
-20
-45
-72
-66
-60
-64
-91
-115
-101
-121
-76
-102
-87
-103
-79
-51
-87
-53
-63
-57
-41
-73
-91
-31
-53
-49
-75
-96
-143
-86
-119
-90
-123
-116
-89
-72
-86
-90
-77
-92
-48
-15
-13
-61
-48
-49
3
-36
9
-14
23
38
23
40
-2
22
-3
29
6
-44
-20
6
-3
-19
18
-27
-5
-33
7
40
22
6
36
33
6
-19
10
2
-16
-23
12
46
28
-12
-16
-4
23
12
13
10
1
6
70
38
50
-8
12
29
27
19
28
31
28
42
64
50
38
58
46
77
22
62
45
67
12
-21
99
54
77
115
60
130
120
124
107
94
88
103
20
29
35
88
86
96
71
136
108
132
116
103
88
129
113
144
104
77
96
121
136
72
86
93
156
138
136
148
166
205
127
138
136
95
115
113
88
54
67
63
100
62
84
29
91
98
43
84
74
36
36
25
32
32
17
38
75
81
121
76
111
82
99
71
122
33
95
32
82
58
66
52
2
14
17
-54
5
-24
-28
-57
-53
-27
-55
-66
-109
-68
-52
-109
-86
-52
-72
-44
-34
-20
-101
-73
-16
-43
-18
-46
-41
-58
-51
-65
-83
-76
-7
-25
-63
-46
-23
-21
-49
-20
-45
-72
-66
-60
-64
-91
-115
-101
-121
-76
-102
-87
-103
-79
-51
-87
-53
-63
-57
-41
-73
-91
-31
-53
-49
-75
-96
-143
-86
-119
-90
-123
-116
-89
-72
-86
-90
-77
-92
-48
-15
-13
-61
-48
-49
3
-36
9
-14
23
38
23
40
-2
22
-3
29
6
-44
-20
6
-3
-19
18
-27
-5
-33
7
40
22
6
36
33
6
-19
10
2
-16
-23
12
46
28
-12
-16
-4
23
12
13
10
1
6
70
38
50
-8
12
29
27
19
28
31
28
42
64
50
38
58
46
77
22
62
45
67
12
-21
-6
8
25
14
-6
-34
-46
23
14
-15
-9
-19
53
-20
-1
42
33
35
83
77
62
103
91
136
79
81
54
95
146
149
181
124
177
194
188
209
171
223
221
265
181
207
152
165
163
137
132
120
149
124
98
18
68
21
15
-33
-25
-54
-13
-23
-6
-35
-20
12
83
23
59
-34
29
-8
57
2
21
-26
47
51
48
54
61
108
77
64
72
77
140
173
106
113
91
93
112
124
70
69
62
35
67
12
2
11
33
17
5
-9
-15
-17
-18
-25
-114
-95
-111
-71
-39
-51
-53
-59
-19
-21
-25
-36
-8
-28
-20
-69
-86
-78
-93
-44
-57
-112
-148
-142
-89
-111
-133
-161
-148
-167
-123
-160
-159
-150
-109
-80
-126
-84
-152
-46
-84
-54
-111
-109
-94
-107
-94
-106
-80
-68
-42
-88
-83
-104
-88
-96
-86
-109
-99
-83
-69
-70
-85
-97
-100
-98
-109
-99
-123
-108
-72
-84
-62
-96
-105
-72
-50
-73
-79
-68
-77
-53
-54
-73
-40
-48
-148
-78
-86
-148
-128
-155
-117
-174
-91
-135
-146
-98
-141
-139
-157
-115
-86
-142
-178
-173
-155
-148
-162
-165
-150
-168
-215
-176
-205
-201
-223
-175
-169
-168
-251
-182
-246
-225
-280
-296
-270
-259
-245
-236
-252
-245
-21
-6
8
25
14
-6
-34
-46
23
14
-15
-9
-19
53
-20
-1
42
33
35
83
77
62
103
91
136
79
81
54
95
146
149
181
124
177
194
188
209
171
223
221
265
181
207
152
165
163
137
132
120
149
124
98
18
68
21
15
-33
-25
-54
-13
-23
-6
-35
-20
12
83
23
59
-34
29
-8
57
2
21
-26
47
51
48
54
61
108
77
64
72
77
140
173
106
113
91
93
112
124
70
69
62
35
67
12
2
11
33
17
5
-9
-15
-17
-18
-25
-114
-95
-111
-71
-39
-51
-53
-59
-19
-21
-25
-36
-8
-28
-20
-69
-86
-78
-93
-44
-57
-112
-148
-142
-89
-111
-133
-161
-148
-167
-123
-160
-159
-150
-109
-80
-126
-84
-152
-46
-84
-54
-111
-109
-94
-107
-94
-106
-80
-68
-42
-88
-83
-104
-88
-96
-86
-109
-99
-83
-69
-70
-85
-97
-100
-98
-109
-99
-123
-108
-72
-84
-62
-96
-105
-72
-50
-73
-79
-68
-77
-53
-54
-73
-40
-48
-148
-78
-86
-148
-128
-155
-117
-174
-91
-135
-146
-98
-141
-139
-157
-115
-86
-142
-178
-173
-155
-148
-162
-165
-150
-168
-215
-176
-205
-201
-223
-175
-169
-168
-251
-182
-246
-225
-280
-296
-270
-259
-245
-236
-252
-245
-255
-253
-261
-284
-283
-274
-274
-231
-287
-257
-276
-257
-253
-258
-282
-281
-271
-297
-268
-279
-273
-265
-238
-277
-296
-314
-295
-304
-298
-285
-296
-259
-292
-288
-278
-302
-295
-288
-259
-258
-284
-257
-285
-271
-290
-307
-315
-265
-287
-283
-274
-315
-297
-319
-311
-332
-330
-358
-282
-279
-271
-266
-247
-249
-234
-272
-198
-192
-222
-186
-196
-176
-207
-130
-161
-151
-179
-174
-201
-156
-209
-216
-202
-194
-188
-213
-207
-198
-208
-147
-212
-214
-245
-215
-206
-172
-192
-153
-107
-144
-104
-137
-100
-215
-176
-176
-185
-200
-174
-127
-147
-191
-204
-190
-152
-146
-152
-179
-139
-122
-97
-220
-159
-166
-140
-223
-185
-196
-178
-155
-160
-162
-163
-152
-154
-136
-169
-187
-181
-127
-171
-115
-173
-163
-167
-129
-156
-159
-171
-137
-141
-86
-176
-123
-111
-96
-101
-128
-113
-109
-72
-92
-96
-128
-88
-121
-102
-123
-159
-193
-135
-147
-161
-129
-77
-150
-113
-95
-94
-91
-13
-18
17
-30
-29
-21
28
45
8
44
40
-16
41
-1
-65
-34
8
0
18
-23
-28
-35
-59
32
-57
-42
-28
10
-8
18
-23
-16
-14
5
39
-45
-22
75
130
130
130
126
127
127
101
132
115
118
162
156
133
171
184
164
197
176
123
145
175
146
-245
-255
-253
-261
-284
-283
-274
-274
-231
-287
-257
-276
-257
-253
-258
-282
-281
-271
-297
-268
-279
-273
-265
-238
-277
-296
-314
-295
-304
-298
-285
-296
-259
-292
-288
-278
-302
-295
-288
-259
-258
-284
-257
-285
-271
-290
-307
-315
-265
-287
-283
-274
-315
-297
-319
-311
-332
-330
-358
-282
-279
-271
-266
-247
-249
-234
-272
-198
-192
-222
-186
-196
-176
-207
-130
-161
-151
-179
-174
-201
-156
-209
-216
-202
-194
-188
-213
-207
-198
-208
-147
-212
-214
-245
-215
-206
-172
-192
-153
-107
-144
-104
-137
-100
-215
-176
-176
-185
-200
-174
-127
-147
-191
-204
-190
-152
-146
-152
-179
-139
-122
-97
-220
-159
-166
-140
-223
-185
-196
-178
-155
-160
-162
-163
-152
-154
-136
-169
-187
-181
-127
-171
-115
-173
-163
-167
-129
-156
-159
-171
-137
-141
-86
-176
-123
-111
-96
-101
-128
-113
-109
-72
-92
-96
-128
-88
-121
-102
-123
-159
-193
-135
-147
-161
-129
-77
-150
-113
-95
-94
-91
-13
-18
17
-30
-29
-21
28
45
8
44
40
-16
41
-1
-65
-34
8
0
18
-23
-28
-35
-59
32
-57
-42
-28
10
-8
18
-23
-16
-14
5
39
-45
-22
75
130
130
130
126
127
127
101
132
115
118
162
156
133
171
184
164
197
176
123
145
175
146
164
153
185
193
176
187
193
156
193
211
183
198
215
232
261
264
211
232
294
241
286
288
213
213
232
226
215
181
194
181
168
173
181
143
151
130
132
115
138
131
145
155
123
98
55
60
32
46
0
34
8
-26
-24
-16
-20
-5
-3
-22
-21
14
15
-5
9
-28
-11
17
-20
32
7
40
48
33
37
42
84
92
73
17
66
40
22
52
87
18
104
102
117
93
47
95
93
70
94
41
81
67
81
57
22
-5
-4
-38
-71
-92
-105
-92
-113
-115
-158
-154
-143
-177
-134
-207
-220
-229
-207
-233
-160
-252
-273
-233
-251
-191
-270
-217
-260
-185
-210
-219
-270
-219
-190
-213
-274
-247
-282
-253
-267
-226
-271
-237
-195
-222
-257
-272
-230
-235
-267
-238
-245
-220
-226
-227
-232
-214
-225
-248
-197
-230
-209
-257
-220
-223
-170
-223
-225
-232
-168
-195
-177
-188
-159
-215
-172
-134
-181
-156
-104
-120
-148
-141
-160
-131
-177
-196
-185
-164
-173
-159
-191
-167
-209
-142
-158
-95
-124
-160
-176
-150
-196
-205
-207
-179
-141
-160
-191
-185
-210
-188
-215
-258
-276
-259
-254
-219
-274
-268
-266
-247
-244
-237
-244
-254
-191
-238
-197
-257
-245
-239
-174
-162
-172
-212
-188
-196
-125
-203
-201
-220
146
164
153
185
193
176
187
193
156
193
211
183
198
215
232
261
264
211
232
294
241
286
288
213
213
232
226
215
181
194
181
168
173
181
143
151
130
132
115
138
131
145
155
123
98
55
60
32
46
0
34
8
-26
-24
-16
-20
-5
-3
-22
-21
14
15
-5
9
-28
-11
17
-20
32
7
40
48
33
37
42
84
92
73
17
66
40
22
52
87
18
104
102
117
93
47
95
93
70
94
41
81
67
81
57
22
-5
-4
-38
-71
-92
-105
-92
-113
-115
-158
-154
-143
-177
-134
-207
-220
-229
-207
-233
-160
-252
-273
-233
-251
-191
-270
-217
-260
-185
-210
-219
-270
-219
-190
-213
-274
-247
-282
-253
-267
-226
-271
-237
-195
-222
-257
-272
-230
-235
-267
-238
-245
-220
-226
-227
-232
-214
-225
-248
-197
-230
-209
-257
-220
-223
-170
-223
-225
-232
-168
-195
-177
-188
-159
-215
-172
-134
-181
-156
-104
-120
-148
-141
-160
-131
-177
-196
-185
-164
-173
-159
-191
-167
-209
-142
-158
-95
-124
-160
-176
-150
-196
-205
-207
-179
-141
-160
-191
-185
-210
-188
-215
-258
-276
-259
-254
-219
-274
-268
-266
-247
-244
-237
-244
-254
-191
-238
-197
-257
-245
-239
-174
-162
-172
-212
-188
-196
-125
-203
-201
-220
-172
-214
-225
-245
-238
-245
-186
-248
-261
-245
-228
-268
-240
-240
-231
-236
-260
-246
-246
-218
-211
-214
-160
-215
-234
-199
-183
-147
-176
-171
-198
-132
-143
-191
-169
-170
-106
-129
-149
-127
-116
-83
-102
-52
-102
-84
-129
-127
-147
-135
-106
-96
-104
-74
-114
-93
-61
-68
-51
-67
-2
-23
-21
-69
-71
-63
-85
-71
-34
-29
-103
-71
-76
-60
-90
-85
-97
-32
-28
-31
-82
-81
-55
-21
-2
-24
11
-3
51
23
20
50
56
59
77
61
49
71
47
61
35
59
26
58
65
57
8
47
17
59
65
30
15
-14
32
28
28
21
55
-3
43
1
-12
-2
3
-11
14
-23
14
1
15
-15
42
10
24
61
77
69
-6
106
75
45
39
42
71
126
89
86
71
62
95
125
72
84
106
100
109
64
76
117
117
121
76
98
130
81
161
79
111
89
100
131
150
106
100
110
104
124
103
60
90
82
112
94
122
141
140
137
114
96
137
155
129
144
100
85
108
121
69
95
75
109
101
99
124
89
93
75
40
66
12
68
55
59
-6
30
39
63
14
34
64
82
142
126
53
99
161
48
87
94
115
100
180
111
88
123
144
137
154
147
-220
-172
-214
-225
-245
-238
-245
-186
-248
-261
-245
-228
-268
-240
-240
-231
-236
-260
-246
-246
-218
-211
-214
-160
-215
-234
-199
-183
-147
-176
-171
-198
-132
-143
-191
-169
-170
-106
-129
-149
-127
-116
-83
-102
-52
-102
-84
-129
-127
-147
-135
-106
-96
-104
-74
-114
-93
-61
-68
-51
-67
-2
-23
-21
-69
-71
-63
-85
-71
-34
-29
-103
-71
-76
-60
-90
-85
-97
-32
-28
-31
-82
-81
-55
-21
-2
-24
11
-3
51
23
20
50
56
59
77
61
49
71
47
61
35
59
26
58
65
57
8
47
17
59
65
30
15
-14
32
28
28
21
55
-3
43
1
-12
-2
3
-11
14
-23
14
1
15
-15
42
10
24
61
77
69
-6
106
75
45
39
42
71
126
89
86
71
62
95
125
72
84
106
100
109
64
76
117
117
121
76
98
130
81
161
79
111
89
100
131
150
106
100
110
104
124
103
60
90
82
112
94
122
141
140
137
114
96
137
155
129
144
100
85
108
121
69
95
75
109
101
99
124
89
93
75
40
66
12
68
55
59
-6
30
39
63
14
34
64
82
142
126
53
99
161
48
87
94
115
100
180
111
88
123
144
137
154
147
179
217
213
202
251
169
174
163
187
127
79
103
89
120
70
26
45
54
116
66
71
46
47
65
32
48
7
45
43
5
25
53
63
72
72
61
58
82
49
77
-1
60
4
58
24
-36
-30
-25
-27
1
-17
-50
-84
-37
-16
-69
-70
-91
-71
-71
-51
-95
-142
-143
-146
-140
-99
-107
-96
-74
-73
-171
-104
-84
-43
-84
-85
-82
-130
-91
-120
-69
-97
-142
-127
-135
-86
-177
-90
-117
-60
-75
-109
-124
-112
-91
-72
-82
-84
-64
-44
-48
-78
-127
-64
-48
-68
-89
-105
-144
-78
-37
-103
-58
-55
-21
-24
-62
-95
-63
-61
-50
-36
-66
-73
-40
-1
-43
-38
-60
-44
39
-6
63
19
55
83
65
83
47
74
102
119
54
72
18
46
79
43
22
51
59
82
64
79
61
88
112
139
90
83
126
143
109
41
67
68
89
62
104
54
114
106
138
88
93
113
135
100
106
73
96
109
152
90
58
76
121
127
148
107
40
91
118
107
64
63
59
98
54
37
-5
-13
74
18
67
13
-1
34
16
6
11
31
27
58
14
1
-2
48
32
42
-13
24
28
96
82
67
13
91
63
42
51
20
14
43
78
34
63
99
70
147
179
217
213
202
251
169
174
163
187
127
79
103
89
120
70
26
45
54
116
66
71
46
47
65
32
48
7
45
43
5
25
53
63
72
72
61
58
82
49
77
-1
60
4
58
24
-36
-30
-25
-27
1
-17
-50
-84
-37
-16
-69
-70
-91
-71
-71
-51
-95
-142
-143
-146
-140
-99
-107
-96
-74
-73
-171
-104
-84
-43
-84
-85
-82
-130
-91
-120
-69
-97
-142
-127
-135
-86
-177
-90
-117
-60
-75
-109
-124
-112
-91
-72
-82
-84
-64
-44
-48
-78
-127
-64
-48
-68
-89
-105
-144
-78
-37
-103
-58
-55
-21
-24
-62
-95
-63
-61
-50
-36
-66
-73
-40
-1
-43
-38
-60
-44
39
-6
63
19
55
83
65
83
47
74
102
119
54
72
18
46
79
43
22
51
59
82
64
79
61
88
112
139
90
83
126
143
109
41
67
68
89
62
104
54
114
106
138
88
93
113
135
100
106
73
96
109
152
90
58
76
121
127
148
107
40
91
118
107
64
63
59
98
54
37
-5
-13
74
18
67
13
-1
34
16
6
11
31
27
58
14
1
-2
48
32
42
-13
24
28
96
82
67
13
91
63
42
51
20
14
43
78
34
63
99
70
120
86
56
37
90
64
58
48
21
25
36
-19
-39
-60
-32
10
-34
-39
-96
-46
-88
-50
-119
-112
-123
-55
-95
-69
-127
-62
-82
-79
-101
-137
-127
-108
-151
-106
-130
-72
-113
-98
-188
-168
-186
-176
-177
-166
-215
-179
-139
-168
-98
-171
-108
-101
-87
-66
-113
-108
-108
-87
-100
-167
-168
-201
-131
-143
-146
-180
-125
-107
-100
-117
-127
-160
-79
-98
-100
-179
-134
-103
-68
-94
-111
-134
-33
-15
-88
-49
-47
-36
3
61
2
-45
-7
-75
-5
-18
-53
-105
-14
-41
-82
-96
-107
-65
-19
-47
-112
-69
-53
-44
-4
-68
-40
-68
44
58
34
-7
46
19
39
32
66
35
40
97
67
62
60
132
131
123
144
163
171
216
174
191
218
247
263
259
212
216
234
231
191
169
133
193
187
155
88
157
153
154
187
210
151
59
108
126
96
102
97
62
117
123
98
151
162
205
189
173
187
234
227
214
155
164
240
207
217
187
196
160
138
205
135
172
176
156
131
175
79
102
111
168
126
105
96
120
103
116
78
100
54
66
133
97
114
74
191
116
114
146
217
214
251
233
243
240
266
267
312
285
264
295
308
275
245
202
223
190
160
123
70
120
86
56
37
90
64
58
48
21
25
36
-19
-39
-60
-32
10
-34
-39
-96
-46
-88
-50
-119
-112
-123
-55
-95
-69
-127
-62
-82
-79
-101
-137
-127
-108
-151
-106
-130
-72
-113
-98
-188
-168
-186
-176
-177
-166
-215
-179
-139
-168
-98
-171
-108
-101
-87
-66
-113
-108
-108
-87
-100
-167
-168
-201
-131
-143
-146
-180
-125
-107
-100
-117
-127
-160
-79
-98
-100
-179
-134
-103
-68
-94
-111
-134
-33
-15
-88
-49
-47
-36
3
61
2
-45
-7
-75
-5
-18
-53
-105
-14
-41
-82
-96
-107
-65
-19
-47
-112
-69
-53
-44
-4
-68
-40
-68
44
58
34
-7
46
19
39
32
66
35
40
97
67
62
60
132
131
123
144
163
171
216
174
191
218
247
263
259
212
216
234
231
191
169
133
193
187
155
88
157
153
154
187
210
151
59
108
126
96
102
97
62
117
123
98
151
162
205
189
173
187
234
227
214
155
164
240
207
217
187
196
160
138
205
135
172
176
156
131
175
79
102
111
168
126
105
96
120
103
116
78
100
54
66
133
97
114
74
191
116
114
146
217
214
251
233
243
240
266
267
312
285
264
295
308
275
245
202
223
190
160
123
117
144
108
117
95
107
81
133
108
80
3
61
71
66
26
42
-2
29
-5
23
-48
-42
-35
12
-38
-8
-53
-17
-31
-26
-23
-29
-53
-16
-10
-16
-42
-20
-1
-6
-35
-41
-20
-35
1
13
-24
33
5
1
-29
-64
-64
-53
-47
-43
-85
-67
-73
-35
-95
-99
-67
-82
-77
-74
-132
-128
-47
-130
-93
-123
-94
-141
-79
-90
-81
-97
-66
-54
-47
-48
-54
-77
-76
-66
-87
-144
-78
-44
-58
-59
-59
-72
-21
6
18
-14
-44
14
28
11
-43
-9
-36
-18
-24
-39
-28
-58
-28
-30
-109
-131
-67
-78
-34
-98
-83
-66
-96
-67
-107
-115
-94
-109
-104
-68
-128
-125
-74
-70
-43
-108
-113
-72
-98
-42
-110
-52
-109
-37
-22
0
-48
-6
30
1
6
-49
-56
-19
-11
-21
-41
-35
-10
12
27
-73
-62
-32
12
-14
-44
-83
-56
-33
-19
-58
-32
-52
35
-29
-51
-76
-61
-14
-5
1
-55
-16
17
37
11
25
-52
35
17
-19
-1
-44
-47
74
-22
49
-27
15
0
27
-45
-35
-54
-1
-51
-37
-108
-111
-98
-36
-125
-133
-70
-51
-72
-91
-42
-46
-22
2
-35
-37
-5
-2
37
24
21
8
38
47
95
15
30
-23
65
52
96
5
99
56
123
117
144
108
117
95
107
81
133
108
80
3
61
71
66
26
42
-2
29
-5
23
-48
-42
-35
12
-38
-8
-53
-17
-31
-26
-23
-29
-53
-16
-10
-16
-42
-20
-1
-6
-35
-41
-20
-35
1
13
-24
33
5
1
-29
-64
-64
-53
-47
-43
-85
-67
-73
-35
-95
-99
-67
-82
-77
-74
-132
-128
-47
-130
-93
-123
-94
-141
-79
-90
-81
-97
-66
-54
-47
-48
-54
-77
-76
-66
-87
-144
-78
-44
-58
-59
-59
-72
-21
6
18
-14
-44
14
28
11
-43
-9
-36
-18
-24
-39
-28
-58
-28
-30
-109
-131
-67
-78
-34
-98
-83
-66
-96
-67
-107
-115
-94
-109
-104
-68
-128
-125
-74
-70
-43
-108
-113
-72
-98
-42
-110
-52
-109
-37
-22
0
-48
-6
30
1
6
-49
-56
-19
-11
-21
-41
-35
-10
12
27
-73
-62
-32
12
-14
-44
-83
-56
-33
-19
-58
-32
-52
35
-29
-51
-76
-61
-14
-5
1
-55
-16
17
37
11
25
-52
35
17
-19
-1
-44
-47
74
-22
49
-27
15
0
27
-45
-35
-54
-1
-51
-37
-108
-111
-98
-36
-125
-133
-70
-51
-72
-91
-42
-46
-22
2
-35
-37
-5
-2
37
24
21
8
38
47
95
15
30
-23
65
52
96
5
99
56
134
78
135
57
65
86
111
81
62
55
51
49
85
24
62
77
92
87
53
72
62
120
61
77
75
110
101
104
49
77
50
152
77
97
133
154
198
172
144
152
131
228
164
179
122
207
234
173
150
149
163
167
187
165
200
153
174
173
149
95
121
123
122
144
155
120
147
181
184
120
66
111
137
115
104
163
145
228
222
176
157
169
197
201
179
205
201
210
175
182
171
210
208
232
231
196
220
276
323
316
268
261
281
241
232
179
182
192
185
196
198
188
152
262
190
232
203
237
221
215
232
205
197
208
224
259
255
221
217
256
215
227
245
280
268
268
255
228
203
251
218
207
210
183
199
186
167
182
157
171
204
228
184
210
200
210
216
200
201
183
154
141
145
117
154
139
132
130
112
119
110
117
125
126
120
122
154
101
85
148
127
124
127
161
88
140
153
167
122
109
123
104
116
130
100
136
149
62
88
70
90
63
103
54
67
44
52
53
45
45
86
90
82
90
80
60
93
69
91
54
91
71
94
60
42
58
22
18
17
20
36
21
36
46
19
38
19
28
41
-26
56
134
78
135
57
65
86
111
81
62
55
51
49
85
24
62
77
92
87
53
72
62
120
61
77
75
110
101
104
49
77
50
152
77
97
133
154
198
172
144
152
131
228
164
179
122
207
234
173
150
149
163
167
187
165
200
153
174
173
149
95
121
123
122
144
155
120
147
181
184
120
66
111
137
115
104
163
145
228
222
176
157
169
197
201
179
205
201
210
175
182
171
210
208
232
231
196
220
276
323
316
268
261
281
241
232
179
182
192
185
196
198
188
152
262
190
232
203
237
221
215
232
205
197
208
224
259
255
221
217
256
215
227
245
280
268
268
255
228
203
251
218
207
210
183
199
186
167
182
157
171
204
228
184
210
200
210
216
200
201
183
154
141
145
117
154
139
132
130
112
119
110
117
125
126
120
122
154
101
85
148
127
124
127
161
88
140
153
167
122
109
123
104
116
130
100
136
149
62
88
70
90
63
103
54
67
44
52
53
45
45
86
90
82
90
80
60
93
69
91
54
91
71
94
60
42
58
22
18
17
20
36
21
36
46
19
38
19
28
41
-26
0
8
14
61
21
-4
26
27
16
7
-72
-55
-59
-107
-114
-129
-99
-124
-117
-138
-97
-86
-103
-139
-146
-158
-177
-145
-136
-103
-172
-106
-153
-131
-188
-173
-185
-177
-182
-173
-157
-170
-196
-208
-179
-175
-189
-152
-194
-143
-141
-205
-183
-150
-136
-177
-124
-188
-158
-166
-167
-152
-119
-93
-93
-119
-119
-118
-102
-174
-118
-170
-151
-147
-119
-138
-113
-138
-142
-185
-197
-130
-224
-207
-218
-183
-234
-205
-175
-220
-215
-212
-183
-206
-192
-195
-231
-213
-205
-223
-208
-205
-240
-276
-240
-268
-222
-161
-209
-218
-245
-191
-204
-230
-187
-188
-190
-201
-180
-181
-158
-167
-111
-125
-173
-153
-143
-98
-110
-123
-95
-118
-37
-37
-61
-11
-23
-70
-54
-44
-60
-43
-37
-75
-34
-84
-10
-35
-38
-64
-32
-39
-57
-53
-34
-108
-74
-77
-80
-61
-41
22
-30
-73
26
-15
-1
37
85
133
71
82
19
30
18
-8
-7
-5
-8
14
-2
3
-13
-60
-116
-89
-70
-62
-84
-80
-86
-75
-96
-69
-135
-83
-119
-95
-97
-79
-145
-63
-105
-82
-113
-125
-71
-137
-87
-34
-38
-33
-12
-29
-15
-4
3
40
-37
89
47
52
64
72
96
88
88
72
85
26
35
-5
27
20
9
-9
-6
-25
-64
-63
-26
0
8
14
61
21
-4
26
27
16
7
-72
-55
-59
-107
-114
-99
-124
-117
-129
-138
-97
-86
-103
-139
-146
-158
-177
-145
-136
-103
-172
-106
-153
-131
-188
-173
-185
-177
-182
-173
-157
-170
-196
-208
-179
-175
-189
-152
-194
-143
-141
-205
-183
-150
-136
-177
-124
-188
-158
-166
-167
-152
-119
-93
-93
-119
-119
-118
-102
-174
-118
-170
-151
-147
-119
-138
-113
-138
-142
-185
-197
-130
-224
-207
-218
-183
-234
-205
-175
-220
-215
-212
-183
-206
-192
-195
-231
-213
-205
-223
-208
-205
-240
-276
-240
-268
-222
-161
-209
-218
-245
-191
-204
-230
-187
-188
-190
-201
-180
-181
-158
-167
-111
-125
-173
-153
-143
-98
-110
-123
-95
-118
-37
-37
-61
-11
-23
-70
-54
-44
-60
-43
-37
-75
-34
-84
-10
-35
-38
-64
-32
-39
-57
-53
-34
-108
-74
-77
-80
-61
-41
22
-30
-73
26
-15
-1
37
85
133
71
82
19
30
18
-8
-7
-5
-8
14
-2
3
-13
-60
-116
-89
-70
-62
-84
-80
-86
-75
-96
-69
-135
-83
-119
-95
-97
-79
-145
-63
-105
-82
-113
-125
-71
-137
-87
-34
-38
-33
-12
-29
-15
-4
3
40
-37
89
47
52
64
72
96
88
88
72
85
26
35
-5
27
20
9
-9
-6
-25
-64
-63
-56
-59
-56
-45
-67
-30
7
-32
2
-47
-9
-36
4
11
41
-2
10
19
55
18
29
42
40
64
21
45
30
56
33
55
39
43
65
55
50
59
28
45
30
20
39
11
-9
-39
-6
-19
8
-83
-51
-95
-42
-37
-30
-96
-47
-80
-38
-74
-52
-20
-57
23
-13
-45
8
-8
-13
-37
-50
-24
0
29
20
44
61
54
42
107
83
108
109
150
117
186
185
197
211
206
156
100
97
117
112
136
120
114
113
142
141
148
113
115
133
84
103
34
108
89
77
66
96
57
69
21
18
-21
-4
10
-2
-17
42
-8
63
100
76
23
61
51
59
55
83
72
64
66
55
55
108
54
61
38
40
55
82
103
133
101
107
100
106
128
90
95
52
108
53
113
89
181
139
144
114
128
50
61
67
93
28
86
47
5
49
-4
-12
-31
-15
-41
-25
-8
65
14
44
35
42
73
41
37
-18
-29
43
-62
-23
-46
-13
-11
-27
9
-32
-59
-23
-27
-57
-30
-22
-32
-79
7
13
-8
-39
23
7
3
13
-10
-4
-30
-19
-2
-23
-20
-31
-15
38
21
61
-22
3
8
39
22
66
29
16
68
84
72
23
60
14
68
-63
-56
-59
-56
-45
-67
-30
7
-32
2
-47
-9
-36
4
11
41
-2
10
19
55
18
29
42
40
64
21
45
30
56
33
55
39
43
65
55
50
59
28
45
30
20
39
11
-9
-39
-6
-19
8
-83
-51
-95
-42
-37
-30
-96
-47
-80
-38
-74
-52
-20
-57
23
-13
-45
8
-8
-13
-37
-50
-24
0
29
20
44
61
54
42
107
83
108
109
150
117
186
185
197
211
206
156
100
97
117
112
136
120
114
113
142
141
148
113
115
133
84
103
34
108
89
77
66
96
57
69
21
18
-21
-4
10
-2
-17
42
-8
63
100
76
23
61
51
59
55
83
72
64
66
55
55
108
54
61
38
40
55
82
103
133
101
107
100
106
128
90
95
52
108
53
113
89
181
139
144
114
128
50
61
67
93
28
86
47
5
49
-4
-12
-31
-15
-41
-25
-8
65
14
44
35
42
73
41
37
-18
-29
43
-62
-23
-46
-13
-11
-27
9
-32
-59
-23
-27
-57
-30
-22
-32
-79
7
13
-8
-39
23
7
3
13
-10
-4
-30
-19
-2
-23
-20
-31
-15
38
21
61
-22
3
8
39
22
66
29
16
68
84
72
23
60
14
68
-1
55
41
5
1
85
34
79
44
59
32
45
19
65
13
58
0
-4
-3
2
12
22
17
-30
45
-32
-45
-80
-34
-40
-10
-43
-103
-122
-115
-120
-94
-163
-177
-161
-130
-124
-76
-136
-142
-127
-153
-154
-184
-172
-135
-145
-203
-201
-185
-161
-168
-216
-229
-240
-190
-191
-172
-188
-175
-135
-133
-134
-168
-209
-209
-200
-180
-235
-226
-222
-232
-211
-233
-182
-192
-148
-166
-183
-238
-195
-150
-120
-149
-180
-278
-262
-256
-283
-301
-267
-267
-267
-278
-275
-242
-256
-196
-239
-262
-250
-248
-210
-258
-239
-281
-226
-211
-171
-238
-249
-253
-244
-196
-215
-221
-206
-197
-163
-169
-211
-193
-150
-167
-176
-156
-227
-168
-109
-55
-165
-118
-140
-101
-77
-107
-131
-94
-27
-29
-67
-116
-78
-69
-48
-85
-96
-124
-90
-106
-136
-153
-164
-201
-152
-180
-171
-183
-152
-157
-182
-175
-163
-175
-185
-167
-182
-202
-164
-177
-73
-87
-93
-66
-114
-80
-77
-112
-124
-109
-61
-50
-59
-14
-9
-16
-22
-78
-99
-62
-32
-24
15
-7
-32
6
-47
-43
-116
-89
-79
-62
-7
-19
-102
-51
-66
-25
-74
-117
-96
-129
-93
-119
-117
-114
-71
-91
-56
-116
-86
-112
-135
-91
-104
-174
-89
-184
-155
-210
-194
-184
-174
-205
-189
68
-1
55
41
5
1
85
34
79
44
59
32
45
19
65
13
58
0
-4
-3
2
12
22
17
-30
45
-32
-45
-80
-34
-40
-10
-43
-103
-122
-115
-120
-94
-163
-177
-161
-130
-124
-76
-136
-142
-127
-153
-154
-184
-172
-135
-145
-203
-201
-185
-161
-168
-216
-229
-240
-190
-191
-172
-188
-175
-135
-133
-134
-168
-209
-209
-200
-180
-235
-226
-222
-232
-211
-233
-182
-192
-148
-166
-183
-238
-195
-150
-120
-149
-180
-278
-262
-256
-283
-301
-267
-267
-267
-278
-275
-242
-256
-196
-239
-262
-250
-248
-210
-258
-239
-281
-226
-211
-171
-238
-249
-253
-244
-196
-215
-221
-206
-197
-163
-169
-211
-193
-150
-167
-176
-156
-227
-168
-109
-55
-165
-118
-140
-101
-77
-107
-131
-94
-27
-29
-67
-116
-78
-69
-48
-85
-96
-124
-90
-106
-136
-153
-164
-201
-152
-180
-171
-183
-152
-157
-182
-175
-163
-175
-185
-167
-182
-202
-164
-177
-73
-87
-93
-66
-114
-80
-77
-112
-124
-109
-61
-50
-59
-14
-9
-16
-22
-78
-99
-62
-32
-24
15
-7
-32
6
-47
-43
-116
-89
-79
-62
-7
-19
-102
-51
-66
-25
-74
-117
-96
-129
-93
-119
-117
-114
-71
-91
-56
-116
-86
-112
-135
-91
-104
-174
-89
-184
-155
-210
-194
-184
-174
-205
-189
-195
-217
-213
-274
-255
-294
-237
-255
-157
-194
-183
-217
-167
-243
-248
-267
-274
-285
-241
-260
-246
-274
-277
-288
-263
-269
-268
-233
-217
-217
-234
-262
-288
-199
-189
-163
-221
-199
-165
-211
-217
-257
-297
-217
-235
-236
-234
-203
-192
-215
-267
-289
-339
-310
-367
-317
-340
-299
-314
-300
-304
-257
-335
-302
-292
-212
-278
-300
-245
-273
-219
-248
-259
-288
-185
-197
-193
-258
-209
-226
-195
-253
-239
-203
-168
-171
-165
-154
-141
-152
-127
-149
-142
-237
-169
-166
-163
-106
-151
-141
-91
-118
-109
-151
-169
-143
-127
-145
-191
-218
-183
-183
-175
-198
-187
-147
-118
-127
-140
-123
-124
-113
-169
-155
-166
-152
-153
-154
-117
-131
-133
-64
-153
-79
-91
-78
-106
-91
-124
-114
-141
-122
-165
-129
-139
-233
-128
-208
-179
-202
-259
-294
-259
-279
-239
-309
-297
-308
-305
-326
-326
-301
-260
-265
-228
-218
-197
-187
-159
-288
-245
-216
-133
-160
-162
-182
-122
-143
-133
-196
-155
-152
-147
-163
-145
-163
-163
-112
-66
-70
-93
-90
-92
-49
-82
-94
-93
-43
-58
0
-61
-48
-61
10
50
44
-3
-49
-31
-56
-18
-77
31
-8
2
-25
-42
-87
-126
-113
-115
-63
-79
-51
-71
-103
-112
-96
-123
-99
-95
-60
-142
-113
-71
-68
-109
-112
-79
-58
-189
-195
-217
-213
-274
-255
-294
-237
-255
-157
-194
-183
-217
-167
-243
-248
-267
-274
-285
-241
-260
-246
-274
-277
-288
-263
-269
-268
-233
-217
-217
-234
-262
-288
-199
-189
-163
-221
-199
-165
-211
-217
-257
-297
-217
-235
-236
-234
-203
-192
-215
-267
-289
-339
-310
-367
-317
-340
-299
-314
-300
-304
-257
-335
-302
-292
-212
-278
-300
-245
-273
-219
-248
-259
-288
-185
-197
-193
-258
-209
-226
-195
-253
-239
-203
-168
-171
-165
-154
-141
-152
-127
-149
-142
-237
-169
-166
-163
-106
-151
-141
-91
-118
-109
-151
-169
-143
-127
-145
-191
-218
-183
-183
-175
-198
-187
-147
-118
-127
-140
-123
-124
-113
-169
-155
-166
-152
-153
-154
-117
-131
-133
-64
-153
-79
-91
-78
-106
-91
-124
-114
-141
-122
-165
-129
-139
-233
-128
-208
-179
-202
-259
-294
-259
-279
-239
-309
-297
-308
-305
-326
-326
-301
-260
-265
-228
-218
-197
-187
-159
-288
-245
-216
-133
-160
-162
-182
-122
-143
-133
-196
-155
-152
-147
-163
-145
-163
-163
-112
-66
-70
-93
-90
-92
-49
-82
-94
-93
-43
-58
0
-61
-48
-61
10
50
44
-3
-49
-31
-56
-18
-77
31
-8
2
-25
-42
-87
-126
-113
-115
-63
-79
-51
-71
-103
-112
-96
-123
-99
-95
-60
-142
-113
-71
-68
-109
-112
-79
-58
-65
-73
-106
-66
-69
-105
-81
-94
-62
-60
-97
-90
-137
-117
-164
-120
-106
-57
-51
-53
-50
-131
-100
-155
-186
-129
-98
-89
-163
-118
-164
-74
-179
-189
-200
-156
-199
-176
-158
-162
-175
-185
-129
-174
-129
-116
-129
-128
-131
-130
-150
-121
-180
-177
-190
-161
-141
-153
-203
-138
-139
-223
-194
-185
-159
-187
-198
-131
-228
-236
-217
-211
-207
-245
-230
-223
-187
-190
-162
-194
-194
-195
-181
-178
-148
-148
-86
-122
-45
-131
-95
-151
-103
-103
-161
-165
-95
-91
-94
-148
-121
-202
-235
-229
-228
-220
-175
-170
-164
-168
-176
-163
-164
-154
-103
-82
-96
-85
-116
-94
-70
-118
-112
-87
-66
-57
-79
-54
-24
-10
-6
-37
-47
-20
-78
-33
-11
-12
-46
-13
-27
-54
10
-23
30
39
60
42
33
70
33
53
37
36
4
108
22
79
78
60
66
65
24
62
37
79
93
99
132
119
77
63
17
-18
22
27
34
60
56
104
113
70
72
65
33
100
90
53
78
55
92
71
79
25
64
127
161
177
203
179
162
162
69
97
67
113
138
179
184
158
173
139
132
49
100
117
194
156
208
161
190
124
112
119
90
105
132
163
158
116
116
93
142
144
195
193
200
157
117
110
-58
-65
-73
-106
-66
-69
-105
-81
-94
-62
-60
-97
-90
-137
-117
-164
-120
-106
-57
-51
-53
-50
-131
-100
-155
-186
-129
-98
-89
-163
-118
-164
-74
-179
-189
-200
-156
-199
-176
-158
-162
-175
-185
-129
-174
-129
-116
-129
-128
-131
-130
-150
-121
-180
-177
-190
-161
-141
-153
-203
-138
-139
-223
-194
-185
-159
-187
-198
-131
-228
-236
-217
-211
-207
-245
-230
-223
-187
-190
-162
-194
-194
-195
-181
-178
-148
-148
-86
-122
-45
-131
-95
-151
-103
-103
-161
-165
-95
-91
-94
-148
-121
-202
-235
-229
-228
-220
-175
-170
-164
-168
-176
-163
-164
-154
-103
-82
-96
-85
-116
-94
-70
-118
-112
-87
-66
-57
-79
-54
-24
-10
-6
-37
-47
-20
-78
-33
-11
-12
-46
-13
-27
-54
10
-23
30
39
60
42
33
70
33
53
37
36
4
108
22
79
78
60
66
65
24
62
37
79
93
99
132
119
77
63
17
-18
22
27
34
60
56
104
113
70
72
65
33
100
90
53
78
55
92
71
79
25
64
127
161
177
203
179
162
162
69
97
67
113
138
179
184
158
173
139
132
49
100
117
194
156
208
161
190
124
112
119
90
105
132
163
158
116
116
93
142
144
195
193
200
157
117
110
14
52
35
72
56
97
129
131
129
78
76
51
51
56
70
106
115
105
149
140
137
22
84
67
68
36
100
90
111
82
106
95
110
155
180
236
228
202
227
172
137
90
115
186
226
256
279
263
247
187
153
128
190
202
186
226
222
235
193
227
208
193
222
231
224
197
216
226
207
200
161
167
195
262
240
206
186
137
159
142
126
124
141
170
186
205
183
147
106
53
106
136
84
117
175
190
215
170
98
121
166
151
126
137
186
169
147
179
148
154
206
233
242
296
268
304
272
240
240
205
219
242
202
215
219
200
196
230
108
167
157
225
177
221
236
186
160
161
102
93
82
77
83
95
103
114
91
147
107
95
18
126
147
224
163
175
105
49
50
56
105
116
132
143
137
86
83
-4
39
80
124
153
183
197
154
85
58
28
33
19
65
103
183
164
173
78
94
75
66
79
124
116
134
138
149
103
75
99
99
100
85
115
129
89
58
58
11
63
50
77
127
164
114
168
119
76
77
19
42
45
6
12
56
71
68
15
17
-23
-58
-11
7
34
51
68
66
89
42
22
-19
24
110
14
52
35
72
56
97
129
131
129
78
76
51
51
56
70
106
115
105
149
140
137
22
84
67
68
36
100
90
111
82
106
95
110
155
180
236
228
202
227
172
137
90
115
186
226
256
279
263
247
187
153
128
190
202
186
226
222
235
193
227
208
193
222
231
224
197
216
226
207
200
161
167
195
262
240
206
186
137
159
142
126
124
141
170
186
205
183
147
106
53
106
136
84
117
175
190
215
170
98
121
166
151
126
137
186
169
147
179
148
154
206
233
242
296
268
304
272
240
240
205
219
242
202
215
219
200
196
230
108
167
157
225
177
221
236
186
160
161
102
93
82
77
83
95
103
114
91
147
107
95
18
126
147
224
163
175
105
49
50
56
105
116
132
143
137
86
83
-4
39
80
124
153
183
197
154
85
58
28
33
19
65
103
183
164
173
78
94
75
66
79
124
116
134
138
149
103
75
99
99
100
85
115
129
89
58
58
11
63
50
77
127
164
114
168
119
76
77
19
42
45
6
12
56
71
68
15
17
-23
-58
-11
7
34
51
68
66
89
42
22
-19
24
39
23
39
43
37
5
-11
21
55
73
89
111
64
104
72
-5
25
36
-9
29
53
53
21
10
59
-12
57
-24
3
1
-65
-45
-71
-87
-82
-125
-98
-105
-112
-150
-122
-149
-131
-186
-250
-214
-205
-221
-272
-209
-224
-196
-267
-252
-295
-277
-262
-254
-210
-250
-204
-172
-199
-214
-259
-261
-206
-277
-278
-211
-228
-222
-206
-197
-199
-201
-173
-252
-187
-223
-158
-201
-137
-175
-142
-145
-121
-163
-117
-128
-134
-128
-145
-164
-206
-172
-173
-135
-114
-19
-26
-29
-57
-99
-151
-202
-170
-192
-134
-142
-90
-144
-181
-171
-204
-186
-223
-155
-226
-121
-160
-34
-73
-118
-111
-49
-46
-74
-61
-55
-112
-101
-115
-130
-149
-154
-143
-73
-141
-90
-91
-134
-131
-99
-77
-94
1
-28
15
-61
-44
-83
-100
-67
-121
-31
47
-46
32
48
24
10
53
-28
-36
-48
-7
-52
-45
-31
-69
-118
-100
-40
-74
-110
-91
-68
-16
-66
-74
-83
-68
-54
-100
-62
-77
-20
-45
1
-9
-35
-51
-80
-25
-72
-82
-86
-74
-110
-124
-139
-163
-141
-134
-105
2
-10
-45
-32
-76
-118
-63
-95
-28
3
-59
-29
-26
-2
-20
-37
-71
-22
-103
-35
-55
-79
-78
-100
-106
-118
-147
-128
-122
-94
-124
-96
-92
-143
24
39
23
39
43
37
5
-11
21
55
73
89
111
64
104
72
-5
25
36
-9
29
53
53
21
10
59
-12
57
-24
3
1
-65
-45
-71
-87
-82
-125
-98
-105
-112
-150
-122
-149
-131
-186
-250
-214
-205
-221
-272
-209
-224
-196
-267
-252
-295
-277
-262
-254
-210
-250
-204
-172
-199
-214
-259
-261
-206
-277
-278
-211
-228
-222
-206
-197
-199
-201
-173
-252
-187
-223
-158
-201
-137
-175
-142
-145
-121
-163
-117
-128
-134
-128
-145
-164
-206
-172
-173
-135
-114
-19
-26
-29
-57
-99
-151
-202
-170
-192
-134
-142
-90
-144
-181
-171
-204
-186
-223
-155
-226
-121
-160
-34
-73
-118
-111
-49
-46
-74
-61
-55
-112
-101
-115
-130
-149
-154
-143
-73
-141
-90
-91
-134
-131
-99
-77
-94
1
-28
15
-61
-44
-83
-100
-67
-121
-31
47
-46
32
48
24
10
53
-28
-36
-48
-7
-52
-45
-31
-69
-118
-100
-40
-74
-110
-91
-68
-16
-66
-74
-83
-68
-54
-100
-62
-77
-20
-45
1
-9
-35
-51
-80
-25
-72
-82
-86
-74
-110
-124
-139
-163
-141
-134
-105
2
-10
-45
-32
-76
-118
-63
-95
-28
3
-59
-29
-26
-2
-20
-37
-71
-22
-103
-35
-55
-79
-78
-100
-106
-118
-147
-128
-122
-94
-124
-96
-92
-143
-134
-149
-166
-234
-177
-217
-199
-192
-197
-279
-227
-248
-202
-185
-186
-131
-142
-154
-153
-155
-162
-150
-139
-109
-108
-141
-100
-135
-97
-118
-118
-133
-89
-100
-146
-89
-107
-89
-131
-155
-210
-124
-180
-145
-137
-109
-128
-91
-99
-139
-101
-75
-37
-75
-46
-44
-27
-20
-55
-58
-78
-97
-75
18
-41
-45
-9
-32
-66
-144
-84
-94
-133
-39
-36
-49
-93
-153
-186
-225
-166
-169
-110
-75
-42
-83
-93
-88
-111
-141
-174
-121
-153
11
-67
-9
-50
-69
-180
-151
-144
-103
-54
-93
-56
-90
-44
-100
-104
-73
-139
-128
-42
-50
-46
-38
-108
-112
-95
-79
-43
-103
-105
-60
-99
-135
-131
-127
-111
-130
-94
-60
-116
-80
-77
-111
-87
-166
-101
-159
-147
-97
-93
-148
-45
-96
-104
-86
-112
-139
-152
-92
-105
-82
-34
-1
9
-36
6
6
80
22
59
69
95
93
92
114
124
102
119
160
120
118
55
101
82
39
72
82
86
99
84
84
13
53
23
48
4
1
-51
16
6
19
-16
-25
-37
-61
-21
-16
-7
-9
77
-8
30
-21
-23
24
2
18
38
63
104
61
72
82
7
75
67
89
104
117
155
121
111
138
70
105
89
125
100
99
73
156
95
136
37
23
62
61
-143
-134
-149
-166
-234
-177
-217
-199
-192
-197
-279
-227
-248
-202
-185
-186
-131
-142
-154
-153
-155
-162
-150
-139
-109
-108
-141
-100
-135
-97
-118
-118
-133
-89
-100
-146
-89
-107
-89
-131
-155
-210
-124
-180
-145
-137
-109
-128
-91
-99
-139
-101
-75
-37
-75
-46
-44
-27
-20
-55
-58
-78
-97
-75
18
-41
-45
-9
-32
-66
-144
-84
-94
-133
-39
-36
-49
-93
-153
-186
-225
-166
-169
-110
-75
-42
-83
-93
-88
-111
-141
-174
-121
-153
11
-67
-9
-50
-69
-180
-151
-144
-103
-54
-93
-56
-90
-44
-100
-104
-73
-139
-128
-42
-50
-46
-38
-108
-112
-95
-79
-43
-103
-105
-60
-99
-135
-131
-127
-111
-130
-94
-60
-116
-80
-77
-111
-87
-166
-101
-159
-147
-97
-93
-148
-45
-96
-104
-86
-112
-139
-152
-92
-105
-82
-34
-1
9
-36
6
6
80
22
59
69
95
93
92
114
124
102
119
160
120
118
55
101
82
39
72
82
86
99
84
84
13
53
23
48
4
1
-51
16
6
19
-16
-25
-37
-61
-21
-16
-7
-9
77
-8
30
-21
-23
24
2
18
38
63
104
61
72
82
7
75
67
89
104
117
155
121
111
138
70
105
89
125
100
99
73
156
95
136
37
23
62
61
33
29
32
66
-5
26
20
24
38
89
115
118
45
101
69
86
40
44
44
124
144
157
180
165
103
152
99
118
163
147
160
156
157
116
114
81
106
154
143
187
186
191
135
116
84
158
227
212
205
219
200
198
149
155
215
244
217
226
268
226
211
134
135
118
198
94
205
198
242
162
196
110
114
88
95
97
127
95
71
82
68
53
52
62
53
70
58
60
7
97
17
78
55
105
85
130
116
156
159
199
133
188
152
176
218
199
251
271
329
319
265
237
257
262
257
269
270
238
210
224
200
213
193
211
247
216
197
174
203
161
131
138
164
113
191
113
153
144
185
123
148
136
124
135
180
197
221
238
188
208
204
201
182
243
216
267
247
248
218
219
212
236
219
254
281
267
301
248
214
196
147
187
198
154
202
162
149
107
95
83
65
69
91
85
107
89
51
49
26
-41
-33
-20
-1
-2
8
-33
-39
-36
-61
-84
-53
-24
-26
-34
-29
-8
-43
-52
-91
-93
-97
-54
-46
-29
-25
-50
-44
-46
-142
-104
-135
-93
-85
-53
-109
-96
-165
-173
-206
-201
-153
-150
-98
-92
-66
-106
-152
-172
-201
-170
61
33
29
32
66
-5
26
20
24
38
89
115
118
45
101
69
86
40
44
44
124
144
157
180
165
103
152
99
118
163
147
160
156
157
116
114
81
106
154
143
187
186
191
135
116
84
158
227
212
205
219
200
198
149
155
215
244
217
226
268
226
211
134
135
118
198
94
205
198
242
162
196
110
114
88
95
97
127
95
71
82
68
53
52
62
53
70
58
60
7
97
17
78
55
105
85
130
116
156
159
199
133
188
152
176
218
199
251
271
329
319
265
237
257
262
257
269
270
238
210
224
200
213
193
211
247
216
197
174
203
161
131
138
164
113
191
113
153
144
185
123
148
136
124
135
180
197
221
238
188
208
204
201
182
243
216
267
247
248
218
219
212
236
219
254
281
267
301
248
214
196
147
187
198
154
202
162
149
107
95
83
65
69
91
85
107
89
51
49
26
-41
-33
-20
-1
-2
8
-33
-39
-36
-61
-84
-53
-24
-26
-34
-29
-8
-43
-52
-91
-93
-97
-54
-46
-29
-25
-50
-44
-46
-142
-104
-135
-93
-85
-53
-109
-96
-165
-173
-206
-201
-153
-150
-98
-92
-66
-106
-152
-172
-201
-170
-155
-85
-111
-85
-92
-102
-160
-199
-128
-123
-78
-22
-44
-65
-48
-126
-111
-48
-105
-118
-94
-80
-93
-101
-130
-117
-154
-138
-162
-85
-86
-159
-98
-112
-70
-117
-105
-160
-67
-94
-107
-104
-89
-62
-33
-23
-57
-32
-37
-37
-38
-16
28
15
-17
-80
-18
-14
-33
-29
-28
-18
4
29
18
-29
18
21
-1
47
46
72
67
92
43
53
59
104
66
135
74
111
108
136
92
87
46
63
12
43
-2
61
46
55
53
7
15
4
26
-12
60
86
99
76
43
2
-5
-52
0
19
60
66
91
41
3
-24
-6
-25
62
58
58
98
49
-3
-14
-14
40
77
54
114
66
8
-8
-29
-22
25
24
23
9
16
15
-10
-18
-29
12
8
27
4
22
14
9
10
4
4
17
23
-12
87
32
13
31
66
77
10
-6
12
46
47
103
133
112
88
42
45
-10
35
18
2
66
46
27
7
-47
-12
-70
-5
-93
-35
-11
-47
-71
-56
-107
-42
-41
3
-23
-18
-58
-72
-85
-67
-32
-1
23
51
50
38
13
-11
-21
-57
-57
-16
53
135
116
72
77
28
57
43
143
74
77
115
112
95
103
134
133
153
131
98
78
105
86
95
98
104
-170
-155
-85
-111
-85
-92
-102
-160
-199
-128
-123
-78
-22
-44
-65
-48
-126
-111
-48
-105
-118
-94
-80
-93
-101
-130
-117
-154
-138
-162
-85
-86
-159
-98
-112
-70
-117
-105
-160
-67
-94
-107
-104
-89
-62
-33
-23
-57
-32
-37
-37
-38
-16
28
15
-17
-80
-18
-14
-33
-29
-28
-18
4
29
18
-29
18
21
-1
47
46
72
67
92
43
53
59
104
66
135
74
111
108
136
92
87
46
63
12
43
-2
61
46
55
53
7
15
4
26
-12
60
86
99
76
43
2
-5
-52
0
19
60
66
91
41
3
-24
-6
-25
62
58
58
98
49
-3
-14
-14
40
77
54
114
66
8
-8
-29
-22
25
24
23
9
16
15
-10
-18
-29
12
8
27
4
22
14
9
10
4
4
17
23
-12
87
32
13
31
66
77
10
-6
12
46
47
103
133
112
88
42
45
-10
35
18
2
66
46
27
7
-47
-12
-70
-5
-93
-35
-11
-47
-71
-56
-107
-42
-41
3
-23
-18
-58
-72
-85
-67
-32
-1
23
51
50
38
13
-11
-21
-57
-57
-16
53
135
116
72
77
28
57
43
143
74
77
115
112
95
103
134
133
153
131
98
78
105
86
95
98
104
131
111
77
102
37
53
34
44
64
64
97
147
106
100
39
93
57
99
49
54
57
62
27
20
31
60
24
33
25
65
26
42
10
32
47
42
47
105
134
146
135
148
159
161
148
137
147
138
122
127
166
122
85
102
131
104
77
83
31
35
45
11
70
61
121
50
67
20
23
12
-15
8
20
45
51
13
-46
-81
-78
-75
-67
-60
-14
-55
-51
1
-36
-22
-32
-31
16
31
33
18
9
-1
2
-8
-5
-26
27
35
75
65
-27
-2
-37
-58
-53
-21
-39
4
-22
-9
-10
2
-30
-38
-50
-35
-3
27
9
28
55
13
-28
-41
-55
-70
-32
-1
68
54
-25
-59
-103
-81
-76
-37
38
83
86
81
-14
-33
-135
-143
-120
-46
7
6
45
-21
-16
-11
-16
-20
31
-17
-5
-33
-38
-50
-67
-66
-10
-27
44
-25
-6
-67
-101
-89
-130
-85
-24
-6
7
3
8
-47
-63
-53
-41
-29
3
5
-7
-18
-53
-39
-36
-23
-18
-4
39
45
54
66
58
25
20
5
19
40
6
26
48
45
-20
28
19
20
35
54
54
106
99
143
131
145
109
125
85
98
121
132
167
154
179
169
184
204
215
203
167
213
184
188
104
131
111
77
102
37
53
34
44
64
64
97
147
106
100
39
93
57
99
49
54
57
62
27
20
31
60
24
33
25
65
26
42
10
32
47
42
47
105
134
146
135
148
159
161
148
137
147
138
122
127
166
122
85
102
131
104
77
83
31
35
45
11
70
61
121
50
67
20
23
12
-15
8
20
45
51
13
-46
-81
-78
-75
-67
-60
-14
-55
-51
1
-36
-22
-32
-31
16
31
33
18
9
-1
2
-8
-5
-26
27
35
75
65
-27
-2
-37
-58
-53
-21
-39
4
-22
-9
-10
2
-30
-38
-50
-35
-3
27
9
28
55
13
-28
-41
-55
-70
-32
-1
68
54
-25
-59
-103
-81
-76
-37
38
83
86
81
-14
-33
-135
-143
-120
-46
7
6
45
-21
-16
-11
-16
-20
31
-17
-5
-33
-38
-50
-67
-66
-10
-27
44
-25
-6
-67
-101
-89
-130
-85
-24
-6
7
3
8
-47
-63
-53
-41
-29
3
5
-7
-18
-53
-39
-36
-23
-18
-4
39
45
54
66
58
25
20
5
19
40
6
26
48
45
-20
28
19
20
35
54
54
106
99
143
131
145
109
125
85
98
121
132
167
154
179
169
184
204
215
203
167
213
184
188
163
188
187
205
176
211
125
172
140
155
165
205
185
151
161
158
105
136
170
207
216
252
230
180
171
170
256
276
291
337
317
284
282
300
308
263
330
292
293
289
297
239
242
176
249
203
262
197
201
180
159
118
139
119
166
166
132
168
188
229
226
264
258
253
213
190
253
236
308
298
345
301
315
275
190
208
238
280
284
303
295
278
258
244
210
202
182
200
201
248
221
200
184
210
116
148
200
216
180
127
82
29
5
33
25
21
50
57
79
28
-30
-16
6
-56
-8
85
109
62
88
127
47
35
0
7
13
62
74
98
55
38
44
30
31
-32
1
-5
40
1
27
-1
71
-10
-47
-28
-53
-30
-31
-41
-17
-49
-33
-16
-36
-6
11
22
72
72
77
51
43
70
28
29
37
75
56
25
13
73
42
93
42
38
57
61
56
6
-35
-30
-4
6
21
-38
12
-29
-27
-39
-95
-51
-81
-32
-17
-20
-95
-35
-89
-198
-128
-85
-110
-146
-74
-88
-93
-65
-12
42
10
12
45
54
85
113
85
74
59
84
86
63
69
53
111
83
69
-18
-100
-22
-2
-9
-37
-13
-69
-150
-125
-147
-69
-95
-43
-93
188
163
188
187
205
176
211
125
172
140
155
165
205
185
151
161
158
105
136
170
207
216
252
230
180
171
170
256
276
291
337
317
284
282
300
308
263
330
292
293
289
297
239
242
176
249
203
262
197
201
180
159
118
139
119
166
166
132
168
188
229
226
264
258
253
213
190
253
236
308
298
345
301
315
275
190
208
238
280
284
303
295
278
258
244
210
202
182
200
201
248
221
200
184
210
116
148
200
216
180
127
82
29
5
33
25
21
50
57
79
28
-30
-16
6
-56
-8
85
109
62
88
127
47
35
0
7
13
62
74
98
55
38
44
30
31
-32
1
-5
40
1
27
-1
71
-10
-47
-28
-53
-30
-31
-41
-17
-49
-33
-16
-36
-6
11
22
72
72
77
51
43
70
28
29
37
75
56
25
13
73
42
93
42
38
57
61
56
6
-35
-30
-4
6
21
-38
12
-29
-27
-39
-95
-51
-81
-32
-17
-20
-95
-35
-89
-198
-128
-85
-110
-146
-74
-88
-93
-65
-12
42
10
12
45
54
85
113
85
74
59
84
86
63
69
53
111
83
69
-18
-100
-22
-2
-9
-37
-13
-69
-150
-125
-147
-69
-95
-43
-93
-106
-127
-136
-174
-149
-102
-131
-118
-98
-74
-64
-166
-72
-113
7
-45
-23
5
18
46
21
82
109
100
137
112
82
58
2
-2
77
-8
99
28
21
11
-35
-88
-112
-108
-30
23
89
139
134
104
96
-2
-52
-40
69
97
161
161
156
136
71
41
-4
44
69
127
113
172
175
133
61
43
27
60
68
107
123
51
67
62
62
69
73
62
53
27
5
3
-63
5
-21
-24
-29
-67
-19
-30
-61
-127
-100
-166
-138
-60
-41
-77
-54
-62
-68
-64
-63
-74
-34
-5
29
7
7
1
-17
-5
-14
0
35
121
108
154
105
149
99
75
135
167
163
189
148
172
191
206
155
202
122
118
62
99
90
150
153
154
146
141
120
47
49
59
97
165
117
208
160
234
163
191
140
153
234
265
263
256
273
233
251
221
228
263
255
326
344
329
277
271
276
214
282
260
292
301
342
289
283
256
262
207
282
265
310
302
319
300
309
243
208
216
184
199
167
197
213
198
187
225
192
198
267
243
298
296
334
298
234
232
212
257
243
257
240
316
230
181
159
118
67
49
132
134
159
184
121
171
79
41
56
92
128
126
108
73
-93
-106
-127
-136
-174
-149
-102
-131
-118
-98
-74
-64
-166
-72
-113
7
-45
-23
5
18
46
21
82
109
100
137
112
82
58
2
-2
77
-8
99
28
21
11
-35
-88
-112
-108
-30
23
89
139
134
104
96
-2
-52
-40
69
97
161
161
156
136
71
41
-4
44
69
127
113
172
175
133
61
43
27
60
68
107
123
51
67
62
62
69
73
62
53
27
5
3
-63
5
-21
-24
-29
-67
-19
-30
-61
-127
-100
-166
-138
-60
-41
-77
-54
-62
-68
-64
-63
-74
-34
-5
29
7
7
1
-17
-5
-14
0
35
121
108
154
105
149
99
75
135
167
163
189
148
172
191
206
155
202
122
118
62
99
90
150
153
154
146
141
120
47
49
59
97
165
117
208
160
234
163
191
140
153
234
265
263
256
273
233
251
221
228
263
255
326
344
329
277
271
276
214
282
260
292
301
342
289
283
256
262
207
282
265
310
302
319
300
309
243
208
216
184
199
167
197
213
198
187
225
192
198
267
243
298
296
334
298
234
232
212
257
243
257
240
316
230
181
159
118
67
49
132
134
159
184
121
171
79
41
56
92
128
126
108
73
83
26
21
-24
63
10
96
51
39
0
-25
6
0
31
76
113
84
92
76
88
31
31
34
63
116
84
92
49
22
-7
-41
-3
57
58
39
93
78
15
-23
-10
-75
-47
-51
-63
-63
-82
-118
-111
-91
-101
-153
-104
-158
-157
-165
-129
-133
-120
-119
-136
-129
-113
-121
-162
-152
-145
-120
-111
-71
-94
-13
-65
-130
-63
-128
-48
-7
-35
-43
-22
-21
-35
-67
-65
-63
-88
-41
-40
-53
-54
-38
-66
-47
-97
-110
-96
-90
-40
-51
-54
-28
-73
-115
-149
-116
-139
-118
-86
-45
-52
-95
-104
-162
-139
-129
-122
-125
-74
-129
-155
-167
-138
-152
-103
-143
-156
-168
-123
-138
-150
-115
-97
-110
-88
-75
-49
-88
-66
-42
-136
-107
-99
-20
-24
-10
-5
-18
-62
-31
-39
-26
-55
-39
-39
-31
-41
-68
-78
-81
-54
-49
-54
-55
-9
-10
-20
-34
-35
-6
-63
-51
25
-11
-61
-34
-76
-55
-39
-42
-27
-8
37
-6
30
10
-89
-38
-71
15
86
50
46
7
8
-17
43
42
96
116
166
162
175
80
97
83
77
53
131
218
145
213
124
159
134
80
107
161
157
156
160
136
118
52
79
152
166
265
205
249
202
167
192
194
160
293
304
270
314
267
281
73
83
26
21
-24
63
10
96
51
39
0
-25
6
0
31
76
113
84
92
76
88
31
31
34
63
116
84
92
49
22
-7
-41
-3
57
58
39
93
78
15
-23
-10
-75
-47
-51
-63
-63
-82
-118
-111
-91
-101
-153
-104
-158
-157
-165
-129
-133
-120
-119
-136
-129
-113
-121
-162
-152
-145
-120
-111
-71
-94
-13
-65
-130
-63
-128
-48
-7
-35
-43
-22
-21
-35
-67
-65
-63
-88
-41
-40
-53
-54
-38
-66
-47
-97
-110
-96
-90
-40
-51
-54
-28
-73
-115
-149
-116
-139
-118
-86
-45
-52
-95
-104
-162
-139
-129
-122
-125
-74
-129
-155
-167
-138
-152
-103
-143
-156
-168
-123
-138
-150
-115
-97
-110
-88
-75
-49
-88
-66
-42
-136
-107
-99
-20
-24
-10
-5
-18
-62
-31
-39
-26
-55
-39
-39
-31
-41
-68
-78
-81
-54
-49
-54
-55
-9
-10
-20
-34
-35
-6
-63
-51
25
-11
-61
-34
-76
-55
-39
-42
-27
-8
37
-6
30
10
-89
-38
-71
15
86
50
46
7
8
-17
43
42
96
116
166
162
175
80
97
83
77
53
131
218
145
213
124
159
134
80
107
161
157
156
160
136
118
52
79
152
166
265
205
249
202
167
192
194
160
293
304
270
314
267
281
213
220
258
289
353
401
434
390
352
312
231
299
258
339
302
382
320
390
281
348
260
310
324
390
356
368
376
283
285
229
200
129
156
227
209
197
211
113
168
81
123
96
163
160
169
151
199
191
221
165
137
99
145
173
168
175
190
169
215
206
205
142
166
154
211
167
180
153
151
120
118
97
134
87
117
88
178
174
94
118
168
89
135
133
171
194
126
162
129
153
151
118
187
222
244
264
236
200
287
193
182
206
204
209
234
186
205
225
198
176
146
166
160
145
182
200
186
181
138
193
127
180
159
190
206
225
208
175
117
87
25
84
130
138
192
191
115
81
4
-3
18
-20
44
74
77
58
37
9
-57
-38
5
34
46
15
-11
-29
-77
-154
-116
-76
-108
-64
-108
-118
-147
-188
-200
-193
-196
-161
-140
-115
-107
-154
-215
-250
-222
-206
-140
-107
-118
-93
-134
-148
-170
-171
-152
-133
-108
-119
-181
-164
-143
-162
-134
-125
-103
-94
-82
-131
-164
-187
-155
-123
-174
-196
-212
-177
-161
-228
-169
-243
-216
-217
-278
-289
-256
-268
-252
-228
-273
-291
-305
-308
-318
-312
-253
-269
-269
-314
-313
-370
-367
-387
-372
-336
-316
-295
-325
-314
281
213
220
258
289
353
401
434
390
352
312
231
299
258
339
302
382
320
390
281
348
260
310
324
390
356
368
376
283
285
229
200
129
156
227
209
197
211
113
168
81
123
96
163
160
169
151
199
191
221
165
137
99
145
173
168
175
190
169
215
206
205
142
166
154
211
167
180
153
151
120
118
97
134
87
117
88
178
174
94
118
168
89
135
133
171
194
126
162
129
153
151
118
187
222
244
264
236
200
287
193
182
206
204
209
234
186
205
225
198
176
146
166
160
145
182
200
186
181
138
193
127
180
159
190
206
225
208
175
117
87
25
84
130
138
192
191
115
81
4
-3
18
-20
44
74
77
58
37
9
-57
-38
5
34
46
15
-11
-29
-77
-154
-116
-76
-108
-64
-108
-118
-147
-188
-200
-193
-196
-161
-140
-115
-107
-154
-215
-250
-222
-206
-140
-107
-118
-93
-134
-148
-170
-171
-152
-133
-108
-119
-181
-164
-143
-162
-134
-125
-103
-94
-82
-131
-164
-187
-155
-123
-174
-196
-212
-177
-161
-228
-169
-243
-216
-217
-278
-289
-256
-268
-252
-228
-273
-291
-305
-308
-318
-312
-253
-269
-269
-314
-313
-370
-367
-387
-372
-336
-316
-295
-325
-314
-367
-457
-398
-401
-417
-345
-390
-372
-340
-352
-403
-410
-353
-323
-328
-284
-284
-286
-260
-262
-206
-244
-213
-207
-225
-213
-226
-236
-219
-234
-165
-194
-134
-191
-149
-161
-129
-175
-128
-175
-156
-188
-191
-224
-184
-206
-179
-105
-169
-190
-198
-212
-204
-225
-203
-175
-160
-165
-192
-213
-200
-209
-202
-242
-161
-152
-167
-96
-66
-35
-65
-61
6
-65
14
46
91
84
125
74
81
80
71
60
57
14
79
88
125
111
96
93
64
105
112
167
171
234
200
233
117
121
82
145
188
178
250
268
272
241
220
156
175
196
213
266
287
228
268
204
196
167
193
216
240
282
267
244
227
244
210
222
231
253
296
291
264
201
190
180
231
241
264
323
311
266
271
228
242
187
267
271
335
240
280
262
294
304
265
287
274
319
284
308
308
294
275
289
287
260
308
281
305
282
255
309
247
288
261
283
225
253
220
239
172
218
244
238
196
170
153
221
170
173
175
198
221
195
196
199
207
216
228
288
305
279
289
257
290
321
264
288
296
248
253
261
213
137
146
176
110
160
111
165
119
137
142
95
92
105
124
131
178
257
240
220
209
173
150
98
-314
-367
-457
-398
-401
-417
-345
-390
-372
-340
-352
-403
-410
-353
-323
-328
-284
-284
-286
-260
-262
-206
-244
-213
-207
-225
-213
-226
-236
-219
-234
-165
-194
-134
-191
-149
-161
-129
-175
-128
-175
-156
-188
-191
-224
-184
-206
-179
-105
-169
-190
-198
-212
-204
-225
-203
-175
-160
-165
-192
-213
-200
-209
-202
-242
-161
-152
-167
-96
-66
-35
-65
-61
6
-65
14
46
91
84
125
74
81
80
71
60
57
14
79
88
125
111
96
93
64
105
112
167
171
234
200
233
117
121
82
145
188
178
250
268
272
241
220
156
175
196
213
266
287
228
268
204
196
167
193
216
240
282
267
244
227
244
210
222
231
253
296
291
264
201
190
180
231
241
264
323
311
266
271
228
242
187
267
271
335
240
280
262
294
304
265
287
274
319
284
308
308
294
275
289
287
260
308
281
305
282
255
309
247
288
261
283
225
253
220
239
172
218
244
238
196
170
153
221
170
173
175
198
221
195
196
199
207
216
228
288
305
279
289
257
290
321
264
288
296
248
253
261
213
137
146
176
110
160
111
165
119
137
142
95
92
105
124
131
178
257
240
220
209
173
150
98
203
202
214
226
233
198
168
162
139
106
159
156
144
178
159
178
158
171
109
124
100
137
127
164
155
172
129
112
65
74
58
74
69
91
91
70
-2
22
-54
-12
14
69
132
176
139
136
90
75
109
164
148
199
172
151
129
101
58
44
70
89
138
128
92
19
39
-25
-12
-42
25
68
-18
7
-78
-72
-127
-73
-59
-26
-50
-53
-17
-39
-175
-127
-146
-107
-78
-83
-46
-100
-177
-200
-215
-224
-216
-171
-148
-162
-129
-159
-199
-220
-173
-200
-125
-127
-88
-113
-150
-174
-179
-168
-145
-128
-95
-49
-70
-126
-128
-171
-149
-122
-44
-4
-28
-8
-10
-82
-57
-92
-75
-34
40
36
-23
17
-54
-62
-102
-121
-110
-14
18
52
57
51
-27
-40
-73
-45
-33
40
34
-16
-47
-65
-99
-86
-112
-40
-70
11
-21
-25
-116
-109
-145
-104
-102
-51
-49
-61
-45
-57
-119
-107
-102
-35
-40
-39
-54
-15
-46
-72
-84
-81
-51
-42
-60
-72
-49
-157
-184
-136
-93
-26
-26
-65
-41
-8
-35
-40
-20
43
67
67
61
58
13
-4
-1
58
66
94
104
95
139
105
109
116
105
119
199
225
252
276
176
174
132
187
189
261
255
284
228
271
209
153
186
154
98
203
202
214
226
233
198
168
162
139
106
159
156
144
178
159
178
158
171
109
124
100
137
127
164
155
172
129
112
65
74
58
74
69
91
91
70
-2
22
-54
-12
14
69
132
176
139
136
90
75
109
164
148
199
172
151
129
101
58
44
70
89
138
128
92
19
39
-25
-12
-42
25
68
-18
7
-78
-72
-127
-73
-59
-26
-50
-53
-17
-39
-175
-127
-146
-107
-78
-83
-46
-100
-177
-200
-215
-224
-216
-171
-148
-162
-129
-159
-199
-220
-173
-200
-125
-127
-88
-113
-150
-174
-179
-168
-145
-128
-95
-49
-70
-126
-128
-171
-149
-122
-44
-4
-28
-8
-10
-82
-57
-92
-75
-34
40
36
-23
17
-54
-62
-102
-121
-110
-14
18
52
57
51
-27
-40
-73
-45
-33
40
34
-16
-47
-65
-99
-86
-112
-40
-70
11
-21
-25
-116
-109
-145
-104
-102
-51
-49
-61
-45
-57
-119
-107
-102
-35
-40
-39
-54
-15
-46
-72
-84
-81
-51
-42
-60
-72
-49
-157
-184
-136
-93
-26
-26
-65
-41
-8
-35
-40
-20
43
67
67
61
58
13
-4
-1
58
66
94
104
95
139
105
109
116
105
119
199
225
252
276
176
174
132
187
189
261
255
284
228
271
209
153
186
154
255
184
236
182
167
70
122
108
165
213
264
275
250
244
228
223
147
169
222
267
312
327
333
313
311
265
231
252
351
337
362
309
338
288
299
273
332
336
410
420
406
395
355
326
316
345
360
421
444
411
394
359
304
315
324
393
413
449
483
497
434
419
399
441
463
476
447
407
446
398
402
377
335
366
427
325
343
330
392
362
366
382
401
432
475
426
422
383
405
420
456
443
460
419
386
425
375
371
374
407
483
396
444
394
347
299
353
276
365
307
339
333
244
219
213
187
273
239
260
340
229
247
151
163
69
139
98
188
81
144
102
79
30
14
39
-30
4
34
52
33
40
52
17
14
15
17
32
61
88
52
32
-33
21
-19
88
59
41
-10
-77
-28
-37
-40
-62
33
-17
-40
-44
-12
-71
-157
-161
-124
-142
-120
-123
-78
-139
-213
-199
-223
-263
-236
-241
-252
-243
-220
-176
-172
-187
-179
-248
-291
-309
-256
-243
-173
-166
-137
-161
-142
-203
-171
-168
-155
-122
-90
-96
-71
-128
-133
-154
-157
-150
-208
-235
-150
-166
-147
-139
-156
-141
-159
-120
-144
-134
-173
-138
-191
-134
-173
-89
-74
-108
-75
-141
-70
-58
7
-34
-19
154
255
184
236
182
167
70
122
108
165
213
264
275
250
244
228
223
147
169
222
267
312
327
333
313
311
265
231
252
351
337
362
309
338
288
299
273
332
336
410
420
406
395
355
326
316
345
360
421
444
411
394
359
304
315
324
393
413
449
483
497
434
419
399
441
463
476
447
407
446
398
402
377
335
366
427
325
343
330
392
362
366
382
401
432
475
426
422
383
405
420
456
443
460
419
386
425
375
371
374
407
483
396
444
394
347
299
353
276
365
307
339
333
244
219
213
187
273
239
260
340
229
247
151
163
69
139
98
188
81
144
102
79
30
14
39
-30
4
34
52
33
40
52
17
14
15
17
32
61
88
52
32
-33
21
-19
88
59
41
-10
-77
-28
-37
-40
-62
33
-17
-40
-44
-12
-71
-157
-161
-124
-142
-120
-123
-78
-139
-213
-199
-223
-263
-236
-241
-252
-243
-220
-176
-172
-187
-179
-248
-291
-309
-256
-243
-173
-166
-137
-161
-142
-203
-171
-168
-155
-122
-90
-96
-71
-128
-133
-154
-157
-150
-208
-235
-150
-166
-147
-139
-156
-141
-159
-120
-144
-134
-173
-138
-191
-134
-173
-89
-74
-108
-75
-141
-70
-58
7
-34
-19
200
-51
-63
-41
-42
4
-9
59
-14
-3
-52
-105
-85
-76
-75
-77
-35
-52
-25
-69
-109
-195
-147
-163
-119
-84
-57
-80
-126
-163
-243
-223
-198
-193
-174
-223
-247
-246
-283
-303
-309
-334
-305
-235
-223
-217
-251
-257
-284
-281
-324
-296
-260
-239
-208
-240
-201
-246
-222
-276
-268
-278
-257
-181
-178
-155
-150
-191
-222
-259
-206
-225
-213
-279
-260
-218
-221
-242
-222
-255
-229
-254
-294
-250
-265
-253
-211
-213
-180
-165
-147
-214
-216
-234
-259
-231
-221
-196
-200
-181
-196
-222
-203
-187
-189
-220
-232
-200
-190
-192
-277
-277
-256
-240
-221
-149
-151
-202
-184
-142
-161
-153
-175
-113
-94
-94
-101
-173
-163
-192
-183
-159
-183
-208
-146
-203
-180
-241
-186
-231
-184
-249
-151
-124
-112
-140
-193
-152
-216
-180
-165
-183
-123
-77
-50
-47
-48
-98
-175
-196
-206
-171
-160
-81
-101
-104
-152
-172
-210
-212
-175
-132
-110
-77
-51
-114
-123
-210
-147
-114
-82
-71
-78
-151
-223
-259
-266
-233
-205
-181
-181
-193
-232
-273
-285
-253
-311
-236
-210
-121
-187
-180
-281
-289
-313
-283
-218
-187
-167
-112
-128
-207
-196
-163
-148
-193
-188
-144
-124
-161
-179
-251
-203
-249
-202
-212
-142
-142
-147
-243
-216
-267
-280
-306
-213
-233
-189
-168
-201
-232
-328
-51
-63
-41
-42
4
-9
59
-14
-3
-52
-105
-85
-76
-75
-77
-35
-52
-25
-69
-109
-195
-147
-163
-119
-84
-57
-80
-126
-163
-243
-223
-334
-305
-174
-223
-178
-155
-150
-191
-222
-259
-206
-225
-213
-279
-260
-218
-221
-242
-222
-255
-229
-254
-294
-235
-223
-217
-251
-257
-284
-281
-324
-296
-260
-239
-208
-240
-201
-246
-222
-276
-268
-278
-257
-181
-253
-211
-198
-193
-250
-265
-222
-213
-180
-165
-147
-214
-216
-234
-259
-231
-221
-196
-200
-181
-247
-246
-283
-303
-309
-232
-200
-190
-187
-189
-220
-277
-256
-203
-149
-151
-196
-161
-153
-192
-277
-202
-184
-142
-240
-221
-175
-113
-94
-94
-101
-173
-163
-192
-183
-159
-124
-112
-140
-203
-180
-180
-165
-241
-186
-231
-184
-249
-151
-183
-208
-146
-193
-152
-216
-183
-123
-77
-50
-47
-48
-98
-175
-196
-206
-171
-160
-81
-101
-104
-152
-172
-210
-212
-175
-132
-110
-77
-51
-114
-123
-210
-147
-114
-82
-71
-78
-151
-223
-259
-266
-233
-205
-181
-181
-193
-232
-273
-285
-253
-311
-236
-210
-121
-187
-180
-281
-289
-313
-283
-218
-187
-167
-112
-128
-207
-196
-163
-148
-193
-188
-144
-124
-161
-179
-251
-203
-249
-202
-212
-142
-142
-147
-243
-216
-267
-280
-306
-213
-233
-189
-168
-201
-232
-328
-286
-272
-265
-246
-344
-296
-276
-301
-324
-362
-379
-356
-316
-279
-200
-261
-250
-298
-326
-331
-325
-264
-194
-197
-235
-244
-281
-317
-328
-300
-172
-213
-164
-155
-155
-208
-158
-248
-207
-213
-183
-200
-220
-228
-311
-283
-282
-212
-223
-215
-223
-251
-286
-254
-295
-290
-274
-198
-238
-245
-298
-261
-288
-246
-251
-174
-95
-170
-136
-119
-169
-225
-206
-212
-187
-125
-178
-210
-208
-286
-322
-303
-308
-294
-253
-296
-204
-207
-224
-299
-281
-269
-259
-242
-208
-212
-205
-232
-230
-267
-286
-272
-291
-203
-198
-211
-199
-198
-243
-212
-249
-249
-219
-234
-266
-290
-299
-289
-320
-307
-274
-250
-221
-217
-179
-196
-181
-228
-264
-278
-253
-230
-216
-276
-310
-299
-325
-336
-354
-370
-360
-350
-335
-336
-331
-292
-312
-276
-256
-178
-205
-152
-173
-204
-217
-208
-198
-166
-132
-103
-139
-126
-173
-219
-276
-206
-204
-129
-115
-98
-119
-156
-145
-119
-124
-82
-129
-33
-73
-60
-125
-193
-168
-148
-78
-6
0
66
-42
-103
-67
-163
-113
-83
-19
55
-33
-16
-111
-110
-143
-128
-83
-41
23
63
137
40
80
43
46
66
151
190
171
176
160
157
134
119
93
131
168
180
186
217
107
101
65
60
66
116
145
195
221
152
143
82
112
49
-328
-286
-272
-265
-246
-344
-296
-276
-301
-324
-362
-379
-356
-316
-279
-200
-261
-250
-298
-326
-331
-325
-264
-194
-197
-235
-244
-281
-317
-328
-300
-172
-213
-164
-155
-155
-208
-158
-248
-207
-213
-183
-200
-220
-228
-311
-283
-282
-212
-223
-215
-223
-251
-286
-254
-295
-290
-274
-198
-238
-245
-298
-261
-288
-246
-251
-174
-95
-170
-136
-119
-169
-225
-206
-212
-187
-125
-178
-210
-208
-286
-322
-303
-308
-294
-253
-296
-204
-207
-224
-299
-281
-269
-259
-242
-208
-212
-205
-232
-230
-267
-286
-272
-291
-203
-198
-211
-199
-198
-243
-212
-249
-249
-219
-234
-266
-290
-299
-289
-320
-307
-274
-250
-221
-217
-179
-196
-181
-228
-264
-278
-253
-230
-216
-276
-310
-299
-325
-336
-354
-370
-360
-350
-335
-336
-331
-292
-312
-276
-256
-178
-205
-152
-173
-204
-217
-208
-198
-166
-132
-103
-139
-126
-173
-219
-276
-206
-204
-129
-115
-98
-119
-156
-145
-119
-124
-82
-129
-33
-73
-60
-125
-193
-168
-148
-78
-6
0
66
-42
-103
-67
-163
-113
-83
-19
55
-33
-16
-111
-110
-143
-128
-83
-41
23
63
137
40
80
43
46
66
151
190
171
176
160
157
134
119
93
131
168
180
186
217
107
101
65
60
66
116
145
195
221
152
143
82
112
49
112
130
210
72
82
83
28
21
97
39
101
101
76
93
9
-3
19
4
31
-33
-32
3
39
42
-2
16
46
41
-43
43
-31
-73
15
17
21
-51
-36
26
38
34
10
17
37
39
58
65
181
147
146
122
100
112
107
126
121
142
81
134
130
125
142
178
157
147
231
183
136
147
166
88
89
85
91
108
142
125
83
68
93
94
89
90
75
85
125
128
84
43
62
28
51
2
-3
32
36
72
63
83
47
47
19
48
42
58
90
97
46
29
-18
-15
-5
19
42
74
66
75
11
-42
16
61
79
99
135
84
82
17
59
29
27
83
121
136
89
149
90
78
11
75
110
125
99
133
101
62
33
47
56
104
116
148
111
145
115
117
105
155
188
192
202
249
174
116
131
108
99
96
118
71
124
105
84
74
42
24
31
-27
68
59
104
56
86
60
12
-9
69
35
44
18
67
-20
-21
-56
-4
6
18
9
19
13
-25
-4
-75
-40
-50
25
50
31
81
37
23
5
-34
23
26
105
69
101
132
69
32
75
58
90
2
87
42
4
20
20
72
72
120
174
120
93
130
64
147
118
166
109
49
112
130
210
72
82
83
28
21
97
39
101
101
76
93
9
-3
19
4
31
-33
-32
3
39
42
-2
16
46
41
-43
43
-31
-73
15
17
21
-51
-36
26
38
34
10
17
37
39
58
65
181
147
146
122
100
112
107
126
121
142
81
134
130
125
142
178
157
147
231
183
136
147
166
88
89
85
91
108
142
125
83
68
93
94
89
90
75
85
125
128
84
43
62
28
51
2
-3
32
36
72
63
83
47
47
19
48
42
58
90
97
46
29
-18
-15
-5
19
42
74
66
75
11
-42
16
61
79
99
135
84
82
17
59
29
27
83
121
136
89
149
90
78
11
75
110
125
99
133
101
62
33
47
56
104
116
148
111
145
115
117
105
155
188
192
202
249
174
116
131
108
99
96
118
71
124
105
84
74
42
24
31
-27
68
59
104
56
86
60
12
-9
69
35
44
18
67
-20
-21
-56
-4
6
18
9
19
13
-25
-4
-75
-40
-50
25
50
31
81
37
23
5
-34
23
26
105
69
101
132
69
32
75
58
90
2
87
42
4
20
20
72
72
120
174
120
93
130
64
147
118
166
109
166
92
100
46
46
-30
11
0
45
-14
40
6
37
26
72
21
52
-15
-8
-74
-43
-76
-52
-46
-114
-37
-64
-35
-54
-92
-151
-108
-100
-57
-42
-33
-47
-55
-89
-79
-96
-35
-60
16
-2
-18
-124
-86
-129
-45
-118
-37
-34
-74
-43
-107
-156
-129
-136
-105
-95
-76
-135
-105
-77
-114
-89
-55
-11
0
26
9
-44
-37
-19
-23
84
17
39
16
48
-91
-50
-11
5
33
25
32
-39
-67
-85
-44
-66
-6
18
24
8
-6
-7
-9
-26
-37
-31
-23
-20
6
-66
-82
-138
-156
-247
-215
-205
-216
-177
-168
-187
-164
-300
-290
-280
-291
-303
-237
-273
-284
-261
-338
-350
-362
-296
-288
-211
-241
-253
-283
-302
-309
-331
-324
-198
-181
-149
-150
-161
-218
-262
-283
-255
-185
-152
-104
-144
-152
-202
-171
-183
-166
-175
-186
-176
-194
-218
-200
-223
-239
-224
-217
-240
-186
-202
-184
-209
-234
-277
-268
-260
-210
-155
-153
-141
-226
-234
-274
-295
-275
-251
-276
-262
-239
-240
-203
-240
-216
-189
-233
-209
-226
-227
-277
-255
-245
-293
-268
-338
-304
-279
-279
-344
-323
-294
-287
-289
-238
-208
-160
-154
-145
-162
-216
-190
-181
-151
-165
-123
-105
-156
-178
-198
-169
-174
-175
-126
-126
-186
-213
-238
-228
-286
-278
109
166
92
100
46
46
-30
11
0
45
-14
40
6
37
26
72
21
52
-15
-8
-74
-43
-76
-52
-46
-114
-37
-64
-35
-54
-92
-151
-108
-100
-57
-42
-33
-47
-55
-89
-79
-96
-35
-60
16
-2
-18
-124
-86
-129
-45
-118
-37
-34
-74
-43
-107
-156
-129
-136
-105
-95
-76
-135
-105
-77
-114
-89
-55
-11
0
26
9
-44
-37
-19
-23
84
17
39
16
48
-91
-50
-11
5
33
25
32
-39
-67
-85
-44
-66
-6
18
24
8
-6
-7
-9
-26
-37
-31
-23
-20
6
-66
-82
-138
-156
-247
-215
-205
-216
-177
-168
-187
-164
-300
-290
-280
-291
-303
-237
-273
-284
-261
-338
-350
-362
-296
-288
-211
-241
-253
-283
-302
-309
-331
-324
-198
-181
-149
-150
-161
-218
-262
-283
-255
-185
-152
-104
-144
-152
-202
-171
-183
-166
-175
-186
-176
-194
-218
-200
-223
-239
-224
-217
-240
-186
-202
-184
-209
-234
-277
-268
-260
-210
-155
-153
-141
-226
-234
-274
-295
-275
-251
-276
-262
-239
-240
-203
-240
-216
-189
-233
-209
-226
-227
-277
-255
-245
-293
-268
-338
-304
-279
-279
-344
-323
-294
-287
-289
-238
-208
-160
-154
-145
-162
-216
-190
-181
-151
-165
-123
-105
-156
-178
-198
-169
-174
-175
-126
-126
-186
-213
-238
-228
-286
-278
-217
-164
-148
-138
-159
-191
-227
-260
-261
-173
-124
-73
-97
-117
-168
-177
-184
-182
-102
-58
-40
-62
-65
-164
-159
-172
-180
-93
-127
-88
-75
-106
-186
-187
-215
-216
-181
-172
-134
-151
-131
-162
-218
-206
-179
-172
-169
-146
-135
-169
-195
-200
-236
-223
-219
-206
-156
-184
-189
-217
-204
-248
-201
-170
-161
-144
-212
-218
-247
-278
-255
-266
-269
-291
-325
-340
-384
-364
-374
-362
-387
-328
-373
-314
-357
-335
-390
-337
-338
-324
-272
-244
-253
-251
-214
-132
-132
-144
-88
-42
-149
-107
-67
-49
-73
-58
-22
-60
11
-95
-96
-5
-13
-67
0
14
-11
-11
-28
-32
-56
-58
-45
-25
-31
-139
-118
-136
-121
-180
-49
-66
27
0
-66
-79
-61
-114
-115
-85
-53
-36
-42
-89
-90
-81
-22
-44
-17
4
14
-37
-11
-3
9
-41
31
70
84
109
54
110
44
91
-21
77
78
137
138
182
86
80
109
52
66
107
160
171
176
201
180
162
181
204
217
247
272
298
248
291
236
286
232
274
306
343
296
276
264
244
248
285
314
367
358
345
316
294
252
195
254
273
260
333
330
304
215
140
158
188
212
247
249
250
214
190
185
159
183
212
260
262
217
202
157
101
95
144
191
296
-278
-217
-164
-148
-138
-159
-191
-227
-260
-261
-173
-124
-73
-97
-117
-168
-177
-184
-182
-102
-58
-40
-62
-65
-164
-159
-172
-180
-93
-127
-88
-75
-106
-186
-187
-215
-216
-181
-172
-134
-151
-131
-162
-218
-206
-179
-172
-169
-146
-135
-169
-195
-200
-236
-223
-219
-206
-156
-184
-189
-217
-204
-248
-201
-170
-161
-144
-212
-218
-247
-278
-255
-266
-269
-291
-325
-340
-384
-364
-374
-362
-387
-328
-373
-314
-357
-335
-390
-337
-338
-324
-272
-244
-253
-251
-214
-132
-132
-144
-88
-42
-149
-107
-67
-49
-73
-58
-22
-60
11
-95
-96
-5
-13
-67
0
14
-11
-11
-28
-32
-56
-58
-45
-25
-31
-139
-118
-136
-121
-180
-49
-66
27
0
-66
-79
-61
-114
-115
-85
-53
-36
-42
-89
-90
-81
-22
-44
-17
4
14
-37
-11
-3
9
-41
31
70
84
109
54
110
44
91
-21
77
78
137
138
182
86
80
109
52
66
107
160
171
176
201
180
162
181
204
217
247
272
298
248
291
236
286
232
274
306
343
296
276
264
244
248
285
314
367
358
345
316
294
252
195
254
273
260
333
330
304
215
140
158
188
212
247
249
250
214
190
185
159
183
212
260
262
217
202
157
101
95
144
191
296
309
291
268
170
89
107
148
253
272
364
300
280
228
138
150
131
180
240
230
241
191
184
167
153
123
204
157
257
235
265
195
160
120
186
197
216
220
248
208
130
137
152
153
199
262
221
194
169
213
165
191
223
261
203
219
143
157
173
137
153
194
158
210
158
195
163
181
155
207
139
176
233
200
236
168
187
141
122
130
139
80
73
114
92
77
41
33
13
9
41
56
99
28
56
-5
38
-39
-33
-4
5
62
42
57
-16
-30
-72
-51
-71
-61
-52
-64
-55
-55
-81
-118
-119
-123
-108
-133
-108
-120
-134
-161
-177
-163
-177
-117
-140
-123
-153
-140
-176
-171
-154
-128
-139
-97
-106
-139
-131
-132
-132
-154
-230
-181
-146
-158
-121
-179
-128
-199
-153
-199
-144
-191
-177
-212
-247
-206
-228
-186
-211
-265
-301
-316
-330
-334
-273
-292
-262
-276
-319
-318
-310
-319
-276
-197
-218
-183
-189
-194
-167
-182
-149
-210
-159
-169
-176
-175
-209
-221
-207
-217
-218
-189
-212
-190
-168
-187
-196
-134
-143
-169
-135
-137
-166
-151
-111
-119
-78
-136
-97
-53
-71
-24
-96
-73
-127
-121
-164
-108
-109
-50
-104
-74
-111
-83
-172
-103
-178
-161
-112
-136
-138
-182
-168
-208
-147
-141
-118
296
309
291
268
170
89
107
148
253
272
364
300
280
228
138
150
131
180
240
230
241
191
184
167
153
123
204
157
257
235
265
195
160
120
186
197
216
220
248
208
130
137
152
153
199
262
221
194
169
213
165
191
223
261
203
219
143
157
173
137
153
194
158
210
158
195
163
181
155
207
139
176
233
200
236
168
187
141
122
130
139
80
73
114
92
77
41
33
13
9
41
56
99
28
56
-5
38
-39
-33
-4
5
62
42
57
-16
-30
-72
-51
-71
-61
-52
-64
-55
-55
-81
-118
-119
-123
-108
-133
-108
-120
-134
-161
-177
-163
-177
-117
-140
-123
-153
-140
-176
-171
-154
-128
-139
-97
-106
-139
-131
-132
-132
-154
-230
-181
-146
-158
-121
-179
-128
-199
-153
-199
-144
-191
-177
-212
-247
-206
-228
-186
-211
-265
-301
-316
-330
-334
-273
-292
-262
-276
-319
-318
-310
-319
-276
-197
-218
-183
-189
-194
-167
-182
-149
-210
-159
-169
-176
-175
-209
-221
-207
-217
-218
-189
-212
-190
-168
-187
-196
-134
-143
-169
-135
-137
-166
-151
-111
-119
-78
-136
-97
-53
-71
-24
-96
-73
-127
-121
-164
-108
-109
-50
-104
-74
-111
-83
-172
-103
-178
-161
-112
-136
-138
-182
-168
-208
-147
-141
-118
-168
-114
-146
-152
-163
-146
-153
-175
-186
-93
-197
-101
-173
-116
-133
-180
-167
-139
-143
-138
-82
-130
-127
-106
-130
-99
-95
-61
-100
-84
-136
-143
-129
-124
-95
-82
-97
-104
-120
-109
-110
-108
-107
-68
-49
-100
-121
-133
-133
-131
-99
-78
-69
-96
-62
-75
-83
-91
-109
-93
-82
-25
7
-10
-4
-4
-54
-61
-20
-12
21
30
65
-21
-73
-41
-67
-94
-89
11
-52
-12
-41
-88
-103
-76
-77
-20
-9
-9
0
-18
-15
-22
-38
-31
8
60
41
2
72
20
90
67
81
56
85
40
48
47
76
54
63
61
72
101
103
122
110
205
91
102
112
50
62
108
124
152
161
156
101
102
132
84
14
83
109
50
105
141
90
87
80
38
34
-31
-25
-47
-15
5
7
-24
-42
-32
-7
-3
63
78
62
5
22
-44
-85
-85
-60
6
35
55
74
72
13
-22
-43
-15
-14
-21
27
39
75
45
81
57
55
47
65
91
104
131
112
92
85
99
106
100
84
60
42
21
36
21
47
23
79
51
57
-10
57
47
20
63
49
66
27
46
-18
100
35
24
-4
-5
-90
-124
-166
-107
-181
-180
-185
-214
-203
-232
-233
-208
-235
-226
-182
-205
-223
-172
-226
-224
-118
-168
-114
-146
-152
-163
-146
-153
-175
-186
-93
-197
-101
-173
-116
-133
-180
-167
-139
-143
-138
-82
-130
-127
-106
-130
-99
-95
-61
-100
-84
-136
-143
-129
-124
-95
-82
-97
-104
-120
-109
-110
-108
-107
-68
-49
-100
-121
-133
-133
-131
-99
-78
-69
-96
-62
-75
-83
-91
-109
-93
-82
-25
7
-10
-4
-4
-54
-61
-20
-12
21
30
65
-21
-73
-41
-67
-94
-89
11
-52
-12
-41
-88
-103
-76
-77
-20
-9
-9
0
-18
-15
-22
-38
-31
8
60
41
2
72
20
90
67
81
56
85
40
48
47
76
54
63
61
72
101
103
122
110
205
91
102
112
50
62
108
124
152
161
156
101
102
132
84
14
83
109
50
105
141
90
87
80
38
34
-31
-25
-47
-15
5
7
-24
-42
-32
-7
-3
63
78
62
5
22
-44
-85
-85
-60
6
35
55
74
72
13
-22
-43
-15
-14
-21
27
39
75
45
81
57
55
47
65
91
104
131
112
92
85
99
106
100
84
60
42
21
36
21
47
23
79
51
57
-10
47
20
63
49
66
57
27
46
-18
100
35
24
-4
-5
-90
-124
-166
-107
-181
-180
-185
-214
-203
-232
-233
-208
-235
-226
-182
-205
-223
-172
-226
-224
-226
-216
-246
-263
-251
-208
-215
-206
-212
-215
-256
-277
-271
-213
-249
-150
-215
-161
-188
-226
-270
-239
-236
-210
-175
-112
-142
-147
-128
-160
-142
-108
-171
-115
-155
-127
-164
-110
-63
-143
-153
-152
-137
-126
-107
-127
-126
-165
-158
-182
-174
-175
-160
-87
-114
-104
-109
-156
-158
-155
-143
-119
-159
-216
-129
-163
-212
-189
-200
-207
-181
-92
-151
-140
-186
-126
-160
-188
-168
-144
-123
-153
-114
-142
-167
-163
-231
-201
-220
-224
-260
-247
-264
-251
-266
-239
-289
-268
-330
-328
-365
-325
-307
-352
-267
-288
-282
-311
-380
-380
-378
-317
-341
-391
-348
-370
-394
-402
-355
-355
-354
-332
-305
-270
-260
-240
-245
-243
-213
-192
-209
-141
-162
-188
-288
-269
-215
-284
-226
-177
-223
-235
-182
-229
-238
-261
-260
-264
-255
-285
-255
-297
-242
-223
-273
-227
-228
-257
-198
-221
-224
-179
-185
-157
-176
-119
-146
-130
-119
-108
-64
-91
-59
-57
-47
-28
-25
-13
-15
-20
-47
-34
-15
-24
-51
-35
-81
-108
-130
-102
-86
-109
-96
-49
-72
-61
-24
-56
-61
-96
-83
-99
-12
48
30
26
28
-30
-34
-39
-12
32
79
90
95
46
6
28
81
97
128
126
104
132
96
126
117
132
152
175
215
235
240
256
262
261
324
292
258
271
-224
-226
-216
-246
-263
-251
-208
-215
-206
-212
-215
-256
-277
-271
-213
-249
-150
-215
-161
-188
-226
-270
-239
-236
-210
-175
-112
-142
-147
-128
-160
-142
-108
-171
-115
-155
-127
-164
-110
-63
-143
-153
-152
-137
-126
-107
-127
-126
-165
-158
-182
-174
-175
-160
-87
-114
-104
-109
-156
-158
-155
-143
-119
-159
-216
-129
-163
-212
-189
-200
-207
-181
-92
-151
-140
-186
-126
-160
-188
-168
-144
-123
-153
-114
-142
-167
-163
-231
-201
-220
-224
-260
-247
-264
-251
-266
-239
-289
-268
-330
-328
-365
-325
-307
-352
-267
-288
-282
-311
-380
-380
-378
-317
-341
-391
-348
-370
-394
-402
-355
-355
-354
-332
-305
-270
-260
-240
-245
-243
-213
-192
-209
-141
-162
-188
-288
-269
-215
-284
-226
-177
-223
-235
-182
-229
-238
-261
-260
-264
-255
-285
-255
-297
-242
-223
-273
-227
-228
-257
-198
-221
-224
-179
-185
-157
-176
-119
-146
-130
-119
-108
-64
-91
-59
-57
-47
-28
-25
-13
-15
-20
-47
-34
-15
-24
-51
-35
-81
-108
-130
-102
-86
-109
-96
-49
-72
-61
-24
-56
-61
-96
-83
-99
-12
48
30
26
28
-30
-34
-39
-12
32
79
90
95
46
6
28
81
97
128
126
104
132
96
126
117
132
152
175
215
235
240
256
262
261
324
292
258
271
272
240
259
251
243
250
214
190
189
171
221
134
174
140
145
151
178
206
209
187
212
211
248
269
240
229
244
183
202
205
172
160
253
224
212
202
238
165
161
193
150
168
144
172
186
167
174
110
111
107
123
136
117
90
76
56
44
55
37
52
25
1
-12
-18
-3
-54
-18
-56
-19
-33
-44
-62
-38
-86
-36
-55
-10
-35
2
-46
-40
-111
-109
-147
-125
-100
-86
-120
-150
-192
-198
-178
-180
-162
-120
-149
-166
-235
-225
-247
-297
-262
-204
-240
-225
-252
-253
-290
-233
-261
-244
-228
-213
-261
-233
-276
-194
-226
-201
-134
-140
-133
-229
-165
-152
-183
-200
-138
-212
-187
-201
-129
-170
-119
-137
-167
-177
-135
-170
-179
-184
-179
-204
-161
-168
-147
-156
-171
-177
-130
-145
-191
-189
-179
-193
-248
-208
-235
-216
-214
-173
-233
-178
-208
-224
-221
-239
-225
-202
-274
-238
-248
-226
-294
-241
-281
-218
-191
-226
-270
-235
-289
-260
-301
-290
-293
-281
-271
-276
-312
-341
-345
-307
-367
-323
-306
-302
-260
-311
-295
-336
-331
-324
-294
-296
-225
-253
-245
-287
-254
-345
-328
-338
-340
-322
-284
-314
-296
-299
-313
-301
-338
-312
-321
-319
-341
-287
-297
-268
-279
-250
-258
-283
-277
-263
-245
-239
-289
-233
-223
271
272
240
259
251
243
250
214
190
189
171
221
134
174
140
145
151
178
206
209
187
212
211
248
269
240
229
244
183
202
205
172
160
253
224
212
202
238
165
161
193
150
168
144
172
186
167
174
110
111
107
123
136
117
90
76
56
44
55
37
52
25
1
-12
-18
-3
-54
-18
-56
-19
-33
-44
-62
-38
-86
-36
-55
-10
-35
2
-46
-40
-111
-109
-147
-125
-100
-86
-120
-150
-192
-198
-178
-180
-162
-120
-149
-166
-235
-225
-247
-297
-262
-204
-240
-225
-252
-253
-290
-233
-261
-244
-228
-213
-261
-233
-276
-194
-226
-201
-134
-140
-133
-229
-165
-152
-183
-200
-138
-212
-187
-201
-129
-170
-119
-137
-167
-177
-135
-170
-179
-184
-179
-204
-161
-168
-147
-156
-171
-177
-130
-145
-191
-189
-179
-193
-248
-208
-235
-216
-214
-173
-233
-178
-208
-224
-221
-239
-225
-202
-274
-238
-248
-226
-294
-241
-281
-218
-191
-226
-270
-235
-289
-260
-301
-290
-293
-281
-271
-276
-312
-341
-345
-307
-367
-323
-306
-302
-260
-311
-295
-336
-331
-324
-294
-296
-225
-253
-245
-287
-254
-345
-328
-338
-340
-322
-284
-314
-296
-299
-313
-301
-338
-312
-321
-319
-341
-287
-297
-268
-279
-250
-258
-283
-277
-263
-245
-239
-289
-233
-223
-203
-277
-206
-231
-244
-272
-241
-293
-267
-278
-276
-243
-253
-241
-242
-215
-197
-180
-142
-150
-161
-192
-224
-237
-218
-202
-209
-222
-217
-190
-192
-210
-239
-174
-210
-231
-229
-218
-201
-137
-128
-96
-174
-130
-144
-99
-140
-146
-145
-104
-39
-136
-157
-93
-140
-121
-131
-168
-124
-132
-102
-133
-81
-85
-76
-88
-81
-97
-72
-139
-78
-54
-56
-32
-24
35
10
35
11
-15
-8
43
4
-6
15
-44
-29
-22
9
-14
-83
-25
-8
-69
-34
-49
-44
-25
-1
-13
-10
-31
-18
-27
24
24
15
-12
-8
-48
-7
-52
-69
-103
-75
-105
-92
-109
-108
-79
-71
-77
-80
-73
-105
-62
-89
-68
-145
-84
-90
-43
-57
-25
-106
-78
-78
-141
-53
-32
19
12
-28
-38
25
-47
9
-33
27
15
24
22
45
54
89
61
95
79
108
89
146
158
155
148
131
123
91
116
119
82
89
53
65
48
39
78
86
90
75
106
102
146
59
98
167
194
150
131
131
72
23
55
114
133
139
155
141
130
145
165
178
156
136
171
170
162
183
199
133
181
149
221
203
201
198
195
187
230
221
276
287
334
335
333
414
412
407
393
436
390
405
422
393
412
408
398
370
343
350
370
-223
-203
-277
-206
-231
-244
-272
-241
-293
-267
-278
-276
-243
-253
-241
-242
-215
-197
-180
-142
-150
-161
-192
-224
-237
-218
-202
-209
-222
-217
-190
-192
-210
-239
-174
-210
-231
-229
-218
-201
-137
-128
-96
-174
-130
-144
-99
-140
-146
-145
-104
-39
-136
-157
-93
-140
-121
-131
-168
-124
-132
-102
-133
-81
-85
-76
-88
-81
-97
-72
-139
-78
-54
-56
-32
-24
35
10
35
11
-15
-8
43
4
-6
15
-44
-29
-22
9
-14
-83
-25
-8
-69
-34
-49
-44
-25
-1
-13
-10
-31
-18
-27
24
24
15
-12
-8
-48
-7
-52
-69
-103
-75
-105
-92
-109
-108
-79
-71
-77
-80
-73
-105
-62
-89
-68
-145
-84
-90
-43
-57
-25
-106
-78
-78
-141
-53
-32
19
12
-28
-38
25
-47
9
-33
27
15
24
22
45
54
89
61
95
79
108
89
146
158
155
148
131
123
91
116
119
82
89
53
65
48
39
78
86
90
75
106
102
146
59
98
167
194
150
131
131
72
23
55
114
133
139
155
141
130
145
165
178
156
136
171
170
162
183
199
133
181
149
221
203
201
198
195
187
230
221
276
287
334
335
333
414
412
407
393
436
390
405
422
393
412
408
398
370
343
350
370
297
351
347
352
387
320
312
296
287
267
240
202
189
188
190
214
164
179
207
245
227
299
224
247
214
203
226
251
242
223
226
250
295
268
270
266
222
209
212
160
240
185
264
238
187
162
170
108
145
146
158
154
151
127
152
186
170
184
147
171
182
161
144
97
100
93
104
136
188
145
209
177
205
186
207
189
213
218
240
193
189
198
165
149
185
204
214
214
236
254
294
268
323
309
248
279
285
264
261
249
211
255
276
276
253
309
318
209
260
200
196
183
151
183
234
197
203
269
209
156
126
165
210
260
201
189
206
136
196
196
181
213
241
190
246
239
222
255
179
180
221
223
201
229
234
344
249
217
226
233
213
232
274
365
328
301
307
371
391
367
365
384
362
454
432
318
406
415
404
409
416
432
401
427
395
425
425
414
425
422
411
429
417
419
426
456
481
493
392
418
405
355
406
320
328
298
322
257
304
335
367
295
272
264
320
251
300
246
287
268
300
299
311
283
295
308
337
310
232
202
279
308
282
280
261
193
160
191
195
179
198
190
211
210
238
232
164
176
183
211
370
297
351
347
352
387
320
312
296
287
267
240
202
189
188
190
214
164
179
207
245
227
299
224
247
214
203
226
251
242
223
226
250
295
268
270
266
222
209
212
160
240
185
264
238
187
162
170
108
145
146
158
154
151
127
152
186
170
184
147
171
182
161
144
97
100
93
104
136
188
145
209
177
205
186
207
189
213
218
240
193
189
198
165
149
185
204
214
214
236
254
294
268
323
309
248
279
285
264
261
249
211
255
276
276
253
309
318
209
260
200
196
183
151
183
234
197
203
269
209
156
126
165
210
260
201
189
206
136
196
196
181
213
241
190
246
239
222
255
179
180
221
223
201
229
234
344
249
217
226
233
213
232
274
365
328
301
307
371
391
367
365
384
362
454
432
318
406
415
404
409
416
432
401
427
395
425
425
414
425
422
411
429
417
419
426
456
481
493
392
418
405
355
406
320
328
298
322
257
304
335
367
295
272
264
320
251
300
246
287
268
300
299
311
283
295
308
337
310
232
202
279
308
282
280
261
193
160
191
195
179
198
190
211
210
238
232
164
176
183
211
161
232
194
225
206
189
143
215
207
191
180
283
247
231
152
231
225
174
171
165
163
176
202
203
195
223
236
260
303
307
328
304
348
285
332
315
317
306
301
278
326
270
285
251
245
286
291
289
233
168
217
163
179
138
204
204
160
129
123
161
110
72
121
63
57
-10
66
47
52
1
12
100
76
84
73
78
91
62
39
66
97
70
50
75
92
94
90
67
56
85
73
121
87
86
82
138
124
128
94
115
85
124
105
93
3
77
72
127
53
109
93
118
145
128
66
92
123
171
237
178
161
154
164
107
110
84
111
137
184
90
104
157
133
68
133
92
164
154
153
149
118
80
46
47
18
44
125
53
53
108
110
77
50
51
63
114
61
35
56
46
30
22
0
84
25
54
29
63
59
121
76
76
65
110
97
94
59
115
78
101
52
67
43
49
73
59
49
101
124
88
103
135
121
115
114
166
192
210
206
182
179
211
221
223
168
116
200
152
217
165
170
183
179
130
111
101
139
158
99
173
139
134
71
98
60
107
105
75
58
38
65
50
43
48
17
36
8
46
7
17
211
161
232
194
225
206
189
143
215
207
191
180
283
247
231
152
231
225
174
171
165
163
176
202
203
195
223
236
260
303
307
328
304
348
285
332
315
317
306
301
278
326
270
285
251
245
286
291
289
233
168
217
163
179
138
204
204
160
129
123
161
110
72
121
63
57
-10
66
47
52
1
12
100
76
84
73
78
91
62
39
66
97
70
50
75
92
94
90
67
56
85
73
121
87
86
82
138
124
128
94
115
85
124
105
93
3
77
72
127
53
109
93
118
145
128
66
92
123
171
237
178
161
154
164
107
110
84
111
137
184
90
104
157
133
68
133
92
164
154
153
149
118
80
46
47
18
44
125
53
53
108
110
77
50
51
63
114
61
35
56
46
30
22
0
84
25
54
29
63
59
121
76
76
65
110
97
94
59
115
78
101
52
67
43
49
73
59
49
101
124
88
103
135
121
115
114
166
192
210
206
182
179
211
221
223
168
116
200
152
217
165
170
183
179
130
111
101
139
158
99
173
139
134
71
98
60
107
105
75
58
38
65
50
43
48
17
36
8
46
7
17
-22
-61
-58
6
-21
-52
-56
-45
-9
-44
-19
-9
15
20
-6
14
25
-21
-21
-19
-23
-37
-30
-80
-52
-62
-31
-57
-49
7
-7
-12
14
-9
-60
13
-51
-62
-49
-69
-56
2
-87
-23
-64
-54
-38
-9
-34
-44
-14
-82
-37
-59
-6
-45
-71
-65
-10
5
18
-35
-42
-16
-41
-44
-65
-77
-69
-118
-63
-120
-73
-80
-46
-45
-10
-59
-59
-65
-65
-83
-65
-52
-43
-4
-28
-28
-17
-105
-52
-55
-29
-61
-49
-92
-118
-94
-104
-95
-104
-81
-54
-71
-121
-66
-83
-71
-61
-44
-41
-43
-47
-17
3
3
-15
27
-2
64
106
83
105
23
86
68
66
49
87
44
124
65
126
118
99
123
148
147
151
173
145
185
143
175
139
170
128
122
138
158
165
162
120
135
134
120
139
170
162
201
183
190
196
127
139
136
113
75
82
127
85
93
68
47
47
57
18
8
19
11
-53
-36
-26
-26
-39
-40
-26
-21
-15
-52
-48
-36
17
-1
24
39
43
6
18
79
64
52
68
100
94
121
60
83
127
42
52
91
28
87
56
69
83
48
44
9
-77
-49
-27
-69
-58
-44
-30
-4
-50
-20
-47
-27
-9
-67
-11
-43
25
12
-26
39
17
-22
-61
-58
6
-21
-52
-56
-45
-9
-44
-19
-9
15
20
-6
14
25
-21
-21
-19
-23
-37
-30
-80
-52
-62
-31
-57
-49
7
-7
-12
14
-9
-60
13
-51
-62
-49
-69
-56
2
-87
-23
-64
-54
-38
-9
-34
-44
-14
-82
-37
-59
-6
-45
-71
-65
-10
5
18
-35
-42
-16
-41
-44
-65
-77
-69
-118
-63
-120
-73
-80
-46
-45
-10
-59
-59
-65
-65
-83
-65
-52
-43
-4
-28
-28
-17
-105
-52
-55
-29
-61
-49
-92
-118
-94
-104
-95
-104
-81
-54
-71
-121
-66
-83
-71
-61
-44
-41
-43
-47
-17
3
3
-15
27
-2
64
106
83
105
23
86
68
66
49
87
44
124
65
126
118
99
123
148
147
151
173
145
185
143
175
139
170
128
122
138
158
165
162
120
135
134
120
139
170
162
201
183
190
196
127
139
136
113
75
82
127
85
93
68
47
47
57
18
8
19
11
-53
-36
-26
-26
-39
-40
-26
-21
-15
-52
-48
-36
17
-1
24
39
43
6
18
79
64
52
68
100
94
121
60
83
127
42
52
91
28
87
56
69
83
48
44
9
-77
-49
-27
-69
-58
-44
-30
-4
-50
-20
-47
-27
-9
-67
-11
-43
25
12
-26
39
77
29
50
33
-28
29
30
-30
20
-7
24
31
20
-2
28
-31
28
-21
-12
-56
-29
-42
-42
-21
19
-20
32
-20
-21
39
-16
0
54
-38
-22
8
10
22
30
53
26
33
41
44
56
56
7
22
-6
19
31
25
2
8
-21
-8
39
23
16
-11
15
39
55
59
118
70
101
68
130
143
166
169
201
193
135
249
215
205
204
246
232
220
222
231
243
270
251
258
282
252
245
221
218
210
218
255
230
224
176
214
204
202
200
191
200
214
178
163
137
153
152
181
112
145
141
137
100
87
88
97
91
93
62
48
34
36
14
72
79
47
39
3
-16
41
53
-18
-10
-22
20
9
11
-13
22
35
-26
12
-17
-8
-3
30
27
47
92
117
129
55
109
152
138
168
151
167
212
202
173
232
221
270
200
278
243
240
300
293
275
253
264
270
305
269
253
219
244
224
208
194
168
215
187
125
126
121
151
87
118
91
34
33
38
-48
6
-40
-49
-53
29
-107
-35
-59
-61
-58
-12
-62
-45
-92
-87
-69
-85
-59
-85
-79
-54
-98
-44
-55
-42
-19
-28
8
-2
19
3
36
14
63
74
52
74
20
50
-28
39
77
29
50
33
-28
29
30
-30
20
-7
24
31
20
-2
28
-31
28
-21
-12
-56
-29
-42
-42
-21
19
-20
32
-20
-21
39
-16
0
54
-38
-22
8
10
22
30
53
26
33
41
44
56
56
7
22
-6
19
31
25
2
8
-21
-8
39
23
16
-11
15
39
55
59
118
70
101
68
130
143
166
169
201
193
135
249
215
205
204
246
232
220
222
231
243
270
251
258
282
252
245
221
218
210
218
255
230
224
176
214
204
202
200
191
200
214
178
163
137
153
152
181
112
145
141
137
100
87
88
97
91
93
62
48
34
36
14
72
79
47
39
3
-16
41
53
-18
-10
-22
20
9
11
-13
22
35
-26
12
-17
-8
-3
30
27
47
92
117
129
55
109
152
138
168
151
167
212
202
173
232
221
270
200
278
243
240
300
293
275
253
264
270
305
269
253
219
244
224
208
194
168
215
187
125
126
121
151
87
118
91
34
33
38
-48
6
-40
-49
-53
29
-107
-35
-59
-61
-58
-12
-62
-45
-92
-87
-69
-85
-59
-85
-79
-54
-98
-44
-55
-42
-19
-28
8
-2
19
3
36
14
63
74
52
74
20
50
-28
21
-22
75
70
114
114
78
99
90
91
11
88
14
42
7
79
33
29
15
-38
38
-4
-51
-66
-44
-32
-59
-43
-86
-58
-51
-65
-56
-39
-23
-61
-78
-50
-63
-58
-64
-69
-63
-63
-92
-113
-131
-132
-150
-102
-108
-132
-155
-141
-141
-135
-147
-141
-132
-104
-100
-113
-110
-96
-87
-105
-66
-75
-41
-61
-90
-118
-65
-119
-60
-106
-64
-107
-106
-129
-86
-58
-72
-58
-59
-52
-49
-42
-58
-48
-56
-4
-59
-22
-12
29
18
-15
-3
-58
-2
-23
-29
48
0
45
25
26
37
47
37
59
69
97
67
76
96
178
142
143
78
86
110
155
156
181
115
147
125
156
114
132
123
185
109
114
104
111
124
101
116
112
166
149
177
162
173
164
169
134
155
175
212
153
176
173
228
181
177
175
155
132
157
169
155
149
171
155
180
187
203
191
217
214
258
223
294
263
297
265
266
291
300
263
267
303
266
264
264
261
236
198
237
228
245
241
270
280
178
198
159
194
134
129
105
85
81
69
78
89
63
50
46
29
29
-3
-8
-18
-44
-48
-70
-14
-13
-12
-4
-16
22
-19
5
11
15
4
-75
-52
-73
-64
-71
-104
-88
-100
-28
21
-22
75
70
114
114
78
99
90
91
11
88
14
42
7
79
33
29
15
-38
38
-4
-51
-66
-44
-32
-59
-43
-86
-58
-51
-65
-56
-39
-23
-61
-78
-50
-63
-58
-64
-69
-63
-63
-92
-113
-131
-132
-150
-102
-108
-132
-155
-141
-141
-135
-147
-141
-132
-104
-100
-113
-110
-96
-87
-105
-66
-75
-41
-61
-90
-118
-65
-119
-60
-106
-64
-107
-106
-129
-86
-58
-72
-58
-59
-52
-49
-42
-58
-48
-56
-4
-59
-22
-12
29
18
-15
-3
-58
-2
-23
-29
48
0
45
25
26
37
47
37
59
69
97
67
76
96
178
142
143
78
86
110
155
156
181
115
147
125
156
114
114
132
123
185
109
104
111
124
101
116
112
166
149
177
162
173
164
169
134
155
175
212
153
176
173
228
181
177
175
155
132
157
169
155
149
171
155
180
187
203
191
217
214
258
223
294
263
297
265
266
291
300
263
267
303
266
264
264
261
236
198
237
228
245
241
270
280
178
198
159
194
134
129
105
85
81
69
78
89
63
50
46
29
29
-3
-8
-18
-44
-48
-70
-14
-13
-12
-4
-16
22
-19
5
11
15
4
-75
-52
-73
-64
-71
-104
-88
-100
-80
-59
-42
-130
-59
-44
-35
-57
-114
-62
-58
-58
-32
1
-24
60
30
90
72
78
47
101
97
61
33
70
93
56
109
90
70
1
5
-21
2
-42
-29
-5
-7
-8
31
4
-10
-8
11
-22
-31
21
-10
-1
-33
-68
-5
-23
-77
32
-16
19
-49
22
45
43
7
39
-40
26
0
-21
-28
-81
-42
-83
-59
-54
-60
-68
-88
-71
-42
-112
-113
-106
-164
-155
-207
-190
-147
-170
-178
-219
-156
-187
-186
-240
-182
-257
-237
-211
-204
-226
-211
-185
-228
-126
-179
-160
-165
-185
-134
-126
-99
-117
-89
-97
-94
-61
-70
-82
-88
-70
-56
-61
-30
-15
2
-5
-67
23
8
-52
16
22
-24
-45
-35
-106
-91
-67
-93
-109
-87
-74
-73
-80
-32
-59
-120
-165
-136
-146
-131
-164
-176
-146
-109
-155
-158
-113
-127
-159
-138
-147
-151
-160
-115
-175
-146
-135
-99
-152
-147
-182
-106
-144
-146
-148
-119
-90
-122
-110
-69
-92
-87
-102
-103
-33
-83
-95
-44
-116
-14
1
-45
-62
-32
-105
-123
-64
-123
-172
-83
-66
-119
-118
-104
-90
24
-59
-72
-49
-50
-87
14
-23
4
24
6
-13
52
-38
9
55
9
31
45
-46
33
52
74
17
73
33
25
26
67
66
100
65
87
90
-100
-80
-59
-42
-130
-59
-44
-35
-57
-114
-62
-58
-58
-32
1
-24
60
30
90
72
78
47
101
97
61
33
70
93
56
109
90
70
1
5
-21
2
-42
-29
-5
-7
-8
31
4
-10
-8
11
-22
-31
21
-10
-1
-33
-68
-5
-23
-77
32
-16
19
-49
22
45
43
7
39
-40
26
0
-21
-28
-81
-42
-83
-59
-54
-60
-68
-88
-71
-42
-112
-113
-106
-164
-155
-207
-190
-147
-170
-178
-219
-156
-187
-186
-240
-182
-257
-237
-211
-204
-226
-211
-185
-228
-126
-179
-160
-165
-185
-134
-126
-99
-117
-89
-97
-94
-61
-70
-82
-88
-70
-56
-61
-30
-15
2
-5
-67
23
8
-52
16
22
-24
-45
-35
-106
-91
-67
-93
-109
-87
-74
-73
-80
-32
-59
-120
-165
-136
-146
-131
-164
-176
-146
-109
-155
-158
-113
-127
-159
-138
-147
-151
-160
-115
-175
-146
-135
-99
-152
-147
-182
-106
-144
-146
-148
-119
-90
-122
-110
-69
-92
-87
-102
-103
-33
-83
-95
-44
-116
-14
1
-45
-62
-32
-105
-123
-64
-123
-172
-83
-66
-119
-118
-104
-90
24
-59
-72
-49
-50
-87
14
-23
4
24
6
-13
52
-38
9
55
9
31
45
-46
33
52
74
17
73
33
25
26
67
66
100
65
87
90
-18
94
129
110
250
163
-7
188
173
33
151
98
56
167
97
27
117
134
73
128
95
75
54
92
22
18
-11
57
108
34
33
91
68
81
96
-65
6
156
78
116
58
24
88
57
160
132
73
166
199
138
191
99
132
38
90
94
185
102
33
59
69
71
21
-45
1
-21
-9
-10
43
-8
26
53
-8
23
77
40
36
36
24
69
13
-2
25
26
63
12
22
-18
77
14
22
57
60
103
96
101
81
130
136
110
74
83
95
141
139
119
100
145
208
166
145
147
132
151
93
136
58
33
6
64
-11
-7
-32
7
14
1
7
26
26
-49
-20
-28
-8
57
21
-49
-69
-2
-5
63
-7
7
-13
-18
-26
-20
-64
-113
-24
-36
-34
-14
-8
5
22
-24
1
17
-35
-84
-5
-53
-14
-71
15
38
50
77
137
86
113
106
117
118
97
120
103
127
103
147
126
114
87
68
28
22
35
-2
-21
23
-74
-20
-67
-93
-76
-53
-129
-67
-49
-54
-103
-121
-138
-127
-116
-97
-85
-114
-73
-26
-57
-19
-33
-33
-43
-38
-53
11
-49
26
-30
-18
-58
-42
33
9
-38
3
-10
5
-6
24
5
15
1
14
15
35
32
17
90
-18
94
129
110
250
163
-7
188
173
33
151
98
56
167
97
27
117
134
73
128
95
75
54
92
22
18
-11
57
108
34
33
91
68
81
96
-65
6
156
78
116
58
24
88
57
160
132
73
166
199
138
191
99
132
38
90
94
185
102
33
59
69
71
21
-45
1
-21
-9
-10
43
-8
26
53
-8
23
77
40
36
36
24
69
13
-2
25
26
63
12
22
-18
77
14
22
57
60
103
96
101
81
130
136
110
74
83
95
141
139
119
100
145
208
166
145
147
132
151
93
136
58
33
6
64
-11
-7
-32
7
14
1
7
26
26
-49
-20
-28
-8
57
21
-49
-69
-2
-5
63
-7
7
-13
-18
-26
-20
-64
-113
-24
-36
-34
-14
-8
5
22
-24
1
17
-35
-84
-5
-53
-14
-71
15
38
50
77
137
86
113
106
117
118
97
120
103
127
103
147
126
114
87
68
28
22
35
-2
-21
23
-74
-20
-67
-93
-76
-53
-129
-67
-49
-54
-103
-121
-138
-127
-116
-97
-85
-114
-73
-26
-57
-19
-33
-33
-43
-38
-53
11
-49
26
-30
-18
-58
-42
33
9
-38
3
-10
5
-6
24
5
15
1
14
15
35
32
17
17
8
-69
-11
-48
-68
-2
-17
-32
7
-16
-36
-2
21
-15
69
12
21
43
15
-30
-34
-22
-89
-41
-43
-96
-92
-47
-163
-126
-178
-130
-154
-101
-136
-76
-117
-166
-96
-143
-145
-69
-143
-94
-87
-62
-26
-38
-104
-49
-112
-59
-37
-46
-49
19
-49
-21
31
15
53
18
-26
6
22
17
59
-5
-5
-69
-88
-57
-127
-159
-43
-65
-82
-129
-107
-90
-88
-147
-53
-74
-64
-72
-113
-80
-50
-20
-63
-6
4
13
5
-45
-33
-64
-61
-53
-55
-50
-51
-54
-64
-72
-14
-12
-85
-54
-120
-84
-81
-45
-98
-23
-38
-54
-55
-56
-82
-69
-92
-112
-110
-153
-159
-125
-144
-110
-133
-152
-130
-165
-125
-127
-137
-162
-206
-144
-133
-141
-132
-112
-118
-107
-136
-142
-130
-202
-188
-142
-146
-135
-201
-145
-199
-176
-194
-115
-167
-130
-194
-88
-175
-198
-161
-165
-126
-161
-227
-210
-217
-249
-233
-281
-234
-236
-246
-258
-281
-269
-229
-225
-217
-230
-239
-237
-246
-207
-139
-142
-160
-192
-190
-231
-217
-260
-243
-326
-270
-300
-277
-314
-263
-248
-267
-221
-227
-235
-211
-186
-210
-252
-232
-198
-242
-249
-258
-193
-133
-210
-268
-211
-203
-236
-247
-255
-260
-236
-206
-214
-212
-203
-178
-162
-90
-89
-62
17
17
8
-69
-11
-48
-68
-2
-17
-32
7
-16
-36
-2
21
-15
69
12
21
43
15
-30
-34
-22
-89
-41
-43
-96
-92
-47
-163
-126
-178
-130
-154
-101
-136
-76
-117
-166
-96
-143
-145
-69
-143
-94
-87
-62
-26
-38
-104
-49
-112
-59
-37
-46
-49
19
-49
-21
31
15
53
18
-26
6
22
17
59
-5
-5
-69
-88
-57
-127
-159
-43
-65
-82
-129
-107
-90
-88
-147
-53
-74
-64
-72
-113
-80
-50
-20
-63
-6
4
13
5
-45
-33
-64
-61
-53
-55
-50
-51
-54
-64
-72
-14
-12
-85
-54
-120
-84
-81
-45
-98
-23
-38
-54
-55
-56
-82
-69
-92
-112
-110
-153
-159
-125
-144
-110
-133
-152
-130
-165
-125
-127
-137
-162
-206
-144
-133
-141
-132
-112
-118
-107
-136
-142
-130
-202
-188
-142
-146
-135
-201
-145
-199
-176
-194
-115
-167
-130
-194
-88
-175
-198
-161
-165
-126
-161
-227
-210
-217
-249
-233
-281
-234
-236
-246
-258
-281
-269
-229
-225
-217
-230
-239
-237
-246
-207
-139
-142
-160
-192
-190
-231
-217
-260
-243
-326
-270
-300
-277
-314
-263
-248
-267
-221
-227
-235
-211
-186
-210
-252
-232
-198
-242
-249
-258
-193
-133
-210
-268
-211
-203
-236
-247
-255
-260
-236
-206
-214
-212
-203
-178
-162
-90
-89
-62
-76
-145
-145
-144
-115
-152
-142
-144
-105
-230
-210
-225
-225
-294
-241
-264
-281
-260
-237
-249
-203
-221
-252
-186
-203
-178
-152
-181
-172
-189
-176
-160
-213
-220
-203
-178
-186
-201
-215
-186
-169
-212
-227
-145
-191
-226
-211
-185
-154
-166
-146
-134
-133
-127
-104
-77
-114
-111
-116
-148
-161
-156
-182
-135
-201
-251
-221
-223
-263
-295
-236
-282
-276
-245
-248
-276
-265
-243
-228
-198
-264
-238
-229
-231
-233
-232
-162
-288
-257
-176
-165
-214
-195
-188
-156
-200
-198
-129
-128
-151
-148
-175
-148
-103
-170
-120
-155
-156
-135
-115
-88
-89
-72
-70
-32
-70
-67
-32
-59
-51
-110
-4
-39
-36
-43
6
-8
-82
-80
27
8
-80
-56
-66
-46
-22
-78
18
26
-23
-48
20
-2
-32
-109
-100
-62
-66
-92
-44
-71
-150
-138
-110
-119
-82
-126
-176
-137
-111
-172
-80
-78
-108
-108
-79
-54
-61
-19
-27
13
-32
4
-9
53
4
6
12
-17
14
2
-5
9
-26
-38
-52
2
-32
0
-77
-26
-146
-31
-2
-44
-53
4
-67
-96
-39
-136
-33
-36
-123
-101
-82
-39
-109
-119
-35
-147
-190
-76
-62
-119
-104
-76
-122
-129
-64
-75
-103
-68
-54
-55
-82
-65
-20
-48
-139
-102
-9
-6
-91
39
-61
-71
16
-43
98
-62
-76
-145
-145
-144
-115
-152
-142
-144
-105
-230
-210
-225
-225
-294
-241
-264
-281
-260
-237
-249
-203
-221
-252
-186
-203
-178
-152
-181
-172
-189
-176
-160
-213
-220
-203
-178
-186
-201
-215
-186
-169
-212
-227
-145
-191
-226
-211
-185
-154
-166
-146
-134
-133
-127
-104
-77
-114
-111
-116
-148
-161
-156
-182
-135
-201
-251
-221
-223
-263
-295
-236
-282
-276
-245
-248
-276
-265
-243
-228
-198
-264
-238
-229
-231
-233
-232
-162
-288
-257
-176
-165
-214
-195
-188
-156
-200
-198
-129
-128
-151
-148
-175
-148
-103
-170
-120
-155
-156
-135
-115
-88
-89
-72
-70
-32
-70
-67
-32
-59
-51
-110
-4
-39
-36
-43
6
-8
-82
-80
27
8
-80
-56
-66
-46
-22
-78
18
26
-23
-48
20
-2
-32
-109
-100
-62
-66
-92
-44
-71
-150
-138
-110
-119
-82
-126
-176
-137
-111
-172
-80
-78
-108
-108
-79
-54
-61
-19
-27
13
-32
4
-9
53
4
6
12
-17
14
2
-5
9
-26
-38
-52
2
-32
0
-77
-26
-146
-31
-2
-44
-53
4
-67
-96
-39
-136
-33
-36
-123
-101
-82
-39
-109
-119
-35
-147
-190
-76
-62
-119
-104
-76
-122
-129
-64
-75
-103
-68
-54
-55
-82
-65
-20
-48
-139
-102
-9
-6
-91
39
-61
-71
16
-43
98
43
-178
-253
-31
-171
-54
-253
-258
-124
-313
-288
-151
-107
-329
-290
-148
-48
-297
-210
-142
-149
-188
-183
-81
-219
-143
-215
-106
-190
-115
-145
-78
-110
-263
-119
-139
-168
-191
19
-75
-315
-230
15
-131
-209
-27
-282
-239
19
94
-131
-139
-143
-167
-139
-73
117
-161
-290
-155
-82
-198
-103
-34
-177
-258
-256
37
74
-173
-354
-94
-120
-160
-61
90
-131
-318
-42
74
115
-150
-142
-40
-19
-106
-11
92
-2
-18
-175
82
99
56
34
4
6
34
74
107
109
-106
-116
-45
100
160
62
-45
-72
10
-69
38
52
-17
-93
-46
105
77
-37
-66
-17
-3
-60
62
56
38
-54
-63
-36
-48
-83
35
45
-23
42
201
83
-10
-37
76
42
42
21
46
19
-32
-37
11
-44
-18
18
-18
21
35
-25
67
-4
-29
-52
-69
40
1
63
-8
22
-9
-45
21
-41
12
42
56
-46
13
35
11
-3
-61
-14
-92
8
25
-42
-66
13
-37
-12
-34
1
29
-46
10
-4
-40
-35
-33
-124
-83
-54
-21
6
32
-11
-14
9
84
38
29
-24
-15
56
3
3
11
23
5
41
82
4
16
-3
21
-124
-28
-53
-18
-78
-78
-51
-54
-7
-89
-139
-27
-89
-139
-161
-117
-232
-229
98
43
-178
-253
-31
-171
-54
-253
-258
-124
-313
-288
-151
-107
-329
-290
-148
-48
-297
-210
-142
-149
-188
-183
-81
-219
-143
-215
-106
-190
-115
-145
-78
-110
-263
-119
-139
-168
-191
19
-75
-315
-230
15
-131
-209
-27
-282
-239
19
94
-131
-139
-143
-167
-139
-73
117
-161
-290
-155
-82
-198
-103
-34
-177
-258
-256
37
74
-173
-354
-94
-120
-160
-61
90
-131
-318
-42
74
115
-150
-142
-40
-19
-106
-11
92
-2
-18
-175
82
99
56
34
4
6
34
74
107
109
-106
-116
-45
100
160
62
-45
-72
10
-69
38
52
-17
-93
-46
105
77
-37
-66
-17
-3
-60
62
56
38
-54
-63
-36
-48
-83
35
45
-23
42
201
83
-10
-37
76
42
42
21
46
19
-32
-37
11
-44
-18
18
-18
21
35
-25
67
-4
-29
-52
-69
40
1
63
-8
22
-9
-45
21
-41
12
42
56
-46
13
35
11
-3
-61
-14
-92
8
25
-42
-66
13
-37
-12
-34
1
29
-46
10
-4
-40
-35
-33
-124
-83
-54
-21
6
32
-11
-14
9
84
38
29
-24
-15
56
3
3
11
23
5
41
82
4
16
-3
21
-124
-28
-53
-18
-78
-78
-51
-54
-7
-89
-139
-27
-89
-139
-161
-117
-232
-229
-237
-166
-136
-245
-185
-216
-176
-268
-306
-327
-238
-281
-221
-236
-171
-262
-214
-186
-163
-275
-218
-225
-208
-272
-234
-267
-211
-262
-200
-167
-187
-205
-220
-167
-235
-247
-258
-248
-277
-251
-240
-211
-182
-251
-294
-298
-295
-253
-315
-267
-241
-220
-243
-245
-231
-200
-218
-178
-112
-118
-98
-90
-85
-76
-90
-106
-157
-99
-177
-113
-175
-204
-180
-244
-236
-239
-191
-187
-182
-172
-179
-178
-181
-230
-181
-152
-231
-252
-162
-150
-147
-280
-252
-194
-287
-333
-198
-199
-227
-268
-178
-64
-120
-96
-20
-125
-193
-91
10
-8
-128
36
83
-11
-108
-4
99
-34
-166
-63
-38
-50
-73
-167
-64
18
-89
-115
-123
8
14
-73
-74
70
38
7
30
36
42
-68
-21
65
103
0
-13
65
49
38
15
31
13
8
32
58
31
30
32
57
83
68
93
146
149
103
129
143
230
184
157
185
252
242
113
173
144
76
91
136
166
144
79
60
102
61
14
74
79
4
36
89
120
70
-4
99
79
121
63
58
79
102
74
77
133
72
23
29
66
90
32
30
49
0
-29
-27
47
-3
-66
-12
74
17
3
55
73
117
32
-17
9
72
-60
-72
-27
-27
-57
-61
-136
-77
-109
-95
-96
-6
-229
-237
-166
-136
-245
-185
-216
-176
-268
-306
-327
-238
-281
-221
-236
-171
-262
-214
-186
-163
-275
-218
-225
-208
-272
-234
-267
-211
-262
-200
-167
-187
-205
-220
-167
-235
-247
-258
-248
-277
-251
-240
-211
-182
-251
-294
-298
-295
-253
-315
-267
-241
-220
-243
-245
-231
-200
-218
-178
-112
-118
-98
-90
-85
-76
-90
-106
-157
-99
-177
-113
-175
-204
-180
-244
-236
-239
-191
-187
-182
-172
-179
-178
-181
-230
-181
-152
-231
-252
-162
-150
-147
-280
-252
-194
-287
-333
-198
-199
-227
-268
-178
-64
-120
-96
-20
-125
-193
-91
10
-8
-128
36
83
-11
-108
-4
99
-34
-166
-63
-38
-50
-73
-167
-64
18
-89
-115
-123
8
14
-73
-74
70
38
7
30
36
42
-68
-21
65
103
0
-13
65
49
38
15
31
13
8
32
58
31
30
32
57
83
68
93
146
149
103
129
143
230
184
157
185
252
242
113
173
144
76
91
136
166
144
79
60
102
61
14
74
79
4
36
89
120
70
-4
99
79
121
63
58
79
102
74
77
133
72
23
29
66
90
32
30
49
0
-29
-27
47
-3
-66
-12
74
17
3
55
73
117
32
-17
9
72
-60
-72
-27
-27
-57
-61
-136
-77
-109
-95
-96
-6
-99
-77
-51
-75
-67
-92
-64
-65
-64
-103
-86
-120
-94
-119
-60
-68
-44
-29
-79
-89
-61
-126
-142
-134
-85
-89
-93
-90
-124
-145
-97
-123
-177
-228
-204
-128
-86
-195
-175
-196
-187
-273
-229
-145
-147
-145
-161
-161
-133
-182
-225
-159
-154
-157
-200
-208
-173
-194
-178
-196
-185
-142
-194
-151
-135
-112
-130
-124
-144
-136
-70
-126
-146
-124
-128
-113
-147
-171
-166
-168
-168
-152
-50
-127
-111
-91
-82
-91
-39
-33
-34
-8
-20
-20
-119
-46
-68
-72
-94
-122
-81
-142
-178
-113
-115
-139
-246
-215
-148
-119
-150
-187
-195
-189
-190
-209
-194
-225
-236
-280
-227
-164
-202
-206
-248
-213
-208
-262
-193
-180
-182
-196
-168
-116
-98
-111
-69
-117
-123
-103
-116
-149
-34
-53
-67
-91
-23
-25
-62
-17
-92
-68
-108
-73
-49
-13
-61
-93
-52
-100
-79
-70
-98
-175
-146
-125
-130
-177
-164
-124
-167
-198
-129
-142
-183
-208
-150
-171
-186
-184
-184
-174
-181
-195
-147
-158
-176
-129
-82
-115
-104
-110
-132
-154
-123
-178
-80
-78
-166
-189
-149
-127
-172
-130
-62
-105
-134
-138
-85
-13
-118
-145
-24
18
-65
-143
-65
-27
-80
-128
-58
39
-64
-70
-44
19
34
-29
-10
10
-2
-28
9
60
101
39
2
50
66
19
-6
-99
-77
-51
-75
-67
-92
-64
-65
-64
-103
-86
-120
-94
-119
-60
-68
-44
-29
-79
-89
-61
-126
-142
-134
-85
-89
-93
-90
-124
-145
-97
-123
-177
-228
-204
-128
-86
-195
-175
-196
-187
-273
-229
-145
-147
-145
-161
-161
-133
-182
-225
-159
-154
-157
-200
-208
-173
-194
-178
-196
-185
-142
-194
-151
-135
-112
-130
-124
-144
-136
-70
-126
-146
-124
-128
-113
-147
-171
-166
-168
-168
-152
-50
-127
-111
-91
-82
-91
-39
-33
-34
-8
-20
-20
-119
-46
-68
-72
-94
-122
-81
-142
-178
-113
-115
-139
-246
-215
-148
-119
-150
-187
-195
-189
-190
-209
-194
-225
-236
-280
-227
-164
-202
-206
-248
-213
-208
-262
-193
-180
-182
-196
-168
-116
-98
-111
-69
-117
-123
-103
-116
-149
-34
-53
-67
-91
-23
-25
-62
-17
-92
-68
-108
-73
-49
-13
-61
-93
-52
-100
-79
-70
-98
-175
-146
-125
-130
-177
-164
-124
-167
-198
-129
-142
-183
-208
-150
-171
-186
-184
-184
-174
-181
-195
-147
-158
-176
-129
-82
-115
-104
-110
-132
-154
-123
-178
-80
-78
-166
-189
-149
-127
-172
-130
-62
-105
-134
-138
-85
-13
-118
-145
-24
18
-65
-143
-65
-27
-80
-128
-58
39
-64
-70
-44
19
34
-29
-10
10
-2
-28
9
60
101
39
2
50
66
19
-8
121
97
56
29
31
99
101
69
17
82
34
3
92
61
48
109
57
69
121
104
110
170
99
75
113
114
119
101
119
187
199
109
104
133
94
94
87
117
55
68
30
109
140
53
117
125
101
111
174
93
172
150
137
192
221
153
147
164
146
157
164
134
148
211
101
184
191
142
77
195
115
103
161
153
134
122
99
130
121
54
104
118
138
114
78
116
128
98
129
131
157
84
137
99
134
138
118
107
132
210
114
225
178
245
203
262
196
311
230
240
289
302
314
233
318
335
368
391
409
400
386
363
364
383
320
308
342
337
352
343
302
329
333
342
306
356
319
257
271
371
376
347
391
335
312
310
391
374
341
327
324
315
315
341
384
356
317
280
244
283
293
302
209
195
255
215
172
181
193
228
203
131
138
217
109
176
181
199
208
171
172
246
258
252
212
261
171
150
133
142
137
152
129
137
147
167
217
147
157
114
113
106
138
123
71
117
44
56
52
53
15
18
-9
63
39
69
-21
-46
-70
-93
-55
-75
-56
-77
-154
-123
-88
-107
-93
-124
-176
-129
-95
-137
-117
-127
-133
-86
-165
19
-8
121
97
56
29
31
99
101
69
17
82
34
3
92
61
48
109
57
69
121
104
110
170
99
75
113
114
119
101
119
187
199
109
104
133
94
94
87
117
55
68
30
109
140
53
117
125
101
111
174
93
172
150
137
192
221
153
147
164
146
157
164
134
148
211
101
184
191
142
77
195
115
103
161
153
134
122
99
130
121
54
104
118
138
114
78
116
128
98
129
131
157
84
137
99
134
138
118
107
132
210
114
225
178
245
203
262
196
311
230
240
289
302
314
233
318
335
368
391
409
400
386
363
364
383
320
308
342
337
352
343
302
329
333
342
306
356
319
257
271
371
376
347
391
335
312
310
391
374
341
327
324
315
315
341
384
356
317
280
244
283
293
302
209
195
255
215
172
181
193
228
203
131
138
217
109
176
181
199
208
171
172
246
258
252
212
261
171
150
133
142
137
152
129
137
147
167
217
147
157
114
113
106
138
123
71
117
44
56
52
53
15
18
-9
63
39
69
-21
-46
-70
-93
-55
-75
-56
-77
-154
-123
-88
-107
-93
-124
-176
-129
-95
-137
-117
-127
-133
-86
-165
-161
-241
-160
-219
-188
-199
-188
-190
-180
-214
-191
-209
-207
-202
-227
-232
-145
-181
-223
-204
-240
-181
-218
-199
-227
-217
-224
-219
-219
-235
-246
-191
-190
-196
-239
-190
-224
-213
-210
-166
-134
-172
-152
-140
-131
-115
-93
-65
-89
-80
-63
-50
-85
-133
-138
-132
-115
-125
-98
-95
-106
-112
-101
-116
-80
-86
-141
-179
-103
-37
-91
-34
-62
-14
10
-16
-18
35
-31
2
-40
-10
-31
-37
-77
-94
-87
-115
-104
-51
-58
-66
-103
-77
-68
-98
-60
-74
-111
-107
-89
-77
-70
-87
-48
-88
-69
-98
-146
-113
-111
-118
-122
-175
-146
-185
-165
-178
-208
-190
-173
-147
-152
-114
-88
-97
-77
-156
-102
-72
-70
-47
-46
-43
-44
-51
25
29
-16
15
28
59
-6
-12
28
-26
-18
-38
-30
25
-24
23
-37
-73
-51
-74
-114
-91
-146
-148
-153
-144
-196
-158
-201
-126
-163
-163
-181
-152
-136
-148
-93
-113
-96
-152
-154
-134
-78
-155
-177
-226
-142
-102
-95
-131
-115
-91
-99
-119
-112
-69
-195
-89
-101
-47
-62
-55
-44
-6
-26
-6
26
31
22
-38
-48
-40
-43
-57
-103
-24
-78
2
3
-75
-94
-84
-75
-45
-68
-52
-77
-66
16
19
-21
6
-27
13
70
51
67
50
91
91
96
154
93
35
-165
-161
-241
-160
-219
-188
-199
-188
-190
-180
-214
-191
-209
-207
-202
-227
-232
-145
-181
-223
-204
-240
-181
-218
-199
-227
-217
-224
-219
-219
-235
-246
-191
-190
-196
-239
-190
-224
-213
-210
-166
-134
-172
-152
-140
-131
-115
-93
-65
-89
-80
-63
-50
-85
-133
-138
-132
-115
-125
-98
-95
-106
-112
-101
-116
-80
-86
-141
-179
-103
-37
-91
-34
-62
-14
10
-16
-18
35
-31
2
-40
-10
-31
-37
-77
-94
-87
-115
-104
-51
-58
-66
-103
-77
-68
-98
-60
-74
-111
-107
-89
-77
-70
-87
-48
-88
-69
-98
-146
-113
-111
-118
-122
-175
-146
-185
-165
-178
-208
-190
-173
-147
-152
-114
-88
-97
-77
-156
-102
-72
-70
-47
-46
-43
-44
-51
25
29
-16
15
28
59
-6
-12
28
-26
-18
-38
-30
25
-24
23
-37
-73
-51
-74
-114
-91
-146
-148
-153
-144
-196
-158
-201
-126
-163
-163
-181
-152
-136
-148
-93
-113
-96
-152
-154
-134
-78
-155
-177
-226
-142
-102
-95
-131
-115
-91
-99
-119
-112
-69
-195
-89
-101
-47
-62
-55
-44
-6
-26
-6
26
31
22
-38
-48
-40
-43
-57
-103
-24
-78
2
3
-75
-94
-84
-75
-45
-68
-52
-77
-66
16
19
-21
6
-27
13
70
51
67
50
91
91
96
154
93
35
65
79
63
47
10
38
71
99
87
35
60
42
38
-31
18
17
34
23
9
25
28
51
-19
16
-24
47
55
42
62
98
47
86
136
75
56
55
131
81
102
137
112
40
70
96
78
54
83
64
36
82
100
29
59
60
57
29
33
35
61
3
32
51
65
39
45
123
119
75
33
110
102
49
-20
25
60
87
75
92
109
34
5
45
63
48
-2
34
22
82
-17
10
7
-27
3
23
26
-43
-42
-50
-66
-79
-82
-82
-85
-110
-100
-82
-75
-88
-90
-118
-85
-100
-50
-40
-20
32
53
30
71
96
98
115
168
112
153
156
179
208
183
191
206
243
195
215
200
192
208
161
182
172
168
117
159
153
126
133
131
136
151
122
150
123
176
154
156
129
163
97
57
83
60
90
20
8
38
20
18
-47
-29
-40
18
10
42
95
66
-4
38
43
97
125
65
127
106
144
132
74
89
53
48
54
34
49
36
60
64
58
6
58
66
87
49
1
-10
65
17
66
35
34
49
61
59
65
78
111
96
113
87
59
40
71
30
17
15
40
58
1
-10
59
55
34
67
48
-16
2
-27
-14
-65
-32
-61
-95
35
65
79
63
47
10
38
71
99
87
35
60
42
38
-31
18
17
34
23
9
25
28
51
-19
16
-24
47
55
42
62
98
47
86
136
75
56
55
131
81
102
137
112
40
70
96
78
54
83
64
36
82
100
29
59
60
57
29
33
35
61
3
32
51
65
39
45
123
119
75
33
110
102
49
-20
25
60
87
75
92
109
34
5
45
63
48
-2
34
22
82
-17
10
7
-27
3
23
26
-43
-42
-50
-66
-79
-82
-82
-85
-110
-100
-82
-75
-88
-90
-118
-85
-100
-50
-40
-20
32
53
30
71
96
98
115
168
112
153
156
179
208
183
191
206
243
195
215
200
192
208
161
182
172
168
117
159
153
126
133
131
136
151
122
150
123
176
154
156
129
163
97
57
83
60
90
20
8
38
20
18
-47
-29
-40
18
10
42
95
66
-4
38
43
97
125
65
127
106
144
132
74
89
53
48
54
34
49
36
60
64
58
6
58
66
87
49
1
-10
65
17
66
35
34
49
61
59
65
78
111
96
113
87
59
40
71
30
17
15
40
58
1
-10
59
55
34
67
48
-16
2
-27
-14
-65
-32
-61
-95
-30
-93
-32
-87
-21
-81
17
-71
-59
-79
-54
-86
-45
-47
-59
-51
-68
-40
-43
-46
-12
-21
-28
-51
-2
14
-3
-3
10
15
-34
-12
-57
-24
-34
-75
-85
-33
-55
-36
-59
-72
-21
-30
-44
-16
-19
-41
-126
-23
-36
-81
-144
-53
-57
-28
-60
-64
-15
-33
-75
-24
-54
-66
-53
-4
-7
-8
-8
13
81
23
3
24
52
17
23
25
36
22
-14
21
14
-13
14
-79
-5
10
24
-86
-8
-39
-56
42
46
105
-4
50
0
16
14
7
56
56
53
63
110
66
39
33
17
95
53
29
-28
34
1
42
16
74
40
-8
29
-30
29
-47
-23
19
-90
-111
-62
-54
-94
-106
-125
-105
-80
-95
-72
-96
-127
-167
-159
-172
-116
-151
-201
-175
-198
-153
-120
-128
-131
-118
-176
-186
-145
-162
-134
-173
-114
-159
-170
-145
-146
-184
-180
-175
-123
-169
-140
-129
-109
-150
-90
-71
-86
-107
-135
-154
-125
-238
-154
-130
-142
-159
-183
-95
-180
-94
-52
-25
-88
-118
-94
-133
-183
-171
-90
-180
-125
-193
-175
-150
-179
-183
-209
-109
-120
-102
-134
-89
-75
-105
-100
-118
-9
-57
-14
7
-56
-128
-93
-44
-20
-18
-6
-1
-1
-17
-32
-51
-48
-23
-97
-139
-82
-69
-58
-98
-95
-30
-93
-32
-87
-21
-81
17
-71
-59
-79
-54
-86
-45
-47
-59
-51
-68
-40
-43
-46
-12
-21
-28
-51
-2
14
-3
-3
10
15
-34
-12
-57
-24
-34
-75
-85
-33
-55
-36
-59
-72
-21
-30
-44
-16
-19
-41
-126
-23
-36
-81
-144
-53
-57
-28
-60
-64
-15
-33
-75
-24
-54
-66
-53
-4
-7
-8
-8
13
81
23
3
24
52
17
23
25
36
22
-14
21
14
-13
14
-79
-5
10
24
-86
-8
-39
-56
42
46
105
-4
50
0
16
14
7
56
56
53
63
110
66
39
33
17
95
53
29
-28
34
1
42
16
74
40
-8
29
-30
29
-47
-23
19
-90
-111
-62
-54
-94
-106
-125
-105
-80
-95
-72
-96
-127
-167
-159
-172
-116
-151
-201
-175
-198
-153
-120
-128
-131
-118
-176
-186
-145
-162
-134
-173
-114
-159
-170
-145
-146
-184
-180
-175
-123
-169
-140
-129
-109
-150
-90
-71
-86
-107
-135
-154
-125
-238
-154
-130
-142
-159
-183
-95
-180
-94
-52
-25
-88
-118
-94
-133
-183
-171
-90
-180
-125
-193
-175
-150
-179
-183
-209
-109
-120
-102
-134
-89
-75
-105
-100
-118
-9
-57
-14
7
-56
-128
-93
-44
-20
-18
-6
-1
-1
-17
-32
-51
-48
-23
-97
-139
-82
-69
-58
-98
-63
-63
-146
-109
-75
-99
-121
-89
-121
-113
-58
-14
0
17
-1
12
11
5
-4
-60
-77
-75
-36
63
62
23
-73
-36
4
12
-21
-50
-93
-26
-90
-129
-192
-94
-94
-111
-148
-41
-34
-13
-61
-75
-115
-92
-190
-181
-167
-162
-238
-202
-166
-181
-168
-160
-135
-157
-168
-133
-143
-112
-138
-192
-176
-120
-147
-186
-173
-168
-93
-116
-108
-125
-130
-144
-111
-131
-99
-182
-177
-201
-204
-189
-176
-196
-151
-211
-212
-191
-164
-175
-236
-252
-159
-157
-190
-194
-188
-150
-205
-170
-102
-83
-115
-99
-97
-166
-185
-131
-137
-168
-149
-110
-95
-153
-133
-119
-46
-124
-129
-119
-38
-85
-117
-77
-23
43
13
23
4
12
-52
-47
-1
38
-25
-20
15
15
77
27
66
44
15
3
59
13
112
22
-48
3
11
-43
-7
-39
-81
-43
52
74
4
-7
51
72
25
98
118
81
77
67
45
56
32
20
4
-10
-25
9
14
59
-26
-60
21
25
-18
-87
-96
15
43
34
83
79
70
75
63
117
119
114
105
123
108
107
75
84
62
39
30
20
46
-21
16
-47
-77
-57
-58
-41
-120
-92
-60
-7
-23
-186
-147
-118
-48
-121
-88
-110
-92
-95
-66
-140
-135
-106
-99
-136
-106
-102
-98
-63
-63
-146
-109
-75
-99
-121
-89
-121
-113
-58
-14
0
17
-1
12
11
5
-4
-60
-77
-75
-36
63
62
23
-73
-36
4
12
-21
-50
-93
-26
-90
-129
-192
-94
-94
-111
-148
-41
-34
-13
-61
-75
-115
-92
-190
-181
-167
-162
-238
-202
-166
-181
-168
-160
-135
-157
-168
-133
-143
-112
-138
-192
-176
-120
-147
-186
-173
-168
-93
-116
-108
-125
-130
-144
-111
-131
-99
-182
-177
-201
-204
-189
-176
-196
-151
-211
-212
-191
-164
-175
-236
-252
-159
-157
-190
-194
-188
-150
-205
-170
-102
-83
-115
-99
-97
-166
-185
-131
-137
-168
-149
-110
-95
-153
-133
-119
-46
-124
-129
-119
-38
-85
-117
-77
-23
43
13
23
4
12
-52
-47
-1
38
-25
-20
15
15
77
27
66
44
15
3
59
13
112
22
-48
3
11
-43
-7
-39
-81
-43
52
74
4
-7
51
72
25
98
118
81
77
67
45
56
32
20
4
-10
-25
9
14
59
-26
-60
21
25
-18
-87
-96
15
43
34
83
79
70
75
63
117
119
114
105
123
108
107
75
84
62
39
30
20
46
-21
16
-47
-77
-57
-58
-41
-120
-92
-60
-7
-23
-186
-147
-118
-48
-121
-88
-110
-92
-95
-66
-140
-135
-106
-99
-136
-106
-102
-131
-187
-202
-146
-216
-208
-198
-193
-259
-232
-199
-159
-203
-155
-145
-141
-136
-158
-127
-136
-178
-123
-153
-205
-152
-124
-142
-142
-141
-132
-213
-163
-249
-202
-268
-287
-298
-255
-321
-295
-319
-318
-240
-265
-297
-234
-195
-161
-186
-231
-182
-162
-237
-242
-276
-238
-173
-148
-143
-188
-149
-126
-120
-142
-145
-135
-86
-94
-165
-161
-129
-89
-169
-101
-124
-96
-72
-156
-151
-149
-98
-104
-87
-144
-136
-193
-140
-130
-119
-146
-171
-153
-120
-140
-189
-147
-156
-145
-139
-139
-139
-129
-151
-119
-93
-90
-74
-49
-63
-35
-99
-76
-47
-70
-61
-67
-108
-98
-113
-47
-88
-115
-121
-51
-95
-98
-120
-111
-116
-105
-99
-88
-89
-102
-90
-87
-61
-84
-93
-86
-46
-49
-72
-122
-116
-65
-154
-45
-59
50
-60
24
-40
16
-85
19
-18
-22
-33
3
36
-45
-22
11
29
49
49
3
-14
79
-19
-27
27
68
38
-24
102
70
150
87
88
86
160
136
79
27
36
95
64
62
81
107
121
51
71
97
45
80
62
38
126
38
121
54
132
184
168
164
145
189
191
195
175
193
188
211
165
166
192
207
195
179
215
289
267
221
212
273
241
251
263
283
222
242
280
290
294
321
314
288
-102
-131
-187
-202
-146
-216
-208
-198
-193
-259
-232
-199
-159
-203
-155
-145
-141
-136
-158
-127
-136
-178
-123
-153
-205
-152
-124
-142
-142
-141
-132
-213
-163
-249
-202
-268
-287
-298
-255
-321
-295
-319
-318
-240
-265
-297
-234
-195
-161
-186
-231
-182
-162
-237
-242
-276
-238
-173
-148
-143
-188
-149
-126
-120
-142
-145
-135
-86
-94
-165
-161
-129
-89
-169
-101
-124
-96
-72
-156
-151
-149
-98
-104
-87
-144
-136
-193
-140
-130
-119
-146
-171
-153
-120
-140
-189
-147
-156
-145
-139
-139
-139
-129
-151
-119
-93
-90
-74
-49
-63
-35
-99
-76
-47
-70
-61
-67
-108
-98
-113
-47
-88
-115
-121
-51
-95
-98
-120
-111
-116
-105
-99
-88
-89
-102
-90
-87
-61
-84
-93
-86
-46
-49
-72
-122
-116
-65
-154
-45
-59
50
-60
24
-40
16
-85
19
-18
-22
-33
3
36
-45
-22
11
29
49
49
3
-14
79
-19
-27
27
68
38
-24
102
70
150
87
88
86
160
136
79
27
36
95
64
62
81
107
121
51
71
97
45
80
62
38
126
38
121
54
132
184
168
164
145
189
191
195
175
193
188
211
165
166
192
207
195
179
215
289
267
221
212
273
241
251
263
283
222
242
280
290
294
321
314
288
302
326
334
318
299
317
324
344
342
419
373
270
335
361
301
275
269
311
340
313
384
330
360
326
323
321
321
294
292
296
325
316
375
355
323
309
345
367
346
410
381
379
348
394
363
333
318
361
342
358
346
378
331
330
314
315
315
220
292
253
263
238
260
261
253
232
229
244
282
256
251
272
288
278
254
225
250
217
169
200
257
228
156
163
168
185
149
169
135
129
85
85
108
165
74
98
128
125
92
140
190
183
185
185
200
201
146
129
139
143
115
142
165
138
76
68
65
31
-3
19
41
37
-1
55
84
75
21
23
47
20
22
35
65
1
16
45
39
23
42
103
79
48
25
40
85
85
23
64
54
38
3
22
35
23
26
66
38
92
87
87
96
116
78
79
29
55
18
16
-31
-45
-62
-83
-101
-96
-121
-105
-148
-141
-161
-115
-161
-137
-161
-161
-374
-172
381
-251
131
64
-539
-393
-533
-617
-143
-124
135
-1
-76
-269
-389
-385
-289
-274
-241
-125
-185
-158
-272
-345
-140
-256
-281
-123
-315
-202
-117
-254
-229
-311
-163
-102
-243
-127
-257
-269
-412
-359
-245
-238
-242
-191
-285
-242
-308
-323
-286
-270
-199
-228
288
302
326
334
318
299
317
324
344
342
419
373
270
335
361
301
275
269
311
340
313
384
330
360
326
323
321
321
294
292
296
325
316
375
355
323
309
345
367
346
410
381
379
348
394
363
333
318
361
342
358
346
378
331
330
314
315
315
220
292
253
263
238
260
261
253
232
229
244
282
256
251
272
288
278
254
225
250
217
169
200
257
228
156
163
168
185
149
169
135
129
85
85
108
165
74
98
128
125
92
140
190
183
185
185
200
201
146
129
139
143
115
142
165
138
76
68
65
31
-3
19
41
37
-1
55
84
75
21
23
47
20
22
35
65
1
16
45
39
23
42
103
79
48
25
40
85
85
23
64
54
38
3
22
35
23
26
66
38
92
87
87
96
116
78
79
29
55
18
16
-31
-45
-62
-83
-101
-96
-121
-105
-148
-141
-161
-115
-161
-137
-161
-161
-374
-172
381
-251
131
64
-539
-393
-533
-617
-143
-124
135
-1
-76
-269
-389
-385
-289
-274
-241
-125
-185
-158
-272
-345
-140
-256
-281
-123
-315
-202
-117
-254
-229
-311
-163
-102
-243
-127
-257
-269
-412
-359
-245
-238
-242
-191
-285
-242
-308
-323
-286
-270
-199
-228
-231
-217
-204
-266
-228
-197
-199
-170
-196
-140
-155
-171
-173
-236
-168
-122
-116
-173
-133
-228
-155
-98
-122
-99
-160
-90
-95
-81
-39
-28
-65
-80
-86
-50
-25
-32
-23
-84
-82
-104
-12
15
33
-1
-45
-11
71
0
-8
-17
-5
28
53
60
93
106
88
141
163
116
112
160
152
151
140
183
165
143
142
197
191
204
178
182
207
233
229
215
218
251
207
254
283
192
202
183
224
177
198
189
199
185
190
208
232
214
224
214
263
271
237
243
230
272
250
266
248
221
222
233
259
271
317
306
329
304
316
310
292
265
287
262
217
221
243
234
241
226
222
254
165
237
212
268
206
224
202
197
179
214
168
207
226
259
280
249
239
250
270
234
266
287
258
226
307
342
330
284
332
338
357
299
300
237
242
237
204
177
181
186
211
187
227
242
200
262
228
261
184
197
179
179
155
175
148
149
152
166
182
202
134
80
85
119
83
110
78
118
97
161
97
105
94
172
86
117
78
121
81
124
115
155
135
201
105
102
195
129
188
212
170
187
179
248
261
227
190
230
227
235
215
171
235
174
201
177
213
199
212
204
-228
-231
-217
-204
-266
-228
-197
-199
-170
-196
-140
-155
-171
-173
-236
-168
-122
-116
-173
-133
-228
-155
-98
-122
-99
-160
-90
-95
-81
-39
-28
-65
-80
-86
-50
-25
-32
-23
-84
-82
-104
-12
15
33
-1
-45
-11
71
0
-8
-17
-5
28
53
60
93
106
88
141
163
116
112
160
152
151
140
183
165
143
142
197
191
204
178
182
207
233
229
215
218
251
207
254
283
192
202
183
224
177
198
189
199
185
190
208
232
214
224
214
263
271
237
243
230
272
250
266
248
221
222
233
259
271
317
306
329
304
316
310
292
265
287
262
217
221
243
234
241
226
222
254
165
237
212
268
206
224
202
197
179
214
168
207
226
259
280
249
239
250
270
234
266
287
258
226
307
342
330
284
332
338
357
299
300
237
242
237
204
177
181
186
211
187
227
242
200
262
228
261
184
197
179
179
155
175
148
149
152
166
182
202
134
80
85
119
83
110
78
118
97
161
97
105
94
172
86
117
78
121
81
124
115
155
135
201
105
102
195
129
188
212
170
187
179
248
261
227
190
230
227
235
215
171
235
174
201
177
213
199
212
204
213
187
186
236
164
176
211
213
208
171
162
175
175
165
172
176
215
173
158
171
260
160
180
159
183
111
126
80
129
79
105
150
116
113
139
106
91
84
111
48
99
135
162
138
78
58
85
9
30
85
37
30
-14
32
41
1
16
31
31
31
16
20
16
-29
-16
-10
-16
-25
-37
7
-19
-77
-30
-29
-16
-26
-53
-70
-48
-101
-125
-125
-125
-131
-183
-137
-116
-134
-173
-213
-174
-182
-208
-231
-227
-182
-258
-189
-174
-174
-192
-175
-190
-174
-187
-209
-215
-206
-212
-181
-193
-172
-172
-187
-190
-209
-195
-204
-153
-211
-160
-106
-130
-168
-78
-182
-138
-151
-143
-168
-198
-152
-162
-186
-181
-191
-149
-180
-156
-172
-152
-118
-137
-119
-94
-121
-89
-122
-110
-78
-99
-72
-108
-72
-101
-62
-30
-39
-6
-29
-55
10
31
70
4
13
-30
-4
-31
3
-8
19
-1
-34
-63
48
-14
64
63
-13
20
-4
-16
-11
-11
27
-6
5
13
16
-46
-10
-61
-94
-97
-99
-91
-94
-54
-60
-104
-54
-80
-134
-50
-113
-124
-133
-124
-113
-133
-172
-121
-143
-112
-112
-82
-79
-107
-78
-106
-132
-139
-111
-109
-96
-97
-97
-69
-64
-111
-71
-101
-15
-59
17
-28
-24
-26
6
204
213
187
186
236
164
176
211
213
208
171
162
175
175
165
172
176
215
173
158
171
260
160
180
159
183
111
126
80
129
79
105
150
116
113
139
106
91
84
111
48
99
135
162
138
78
58
85
9
30
85
37
30
-14
32
41
1
16
31
31
31
16
20
16
-29
-16
-10
-16
-25
-37
7
-19
-77
-30
-29
-16
-26
-53
-70
-48
-101
-125
-125
-125
-131
-183
-137
-116
-134
-173
-213
-174
-182
-208
-231
-227
-182
-258
-189
-174
-174
-192
-175
-190
-174
-187
-209
-215
-206
-212
-181
-193
-172
-172
-187
-190
-209
-195
-204
-153
-211
-160
-106
-130
-168
-78
-182
-138
-151
-143
-168
-198
-152
-162
-186
-181
-191
-149
-180
-156
-172
-152
-118
-137
-119
-94
-121
-89
-122
-110
-78
-99
-72
-108
-72
-101
-62
-30
-39
-6
-29
-55
10
31
70
4
13
-30
-4
-31
3
-8
19
-1
-34
-63
48
-14
64
63
-97
-69
-64
-111
-13
20
-4
-16
-11
-11
27
-6
5
13
16
-46
-106
-132
-139
-111
-109
-96
-97
-10
-61
-94
-97
-99
-91
-94
-54
-60
-104
-54
-80
-134
-50
-113
-124
-133
-124
-113
-133
-172
-121
-143
-112
-112
-82
-79
-107
-78
-71
-101
-15
-59
17
-28
-24
-26
6
-16
28
23
-7
-11
-8
32
46
84
113
104
154
98
116
136
74
97
112
124
137
142
142
170
174
154
145
191
216
157
194
197
195
269
232
252
233
217
198
208
202
239
209
217
199
177
164
191
141
133
191
150
105
120
134
141
105
153
110
99
154
114
46
66
81
58
62
37
51
92
45
82
52
66
32
18
21
6
-14
3
51
32
61
121
127
105
107
124
72
94
90
93
95
90
64
92
145
146
182
189
217
195
191
164
159
115
118
153
140
85
134
121
127
92
137
137
112
63
66
83
83
86
89
105
114
100
41
49
30
33
30
40
60
33
-8
-12
-19
-27
-37
-42
-61
-62
-101
-93
-125
-120
-157
-185
-169
-189
-191
-199
-177
-195
-191
-199
-233
-207
-236
-211
-256
-248
-290
-248
-278
-236
-264
-233
-256
-240
-269
-271
-285
-296
-300
-254
-287
-227
-273
-263
-287
-207
-226
-160
-177
-143
-137
-110
-80
-59
-51
-66
-68
-65
-82
-32
-31
-59
-38
-13
-19
-43
-52
-30
-4
-43
-6
12
-35
-48
-82
-88
-37
-46
-69
-115
-111
-133
-115
-126
-55
-125
-79
-145
-66
-103
-80
-104
-70
-66
-91
-40
-58
-46
-73
-63
-63
-64
-20
-24
12
6
-16
28
23
-7
-11
-8
32
46
84
113
104
154
98
116
136
74
97
112
124
137
142
142
170
174
154
145
191
216
157
194
197
195
269
232
252
233
217
198
208
202
239
209
217
199
177
164
191
141
133
191
150
105
120
134
141
105
153
110
99
154
114
46
66
81
58
62
37
51
92
45
82
52
66
32
18
21
6
-14
3
51
32
61
121
127
105
107
124
72
94
90
93
95
90
64
92
145
146
182
189
217
195
191
164
159
115
118
153
140
85
134
121
127
92
137
137
112
63
66
83
83
86
89
105
114
100
41
49
30
33
30
40
60
33
-8
-12
-19
-27
-37
-42
-61
-62
-101
-93
-125
-120
-157
-185
-169
-189
-191
-199
-177
-195
-191
-199
-233
-207
-236
-211
-256
-248
-290
-248
-278
-236
-264
-233
-256
-240
-269
-271
-285
-296
-300
-254
-287
-227
-273
-263
-287
-207
-226
-160
-177
-143
-137
-110
-80
-59
-51
-66
-68
-65
-82
-32
-31
-59
-38
-13
-19
-43
-52
-30
-4
-43
-6
12
-35
-48
-82
-88
-37
-46
-69
-115
-111
-133
-115
-126
-55
-125
-79
-145
-66
-103
-80
-104
-70
-66
-91
-40
-58
-46
-73
-63
-63
-64
-20
-24
12
-11
55
32
58
84
97
122
69
179
61
125
77
146
152
158
47
111
145
125
100
107
110
128
116
145
125
135
93
117
91
124
94
129
150
100
153
56
90
81
107
59
58
64
112
82
109
116
106
117
147
133
141
79
93
78
124
64
108
50
55
48
-14
55
-10
-5
31
24
10
17
23
7
-2
1
-30
-10
-8
-40
-3
-23
-5
-22
12
-2
-67
-8
-14
6
-43
5
-19
13
1
53
7
47
-4
39
29
59
34
65
48
75
101
126
59
120
80
24
51
63
68
-5
85
65
22
4
56
87
48
26
84
40
86
33
102
117
116
71
163
89
164
138
157
186
207
192
167
184
165
161
174
219
203
152
116
160
174
166
175
213
157
188
153
158
140
154
131
162
183
95
84
72
79
1
12
29
-35
4
-23
40
-13
31
-6
-6
10
66
43
59
60
81
112
38
52
54
16
40
82
75
71
105
78
120
102
110
99
133
146
164
138
109
135
147
151
166
126
154
129
138
138
138
173
201
192
198
176
134
143
145
117
101
89
67
21
13
3
-14
-29
-26
-26
-6
17
-6
22
2
-2
-6
-7
9
22
12
-11
55
32
58
84
97
122
69
179
61
125
77
146
152
158
47
111
145
125
100
107
110
128
116
145
125
135
93
117
91
124
94
129
150
100
153
56
90
81
107
59
58
64
112
82
109
116
106
117
147
133
141
79
93
78
124
64
108
50
55
48
-14
55
-10
-5
31
24
10
17
23
7
-2
1
-30
-10
-8
-40
-3
-23
-5
-22
12
-2
-67
-8
-14
6
-43
5
-19
13
1
53
7
47
-4
39
29
59
34
65
48
75
101
126
59
120
80
24
51
63
68
-5
85
65
22
4
56
87
48
26
84
40
86
33
102
117
116
71
163
89
164
138
157
186
207
192
167
184
165
161
174
219
203
152
116
160
174
166
175
213
157
188
153
158
140
154
131
162
183
95
84
72
79
1
12
29
-35
4
-23
40
-13
31
-6
-6
10
66
43
59
60
81
112
38
52
54
16
40
82
75
71
105
78
120
102
110
99
133
146
164
138
109
135
147
151
166
126
154
129
138
138
138
173
201
192
198
176
134
143
145
117
101
89
67
21
13
3
-14
-29
-26
-26
-6
17
-6
22
2
-2
-6
-7
9
22
52
26
54
62
61
90
98
108
78
53
73
72
51
92
87
87
83
23
79
106
112
72
57
121
121
105
86
168
85
153
148
211
197
171
168
180
189
190
178
162
176
127
151
177
150
142
109
143
148
138
76
112
138
132
102
138
149
153
171
180
208
205
251
246
263
205
254
291
271
284
291
314
268
281
264
241
191
196
199
200
Name:Birds | Val: 0.000000
Name:Car horn | Val: 0.000000
Name:Crying Baby | Val: 0.000000
Name:Rain | Val: 0.000000
Name:Silence | Val: 0.996094

-126
160
199
244
210
242
207
246
241
206
206
216
203
208
189
244
200
195
134
115
149
130
113
126
115
119
118
117
56
85
69
103
96
144
95
88
90
76
67
73
112
93
86
75
91
51
108
45
72
80
35
33
5
-12
-5
4
-17
37
37
74
36
88
78
65
90
90
112
58
130
40
131
115
138
101
102
97
79
109
93
76
69
61
38
48
31
4
26
36
41
30
45
16
29
16
10
-27
-26
-37
-17
-4
-45
-33
-33
-26
-85
-7
-84
-54
-72
-73
-95
-65
-99
-42
-37
-50
15
19
22
-18
15
-26
-3
31
47
16
76
81
104
91
154
118
184
138
102
166
209
186
186
195
112
153
101
121
83
125
124
104
111
88
96
75
162
97
79
72
79
52
54
45
41
160
199
244
210
242
207
246
241
206
206
216
203
208
189
244
200
195
134
115
149
130
113
126
115
119
118
117
56
85
69
103
96
144
95
88
90
76
67
73
112
93
86
75
91
51
108
45
72
80
35
33
5
-12
-5
4
-17
37
37
74
36
88
78
65
90
90
112
58
130
40
131
115
138
101
102
97
79
109
93
76
69
61
38
48
31
4
26
36
41
30
45
16
29
16
10
-27
-26
-37
-17
-4
-45
-33
-33
-26
-85
-7
-84
-54
-72
-73
-95
-65
-99
-42
-37
-50
15
19
22
-18
15
-26
-3
31
47
16
76
81
104
91
154
118
184
138
102
166
209
186
186
195
112
153
101
121
83
125
124
104
111
88
96
75
162
97
79
72
79
52
54
45
41
47
77
62
38
30
32
98
84
84
23
68
49
110
32
121
108
154
168
163
112
178
169
177
165
147
139
142
122
126
110
134
154
166
151
148
156
200
180
223
193
193
173
135
112
163
121
129
69
123
105
97
101
100
101
104
84
95
133
115
126
128
107
56
83
57
54
65
128
101
120
83
147
97
148
156
178
145
154
160
162
126
122
125
107
71
65
76
68
101
76
91
92
85
82
133
149
137
121
88
118
103
127
155
151
124
165
176
181
162
171
191
183
155
170
158
149
128
111
95
85
82
75
96
53
120
84
141
56
69
104
145
140
70
96
60
107
55
38
13
26
22
-24
-27
-30
0
1
-17
7
-2
39
45
42
22
26
27
38
57
72
41
42
99
42
45
-7
43
42
33
-2
71
-5
75
51
80
84
110
117
217
187
203
184
212
173
137
124
111
138
98
56
102
52
53
15
-3
-2
-39
-50
-112
-88
-81
-101
-112
-136
-119
-121
-167
-222
-166
-153
-136
-167
-132
-124
-141
-144
-149
-139
-161
-159
-148
-97
-131
-134
-61
-59
-48
-48
-46
-71
-20
-53
-44
-26
12
-36
-34
-52
18
13
-15
11
41
47
77
62
38
30
32
98
84
84
23
68
49
110
32
121
108
154
168
163
112
178
169
177
165
147
139
142
122
126
110
134
154
166
151
148
156
200
180
223
193
193
173
135
112
163
121
129
69
123
105
97
101
100
101
104
84
95
133
115
126
128
107
56
83
57
54
65
128
101
120
83
147
97
148
156
178
145
154
160
162
126
122
125
107
71
65
76
68
101
76
91
92
85
82
133
149
137
121
88
118
103
127
155
151
124
165
176
181
162
171
191
183
155
170
158
149
128
111
95
85
82
75
96
53
120
84
141
56
69
104
145
140
70
96
60
107
55
38
13
26
22
-24
-27
-30
0
1
-17
7
-2
39
45
42
22
26
27
38
57
72
41
42
99
42
45
-7
43
42
33
-2
71
-5
75
51
80
84
110
117
217
187
203
184
212
173
137
124
111
138
98
56
102
52
53
15
-3
-2
-39
-50
-112
-88
-81
-101
-112
-136
-119
-121
-167
-222
-166
-153
-136
-167
-132
-124
-141
-144
-149
-139
-161
-159
-148
-97
-131
-134
-61
-59
-48
-48
-46
-71
-20
-53
-44
-26
12
-36
-34
-52
18
13
-15
11
-29
-22
-18
-21
-11
-13
-45
-22
-25
-4
-22
-6
-31
-34
-55
-30
-28
-36
32
-3
-63
-41
-45
-55
-42
-57
-43
-19
11
-6
56
51
35
5
10
3
-26
15
-3
4
16
14
-9
-9
6
-17
-13
-3
25
35
-65
-27
-9
-21
-13
35
33
68
55
28
44
79
92
31
15
65
37
49
27
-11
-26
-11
-8
18
-19
5
58
93
37
60
81
74
58
104
58
85
109
72
67
81
32
17
-4
-17
4
-15
-33
-59
-65
-81
-115
-99
-105
-135
-129
-94
-99
-64
-70
-24
-16
-45
-72
-20
22
-29
1
-2
-25
-44
-23
-74
-44
-70
-50
-105
-39
-138
-133
-106
-133
-99
-85
-113
-116
-124
-138
-114
-144
-135
-139
-104
-87
-88
-79
-69
-86
-103
-138
-110
-137
-156
-151
-131
-158
-78
-156
-120
-124
-122
-123
-91
-178
-141
-177
-113
-138
-82
-72
-48
-64
-59
-69
-135
-134
-180
-158
-174
-148
-202
-138
-176
-148
-147
-95
-129
-133
-127
-152
-104
-137
-128
-133
-140
-178
-188
-117
-112
-197
-231
-157
-167
-135
-167
-164
-138
-114
-170
-149
-136
-140
-124
-121
-149
-183
-197
-198
-216
-205
-218
-199
-253
-263
-263
-262
-274
-272
-270
-259
-261
-269
-247
-275
-220
-236
-221
-246
-206
-176
-189
11
-29
-22
-18
-21
-11
-13
-45
-22
-25
-4
-22
-6
-31
-34
-55
-30
-28
-36
32
-3
-63
-41
-45
-55
-42
-57
-43
-19
11
-6
56
51
35
5
10
3
-26
15
-3
4
16
14
-9
-9
6
-17
-13
-3
25
35
-65
-27
-9
-21
-13
35
33
68
55
28
44
79
92
31
15
65
37
49
27
-11
-26
-11
-8
18
-19
5
58
93
37
60
81
74
58
104
58
85
109
72
67
81
32
17
-4
-17
4
-15
-33
-59
-65
-81
-115
-99
-105
-135
-129
-94
-99
-64
-70
-24
-16
-45
-72
-20
22
-29
1
-2
-25
-44
-23
-74
-44
-70
-50
-105
-39
-138
-133
-106
-133
-99
-85
-113
-116
-124
-138
-114
-144
-135
-139
-104
-87
-88
-79
-69
-86
-103
-138
-110
-137
-156
-151
-131
-158
-78
-156
-120
-124
-122
-123
-91
-178
-141
-177
-113
-138
-82
-72
-48
-64
-59
-69
-135
-134
-180
-158
-174
-148
-202
-138
-176
-148
-147
-95
-129
-133
-127
-152
-104
-137
-128
-133
-140
-178
-188
-117
-112
-197
-231
-157
-167
-135
-167
-164
-138
-114
-170
-149
-136
-140
-124
-121
-149
-183
-197
-198
-216
-205
-218
-199
-253
-263
-263
-262
-274
-272
-270
-259
-261
-269
-247
-275
-220
-236
-221
-246
-206
-176
-189
-134
-127
-145
-141
-110
-90
-66
-107
-51
-72
-10
12
7
3
-34
-65
-10
-1
16
72
78
44
60
74
87
70
70
68
54
47
41
-13
21
33
-49
22
-60
-56
-80
-69
-126
-65
-84
-88
-88
-85
-62
-84
-54
-89
-67
-76
-13
-49
-3
-63
-12
-11
-43
-82
-63
-62
-34
-47
-4
-31
20
-23
-44
-40
-35
-54
-52
-44
-52
-57
-77
-97
-120
-142
-152
-137
-113
-112
-105
-58
-55
-44
-103
-102
-125
-126
-114
-103
-139
-113
-94
-106
-57
-62
-47
-17
-10
-22
-66
-77
-9
-22
-11
-4
-53
-42
-45
-37
-51
-48
-80
-33
-68
-61
-75
-47
-42
-69
-62
-73
-44
-80
-84
-110
-95
-124
-143
-145
-161
-128
-153
-140
-159
-125
-140
-146
-115
-117
-121
-129
-113
-110
-105
-99
-58
-61
-124
-90
-104
-59
-59
-30
-34
1
-15
31
-9
-8
10
8
15
3
-2
-28
36
14
37
59
70
67
43
67
67
80
68
79
39
76
-4
35
20
40
25
45
70
68
56
58
-14
-16
3
13
-23
-10
40
-12
53
51
92
62
19
-14
23
5
-32
8
15
-16
45
-26
16
-76
-27
-47
6
-68
-71
-98
-62
-65
-57
-71
6
-42
-46
-43
-72
-100
24
-31
-29
-16
-10
-61
-189
-134
-127
-145
-141
-110
-90
-66
-107
-51
-72
-10
12
7
3
-34
-65
-10
-1
16
72
78
44
60
74
87
70
70
68
54
47
41
-13
21
33
-49
22
-60
-56
-80
-69
-126
-65
-84
-88
-88
-85
-62
-84
-54
-89
-67
-76
-13
-49
-3
-63
-12
-11
-43
-82
-63
-62
-34
-47
-4
-31
20
-23
-44
-40
-35
-54
-52
-44
-52
-57
-77
-97
-120
-142
-152
-137
-113
-112
-105
-58
-55
-44
-103
-102
-125
-126
-114
-103
-139
-113
-94
-106
-57
-62
-47
-17
-10
-22
-66
-77
-9
-22
-11
-4
-53
-42
-45
-37
-51
-48
-80
-33
-68
-61
-75
-47
-42
-69
-62
-73
-44
-80
-84
-110
-95
-124
-143
-145
-161
-128
-153
-140
-159
-125
-140
-146
-115
-117
-121
-129
-113
-110
-105
-99
-58
-61
-124
-90
-104
-59
-59
-30
-34
1
-15
31
-9
-8
10
8
15
3
-2
-28
36
14
37
59
70
67
43
67
67
80
68
79
39
76
-4
35
20
40
25
45
70
68
56
58
-14
-16
3
13
-23
-10
40
-12
53
51
92
62
19
-14
23
5
-32
8
15
-16
45
-26
16
-76
-27
-47
6
-68
-71
-98
-62
-65
-57
-71
6
-42
-46
-43
-72
-100
24
-31
-29
-16
-10
-61
-51
-42
-27
-55
-38
-14
19
-3
-52
-11
-65
-22
-36
-16
-60
-12
-33
-7
-43
-29
-45
18
-7
-34
-47
-30
-57
-48
-62
-60
-48
-51
-83
-68
-69
-45
-18
-37
-37
-60
-38
-68
-32
-37
-20
-48
-7
-16
27
-13
25
42
34
53
90
76
96
68
106
77
98
114
131
122
136
76
94
100
101
98
120
114
124
189
160
148
202
222
202
140
128
153
80
97
65
80
51
128
88
124
109
94
42
56
91
110
110
80
85
136
95
140
146
164
120
159
132
151
134
161
119
126
126
113
122
140
104
102
55
74
107
47
43
47
66
21
42
25
43
2
-2
24
7
48
28
5
91
114
55
71
107
55
115
76
42
25
115
95
75
62
75
64
78
69
75
67
69
111
109
113
59
116
124
116
98
55
61
85
21
11
14
22
62
59
24
1
47
-16
47
-42
20
-14
43
-17
18
14
17
-5
30
25
82
106
91
147
119
115
150
181
182
158
233
244
198
162
225
222
237
204
220
191
192
199
177
196
197
218
220
233
210
170
204
174
180
177
172
207
237
153
211
213
230
201
210
220
249
232
231
252
254
220
-61
-51
-42
-27
-55
-38
-14
19
-3
-52
-11
-65
-22
-36
-16
-60
-12
-33
-7
-43
-29
-45
18
-7
-34
-47
-30
-57
-48
-62
-60
-48
-51
-83
-68
-69
-45
-18
-37
-37
-60
-38
-68
-32
-37
-20
-48
-7
-16
27
-13
25
42
34
53
90
76
96
68
106
77
98
114
131
122
136
76
94
100
101
98
120
114
124
189
160
148
202
222
202
140
128
153
80
97
65
80
51
128
88
124
109
94
42
56
91
110
110
80
85
136
95
140
146
164
120
159
132
151
134
161
119
126
126
113
122
140
104
102
55
74
107
47
43
47
66
21
42
25
43
2
-2
24
7
48
28
5
91
114
55
71
107
55
115
76
42
25
115
95
75
62
75
64
78
69
75
67
69
111
109
113
59
116
124
116
98
55
61
85
21
11
14
22
62
59
24
1
47
-16
47
-42
20
-14
43
-17
18
14
17
-5
30
25
82
106
91
147
119
115
150
181
182
158
233
244
198
162
225
222
237
204
220
191
192
199
177
196
197
218
220
233
210
170
204
174
180
177
172
207
237
153
211
213
230
201
210
220
249
232
231
252
254
220
247
227
256
227
273
245
247
249
217
188
174
183
170
153
123
140
140
91
128
108
132
85
82
91
97
102
102
97
86
92
79
63
72
101
93
131
137
122
174
214
149
199
149
203
134
234
140
200
162
219
140
197
185
222
196
194
213
186
206
199
167
158
177
154
156
162
145
121
175
101
114
115
86
73
109
89
107
69
129
77
108
159
138
140
118
148
174
169
164
118
140
188
187
199
202
208
240
165
197
173
200
209
202
214
161
223
206
185
179
193
178
212
184
166
155
169
144
109
88
91
77
70
96
115
46
75
39
62
46
23
38
41
38
9
38
62
107
98
75
43
130
71
101
118
133
96
86
90
99
93
104
136
152
159
159
181
169
178
176
142
110
128
136
123
118
122
120
142
149
184
154
189
124
152
118
157
109
137
98
93
105
93
89
72
91
89
91
126
93
84
132
103
88
97
71
54
74
81
106
120
133
114
124
115
138
115
182
162
188
163
183
165
184
151
173
131
147
116
152
133
172
129
142
106
86
72
98
89
121
94
73
93
87
72
97
122
118
132
108
107
220
247
227
256
227
273
245
247
249
217
188
174
183
170
153
123
140
140
91
128
108
132
85
82
91
97
102
102
97
86
92
79
63
72
101
93
131
137
122
174
214
149
199
149
203
134
234
140
200
162
219
140
197
185
222
196
194
213
186
206
199
167
158
177
154
156
162
145
121
175
101
114
115
86
73
109
89
107
69
129
77
108
159
138
140
118
148
174
169
164
118
140
188
187
199
202
208
240
165
197
173
200
209
202
214
161
223
206
185
179
193
178
212
184
166
155
169
144
109
88
91
77
70
96
115
46
75
39
62
46
23
38
41
38
9
38
62
107
98
75
43
130
71
101
118
133
96
86
90
99
93
104
136
152
159
159
181
169
178
176
142
110
128
136
123
118
122
120
142
149
184
154
189
124
152
118
157
109
137
98
93
105
93
89
72
91
89
91
126
93
84
132
103
88
97
71
54
74
81
106
120
133
114
124
115
138
115
182
162
188
163
183
165
184
151
173
131
147
116
152
133
172
129
142
106
86
72
98
89
121
94
73
93
87
72
97
122
118
132
108
107
143
133
131
76
69
33
62
9
33
31
71
52
30
24
47
54
14
16
-10
-2
-52
-21
-18
0
77
67
66
88
72
111
134
155
127
176
130
165
147
185
97
174
174
180
168
175
165
163
128
121
114
129
115
128
101
104
71
69
57
36
27
11
29
21
21
16
27
16
21
-17
36
-46
8
44
23
13
-44
7
-5
-5
-9
34
3
21
47
79
88
71
82
96
98
102
118
128
130
121
159
149
140
129
162
158
164
165
199
199
172
201
142
147
155
126
156
119
76
130
85
93
79
90
69
75
77
87
51
45
41
31
25
36
22
38
32
45
67
65
78
73
81
94
69
57
77
108
80
79
105
97
142
123
141
136
190
109
128
94
159
123
160
132
169
167
155
111
159
137
103
86
78
45
19
70
30
43
97
91
46
111
92
88
100
70
89
106
95
146
88
131
168
180
167
145
76
130
110
93
121
102
101
122
116
115
107
53
102
74
122
140
110
99
106
120
124
95
114
106
102
83
131
119
103
122
114
134
56
133
153
163
91
181
178
167
173
196
219
187
246
230
206
252
277
297
107
143
133
131
76
69
33
62
9
33
31
71
52
30
24
47
54
14
16
-10
-2
-52
-21
-18
0
77
67
66
88
72
111
134
155
127
176
130
165
147
185
97
174
174
180
168
175
165
163
128
121
114
129
115
128
101
104
71
69
57
36
27
11
29
21
21
16
27
16
21
-17
36
-46
8
44
23
13
-44
7
-5
-5
-9
34
3
21
47
79
88
71
82
96
98
102
118
128
130
121
159
149
140
129
162
158
164
165
199
199
172
201
142
147
155
126
156
119
76
130
85
93
79
90
69
75
77
87
51
45
41
31
25
36
22
38
32
45
67
65
78
73
81
94
69
57
77
108
80
79
105
97
142
123
141
136
190
109
128
94
159
123
160
132
169
167
155
111
159
137
103
86
78
45
19
70
30
43
97
91
46
111
92
88
100
70
89
106
95
146
88
131
168
180
167
145
76
130
110
93
121
102
101
122
116
115
107
53
102
74
122
140
110
99
106
120
124
95
114
106
102
83
131
119
103
122
114
134
56
133
153
163
91
181
178
167
173
196
219
187
246
230
206
252
277
297
245
276
248
300
249
299
242
279
266
237
242
215
230
193
252
190
233
155
219
173
185
172
209
186
165
186
218
196
205
176
197
208
239
190
209
226
225
224
184
243
238
198
226
233
265
230
231
215
213
209
221
207
239
205
218
205
198
225
179
212
179
209
143
150
109
155
118
154
145
123
114
114
90
115
85
99
52
87
72
88
14
37
80
110
59
60
68
62
91
135
83
65
116
87
98
62
106
87
80
65
24
53
29
23
49
79
73
8
57
32
37
16
64
57
79
-2
47
38
67
54
67
39
80
74
103
47
66
64
57
63
100
69
78
87
103
74
98
86
125
85
137
133
82
141
126
163
138
160
136
133
127
109
116
126
105
126
128
164
171
190
143
148
128
153
147
167
221
207
185
211
201
196
190
155
179
185
134
95
101
119
94
86
70
52
48
94
61
76
59
73
69
69
107
79
110
119
119
97
109
75
130
111
119
94
103
95
86
118
73
64
70
72
60
36
32
30
29
38
21
-23
-58
-5
-20
-20
-88
-65
-31
-78
-106
-75
-63
-104
-58
-91
-88
-113
-104
-109
-77
-164
297
245
276
248
300
249
299
242
279
266
237
242
215
230
193
252
190
233
155
219
173
185
172
209
186
165
186
218
196
205
176
197
208
239
190
209
226
225
224
184
243
238
198
226
233
265
230
231
215
213
209
221
207
239
205
218
205
198
225
179
212
179
209
143
150
109
155
118
154
145
123
114
114
90
115
85
99
52
87
72
88
14
37
80
110
59
60
68
62
91
135
83
65
116
87
98
62
106
87
80
65
24
53
29
23
49
79
73
8
57
32
37
16
64
57
79
-2
47
38
67
54
67
39
80
74
103
47
66
64
57
63
100
69
78
87
103
74
98
86
125
85
137
133
82
141
126
163
138
160
136
133
127
109
116
126
105
126
128
164
171
190
143
148
128
153
147
167
221
207
185
211
201
196
190
155
179
185
134
95
101
119
94
86
70
52
48
94
61
76
59
73
69
69
107
79
110
119
119
97
109
75
130
111
119
94
103
95
86
118
73
64
70
72
60
36
32
30
29
38
21
-23
-58
-5
-20
-20
-88
-65
-31
-78
-106
-75
-63
-104
-58
-91
-88
-113
-104
-109
-77
-164
-97
-143
-160
-179
-175
-155
-199
-191
-176
-203
-179
-200
-206
-192
-184
-155
-174
-132
-140
-144
-163
-143
-167
-141
-153
-122
-153
-109
-107
-97
-92
-60
-127
-143
-146
-156
-224
-201
-160
-238
-198
-228
-145
-203
-191
-163
-169
-178
-209
-188
-220
-166
-215
-177
-189
-178
-173
-221
-216
-228
-255
-268
-271
-301
-322
-313
-300
-314
-318
-297
-268
-266
-204
-268
-275
-301
-246
-292
-297
-295
-310
-313
-308
-345
-348
-343
-329
-321
-316
-349
-354
-319
-325
-335
-308
-280
-275
-251
-241
-223
-236
-253
-260
-230
-261
-179
-271
-267
-285
-291
-306
-310
-314
-341
-348
-355
-404
-311
-348
-352
-386
-385
-397
-394
-396
-388
-361
-405
-351
-378
-312
-406
-357
-398
-327
-302
-362
-332
-330
-324
-300
-288
-280
-288
-334
-337
-295
-320
-278
-291
-302
-305
-300
-316
-342
-320
-325
-321
-308
-298
-325
-288
-306
-286
-310
-311
-276
-282
-299
-304
-305
-325
-286
-292
-306
-316
-302
-276
-346
-340
-321
-288
-291
-272
-315
-253
-254
-209
-248
-198
-175
-192
-182
-192
-195
-207
-213
-230
-226
-232
-294
-241
-275
-229
-251
-222
-222
-196
-224
-228
-196
-210
-225
-216
-216
-233
-251
-241
-277
-265
-292
-271
-296
-320
-297
-261
-274
-208
-267
-211
-198
-159
-116
-150
-168
-166
-208
-143
-203
-146
-164
-97
-143
-160
-179
-175
-155
-199
-191
-176
-203
-179
-200
-206
-192
-184
-155
-174
-132
-140
-144
-163
-143
-167
-141
-153
-122
-153
-109
-107
-97
-92
-60
-127
-143
-146
-156
-224
-201
-160
-238
-198
-228
-145
-203
-191
-163
-169
-178
-209
-188
-220
-166
-215
-177
-189
-178
-173
-221
-216
-228
-255
-268
-271
-301
-322
-313
-300
-314
-318
-297
-268
-266
-204
-268
-275
-301
-246
-292
-297
-295
-310
-313
-308
-345
-348
-343
-329
-321
-316
-349
-354
-319
-325
-335
-308
-280
-275
-251
-241
-223
-236
-253
-260
-230
-261
-179
-271
-267
-285
-291
-306
-310
-314
-341
-348
-355
-404
-311
-348
-352
-386
-385
-397
-394
-396
-388
-361
-405
-351
-378
-312
-406
-357
-398
-327
-302
-362
-332
-330
-324
-300
-288
-280
-288
-334
-337
-295
-320
-278
-291
-302
-305
-300
-316
-342
-320
-325
-321
-308
-298
-325
-288
-306
-286
-310
-311
-276
-282
-299
-304
-305
-325
-286
-292
-306
-316
-302
-276
-346
-340
-321
-288
-291
-272
-315
-253
-254
-209
-248
-198
-175
-192
-182
-192
-195
-207
-213
-230
-226
-232
-294
-241
-275
-229
-251
-222
-222
-196
-224
-228
-196
-210
-225
-216
-216
-233
-251
-241
-277
-265
-292
-271
-296
-320
-297
-261
-274
-208
-267
-211
-198
-159
-116
-150
-168
-166
-208
-143
-203
-146
-170
-113
-129
-52
-56
-62
-63
-104
-80
-94
-117
-70
-34
-59
-34
-54
-90
-33
-51
-26
-71
-69
-48
-62
-81
-78
-64
-63
-57
-58
-67
-97
-90
-148
-118
-136
-135
-138
-140
-128
-128
-124
-135
-138
-124
-153
-150
-168
-156
-186
-192
-213
-199
-207
-208
-230
-228
-237
-264
-212
-278
-220
-250
-228
-275
-232
-243
-255
-280
-282
-272
-279
-310
-328
-344
-312
-335
-295
-219
-284
-236
-207
-236
-228
-251
-272
-254
-232
-210
-266
-236
-212
-208
-218
-224
-229
-243
-228
-226
-214
-226
-226
-230
-231
-224
-227
-234
-189
-236
-217
-246
-254
-197
-230
-216
-224
-212
-252
-213
-223
-263
-273
-282
-251
-288
-265
-288
-257
-294
-294
-265
-262
-261
-236
-215
-217
-130
-129
-188
-180
-143
-190
-166
-183
-170
-191
-119
-181
-186
-207
-193
-180
-138
-169
-123
-139
-112
-97
-119
-110
-66
-92
-80
-136
-67
-85
-91
-94
-140
-137
-155
-122
-158
-97
-147
-83
-123
-69
-72
0
-5
-21
41
62
84
0
69
48
72
87
120
69
72
105
94
121
116
113
114
104
113
49
46
-1
36
-10
9
10
-28
-44
-65
-67
-99
-114
-91
-97
-127
-87
-103
-127
-111
-82
-91
-115
-118
-107
-130
-71
-102
-49
-32
-15
-47
13
-6
17
-61
-50
-55
-54
-146
-170
-113
-129
-52
-56
-62
-63
-104
-80
-94
-117
-70
-34
-59
-34
-54
-90
-33
-51
-26
-71
-69
-48
-62
-81
-78
-64
-63
-57
-58
-67
-97
-90
-148
-118
-136
-135
-138
-140
-128
-128
-124
-135
-138
-124
-153
-150
-168
-156
-186
-192
-213
-199
-207
-208
-230
-228
-237
-264
-212
-278
-220
-250
-228
-275
-232
-243
-255
-280
-282
-272
-279
-310
-328
-344
-312
-335
-295
-219
-284
-236
-207
-236
-228
-251
-272
-254
-232
-210
-266
-236
-212
-208
-218
-224
-229
-243
-228
-226
-214
-226
-226
-230
-231
-224
-227
-234
-189
-236
-217
-246
-254
-197
-230
-216
-224
-212
-252
-213
-223
-263
-273
-282
-251
-288
-265
-288
-257
-294
-294
-265
-262
-261
-236
-215
-217
-130
-129
-188
-180
-143
-190
-166
-183
-170
-191
-119
-181
-186
-207
-193
-180
-138
-169
-123
-139
-112
-97
-119
-110
-66
-92
-80
-136
-67
-85
-91
-94
-140
-137
-155
-122
-158
-97
-147
-83
-123
-69
-72
0
-5
-21
41
62
84
0
69
48
72
87
120
69
72
105
94
121
116
113
114
104
113
49
46
-1
36
-10
9
10
-28
-44
-65
-67
-99
-114
-91
-97
-127
-87
-103
-127
-111
-82
-91
-115
-118
-107
-130
-71
-102
-49
-32
-15
-47
13
-6
17
-61
-50
-55
-54
-81
-84
-54
-60
-58
-46
-87
-73
-91
-131
-141
-132
-145
-148
-138
-122
-115
-147
-136
-160
-162
-180
-149
-174
-117
-169
-135
-176
-142
-185
-179
-195
-183
-186
-189
-161
-158
-143
-126
-128
-111
-128
-129
-130
-148
-115
-125
-106
-107
-88
-124
-100
-89
-71
-88
-87
-107
-100
-137
-113
-138
-151
-194
-154
-195
-174
-214
-189
-223
-160
-172
-163
-188
-176
-212
-190
-183
-152
-154
-185
-165
-154
-161
-186
-144
-164
-162
-176
-129
-118
-146
-156
-110
-118
-85
-173
-129
-153
-96
-132
-114
-121
-98
-117
-96
-80
-80
-61
-47
-67
-27
-94
-26
-47
-99
-58
-67
-31
-58
-38
-18
-5
-6
5
12
47
35
64
65
65
106
36
34
15
62
3
40
23
15
50
37
46
36
-2
-4
-21
-9
-20
8
-6
20
-12
-70
-19
-71
-95
-67
-103
-66
-72
-68
-35
-62
-97
-45
-80
-57
-94
-20
-29
-43
-82
-3
-76
-2
-16
42
35
49
67
103
87
73
136
126
158
147
155
186
234
253
234
216
232
206
182
150
196
193
185
175
152
192
212
207
187
178
170
164
89
116
124
125
93
117
82
79
60
44
33
0
70
47
-3
59
55
57
38
53
64
98
114
146
165
162
190
145
157
149
142
-54
-81
-84
-54
-60
-58
-46
-87
-73
-91
-131
-141
-132
-145
-148
-138
-122
-115
-147
-136
-160
-162
-180
-149
-174
-117
-169
-135
-176
-142
-185
-179
-195
-183
-186
-189
-161
-158
-143
-126
-128
-111
-128
-129
-130
-148
-115
-125
-106
-107
-88
-124
-100
-89
-71
-88
-87
-107
-100
-137
-113
-138
-151
-194
-154
-195
-174
-214
-189
-223
-160
-172
-163
-188
-176
-212
-190
-183
-152
-154
-185
-165
-154
-161
-186
-144
-164
-162
-176
-129
-118
-146
-156
-110
-118
-85
-173
-129
-153
-96
-132
-114
-121
-98
-117
-96
-80
-80
-61
-47
-67
-27
-94
-26
-47
-99
-58
-67
-31
-58
-38
-18
-5
-6
5
12
47
35
64
65
65
106
36
34
15
62
3
40
23
15
50
37
46
36
-2
-4
-21
-9
-20
8
-6
20
-12
-70
-19
-71
-95
-67
-103
-66
-72
-68
-35
-62
-97
-45
-80
-57
-94
-20
-29
-43
-82
-3
-76
-2
-16
42
35
49
67
103
87
73
136
126
158
147
155
186
234
253
234
216
232
206
182
150
196
193
185
175
152
192
212
207
187
178
170
164
89
116
124
125
93
117
82
79
60
44
33
0
70
47
-3
59
55
57
38
53
64
98
114
146
165
162
190
145
157
149
142
149
176
128
186
163
131
212
163
174
175
190
176
155
161
155
169
171
160
128
159
142
167
173
187
154
178
192
183
188
184
206
178
152
205
182
185
170
168
106
121
91
98
74
87
95
106
79
72
104
40
36
18
32
56
5
4
7
-8
-48
-36
29
-64
-46
-16
-13
-3
-9
-14
-9
-18
-35
-17
-44
-11
-74
-46
-64
-44
-59
-31
-64
-21
-37
-37
-18
25
-12
-24
-47
-49
-70
-82
-109
-89
-99
-163
-62
-102
-102
-98
-67
-84
-99
-74
-132
-112
-120
-95
-114
-127
-116
-153
-83
-164
-109
-209
-196
-240
-171
-279
-196
-269
-262
-274
-271
-237
-232
-258
-264
-181
-195
-195
-188
-191
-137
-131
-198
-157
-193
-147
-179
-153
-197
-182
-225
-186
-227
-198
-229
-182
-236
-248
-266
-247
-264
-298
-258
-261
-241
-256
-243
-197
-164
-206
-208
-195
-179
-189
-155
-168
-109
-112
-77
-91
-147
-161
-121
-166
-91
-144
-102
-112
-79
-104
-106
-119
-94
-94
-133
-131
-122
-113
-122
-140
-97
-60
-113
-87
-104
-76
-142
-102
-102
-136
-104
-75
-74
-132
-166
-105
-115
-107
-171
-109
-88
-121
-92
-53
-31
-82
-51
-90
-27
-30
3
-36
13
7
57
27
24
8
6
17
30
32
26
30
58
50
142
149
176
128
186
163
131
212
163
174
175
190
176
155
161
155
169
171
160
128
159
142
167
173
187
154
178
192
183
188
184
206
178
152
205
182
185
170
168
106
121
91
98
74
87
95
106
79
72
104
40
36
18
32
56
5
4
7
-8
-48
-36
29
-64
-46
-16
-13
-3
-9
-14
-9
-18
-35
-17
-44
-11
-74
-46
-64
-44
-59
-31
-64
-21
-37
-37
-18
25
-12
-24
-47
-49
-70
-82
-109
-89
-99
-163
-62
-102
-102
-98
-67
-84
-99
-74
-132
-112
-120
-95
-114
-127
-116
-153
-83
-164
-109
-209
-196
-240
-171
-279
-196
-269
-262
-274
-271
-237
-232
-258
-264
-181
-195
-195
-188
-191
-137
-131
-198
-157
-193
-147
-179
-153
-197
-182
-225
-186
-227
-198
-229
-182
-236
-248
-266
-247
-264
-298
-258
-261
-241
-256
-243
-197
-164
-206
-208
-195
-179
-189
-155
-168
-109
-112
-77
-91
-147
-161
-121
-166
-91
-144
-102
-112
-79
-104
-106
-119
-94
-94
-133
-131
-122
-113
-122
-140
-97
-60
-113
-87
-104
-76
-142
-102
-102
-136
-104
-75
-74
-132
-166
-105
-115
-107
-171
-109
-88
-121
-92
-53
-31
-82
-51
-90
-27
-30
3
-36
13
7
57
27
24
8
6
17
30
32
26
30
58
50
60
52
51
59
39
23
-12
8
-44
23
-31
41
-15
-11
-61
-63
-27
-35
32
27
3
20
26
51
30
74
76
67
95
98
99
91
59
111
76
83
54
77
64
82
87
124
107
73
95
142
68
88
143
152
96
104
106
123
102
161
97
69
114
100
168
166
175
83
173
82
168
127
118
71
87
115
120
158
151
190
127
103
130
75
73
76
76
34
80
65
86
59
121
127
94
120
102
103
110
133
159
85
148
121
143
125
122
116
100
124
64
103
99
132
115
177
153
176
216
211
176
235
180
195
200
226
204
245
231
209
223
276
239
241
246
224
242
235
231
203
199
220
210
228
209
206
185
200
175
185
195
183
187
135
166
164
171
140
176
118
153
105
148
117
95
64
103
79
120
105
137
109
142
153
136
150
146
158
209
213
163
202
180
212
217
236
249
243
250
271
260
277
245
278
280
274
250
315
254
263
263
295
267
267
214
245
152
184
210
159
153
165
165
147
144
123
122
133
84
128
131
136
196
152
175
147
184
212
192
215
186
190
207
223
224
224
210
194
242
216
242
239
242
216
50
60
52
51
59
39
23
-12
8
-44
23
-31
41
-15
-11
-61
-63
-27
-35
32
27
3
20
26
51
30
74
76
67
95
98
99
91
59
111
76
83
54
77
64
82
87
124
107
73
95
142
68
88
143
152
96
104
106
123
102
161
97
69
114
100
168
166
175
83
173
82
168
127
118
71
87
115
120
158
151
190
127
103
130
75
73
76
76
34
80
65
86
59
121
127
94
120
102
103
110
133
159
85
148
121
143
125
122
116
100
124
64
103
99
132
115
177
153
176
216
211
176
235
180
195
200
226
204
245
231
209
223
276
239
241
246
224
242
235
231
203
199
220
210
228
209
206
185
200
175
185
195
183
187
135
166
164
171
140
176
118
153
105
148
117
95
64
103
79
120
105
137
109
142
153
136
150
146
158
209
213
163
202
180
212
217
236
249
243
250
271
260
277
245
278
280
274
250
315
254
263
263
295
267
267
214
245
152
184
210
159
153
165
165
147
144
123
122
133
84
128
131
136
196
152
175
147
184
212
192
215
186
190
207
223
224
224
210
194
242
216
242
239
242
216
199
227
207
204
205
162
160
179
171
142
137
171
199
203
153
209
155
150
107
123
136
95
113
101
145
129
145
116
110
163
185
174
145
123
176
97
109
168
153
136
146
116
212
194
185
190
177
183
125
137
187
78
99
102
34
61
65
59
65
50
35
44
23
4
-1
-35
-41
-56
-6
-22
-68
-43
-20
-13
-34
-36
-46
-15
-39
3
-18
-27
-18
-35
-30
-78
-88
-19
-37
-15
-35
-24
-63
-52
-90
-67
-82
-117
-149
-151
-148
-174
-168
-172
-180
-180
-218
-187
-182
-189
-210
-200
-199
-224
-208
-217
-218
-232
-228
-272
-228
-218
-251
-243
-257
-250
-260
-240
-272
-218
-279
-258
-265
-264
-218
-233
-218
-267
-256
-291
-267
-266
-234
-270
-277
-275
-238
-285
-296
-285
-260
-278
-240
-261
-251
-269
-240
-242
-237
-203
-265
-203
-194
-213
-173
-185
-138
-145
-129
-153
-136
-150
-121
-92
-117
-93
-96
-74
-102
-86
-45
-56
-81
-84
-68
-54
-26
-81
-66
-26
-83
-150
-109
-115
-137
-194
-153
-154
-189
-202
-169
-199
-180
-214
-188
-222
-194
-244
-205
-217
-220
-200
-178
-167
-120
-119
-98
-84
-76
-67
-46
-43
-66
-93
-90
-74
-61
-64
-33
-52
-39
-85
-62
-29
-41
-37
-3
-18
-33
-76
216
199
227
207
204
205
162
160
179
171
142
137
171
199
203
153
209
155
150
107
123
136
95
113
101
145
129
145
116
110
163
185
174
145
123
176
97
109
168
153
136
146
116
212
194
185
190
177
183
125
137
187
78
99
102
34
61
65
59
65
50
35
44
23
4
-1
-35
-41
-56
-6
-22
-68
-43
-20
-13
-34
-36
-46
-15
-39
3
-18
-27
-18
-35
-30
-78
-88
-19
-37
-15
-35
-24
-63
-52
-90
-67
-82
-117
-149
-151
-148
-174
-168
-172
-180
-180
-218
-187
-182
-189
-210
-200
-199
-224
-208
-217
-218
-232
-228
-272
-228
-218
-251
-243
-257
-250
-260
-240
-272
-218
-279
-258
-265
-264
-218
-233
-218
-267
-256
-291
-267
-266
-234
-270
-277
-275
-238
-285
-296
-285
-260
-278
-240
-261
-251
-269
-240
-242
-237
-203
-265
-203
-194
-213
-173
-185
-138
-145
-129
-153
-136
-150
-121
-92
-117
-93
-96
-74
-102
-86
-45
-56
-81
-84
-68
-54
-26
-81
-66
-26
-83
-150
-109
-115
-137
-194
-153
-154
-189
-202
-169
-199
-180
-214
-188
-222
-194
-244
-205
-217
-220
-200
-178
-167
-120
-119
-98
-84
-76
-67
-46
-43
-66
-93
-90
-74
-61
-64
-33
-52
-39
-85
-62
-29
-41
-37
-3
-18
-33
-76
-39
-59
-40
-65
-86
-30
-67
-28
-66
3
-36
-39
-44
-30
-122
-76
-92
-131
-155
-123
-137
-127
-111
-59
-103
-79
-82
-84
-109
-76
-125
-89
-127
-95
-130
-142
-78
-67
-98
-141
-105
-118
-152
-148
-143
-112
-112
-160
-130
-157
-104
-145
-163
-147
-129
-166
-186
-178
-180
-194
-177
-188
-237
-207
-194
-178
-187
-146
-159
-153
-187
-164
-185
-118
-125
-85
-94
-92
-53
-32
-48
-126
-52
-111
-168
-117
-183
-142
-141
-135
-166
-147
-185
-89
-127
-138
-107
-142
-126
-108
-127
-101
-118
-80
-105
-127
-148
-116
-102
-59
-87
-120
-123
-46
-121
-81
-96
-55
-27
-16
-9
-8
-44
-25
-17
0
-15
30
-29
17
24
12
10
-13
8
19
-8
-28
5
27
15
5
0
-22
-19
-54
9
25
31
-61
-40
-23
-20
-50
-48
-66
-30
-29
-30
-40
-43
-52
-21
14
21
-2
-9
-22
2
3
-6
21
29
39
10
27
18
-1
-61
-83
-123
-90
-116
-96
-101
-94
-94
-93
-76
-60
-145
-128
-136
-131
-129
-98
-149
-110
-149
-139
-125
-118
-141
-118
-130
-132
-150
-88
-107
-41
-7
44
2
-10
10
66
45
51
68
88
107
65
78
77
111
88
115
131
120
78
130
86
80
43
92
-2
17
18
28
12
-76
-39
-59
-40
-65
-86
-30
-67
-28
-66
3
-36
-39
-44
-30
-122
-76
-92
-131
-155
-123
-137
-127
-111
-59
-103
-79
-82
-84
-109
-76
-125
-89
-127
-95
-130
-142
-78
-67
-98
-141
-105
-118
-152
-148
-143
-112
-112
-160
-130
-157
-104
-145
-163
-147
-129
-166
-186
-178
-180
-194
-177
-188
-237
-207
-194
-178
-187
-146
-159
-153
-187
-164
-185
-118
-125
-85
-94
-92
-53
-32
-48
-126
-52
-111
-168
-117
-183
-142
-141
-135
-166
-147
-185
-89
-127
-138
-107
-142
-126
-108
-127
-101
-118
-80
-105
-127
-148
-116
-102
-59
-87
-120
-123
-46
-121
-81
-96
-55
-27
-16
-9
-8
-44
-25
-17
0
-15
30
-29
17
24
12
10
-13
8
19
-8
-28
5
27
15
5
0
-22
-19
-54
9
25
31
-61
-40
-23
-20
-50
-48
-66
-30
-29
-30
-40
-43
-52
-21
14
21
-2
-9
-22
2
3
-6
21
29
39
10
27
18
-1
-61
-83
-123
-90
-116
-96
-101
-94
-94
-93
-76
-60
-145
-128
-136
-131
-129
-98
-149
-110
-149
-139
-125
-118
-141
-118
-130
-132
-150
-88
-107
-41
-7
44
2
-10
10
66
45
51
68
88
107
65
78
77
111
88
115
131
120
78
130
86
80
43
92
-2
17
18
28
12
7
-12
-36
-51
-44
-82
-58
-138
-101
-136
-138
-159
-121
-96
-90
-66
-68
-92
-92
-45
3
46
-47
-40
-41
19
-15
4
-26
33
-8
16
26
39
11
18
7
27
-29
-30
-3
-17
-10
-86
-23
10
-67
-20
-27
-10
14
31
-27
-29
13
18
-2
-34
-1
-26
11
-12
3
-14
-21
-49
4
-34
13
-13
-7
-55
-31
-64
-12
-26
4
-36
-62
-60
-50
-55
-41
-38
-45
-27
-36
13
-4
-6
-11
-2
-16
-12
-30
-23
-46
-72
-107
-88
-180
-125
-134
-135
-151
-127
-102
-119
-125
-113
-112
-103
-41
-25
-23
-56
6
-4
-50
-19
26
20
-37
-35
-24
-6
-44
7
17
34
-20
34
57
90
84
88
58
35
24
-21
-43
-15
-27
-67
-68
-83
-78
-84
-47
-89
-69
-76
-46
-57
-47
-38
-44
-49
-52
-54
3
-31
-12
-35
-46
-30
-16
17
-18
2
50
39
-4
0
-25
-77
-75
-65
-103
-124
-98
-86
-79
-95
-69
-125
-64
-77
-39
-79
-48
-70
-39
-44
-32
-37
-57
-26
1
-33
-61
-96
-55
-58
-55
-52
-72
-6
2
77
74
29
47
48
63
63
50
55
17
19
24
19
30
15
7
-13
-6
-22
-59
-29
-48
-31
-93
-21
-17
-29
-63
-28
-14
-15
12
7
-12
-36
-51
-44
-82
-58
-138
-101
-136
-138
-159
-121
-96
-90
-66
-68
-92
-92
-45
3
46
-47
-40
-41
19
-15
4
-26
33
-8
16
26
39
11
18
7
27
-29
-30
-3
-17
-10
-86
-23
10
-67
-20
-27
-10
14
31
-27
-29
13
18
-2
-34
-1
-26
11
-12
3
-14
-21
-49
4
-34
13
-13
-7
-55
-31
-64
-12
-26
4
-36
-62
-60
-50
-55
-41
-38
-45
-27
-36
13
-4
-6
-11
-2
-16
-12
-30
-23
-46
-72
-107
-88
-180
-125
-134
-135
-151
-127
-102
-119
-125
-113
-112
-103
-41
-25
-23
-56
6
-4
-50
-19
26
20
-37
-35
-24
-6
-44
7
17
34
-20
34
57
90
84
88
58
35
24
-21
-43
-15
-27
-67
-68
-83
-78
-84
-47
-89
-69
-76
-46
-57
-47
-38
-44
-49
-52
-54
3
-31
-12
-35
-46
-30
-16
17
-18
2
50
39
-4
0
-25
-77
-75
-65
-103
-124
-98
-86
-79
-95
-69
-125
-64
-77
-39
-79
-48
-70
-39
-44
-32
-37
-57
-26
1
-33
-61
-96
-55
-58
-55
-52
-72
-6
2
77
74
29
47
48
63
63
50
55
17
19
24
19
30
15
7
-13
-6
-22
-59
-29
-48
-31
-93
-21
-17
-29
-63
-28
-14
-15
-20
-18
-30
-31
-52
-48
-84
-33
-83
-26
-87
-103
-66
-93
-132
-133
-113
-124
-114
-137
-113
-120
-58
-70
-45
-65
-45
-112
-71
-123
-112
-156
-140
-147
-158
-183
-153
-157
-114
-91
-106
-111
-191
-145
-189
-219
-239
-206
-225
-201
-217
-200
-181
-162
-161
-148
-167
-136
-136
-125
-104
-96
-100
-90
-81
-35
-53
-27
-13
34
69
62
90
85
68
100
67
69
78
70
42
97
118
114
136
109
121
93
64
86
97
75
89
105
108
102
119
118
52
87
97
104
62
99
74
68
63
134
116
144
111
98
76
84
77
61
65
54
87
95
130
156
157
174
173
154
184
161
225
149
162
198
210
209
203
272
250
290
295
320
347
294
337
288
305
266
289
205
233
219
214
236
267
268
257
229
229
243
239
243
238
229
239
240
219
216
200
161
155
160
129
110
83
84
86
46
46
49
75
61
82
92
83
75
46
56
80
80
114
104
115
116
123
113
130
133
190
182
199
204
167
207
202
196
190
189
170
170
208
193
200
243
218
125
162
150
121
139
130
103
95
98
48
55
39
18
33
12
3
25
-28
30
-8
-33
-4
-4
-12
27
1
14
-15
-20
-18
-30
-31
-52
-48
-84
-33
-83
-26
-87
-103
-66
-93
-132
-133
-113
-124
-114
-137
-113
-120
-58
-70
-45
-65
-45
-112
-71
-123
-112
-156
-140
-147
-158
-183
-153
-157
-114
-91
-106
-111
-191
-145
-189
-219
-239
-206
-225
-201
-217
-200
-181
-162
-161
-148
-167
-136
-136
-125
-104
-96
-100
-90
-81
-35
-53
-27
-13
34
69
62
90
85
68
100
67
69
78
70
42
97
118
114
136
109
121
93
64
86
97
75
89
105
108
102
119
118
52
87
97
104
62
99
74
68
63
134
116
144
111
98
76
84
77
61
65
54
87
95
130
156
157
174
173
154
184
161
225
149
162
198
210
209
203
272
250
290
295
320
347
294
337
288
305
266
289
205
233
219
214
236
267
268
257
229
229
243
239
243
238
229
239
240
219
216
200
161
155
160
129
110
83
84
86
46
46
49
75
61
82
92
83
75
46
56
80
80
114
104
115
116
123
113
130
133
190
182
199
204
167
207
202
196
190
189
170
170
208
193
200
243
218
125
162
150
121
139
130
103
95
98
48
55
39
18
33
12
3
25
-28
30
-8
-33
-4
-4
-12
27
1
14
36
9
13
22
57
52
67
79
58
37
39
25
35
44
-12
-51
3
-54
-31
-52
-27
6
-7
-4
-27
-6
-7
-8
-21
-18
-13
10
-14
-10
-42
-46
-70
-73
-48
-60
-18
-51
-39
-41
-81
-60
-69
-50
-93
-84
-132
-114
-136
-130
-117
-129
-125
-127
-127
-128
-148
-142
-142
-122
-153
-155
-179
-179
-216
-200
-226
-224
-207
-210
-178
-183
-184
-199
-186
-202
-223
-227
-261
-215
-263
-271
-269
-286
-273
-272
-305
-291
-281
-257
-258
-285
-295
-277
-280
-305
-272
-302
-273
-231
-228
-208
-210
-157
-218
-140
-127
-126
-146
-156
-164
-147
-155
-184
-171
-155
-144
-150
-132
-92
-111
-126
-102
-94
-120
-125
-78
-97
-59
-72
-44
-58
-26
-47
-3
-2
-23
-18
-23
43
8
3
-7
-2
-3
14
12
-10
5
-53
-42
-73
-51
-66
-49
-14
-75
-57
-16
-43
4
-49
-6
-17
13
15
7
5
20
53
53
47
0
43
53
38
49
35
25
38
47
7
38
11
42
24
35
71
93
117
155
153
179
81
148
159
205
195
209
231
237
215
257
262
246
235
255
219
273
290
257
243
230
227
247
201
215
193
241
216
184
180
198
137
126
85
95
93
85
96
83
33
23
19
5
26
14
36
9
13
22
57
52
67
79
58
37
39
25
35
44
-12
-51
3
-54
-31
-52
-27
6
-7
-4
-27
-6
-7
-8
-21
-18
-13
10
-14
-10
-42
-46
-70
-73
-48
-60
-18
-51
-39
-41
-81
-60
-69
-50
-93
-84
-132
-114
-136
-130
-117
-129
-125
-127
-127
-128
-148
-142
-142
-122
-153
-155
-179
-179
-216
-200
-226
-224
-207
-210
-178
-183
-184
-199
-186
-202
-223
-227
-261
-215
-263
-271
-269
-286
-273
-272
-305
-291
-281
-257
-258
-285
-295
-277
-280
-305
-272
-302
-273
-231
-228
-208
-210
-157
-218
-140
-127
-126
-146
-156
-164
-147
-155
-184
-171
-155
-144
-150
-132
-92
-111
-126
-102
-94
-120
-125
-78
-97
-59
-72
-44
-58
-26
-47
-3
-2
-23
-18
-23
43
8
3
-7
-2
-3
14
12
-10
5
-53
-42
-73
-51
-66
-49
-14
-75
-57
-16
-43
4
-49
-6
-17
13
15
7
5
20
53
53
47
0
43
53
38
49
35
25
38
47
7
38
11
42
24
35
71
93
117
155
81
148
159
153
179
205
195
209
231
237
215
257
262
246
235
255
219
273
290
257
243
230
227
247
201
215
193
241
216
184
180
198
137
126
85
95
93
85
96
83
33
23
19
5
26
14
49
55
76
91
60
57
79
77
131
108
108
109
79
100
130
61
122
28
120
105
108
86
134
144
117
89
132
131
187
138
179
150
164
142
188
137
166
137
137
144
74
133
99
101
84
92
101
112
66
68
60
83
90
89
106
104
96
120
98
155
154
139
190
198
189
182
183
171
205
205
234
232
218
197
264
251
267
307
293
297
305
283
290
349
373
302
341
393
390
320
321
368
332
310
383
354
282
300
321
318
309
306
308
252
253
232
275
261
239
245
235
202
166
171
171
178
185
219
252
168
191
159
192
154
155
161
125
140
142
122
75
100
126
99
122
125
123
164
181
201
232
206
172
229
212
202
237
229
229
240
229
235
260
247
252
244
227
222
265
277
256
252
218
239
240
230
195
200
159
122
112
87
65
57
56
37
73
39
19
-25
1
-26
-39
-8
10
8
-16
-61
-23
-13
-43
6
-4
-52
-24
-15
-79
-64
-46
-18
-55
-16
-51
-21
-45
-43
-37
14
-28
-6
-9
-18
-4
16
-39
-17
-9
-13
-5
-48
-19
-47
-62
-48
-61
-35
-6
-92
-52
-34
-98
-66
-86
-61
-103
-79
-106
-89
-75
26
14
49
55
76
91
60
57
79
77
131
108
108
109
79
100
130
61
122
28
120
105
108
86
134
144
117
89
132
131
187
138
179
150
164
142
188
137
166
137
137
144
74
133
99
101
84
92
101
112
66
68
60
83
90
89
106
104
96
120
98
155
154
139
190
198
189
182
183
171
205
205
234
232
218
197
264
251
267
307
293
297
305
283
290
349
373
302
341
393
390
320
321
368
332
310
383
354
282
300
321
318
309
306
308
252
253
232
275
261
239
245
235
202
166
171
171
178
185
219
252
168
191
159
192
154
155
161
125
140
142
122
75
100
126
99
122
125
123
164
181
201
232
206
172
229
212
202
237
229
229
240
229
235
260
247
252
244
227
222
265
277
256
252
218
239
240
230
195
200
159
122
112
87
65
57
56
37
73
39
19
-25
1
-26
-39
-8
10
8
-16
-61
-23
-13
-43
6
-4
-52
-24
-15
-79
-64
-46
-18
-55
-16
-51
-21
-45
-43
-37
14
-28
-6
-9
-18
-4
16
-39
-17
-9
-13
-5
-48
-19
-47
-62
-48
-61
-35
-6
-92
-52
-34
-98
-66
-86
-61
-103
-79
-106
-89
-75
-63
-48
-62
-73
-68
-42
-20
10
-7
29
-54
-65
-78
-124
-85
-70
-87
-79
-50
-57
-65
-60
-78
-64
-101
-69
-80
-128
-115
-178
-145
-206
-185
-185
-154
-131
-190
-159
-171
-154
-149
-130
-160
-155
-185
-166
-178
-162
-150
-189
-198
-199
-224
-207
-232
-235
-174
-209
-233
-224
-167
-186
-183
-229
-271
-272
-237
-249
-194
-219
-229
-332
-281
-308
-279
-288
-270
-263
-231
-319
-287
-252
-206
-192
-176
-182
-218
-186
-176
-165
-156
-128
-140
-147
-109
-166
-154
-97
-142
-184
-98
-151
-127
-80
-89
-34
-63
-41
-44
-19
-30
-24
-8
-4
-1
3
4
-14
29
-18
24
-41
-33
-46
-30
-53
-63
-67
-52
-52
-48
-2
17
25
43
64
84
50
21
41
33
31
14
27
45
65
16
35
-13
21
8
33
1
24
26
34
-1
42
28
52
19
56
52
49
2
49
24
67
80
134
79
70
82
81
94
74
67
135
121
138
128
140
104
146
128
107
187
157
183
225
258
267
230
306
288
277
269
283
281
302
283
312
295
339
351
291
298
276
264
263
236
233
245
229
247
197
156
147
155
138
153
155
138
157
143
136
157
144
67
143
111
117
111
149
128
142
156
202
189
207
-75
-63
-48
-62
-73
-68
-42
-20
10
-7
29
-54
-65
-78
-124
-85
-70
-87
-79
-50
-57
-65
-60
-78
-64
-101
-69
-80
-128
-115
-178
-145
-206
-185
-185
-154
-131
-190
-159
-171
-154
-149
-130
-160
-155
-185
-166
-178
-162
-150
-189
-198
-199
-224
-207
-232
-235
-174
-209
-233
-224
-167
-186
-183
-229
-271
-272
-237
-249
-194
-219
-229
-332
-281
-308
-279
-288
-270
-263
-231
-319
-287
-252
-206
-192
-176
-182
-218
-186
-176
-165
-156
-128
-140
-147
-109
-166
-154
-97
-142
-184
-98
-151
-127
-80
-89
-34
-63
-41
-44
-19
-30
-24
-8
-4
-1
3
4
-14
29
-18
24
-41
-33
-46
-30
-53
-63
-67
-52
-52
-48
-2
17
25
43
64
84
50
21
41
33
31
14
27
45
65
16
35
-13
21
8
33
1
24
26
34
-1
42
28
52
19
56
52
49
2
49
24
67
80
134
79
70
82
81
94
74
67
135
121
138
128
140
104
146
128
107
187
157
183
225
258
267
230
306
288
277
269
283
281
302
283
312
295
339
351
291
298
276
264
263
236
233
245
229
247
197
156
147
155
138
153
155
138
157
143
136
157
144
67
143
111
117
111
149
128
142
156
202
189
207
187
164
172
161
156
177
167
122
126
83
138
116
126
109
108
68
63
14
-3
-17
-2
17
-18
-32
-63
-63
-43
-31
-45
-6
26
23
19
-2
26
27
28
8
19
33
22
31
9
17
-6
22
21
17
44
6
56
26
46
21
42
57
56
100
68
47
40
48
67
77
75
87
26
36
10
9
-10
3
-43
-9
-32
-40
-101
-60
-143
-154
-162
-98
-65
-97
-84
-76
-41
-16
-4
-20
37
-59
-37
-44
17
21
33
88
36
47
41
27
40
46
66
51
54
27
96
47
101
41
27
67
85
23
83
134
78
72
91
55
104
25
72
61
85
62
75
19
43
42
46
38
6
15
33
52
49
43
56
54
61
74
92
87
128
100
90
143
128
143
59
86
77
55
46
98
80
103
61
52
36
43
16
25
0
45
18
8
9
37
3
7
16
17
25
19
24
13
51
-23
38
16
21
-6
13
59
63
66
27
41
67
60
55
52
61
23
84
66
28
39
0
18
10
8
24
18
2
13
-14
16
20
22
22
17
21
-23
-18
-29
-20
7
4
-15
-52
-50
-40
-67
-25
-21
-25
18
28
43
54
42
39
77
73
89
207
187
164
172
161
156
177
167
122
126
83
138
116
126
109
108
68
63
14
-3
-17
-2
17
-18
-32
-63
-63
-43
-31
-45
-6
26
23
19
-2
26
27
28
8
19
33
22
31
9
17
-6
22
21
17
44
6
56
26
46
21
42
57
56
100
68
47
40
48
67
77
75
87
26
36
10
9
-10
3
-43
-9
-32
-40
-101
-60
-143
-154
-162
-98
-65
-97
-84
-76
-41
-16
-4
-20
37
-59
-37
-44
17
21
33
88
36
47
41
27
40
46
66
51
54
27
96
47
101
41
27
67
85
23
83
134
78
72
91
55
104
25
72
61
85
62
75
19
43
42
46
38
6
15
33
52
49
43
56
54
61
74
92
87
128
100
90
143
128
143
59
86
77
55
46
98
80
103
61
52
36
43
16
25
0
45
18
8
9
37
3
7
16
17
25
19
24
13
51
-23
38
16
21
-6
13
59
63
66
27
41
67
60
55
52
61
23
84
66
28
39
0
18
10
8
24
18
2
13
-14
16
20
22
22
17
21
-23
-18
-29
-20
7
4
-15
-52
-50
-40
-67
-25
-21
-25
18
28
43
54
42
39
77
73
89
75
120
78
73
56
59
57
72
25
42
8
-28
27
-11
-8
-6
-72
-69
-66
-100
-100
-111
-106
-87
-80
-73
-63
-38
-29
-20
11
-17
5
28
15
0
28
8
-2
18
18
61
28
62
41
58
71
63
93
138
123
142
109
146
126
138
68
127
97
126
114
68
86
44
42
38
44
33
1
-1
-16
-29
-19
-24
23
19
33
-25
14
12
100
71
-6
48
31
60
59
34
88
98
89
102
92
119
103
73
78
46
51
-19
2
22
-2
22
24
-4
9
-25
-14
-13
-2
-34
65
0
69
-5
40
15
35
55
96
102
93
98
113
121
82
117
77
120
131
112
105
124
137
143
147
156
171
171
161
167
179
177
153
159
150
179
161
182
178
172
173
224
224
130
190
145
153
152
134
143
126
100
114
119
90
136
98
101
95
88
159
108
110
52
72
100
85
94
88
107
52
21
16
66
29
53
47
65
18
29
34
29
11
11
21
38
29
55
-9
-2
-2
14
-7
-12
37
13
14
2
27
-14
9
-1
-1
-3
40
37
42
36
41
34
58
21
10
18
11
-17
42
16
66
43
82
58
8
6
13
2
24
27
89
75
120
78
73
56
59
57
72
25
42
8
-28
27
-11
-8
-6
-72
-69
-66
-100
-100
-111
-106
-87
-80
-73
-63
-38
-29
-20
11
-17
5
28
15
0
28
8
-2
18
18
61
28
62
41
58
71
63
93
138
123
142
109
146
126
138
68
127
97
126
114
68
86
44
42
38
44
33
1
-1
-16
-29
-19
-24
23
19
33
-25
14
12
100
71
-6
48
31
60
59
34
88
98
89
102
92
119
103
73
78
46
51
-19
2
22
-2
22
24
-4
9
-25
-14
-13
-2
-34
65
0
69
-5
40
15
35
55
96
102
93
98
113
121
82
117
77
120
131
112
105
124
137
143
147
156
171
171
161
167
179
177
153
159
150
179
161
182
178
172
173
224
224
130
190
145
153
152
134
143
126
100
114
119
90
136
98
101
95
88
159
108
110
52
72
100
85
94
88
107
52
21
16
66
29
53
47
65
18
29
34
29
11
11
21
38
29
55
-9
-2
-2
14
-7
-12
37
13
14
2
27
-14
9
-1
-1
-3
40
37
42
36
41
34
58
21
10
18
11
-17
42
16
66
43
82
58
8
6
13
2
24
27
38
-10
28
-6
15
-22
-97
-53
-153
-158
-169
-132
-180
-121
-169
-120
-201
-134
-190
-190
-185
-179
-200
-206
-264
-238
-264
-210
-262
-306
-297
-297
-288
-264
-250
-288
-258
-278
-219
-277
-225
-223
-256
-224
-205
-205
-247
-271
-229
-229
-212
-236
-218
-227
-194
-194
-164
-189
-158
-164
-170
-172
-176
-165
-168
-129
-146
-146
-176
-130
-107
-112
-96
-97
-61
-74
-103
-40
-23
-47
-52
-72
-72
-77
-38
-8
-11
4
-6
-8
0
-39
-10
-36
-12
-51
-71
-83
-70
-50
-48
-76
-67
-80
-62
-32
-61
-46
-92
-74
-70
-31
-85
-62
-58
-104
-51
-59
-8
-54
-9
-51
-19
-50
-46
-42
-61
-98
-46
-79
-9
-75
-30
-104
-72
-107
-87
-138
-49
-103
-63
-88
-101
-127
-49
-96
-142
-117
-98
-140
-119
-100
-91
-117
-85
-79
-32
0
-46
-23
-31
-23
-33
31
13
47
40
78
49
97
88
80
71
136
109
105
86
55
59
43
12
21
-34
-32
-48
-27
-35
-46
-75
-54
-83
-111
-85
-101
-174
-96
-104
-70
-154
-105
-96
-77
-96
-68
-81
-38
-67
-63
-117
-164
-184
-178
-172
-180
-163
-159
-146
-126
-111
-95
-127
-114
-80
-74
-124
-187
-105
-133
-122
-156
-163
-152
-107
-91
-82
-61
-57
2
-3
-35
27
38
-10
28
-6
15
-22
-97
-53
-153
-158
-169
-132
-180
-121
-169
-120
-201
-134
-190
-190
-185
-179
-200
-206
-264
-238
-264
-210
-262
-306
-297
-297
-288
-264
-250
-288
-258
-278
-219
-277
-225
-223
-256
-224
-205
-205
-247
-271
-229
-229
-212
-236
-218
-227
-194
-194
-164
-189
-158
-164
-170
-172
-176
-165
-168
-129
-146
-146
-176
-130
-107
-112
-96
-97
-61
-74
-103
-40
-23
-47
-52
-72
-72
-77
-38
-8
-11
4
-6
-8
0
-39
-10
-36
-12
-51
-71
-83
-70
-50
-48
-76
-67
-80
-62
-32
-61
-46
-92
-74
-70
-31
-85
-62
-58
-104
-51
-59
-8
-54
-9
-51
-19
-50
-46
-42
-61
-98
-46
-79
-9
-75
-30
-104
-72
-107
-87
-138
-49
-103
-63
-88
-101
-127
-49
-96
-142
-117
-98
-140
-119
-100
-91
-117
-85
-79
-32
0
-46
-23
-31
-23
-33
31
13
47
40
78
49
97
88
80
71
136
109
105
86
55
59
43
12
21
-34
-32
-48
-27
-35
-46
-75
-54
-83
-111
-85
-101
-174
-96
-104
-70
-154
-105
-96
-77
-96
-68
-81
-38
-67
-63
-117
-164
-184
-178
-172
-180
-163
-159
-146
-126
-111
-95
-127
-114
-80
-74
-124
-187
-105
-133
-122
-156
-163
-152
-107
-91
-82
-61
-57
2
-3
-35
-48
-65
-44
-52
-62
-80
-50
-51
-48
-114
-138
-120
-108
-92
-52
-49
-9
-42
-32
-42
17
-23
-45
-14
-70
-47
-62
-102
-94
-75
-110
-108
-108
-108
-99
-110
-160
-163
-203
-166
-175
-141
-248
-183
-172
-190
-242
-199
-226
-197
-206
-214
-235
-216
-216
-230
-238
-251
-218
-206
-224
-213
-246
-230
-230
-223
-275
-245
-282
-254
-283
-267
-189
-191
-224
-209
-180
-202
-156
-171
-153
-153
-157
-189
-181
-195
-159
-159
-104
-140
-164
-194
-180
-133
-201
-190
-167
-149
-132
-164
-178
-209
-164
-199
-190
-180
-167
-147
-200
-154
-164
-175
-154
-236
-157
-229
-234
-258
-228
-227
-246
-192
-262
-258
-339
-232
-278
-298
-270
-295
-294
-331
-272
-335
-321
-270
-244
-286
-268
-228
-250
-214
-235
-231
-310
-219
-307
-227
-297
-284
-249
-188
-228
-213
-191
-170
-179
-174
-181
-124
-105
-117
-108
-158
-88
-117
-103
-118
-84
-119
-89
-105
-88
-84
-56
-73
-65
-70
-69
-80
-101
-121
-95
-146
-149
-179
-87
-95
-88
-72
-94
-166
-70
-101
-68
-121
-129
-102
-134
-52
-106
-68
-119
-62
-107
-22
-63
-61
-90
-73
-69
-40
-58
-38
-52
-22
-41
-1
-41
-28
-7
-14
-26
-73
-50
-52
-63
-62
9
-84
33
-74
-57
-96
-80
-154
-104
-138
-67
-84
-35
-48
-65
-44
-52
-62
-80
-50
-51
-48
-114
-138
-120
-108
-92
-52
-49
-9
-42
-32
-42
17
-23
-45
-14
-70
-47
-62
-102
-94
-75
-110
-108
-108
-108
-99
-110
-160
-163
-203
-166
-175
-141
-248
-183
-172
-190
-242
-199
-226
-197
-206
-214
-235
-216
-216
-230
-238
-251
-218
-206
-224
-213
-246
-230
-230
-223
-275
-245
-282
-254
-283
-267
-189
-191
-224
-209
-180
-202
-156
-171
-153
-153
-157
-189
-181
-195
-159
-159
-104
-140
-164
-194
-180
-133
-201
-190
-167
-149
-132
-164
-178
-209
-164
-199
-190
-180
-167
-147
-200
-154
-164
-175
-154
-236
-157
-229
-234
-258
-228
-227
-246
-192
-262
-258
-339
-232
-278
-298
-270
-295
-294
-331
-272
-335
-321
-270
-244
-286
-268
-228
-250
-214
-235
-231
-310
-219
-307
-227
-297
-284
-249
-188
-228
-213
-191
-170
-179
-174
-181
-124
-105
-117
-108
-158
-88
-117
-103
-118
-84
-119
-89
-105
-88
-84
-56
-73
-65
-70
-69
-80
-101
-121
-95
-146
-149
-179
-87
-95
-88
-72
-94
-166
-70
-101
-68
-121
-129
-102
-134
-52
-106
-68
-119
-62
-107
-22
-63
-61
-90
-73
-69
-40
-58
-38
-52
-22
-41
-1
-41
-28
-7
-14
-26
-73
-50
-52
-63
-62
9
-84
33
-74
-57
-96
-80
-154
-104
-138
-67
-84
-73
-92
-141
-98
-150
-101
-90
-89
-85
-87
-85
-67
-56
-31
-51
-41
-1
8
18
42
46
110
56
83
55
84
77
70
28
32
36
10
18
-13
8
15
18
39
9
28
53
16
-15
33
25
77
39
50
-21
41
48
34
70
47
26
17
27
53
97
9
40
34
59
-7
-17
-1
3
-17
29
-5
51
12
-12
-11
22
10
43
66
88
103
95
133
107
107
109
107
91
86
68
93
92
2
79
43
92
94
86
47
87
93
124
116
84
102
99
121
154
192
184
199
238
265
251
279
216
217
256
194
178
194
189
201
196
203
213
193
214
200
148
192
209
221
173
200
196
173
148
122
126
133
145
107
116
89
38
75
70
93
38
102
47
52
22
-15
-11
-23
2
-6
27
-38
-16
-19
3
19
15
14
9
0
15
-1
49
-52
29
4
-47
-54
-48
-57
-66
-77
-79
-34
-22
-72
-41
-74
-88
-87
-84
-68
-96
-150
-112
-78
-60
-70
-74
-52
-82
-80
-80
-45
-58
-8
-38
-31
-26
-5
4
11
47
62
2
36
82
35
5
45
26
55
33
24
29
13
3
29
-13
11
-3
0
-11
-23
-19
-29
-44
-42
-19
7
7
5
-84
-73
-92
-141
-98
-150
-101
-90
-89
-85
-87
-85
-67
-56
-31
-51
-41
-1
8
18
42
46
110
56
83
55
84
77
70
28
32
36
10
18
-13
8
15
18
39
9
28
53
16
-15
33
25
77
39
50
-21
41
48
34
70
47
26
17
27
53
97
9
40
34
59
-7
-17
-1
3
-17
29
-5
51
12
-12
-11
22
10
43
66
88
103
95
133
107
107
109
107
91
86
68
93
92
2
79
43
92
94
86
47
87
93
124
116
84
102
99
121
154
192
184
199
238
265
251
279
216
217
256
194
178
194
189
201
196
203
213
193
214
200
148
192
209
221
173
200
196
173
148
122
126
133
145
107
116
89
38
75
70
93
38
102
47
52
22
-15
-11
-23
2
-6
27
-38
-16
-19
3
19
15
14
9
0
15
-1
49
-52
29
4
-47
-54
-48
-57
-66
-77
-79
-34
-22
-72
-41
-74
-88
-87
-84
-68
-96
-150
-112
-78
-60
-70
-74
-52
-82
-80
-80
-45
-58
-8
-38
-31
-26
-5
4
11
47
62
2
36
82
35
5
45
26
55
33
24
29
13
3
29
-13
11
-3
0
-11
-23
-19
-29
-44
-42
-19
7
7
5
1
-36
-71
13
4
86
62
27
79
100
25
67
56
35
43
38
53
37
78
80
127
103
161
119
144
140
151
158
161
148
149
118
174
160
125
137
137
62
63
68
77
62
61
58
36
19
-5
11
41
32
39
23
47
31
89
74
88
104
106
127
145
101
104
120
96
67
58
75
77
20
62
47
88
7
54
45
61
-17
55
15
53
3
55
-29
-61
-32
-11
-46
-12
-44
-113
-49
-47
-78
-49
-67
-34
-16
-4
6
11
19
-8
-4
-48
6
-11
13
-20
30
-48
45
25
98
63
124
118
95
110
101
134
142
159
136
100
116
116
71
47
20
10
-39
-37
-46
-18
-54
-49
-53
-47
-6
6
7
-2
44
29
46
33
78
42
99
82
106
164
93
161
161
209
183
206
189
203
125
151
208
125
183
185
142
137
142
85
87
110
109
116
97
135
113
69
78
69
51
33
32
27
44
77
97
71
71
77
22
30
64
105
23
68
57
95
122
66
122
120
158
156
192
188
245
237
212
238
231
210
217
257
279
232
175
174
219
211
243
243
224
202
180
186
169
200
224
185
214
129
166
141
184
172
123
141
181
5
1
-36
-71
13
4
86
62
27
79
100
25
67
56
35
43
38
53
37
78
80
127
103
161
119
144
140
151
158
161
148
149
118
174
160
125
137
137
62
63
68
77
62
61
58
36
19
-5
11
41
32
39
23
47
31
89
74
88
104
106
127
145
101
104
120
96
67
58
75
77
20
62
47
88
7
54
45
61
-17
55
15
53
3
55
-29
-61
-32
-11
-46
-12
-44
-113
-49
-47
-78
-49
-67
-34
-16
-4
6
11
19
-8
-4
-48
6
-11
13
-20
30
-48
45
25
98
63
124
118
95
110
101
134
142
159
136
100
116
116
71
47
20
10
-39
-37
-46
-18
-54
-49
-53
-47
-6
6
7
-2
44
29
46
33
78
42
99
82
106
164
93
161
161
209
183
206
189
203
125
151
208
125
183
185
142
137
142
85
87
110
109
116
97
135
113
69
78
69
51
33
32
27
44
77
97
71
71
77
22
30
64
105
23
68
57
95
122
66
122
120
158
156
192
188
245
237
212
238
231
210
217
257
279
232
175
174
219
211
243
243
224
202
180
186
169
200
224
185
214
129
166
141
184
172
123
141
181
192
172
146
158
166
139
164
139
171
166
184
116
160
176
133
207
206
159
176
229
178
200
218
277
212
224
210
251
225
197
221
199
191
191
189
159
175
173
141
120
93
103
120
140
161
166
171
151
172
140
156
147
160
149
212
146
167
152
163
191
161
137
152
202
138
165
163
171
183
207
152
192
151
214
232
245
242
219
260
289
251
230
306
241
243
231
288
253
275
320
265
217
276
275
292
307
318
290
258
291
220
264
260
204
181
228
176
169
153
180
191
205
188
155
131
156
162
208
172
163
144
182
165
188
146
233
225
216
268
202
237
244
261
273
308
266
298
255
294
202
206
164
224
256
217
197
213
219
200
189
149
208
181
143
215
234
230
181
214
179
187
154
159
160
185
172
180
212
198
218
181
164
154
175
127
146
125
111
171
120
104
152
137
168
168
165
181
216
250
242
239
237
214
179
188
164
165
134
153
134
120
125
101
140
91
108
132
124
127
118
152
170
175
206
180
228
207
164
169
137
205
82
143
140
197
93
101
95
134
112
142
116
135
140
104
85
91
112
165
131
181
192
172
146
158
166
139
164
139
171
166
184
116
160
176
133
207
206
159
176
229
178
200
218
277
212
224
210
251
225
197
221
199
191
191
189
159
175
173
141
120
93
103
120
140
161
166
171
151
172
140
156
147
160
149
212
146
167
152
163
191
161
137
152
202
138
165
163
171
183
207
152
192
151
214
232
245
242
219
260
289
251
230
306
241
243
231
288
253
275
320
265
217
276
275
292
307
318
290
258
291
220
264
260
204
181
228
176
169
153
180
191
205
188
155
131
156
162
208
172
163
144
182
165
188
146
233
225
216
268
202
237
244
261
273
308
266
298
255
294
202
206
164
224
256
217
197
213
219
200
189
149
208
181
143
215
234
230
181
214
179
187
154
159
160
185
172
180
212
198
218
181
164
154
175
127
146
125
111
171
120
104
152
137
168
168
165
181
216
250
242
239
237
214
179
188
164
165
134
153
134
120
125
101
140
91
108
132
124
127
118
152
170
175
206
180
228
207
164
169
137
205
82
143
140
197
93
101
95
134
112
142
116
135
140
104
85
91
112
165
131
113
128
187
122
144
131
202
142
165
137
160
167
123
174
112
186
163
137
86
118
130
189
206
188
220
178
258
231
242
247
224
287
245
248
211
204
238
236
222
179
226
162
156
140
160
140
178
164
171
197
146
137
133
136
84
96
90
100
125
97
111
155
108
42
45
81
85
68
53
80
115
127
123
126
147
91
143
149
161
159
204
212
207
201
221
240
205
204
186
227
232
222
196
192
252
201
128
156
146
91
125
89
121
118
142
83
98
98
91
81
148
130
118
118
86
101
67
73
92
69
89
140
130
139
137
124
139
157
78
158
100
140
108
175
173
243
202
204
237
220
229
279
230
193
199
194
173
188
141
142
173
155
153
152
185
166
156
131
157
150
87
163
147
130
149
152
148
134
142
146
186
138
147
151
153
125
96
167
107
97
137
121
86
81
78
43
28
-5
0
-9
2
-22
-25
-41
-29
-26
-35
-23
-20
-27
-56
-100
-69
-98
-69
-79
-19
-60
23
-62
-21
10
36
-29
-20
9
-2
39
5
-22
2
42
-4
30
66
36
5
11
27
-4
-10
21
10
32
25
19
26
38
-4
-2
131
113
128
187
122
144
131
202
142
165
137
160
167
123
174
112
186
163
137
86
118
130
189
206
188
220
178
258
231
242
247
224
287
245
248
211
204
238
236
222
179
226
162
156
140
160
140
178
164
171
197
146
137
133
136
84
96
90
100
125
97
111
155
108
42
45
81
85
68
53
80
115
127
123
126
147
91
143
149
161
159
204
212
207
201
221
240
205
204
186
227
232
222
196
192
252
201
128
156
146
91
125
89
121
118
142
83
98
98
91
81
148
130
118
118
86
101
67
73
92
69
89
140
130
139
137
124
139
157
78
158
100
140
108
175
173
243
202
204
237
220
229
279
230
193
199
194
173
188
141
142
173
155
153
152
185
166
156
131
157
150
87
163
147
130
149
152
148
134
142
146
186
138
147
151
153
125
96
167
107
97
137
121
86
81
78
43
28
-5
0
-9
2
-22
-25
-41
-29
-26
-35
-23
-20
-27
-56
-100
-69
-98
-69
-79
-19
-60
23
-62
-21
10
36
-29
-20
9
-2
39
5
-22
2
42
-4
30
66
36
5
11
27
-4
-10
21
10
32
25
19
26
38
-4
-2
-33
-22
-52
-105
-57
-102
-113
-119
-120
-126
-143
-159
-197
-149
-174
-160
-185
-138
-152
-138
-150
-127
-121
-139
-144
-123
-103
-129
-104
-123
-74
-62
-92
-81
-27
-94
-79
-138
-94
-133
-142
-116
-84
-134
-114
-100
-111
-106
-80
-123
-91
-109
-151
-92
-134
-93
-104
-40
-79
53
-32
27
25
40
17
48
40
111
47
117
65
107
100
122
131
139
124
122
127
134
134
121
146
195
177
144
138
105
108
78
76
63
78
43
120
90
127
119
85
124
86
91
76
76
108
84
51
107
48
64
86
84
75
107
115
84
126
109
94
107
103
82
110
164
149
215
192
156
218
154
190
184
181
203
233
227
219
203
228
224
176
190
210
146
146
120
125
135
113
93
50
49
68
12
37
63
75
54
153
109
96
49
92
56
83
54
82
74
106
80
-2
96
48
31
40
21
-53
6
-6
-40
-2
-49
-57
-40
-41
-43
-43
-44
-36
-79
-85
-100
-113
-66
-70
-95
-66
-79
-31
-88
-70
-124
-114
-115
-106
-82
-60
-13
-14
9
4
29
9
-23
-17
-21
-88
-47
-59
-128
-88
-72
-138
-108
-124
-95
-162
-148
-193
-185
-216
-223
-198
-237
-297
-217
-230
-232
-240
-194
-2
-33
-22
-52
-105
-57
-102
-113
-119
-120
-126
-143
-159
-197
-149
-174
-160
-185
-138
-152
-138
-150
-127
-121
-139
-144
-123
-103
-129
-104
-123
-74
-62
-92
-81
-27
-94
-79
-138
-94
-133
-142
-116
-84
-134
-114
-100
-111
-106
-80
-123
-91
-109
-151
-92
-134
-93
-104
-40
-79
53
-32
27
25
40
17
48
40
111
47
117
65
107
100
122
131
139
124
122
127
134
134
121
146
195
177
144
138
105
108
78
76
63
78
43
120
90
127
119
85
124
86
91
76
76
108
84
51
107
48
64
86
84
75
107
115
84
126
109
94
107
103
82
110
164
149
215
192
156
218
154
190
184
181
203
233
227
219
203
228
224
176
190
210
146
146
120
125
135
113
93
50
49
68
12
37
63
75
54
153
109
96
49
92
56
83
54
82
74
106
80
-2
96
48
31
40
21
-53
6
-6
-40
-2
-49
-57
-40
-41
-43
-43
-44
-36
-79
-85
-100
-113
-66
-70
-95
-66
-79
-31
-88
-70
-124
-114
-115
-106
-82
-60
-13
-14
9
4
29
9
-23
-17
-21
-88
-47
-59
-128
-88
-72
-138
-108
-124
-95
-162
-148
-193
-185
-216
-223
-198
-237
-297
-217
-230
-232
-240
-194
-214
-192
-254
-151
-164
-204
-183
-160
-156
-114
-137
-124
-107
-137
-135
-154
-148
-147
-137
-188
-178
-164
-156
-173
-169
-221
-242
-241
-220
-211
-204
-225
-197
-228
-287
-270
-221
-260
-280
-329
-257
-308
-303
-289
-275
-268
-258
-244
-240
-177
-219
-201
-227
-197
-215
-228
-215
-204
-172
-182
-182
-221
-217
-210
-171
-147
-207
-169
-189
-201
-251
-181
-223
-249
-264
-231
-274
-337
-368
-337
-353
-307
-413
-379
-376
-355
-441
-371
-377
-410
-416
-445
-425
-462
-455
-472
-435
-450
-510
-472
-441
-413
-410
-418
-401
-386
-364
-303
-332
-309
-311
-272
-257
-247
-281
-308
-254
-221
-247
-259
-220
-263
-193
-244
-248
-246
-241
-226
-240
-186
-254
-226
-234
-216
-241
-169
-211
-172
-170
-171
-174
-173
-180
-158
-182
-172
-223
-174
-178
-163
-227
-180
-182
-130
-128
-90
-78
-61
-79
-104
-84
-73
-56
-34
-45
-19
24
-14
-7
-40
-34
-83
-94
-30
-53
-55
-68
-66
-78
-81
-59
-79
-73
-96
-35
-66
-110
-89
-109
-116
-132
-131
-178
-131
-139
-106
-161
-116
-128
-114
-84
-70
-49
-88
-44
-79
-9
-34
-45
-39
-4
-83
-11
-36
-20
-23
-37
-55
-36
-70
-44
-62
-26
-15
-17
-103
-71
-100
-69
-37
-46
-27
26
28
23
-11
-23
12
28
50
-194
-214
-192
-254
-151
-164
-204
-183
-160
-156
-114
-137
-124
-107
-137
-135
-154
-148
-147
-137
-188
-178
-164
-156
-173
-169
-221
-242
-241
-220
-211
-204
-225
-197
-228
-287
-270
-221
-260
-280
-329
-257
-308
-303
-289
-275
-268
-258
-244
-240
-177
-219
-201
-227
-197
-215
-228
-215
-204
-172
-182
-182
-221
-217
-210
-171
-147
-207
-169
-189
-201
-251
-181
-223
-249
-264
-231
-274
-337
-368
-337
-353
-307
-413
-379
-376
-355
-441
-371
-377
-410
-416
-445
-425
-462
-455
-472
-435
-450
-510
-472
-441
-413
-410
-418
-401
-386
-364
-303
-332
-309
-311
-272
-257
-247
-281
-308
-254
-221
-247
-259
-220
-263
-193
-244
-248
-246
-241
-226
-240
-186
-254
-226
-234
-216
-241
-169
-211
-172
-170
-171
-174
-173
-180
-158
-182
-172
-223
-174
-178
-163
-227
-180
-182
-130
-128
-90
-78
-61
-79
-104
-84
-73
-56
-34
-45
-19
24
-14
-7
-40
-34
-83
-94
-30
-53
-55
-68
-66
-78
-81
-59
-79
-73
-96
-35
-66
-110
-89
-109
-116
-132
-131
-178
-131
-139
-106
-161
-116
-128
-114
-84
-70
-49
-88
-44
-79
-9
-34
-45
-39
-4
-83
-11
-36
-20
-23
-37
-55
-36
-70
-44
-62
-26
-15
-17
-103
-71
-100
-69
-37
-46
-27
26
28
23
-11
-23
12
28
50
25
39
35
61
36
85
53
47
79
69
54
77
90
97
113
80
119
71
55
58
56
38
70
105
89
65
50
61
63
63
42
38
31
6
64
56
75
70
56
73
84
70
103
97
114
93
66
80
47
66
101
97
124
140
123
160
127
153
88
124
138
122
120
159
139
188
150
165
145
198
184
199
160
183
199
215
232
287
220
292
277
333
275
277
252
264
238
213
198
232
224
230
247
268
310
259
285
261
285
234
267
241
270
241
250
231
235
215
227
192
194
169
212
204
214
170
235
254
250
268
248
221
294
292
200
226
238
248
224
269
269
251
219
277
206
219
193
198
166
213
181
151
153
173
175
140
168
164
148
129
157
156
130
132
100
103
57
85
44
-2
4
13
13
5
4
-11
3
-24
-25
-33
-42
-72
-35
-38
-23
-36
-16
-99
-79
-80
-68
-81
-55
-57
-92
-80
-72
-39
-28
-110
-122
-103
-114
-137
-137
-146
-168
-131
-172
-165
-204
-218
-223
-207
-229
-215
-246
-208
-198
-192
-215
-213
-217
-193
-208
-170
-221
-137
-211
-160
-140
-120
-141
-153
-154
-132
-113
-133
-160
-90
-98
-99
-144
-129
-104
-87
-89
-77
-54
-56
50
25
39
35
61
36
85
53
47
79
69
54
77
90
97
113
80
119
71
55
58
56
38
70
105
89
65
50
61
63
63
42
38
31
6
64
56
75
70
56
73
84
70
103
97
114
93
66
80
47
66
101
97
124
140
123
160
127
153
88
124
138
122
120
159
139
188
150
165
145
198
184
199
160
183
199
215
232
287
220
292
277
333
275
277
252
264
238
213
198
232
224
230
247
268
310
259
285
261
285
234
267
241
270
241
250
231
235
215
227
192
194
169
212
204
214
170
235
254
250
268
248
221
294
292
200
226
238
248
224
269
269
251
219
277
206
219
193
198
166
213
181
151
153
173
175
140
168
164
148
129
157
156
130
132
100
103
57
85
44
-2
4
13
13
5
4
-11
3
-24
-25
-33
-42
-72
-35
-38
-23
-36
-16
-99
-79
-80
-68
-81
-55
-57
-92
-80
-72
-39
-28
-110
-122
-103
-114
-137
-137
-146
-168
-131
-172
-165
-204
-218
-223
-207
-229
-215
-246
-208
-198
-192
-215
-213
-217
-193
-208
-170
-221
-137
-211
-160
-140
-120
-141
-153
-154
-132
-113
-133
-160
-90
-98
-99
-144
-129
-104
-87
-89
-77
-54
-56
-56
-62
-56
-48
-7
-47
-2
-34
-21
-74
-56
-97
-56
-80
-68
-74
-130
-97
-105
-116
-185
-202
-172
-188
-196
-193
-191
-241
-202
-242
-175
-214
-156
-225
-224
-225
-199
-239
-254
-248
-217
-236
-274
-250
-240
-219
-251
-233
-254
-241
-264
-253
-195
-191
-209
-198
-209
-219
-217
-237
-271
-217
-183
-225
-200
-216
-172
-169
-132
-162
-91
-105
-148
-220
-151
-165
-143
-153
-144
-140
-166
-109
-162
-172
-128
-120
-104
-92
-100
-189
-116
-193
-177
-164
-140
-140
-154
-193
-171
-196
-139
-129
-133
-147
-107
-84
-71
-40
-103
-112
-121
-62
-117
-123
-112
-114
-123
-111
-112
-135
-101
-82
-95
-74
-95
-25
-128
-113
-112
-136
-138
-103
-95
-159
-169
-141
-155
-142
-85
-128
-104
-160
-142
-141
-110
-119
-112
-148
-93
-142
-129
-143
-148
-224
-124
-161
-100
-146
-114
-153
-114
-108
-109
-119
-57
-78
-82
-107
-103
-79
-84
-57
-44
2
1
55
3
-15
-15
-11
-29
-21
-37
-76
-41
-5
-43
-47
-38
-23
-17
-86
-81
-45
-84
-24
-51
-33
-48
-17
-37
-56
-90
-79
-93
-137
-63
-95
-136
-150
-179
-202
-195
-173
-185
-196
-244
-163
-214
-167
-194
-179
-173
-153
-112
-119
-80
-57
-83
-50
-51
-46
-38
-5
-38
-7
-18
41
-52
30
-56
-56
-62
-56
-48
-7
-47
-2
-34
-21
-74
-56
-97
-56
-80
-68
-74
-130
-97
-105
-116
-185
-202
-172
-188
-196
-193
-191
-241
-202
-242
-175
-214
-156
-225
-224
-225
-199
-239
-254
-248
-217
-236
-274
-250
-240
-219
-251
-233
-254
-241
-264
-253
-195
-191
-209
-198
-209
-219
-217
-237
-271
-217
-183
-225
-200
-216
-172
-169
-132
-162
-91
-105
-148
-220
-151
-165
-143
-153
-144
-140
-166
-109
-162
-172
-128
-120
-104
-92
-100
-189
-116
-193
-177
-164
-140
-140
-154
-193
-171
-196
-139
-129
-133
-147
-107
-84
-71
-40
-103
-112
-121
-62
-117
-123
-112
-114
-123
-111
-112
-135
-101
-82
-95
-74
-95
-25
-128
-113
-112
-136
-138
-103
-95
-159
-169
-141
-155
-142
-85
-128
-104
-160
-142
-141
-110
-119
-112
-148
-93
-142
-129
-143
-148
-224
-124
-161
-100
-146
-114
-153
-114
-108
-109
-119
-57
-78
-82
-107
-103
-79
-84
-57
-44
2
1
55
3
-15
-15
-11
-29
-21
-37
-76
-41
-5
-43
-47
-38
-23
-17
-86
-81
-45
-84
-24
-51
-33
-48
-17
-37
-56
-90
-79
-93
-137
-63
-95
-136
-150
-179
-202
-195
-173
-185
-196
-244
-163
-214
-167
-194
-179
-173
-153
-112
-119
-80
-57
-83
-50
-51
-46
-38
-5
-38
-7
-18
41
-52
30
-22
6
-22
-28
-53
-94
-10
-20
-90
-159
-83
-130
-158
-145
-150
-138
-122
-122
-111
-86
-152
-148
-141
-119
-151
-93
-143
-101
-110
-99
-86
-146
-187
-133
-103
-92
-56
-111
-55
-81
-48
-70
-40
-42
24
15
9
-23
26
-7
42
26
56
17
38
-27
60
19
56
78
83
30
29
-12
2
23
22
38
50
25
63
89
86
59
125
113
158
161
121
100
87
87
114
127
113
81
101
63
42
46
52
51
7
12
5
10
-43
-32
-11
16
42
75
71
83
87
98
69
135
104
173
165
167
31
70
89
51
86
59
75
69
116
29
63
28
87
57
60
34
72
100
64
81
27
57
54
108
82
103
102
127
84
89
94
97
83
103
68
33
55
93
73
67
29
54
64
18
-33
6
-21
19
-5
-11
-35
-6
-36
-58
-70
-47
-55
-27
-48
-34
-49
-22
-30
-58
-78
-32
-71
-22
-36
-62
-33
-28
9
-10
-2
59
58
41
34
26
14
37
1
-55
-8
10
-33
4
-15
-30
12
18
4
31
-10
34
-17
-1
-19
-2
-27
-53
-17
-35
-33
-44
-74
-89
-37
-31
-21
8
36
8
8
27
20
61
50
82
75
45
54
71
41
92
33
37
30
-22
6
-22
-28
-53
-94
-10
-20
-90
-159
-83
-130
-158
-145
-150
-138
-122
-122
-111
-86
-152
-148
-141
-119
-151
-93
-143
-101
-110
-99
-86
-146
-187
-133
-103
-92
-56
-111
-55
-81
-48
-70
-40
-42
24
15
9
-23
26
-7
42
26
56
17
38
-27
60
19
56
78
83
30
29
-12
2
23
22
38
50
25
63
89
86
59
125
113
158
161
121
100
87
87
114
127
113
81
101
63
42
46
52
51
7
12
5
10
-43
-32
-11
16
42
75
71
83
87
98
69
135
104
173
165
167
31
70
89
51
86
59
75
69
116
29
63
28
87
57
60
34
72
100
64
81
27
57
54
108
82
103
102
127
84
89
94
97
83
103
68
33
55
93
73
67
29
54
64
18
-33
6
-21
19
-5
-11
-35
-6
-36
-58
-70
-47
-55
-27
-48
-34
-49
-22
-30
-58
-78
-32
-71
-22
-36
-62
-33
-28
9
-10
-2
59
58
41
34
26
14
37
1
-55
-8
10
-33
4
-15
-30
12
18
4
31
-10
34
-17
-1
-19
-2
-27
-53
-17
-35
-33
-44
-74
-89
-37
-31
-21
8
36
8
8
27
20
61
50
82
75
45
54
71
41
92
33
37
34
97
70
104
107
84
80
72
53
9
26
-12
85
28
59
49
47
36
41
28
74
62
65
35
-2
-5
7
-50
-22
-29
-4
16
-27
16
22
-18
-85
-55
-90
1
-60
-79
-80
-59
-70
-65
-69
-64
-39
-81
-86
-51
-71
-61
-71
-53
-114
-81
-111
-66
-135
-69
-58
-58
-72
-66
-59
-38
-104
-91
-43
-29
-61
-72
-153
-59
-127
-117
-111
-142
-163
-101
-204
-162
-158
-181
-154
-151
-165
-174
-186
-167
-185
-183
-175
-178
-118
-190
-154
-169
-154
-195
-151
-157
-137
-149
-151
-142
-155
-165
-151
-107
-70
-69
-107
-56
-81
-61
-132
-73
-119
-38
-102
-80
-93
-84
-93
-112
-119
-110
-155
-204
-181
-178
-164
-187
-175
-174
-208
-173
-181
-182
-216
-238
-229
-270
-216
-274
-233
-264
-264
-246
-195
-173
-191
-166
-168
-146
-129
-126
-150
-139
-160
-170
-180
-178
-172
-184
-195
-158
-229
-174
-218
-206
-178
-241
-233
-252
-223
-210
-208
-223
-191
-221
-214
-225
-166
-233
-190
-185
-149
-92
-104
-110
-203
-124
-123
-100
-142
-130
-139
-97
-130
-119
-142
-106
-114
-97
-109
-76
-131
-88
-69
-57
-105
-122
-46
-42
-53
-108
-91
-109
-104
-119
-47
-90
-77
-98
-59
-120
-86
-118
-96
-94
-68
-29
-52
-63
-65
-67
-41
-139
-160
-170
-180
-178
-172
-184
-195
-158
-229
-174
-218
-206
-178
-241
-233
-252
-223
-210
-208
-223
-191
-221
-214
-225
-166
-233
-190
-185
-149
-92
-104
-110
-203
-124
-123
-100
-142
-130
-139
-97
-130
-119
-142
-106
-114
-97
-109
-76
-131
-88
-69
-57
-105
-122
-46
-42
-53
-108
-91
-109
-104
-119
-47
-90
-77
-98
-59
-120
-86
-118
-96
-94
-68
-29
-52
-63
-65
-67
-41
1
-55
7
-50
-49
-56
0
-57
8
-20
15
-11
-58
-54
6
-31
-31
-80
-19
-5
-7
-24
-40
-28
-60
-26
-36
-25
-67
-94
-75
-76
-64
-80
10
-62
-43
-107
-48
-57
-63
-93
-46
8
8
-29
16
-14
6
-55
-22
9
6
-13
-51
28
17
11
-9
1
-27
-26
-46
3
-32
-45
-53
-62
-73
-76
-108
-36
-75
-33
-71
-54
-56
-102
-103
-98
-19
-87
-2
-27
1
-47
-43
-10
-36
-47
-43
-85
-72
-26
-50
-55
-53
-90
-128
-93
-32
-25
-71
-34
15
-73
-128
-73
-76
-92
-86
-128
-111
-83
-152
-177
-187
-158
-173
-152
-146
-137
-172
-133
-126
-116
-156
-147
-139
-204
-165
-194
-154
-174
-139
-134
-137
-143
-162
-167
-188
-94
-192
-113
-94
-73
-81
-91
-34
0
-8
41
-16
4
-1
-22
-57
-26
-26
-67
-89
-159
-105
-151
-105
-154
-174
-199
-200
-254
-197
-194
-209
-173
-187
-222
-226
-227
-216
-238
-238
-211
-189
-220
-242
-182
-216
-287
-261
-239
-263
-231
-245
-306
-247
-310
-274
-275
-279
-325
-305
-299
-307
-318
-284
-262
-326
-247
-249
-186
-239
-188
-138
-160
-206
-127
-160
-118
-177
-162
-153
-134
-143
-190
-239
-175
-188
-210
-159
-207
-225
-194
-198
-136
-132
-147
-127
-99
-104
-121
-41
1
-55
7
-50
-49
-56
0
-57
8
-20
15
-11
-58
-54
6
-31
-31
-80
-19
-5
-7
-24
-40
-28
-60
-26
-36
-25
-67
-94
-75
-76
-64
-80
10
-62
-43
-107
-48
-57
-63
-93
-46
8
8
-29
16
-14
6
-55
-22
9
6
-13
-51
28
17
11
-9
1
-27
-26
-46
3
-32
-45
-53
-62
-73
-76
-108
-36
-75
-33
-71
-54
-56
-102
-103
-98
-19
-87
-2
-27
1
-47
-43
-10
-36
-47
-43
-85
-72
-26
-50
-55
-53
-90
-128
-93
-32
-25
-71
-34
15
-73
-128
-73
-76
-92
-86
-128
-111
-83
-152
-177
-187
-158
-173
-152
-146
-137
-172
-133
-126
-116
-156
-147
-139
-204
-165
-194
-154
-174
-139
-134
-137
-143
-162
-167
-188
-94
-192
-113
-94
-73
-81
-91
-34
0
-8
41
-16
4
-1
-22
-57
-26
-26
-67
-89
-159
-105
-151
-105
-154
-174
-199
-200
-254
-197
-194
-209
-173
-187
-222
-226
-227
-216
-238
-238
-211
-189
-220
-242
-182
-216
-287
-261
-239
-263
-231
-245
-306
-247
-310
-274
-275
-279
-325
-305
-299
-307
-318
-284
-262
-326
-247
-249
-186
-239
-188
-138
-160
-206
-127
-160
-118
-177
-162
-153
-134
-143
-190
-239
-175
-188
-210
-159
-207
-225
-194
-198
-136
-132
-147
-127
-99
-104
-121
-180
-96
-115
-120
-113
-129
-133
-163
-89
-100
-77
-108
-76
-64
-66
-103
-133
-59
-67
-60
-93
-10
-25
-99
-94
-85
-81
-114
-77
-81
-77
-63
-69
-52
-60
-41
-70
-36
-51
-23
-21
-57
-139
-93
-133
-89
-151
-153
-107
-155
-138
-155
-110
-163
-96
-96
-73
-104
-132
-119
-88
-114
-74
-83
-89
-78
-85
-27
-22
-40
37
83
2
26
9
57
30
64
47
21
15
51
38
24
46
62
50
94
134
83
72
89
79
99
41
57
91
81
7
42
41
14
42
46
40
45
14
0
7
-29
-83
-18
-21
-2
-52
-30
-113
-115
-98
-123
-116
-114
-86
-92
-81
-75
-48
-39
-43
-49
-32
-29
-14
-52
-71
-67
-120
-106
-111
-71
-34
-48
-95
-68
2
-21
-15
-48
-41
-33
-51
-34
-63
-67
-90
-61
-102
-33
-41
24
-19
-5
-69
-84
-87
-37
-65
-97
-95
-79
-39
-62
-81
-17
-39
-38
-27
32
65
52
101
39
95
100
153
121
140
138
105
145
134
197
233
224
212
218
244
215
241
205
253
210
190
178
170
138
153
140
110
86
90
126
117
96
137
111
85
112
108
120
112
130
104
73
38
4
43
7
6
-20
-7
16
22
-5
-22
19
63
44
21
29
-121
-180
-96
-115
-120
-113
-129
-133
-163
-89
-100
-77
-108
-76
-64
-66
-103
-133
-59
-67
-60
-93
-10
-25
-99
-94
-85
-81
-114
-77
-81
-77
-63
-69
-52
-60
-41
-70
-36
-51
-23
-21
-57
-139
-93
-133
-89
-151
-153
-107
-155
-138
-155
-110
-163
-96
-96
-73
-104
-132
-119
-88
-114
-74
-83
-89
-78
-85
-27
-22
-40
37
83
2
26
9
57
30
64
47
21
15
51
38
24
46
62
50
94
134
83
72
89
79
99
41
57
91
81
7
42
41
14
42
46
40
45
14
0
7
-29
-83
-18
-21
-2
-52
-30
-113
-115
-98
-123
-116
-114
-86
-92
-81
-75
-48
-39
-43
-49
-32
-29
-14
-52
-71
-67
-120
-106
-111
-71
-34
-48
-95
-68
2
-21
-15
-48
-41
-33
-51
-34
-63
-67
-90
-61
-102
-33
-41
24
-19
-5
-69
-84
-87
-37
-65
-97
-95
-79
-39
-62
-81
-17
-39
-38
-27
32
65
52
101
39
95
100
153
121
140
138
105
145
134
197
233
224
212
218
244
215
241
205
253
210
190
178
170
138
153
140
110
86
90
126
117
96
137
111
85
112
108
120
112
130
104
73
38
4
43
7
6
-20
-7
16
22
-5
-22
19
63
44
21
29
-21
13
-8
-39
-14
8
-14
55
35
26
3
-9
62
58
13
62
100
79
94
68
111
113
119
104
154
140
126
143
104
95
118
148
159
183
152
108
152
217
183
202
226
196
214
218
203
144
70
48
79
62
60
59
59
42
24
33
52
58
71
54
34
29
68
100
94
75
69
86
100
94
64
15
87
78
124
130
134
175
110
97
94
102
101
136
99
51
87
75
56
71
68
70
62
153
322
202
-256
-376
-327
-260
-70
333
699
651
293
-126
-431
-543
-281
46
257
315
196
103
-17
-90
-177
-192
-85
-53
-81
-87
-51
-133
-108
-101
-97
-53
-44
38
8
-44
-148
-152
-97
-33
44
11
-56
-155
-199
-217
-191
-173
-117
-114
-58
-92
-152
-193
-172
-184
-215
-217
-197
-230
-236
-257
-236
-229
-207
-185
-198
-132
-83
-110
-166
-118
-115
-111
-81
-100
-100
-122
-125
-139
-81
-91
-88
-130
-128
-75
-87
-89
-119
-153
-155
-159
-131
-115
-121
-117
-106
-61
-121
-151
-159
-173
-176
-156
-178
-178
-113
-118
-150
-183
-178
-244
-239
-218
-215
-234
-236
-230
-235
-258
-288
-284
-319
-330
-333
-358
-323
-344
-361
-403
-405
-375
-402
-373
-344
-356
-393
-369
-347
-339
-394
-380
-401
-381
29
-21
13
-8
-39
-14
8
-14
55
35
26
3
-9
62
58
13
62
100
79
94
68
111
113
119
104
154
140
126
143
104
95
118
148
159
183
152
108
152
217
183
202
226
196
214
218
203
144
70
48
79
62
60
59
59
42
24
33
52
58
71
54
34
29
68
100
94
75
69
86
100
94
64
15
87
78
124
130
134
175
110
97
94
102
101
136
99
51
87
75
56
71
68
70
62
153
322
202
-256
-376
-327
-260
-70
333
699
651
293
-126
-431
-543
-281
46
257
315
196
103
-17
-90
-177
-192
-85
-53
-81
-87
-51
-133
-108
-101
-97
-53
-44
38
8
-44
-148
-152
-97
-33
44
11
-56
-155
-199
-217
-191
-173
-117
-114
-58
-92
-152
-193
-172
-184
-215
-217
-197
-230
-236
-257
-236
-229
-207
-185
-198
-132
-83
-110
-166
-118
-115
-111
-81
-100
-100
-122
-125
-139
-81
-91
-88
-130
-128
-75
-87
-89
-119
-153
-155
-159
-131
-115
-121
-117
-106
-61
-121
-151
-159
-173
-176
-156
-178
-178
-113
-118
-150
-183
-178
-244
-239
-218
-215
-234
-236
-230
-235
-258
-288
-284
-319
-330
-333
-358
-323
-344
-361
-403
-405
-375
-402
-373
-344
-356
-393
-369
-347
-339
-394
-380
-401
-381
-349
-334
-324
-359
-333
-322
-329
-265
-231
-249
-264
-226
-219
-237
-180
-162
-203
-165
-118
-80
-126
-151
-154
-154
-106
-124
-50
-54
-80
-97
-111
-116
-105
-108
-88
-77
-88
-137
-130
-119
-138
-155
-144
-112
-77
-98
-94
-113
-95
-162
-183
-155
-169
-170
-205
-185
-163
-191
-191
-207
-171
-167
-187
-165
-186
-160
-200
-206
-240
-258
-223
-243
-194
-217
-193
-213
-210
-213
-214
-136
-135
-75
-94
-106
-115
-125
-120
-78
-28
-20
-11
-40
-41
-55
-19
35
5
38
17
6
32
45
45
44
72
55
31
8
48
65
58
45
88
86
84
39
37
43
31
23
57
97
24
-29
-37
-14
30
15
-9
-25
-72
-67
-54
-50
-27
-30
-22
-49
-4
4
19
21
44
25
-51
-41
-41
-37
-14
-16
33
11
41
42
-16
-44
-78
-100
-80
-52
-52
0
13
22
-22
-43
22
2
-7
5
65
66
40
21
17
50
28
65
53
23
-24
-17
42
34
45
33
99
126
130
125
148
128
130
162
197
224
217
197
213
151
169
129
164
166
129
67
20
61
48
68
36
76
35
38
56
43
36
-16
-19
32
20
-35
-26
-45
-15
-48
-118
-87
-58
-60
-34
14
-10
1
34
47
19
23
48
80
-381
-349
-334
-324
-359
-333
-322
-329
-265
-231
-249
-264
-226
-219
-237
-180
-162
-203
-165
-118
-80
-126
-151
-154
-154
-106
-124
-50
-54
-80
-97
-111
-116
-105
-108
-88
-77
-88
-137
-130
-119
-138
-155
-144
-112
-77
-98
-94
-113
-95
-162
-183
-155
-169
-170
-205
-185
-163
-191
-191
-207
-171
-167
-187
-165
-186
-160
-200
-206
-240
-258
-223
-243
-194
-217
-193
-213
-210
-213
-214
-136
-135
-75
-94
-106
-115
-125
-120
-78
-28
-20
-11
-40
-41
-55
-19
35
5
38
17
6
32
45
45
44
72
55
31
8
48
65
58
45
88
86
84
39
37
43
31
23
57
97
24
-29
-37
-14
30
15
-9
-25
-72
-67
-54
-50
-27
-30
-22
-49
-4
4
19
21
44
25
-51
-41
-41
-37
-14
-16
33
11
41
42
-16
-44
-78
-100
-80
-52
-52
0
13
22
-22
-43
22
2
-7
5
65
66
40
21
17
50
28
65
53
23
-24
-17
42
34
45
33
99
126
130
125
148
128
130
162
197
224
217
197
213
151
169
129
164
166
129
67
20
61
48
68
36
76
35
38
56
43
36
-16
-19
32
20
-35
-26
-45
-15
-48
-118
-87
-58
-60
-34
14
-10
1
34
47
19
23
48
80
101
82
119
85
55
43
28
10
-6
29
50
58
56
82
101
84
115
100
85
84
95
67
56
84
125
109
82
89
76
106
86
83
104
98
91
103
62
42
53
38
43
61
108
80
102
93
73
98
135
116
104
111
156
127
116
88
84
89
78
86
65
21
21
64
57
89
165
170
132
92
110
86
117
111
97
88
125
98
76
54
43
57
65
1
5
12
25
31
29
3
-6
-5
17
40
12
33
2
63
42
80
55
24
61
93
109
123
137
167
119
125
108
130
130
165
175
112
121
136
152
164
159
180
152
160
178
213
184
187
239
222
229
231
213
218
215
197
192
148
152
143
102
105
144
109
122
146
73
42
62
76
92
25
-3
-5
-4
-10
-7
1
39
36
30
57
79
83
152
183
180
157
167
187
167
162
156
178
219
162
197
159
73
110
78
86
80
35
49
22
53
4
12
31
29
-33
-11
0
-12
-12
-25
-3
-35
-8
-11
-4
3
29
-27
-2
14
-12
23
-42
-74
-49
-24
46
24
9
-3
6
51
47
35
-3
50
-22
39
42
26
40
33
20
63
128
173
161
88
82
67
55
95
84
80
101
82
119
85
55
43
28
10
-6
29
50
58
56
82
101
84
115
100
85
84
95
67
56
84
125
109
82
89
76
106
86
83
104
98
91
103
62
42
53
38
43
61
108
80
102
93
73
98
135
116
104
111
156
127
116
88
84
89
78
86
65
21
21
64
57
89
165
170
132
92
110
86
117
111
97
88
125
98
76
54
43
57
65
1
5
12
25
31
29
3
-6
-5
17
40
12
33
2
63
42
80
55
24
61
93
109
123
137
167
119
125
108
130
130
165
175
112
121
136
152
164
159
180
152
160
178
213
184
187
239
222
229
231
213
218
215
197
192
148
152
143
102
105
144
109
122
146
73
42
62
76
92
25
-3
-5
-4
-10
-7
1
39
36
30
57
79
83
152
183
180
157
167
187
167
162
156
178
219
162
197
159
73
110
78
86
80
35
49
22
53
4
12
31
29
-33
-11
0
-12
-12
-25
-3
-35
-8
-11
-4
3
29
-27
-2
14
-12
23
-42
-74
-49
-24
46
24
9
-3
6
51
47
35
-3
50
-22
39
42
26
40
33
20
63
128
173
161
88
82
67
55
95
84
34
-53
7
-39
6
4
59
47
-30
-2
-12
9
27
-4
-34
22
40
9
22
24
37
-11
41
18
70
86
49
29
9
18
31
52
109
62
45
72
49
69
68
46
110
129
81
15
20
33
57
38
30
118
79
98
30
46
39
54
11
78
-19
41
38
83
83
18
24
53
66
71
81
71
52
-5
76
50
24
45
73
0
20
58
123
93
130
105
175
76
200
119
167
136
143
126
180
147
102
61
64
86
99
111
113
142
94
97
121
160
118
81
55
63
43
55
25
-12
29
14
62
-1
60
93
18
-30
29
37
41
47
15
1
-22
50
-23
-23
-37
-15
42
2
-10
-29
-13
86
44
32
-64
0
-18
7
-70
-27
-25
-94
-27
-53
-41
-7
34
-9
-15
12
-11
-27
29
4
94
69
86
41
97
31
115
86
158
133
112
87
78
83
130
146
202
174
133
124
113
46
61
68
-12
120
81
96
32
39
3
3
-36
-38
-42
-29
-91
-34
-81
-19
4
41
15
56
16
38
12
28
58
20
61
131
88
124
91
76
77
74
38
79
56
99
79
83
145
83
43
55
9
44
45
59
36
13
-23
-35
-25
-60
84
34
-53
7
-39
6
4
59
47
-30
-2
-12
9
27
-4
-34
22
40
9
22
24
37
-11
41
18
70
86
49
29
9
18
31
52
109
62
45
72
49
69
68
46
110
129
81
15
20
33
57
38
30
118
79
98
30
46
39
54
11
78
-19
41
38
83
83
18
24
53
66
71
81
71
52
-5
76
50
24
45
73
0
20
58
123
93
130
105
175
76
200
119
167
136
143
126
180
147
102
61
64
86
99
111
113
142
94
97
121
160
118
81
55
63
43
55
25
-12
29
14
62
-1
60
93
18
-30
29
37
41
47
15
1
-22
50
-23
-23
-37
-15
42
2
-10
-29
-13
86
44
32
-64
0
-18
7
-70
-27
-25
-94
-27
-53
-41
-7
34
-9
-15
12
-11
-27
29
4
94
69
86
41
97
31
115
86
158
133
112
87
78
83
130
146
202
174
133
124
113
46
61
68
-12
120
81
96
32
39
3
3
-36
-38
-42
-29
-91
-34
-81
-19
4
41
15
56
16
38
12
28
58
20
61
131
88
124
91
76
77
74
38
79
56
99
79
83
145
83
43
55
9
44
45
59
36
13
-23
-35
-25
-60
-40
-65
1
-58
-93
-66
-78
-153
-120
-136
-145
-148
-128
-157
-153
-93
-190
-118
-196
-185
-133
-192
-163
-157
-118
-130
-141
-86
-86
-32
-61
-76
-115
-71
-54
-8
-70
-61
-68
-73
-70
-3
-72
-64
-101
-82
-111
-175
-176
-109
-92
-126
-144
-143
-82
-91
-81
-150
-130
-134
-145
-96
-165
-139
-133
-155
-117
-143
-132
-77
-99
-155
-221
-248
-155
-192
-209
-198
-244
-265
-226
-231
-210
-234
-207
-225
-223
-239
-208
-220
-239
-204
-176
-197
-229
-188
-218
-294
-260
-280
-245
-220
-231
-181
-255
-233
-214
-265
-219
-228
-218
-234
-190
-211
-226
-250
-208
-217
-249
-210
-237
-192
-243
-184
-168
-232
-251
-271
-250
-221
-241
-240
-198
-235
-293
-252
-211
-264
-272
-233
-196
-179
-178
-260
-244
-266
-257
-254
-227
-230
-265
-291
-292
-209
-268
-233
-253
-274
-242
-250
-233
-250
-239
-205
-217
-203
-232
-220
-238
-272
-277
-250
-241
-223
-217
-205
-193
-164
-132
-85
-92
-101
-62
-27
71
-44
-10
-12
-26
-69
24
64
6
-30
19
1
58
47
41
71
117
95
122
119
153
108
62
99
123
159
151
164
139
93
105
168
159
169
161
194
241
171
205
185
114
81
128
140
183
142
117
123
30
106
87
192
148
141
146
107
-60
-40
-65
1
-58
-93
-66
-78
-153
-120
-136
-145
-148
-128
-157
-153
-93
-190
-118
-196
-185
-133
-192
-163
-157
-118
-130
-141
-86
-86
-32
-61
-76
-115
-71
-54
-8
-70
-61
-68
-73
-70
-3
-72
-64
-101
-82
-111
-175
-176
-109
-92
-126
-144
-143
-82
-91
-81
-150
-130
-134
-145
-96
-165
-139
-133
-155
-117
-143
-132
-77
-99
-155
-221
-248
-155
-192
-209
-198
-244
-265
-226
-231
-210
-234
-207
-225
-223
-239
-208
-220
-239
-204
-176
-197
-229
-188
-218
-294
-260
-280
-245
-220
-231
-181
-255
-233
-214
-265
-219
-228
-218
-234
-190
-211
-226
-250
-208
-217
-249
-210
-237
-192
-243
-184
-168
-232
-251
-271
-250
-221
-241
-240
-198
-235
-293
-252
-211
-264
-272
-233
-196
-179
-178
-260
-244
-266
-257
-254
-227
-230
-265
-291
-292
-209
-268
-233
-253
-274
-242
-250
-233
-250
-239
-205
-217
-203
-232
-220
-238
-272
-277
-250
-241
-223
-217
-205
-193
-164
-132
-85
-92
-101
-62
-27
71
-44
-10
-12
-26
-69
24
64
6
-30
19
1
58
47
41
71
117
95
122
119
153
108
62
99
123
159
151
164
139
93
105
168
159
169
161
194
241
171
205
185
114
81
128
140
183
142
117
123
30
106
87
192
148
141
146
107
167
104
148
148
193
187
221
198
181
182
127
232
241
198
222
266
217
250
210
180
215
129
213
128
148
192
235
175
205
114
196
167
182
203
201
162
172
109
109
78
101
112
129
117
107
68
31
62
94
64
88
109
110
128
67
190
94
213
143
126
142
134
149
178
153
81
52
107
91
73
-11
87
17
13
-71
-41
-91
-46
-127
-139
-154
-105
-148
-151
-133
-83
-36
-75
-81
-83
-94
-68
-67
-7
-8
-1
-3
3
3
-7
-5
12
11
-30
-52
-54
-13
15
-1
-51
-67
-57
-52
17
6
1
-42
-23
-19
-48
-42
43
-71
-87
-82
-10
-75
-36
-80
-60
-104
-159
-66
-192
-161
-170
-140
-122
-59
-55
-34
-100
-25
-28
-67
-19
-29
-39
-124
-80
-151
-134
-138
-128
-139
-124
-56
-68
-67
-48
-87
-75
-61
-52
-4
-7
-32
-13
18
38
8
35
10
6
6
56
116
128
84
55
129
150
139
125
152
129
181
72
153
108
91
132
150
164
178
212
155
92
138
169
172
248
190
161
124
90
135
114
110
114
159
88
92
152
156
139
108
116
97
131
144
175
118
208
103
150
126
126
91
112
67
103
119
93
112
53
162
83
127
133
107
167
104
148
148
193
187
221
198
181
182
127
232
241
198
222
266
217
250
210
180
215
129
213
128
148
192
235
175
205
114
196
167
182
203
201
162
172
109
109
78
101
112
129
117
107
68
31
62
94
64
88
109
110
128
67
190
94
213
143
126
142
134
149
178
153
81
52
107
91
73
-11
87
17
13
-71
-41
-91
-46
-127
-139
-154
-105
-148
-151
-133
-83
-36
-75
-81
-83
-94
-68
-67
-7
-8
-1
-3
3
3
-7
-5
12
11
-30
-52
-54
-13
15
-1
-51
-67
-57
-52
17
6
1
-42
-23
-19
-48
-42
43
-71
-87
-82
-10
-75
-36
-80
-60
-104
-159
-66
-192
-161
-170
-140
-122
-59
-55
-34
-100
-25
-28
-67
-19
-29
-39
-124
-80
-151
-134
-138
-128
-139
-124
-56
-68
-67
-48
-87
-75
-61
-52
-4
-7
-32
-13
18
38
8
35
10
6
6
56
116
128
84
55
129
150
139
125
152
129
181
72
153
108
91
132
150
164
178
212
155
92
138
169
172
248
190
161
124
90
135
114
110
114
159
88
92
152
156
139
108
116
97
131
144
175
118
208
103
150
126
126
91
112
67
103
119
93
112
53
162
83
127
133
168
95
94
21
60
29
40
88
91
66
66
78
80
79
68
77
42
81
51
53
47
28
39
100
2
22
-6
19
20
37
48
63
121
45
104
49
58
53
53
27
22
21
46
96
154
72
54
61
44
-23
20
33
107
63
37
-1
37
27
45
-11
-44
-5
31
49
32
83
-26
23
79
24
0
-46
-14
-26
-59
-80
-92
-90
-152
-112
-102
-106
-161
-153
-119
-143
-183
-182
-117
-97
-98
-96
-74
-121
-139
-76
-116
-75
-99
-98
-99
-93
-138
-78
-78
-85
-127
-88
-97
-30
-13
-33
-50
-36
-36
-78
-70
-48
7
15
37
35
-36
39
73
40
82
110
169
161
151
147
103
134
105
103
77
85
-16
22
14
39
12
27
35
24
-10
-63
-70
-37
-29
-47
-52
-25
-72
-47
-101
-61
-33
-28
-48
-72
-79
-113
-103
-145
-112
-136
-170
-197
-174
-135
-144
-98
-143
-135
-84
-88
-88
-48
11
-20
-41
-20
-19
-33
47
7
-1
-36
20
40
80
85
51
59
20
7
28
7
27
72
20
7
11
-1
0
-19
-7
27
21
38
20
29
77
65
40
40
48
101
19
29
19
0
8
-33
-10
18
80
63
120
121
58
74
97
41
-1
66
102
87
133
168
95
94
21
60
29
40
88
91
66
66
78
80
79
68
77
42
81
51
53
47
28
39
100
2
22
-6
19
20
37
48
63
121
45
104
49
58
53
53
27
22
21
46
96
154
72
54
61
44
-23
20
33
107
63
37
-1
37
27
45
-11
-44
-5
31
49
32
83
-26
23
79
24
0
-46
-14
-26
-59
-80
-92
-90
-152
-112
-102
-106
-161
-153
-119
-143
-183
-182
-117
-97
-98
-96
-74
-121
-139
-76
-116
-75
-99
-98
-99
-93
-138
-78
-78
-85
-127
-88
-97
-30
-13
-33
-50
-36
-36
-78
-70
-48
7
15
37
35
-36
39
73
40
82
110
169
161
151
147
103
134
105
103
77
85
-16
22
14
39
12
27
35
24
-10
-63
-70
-37
-29
-47
-52
-25
-72
-47
-101
-61
-33
-28
-48
-72
-79
-113
-103
-145
-112
-136
-170
-197
-174
-135
-144
-98
-143
-135
-84
-88
-88
-48
11
-20
-41
-20
-19
-33
47
7
-1
-36
20
40
80
85
51
59
20
7
28
7
27
72
20
7
11
-1
0
-19
-7
27
21
38
20
29
77
65
40
40
48
101
19
29
19
0
8
-33
-10
18
80
63
120
121
58
74
97
41
-1
66
102
87
70
94
88
73
54
79
96
125
109
77
76
76
97
122
170
128
129
81
227
234
149
98
167
248
241
120
152
198
214
166
163
195
200
212
254
289
236
223
185
210
129
137
110
136
145
187
170
190
177
109
116
143
121
126
47
69
38
66
98
178
242
187
141
50
70
137
152
176
182
210
139
142
199
155
128
139
107
87
161
124
162
162
213
185
181
166
174
176
106
118
94
127
140
230
234
164
98
131
103
188
133
99
97
30
5
48
108
90
71
64
67
70
166
179
177
133
95
85
86
86
123
159
84
69
30
-6
40
21
-54
-50
-11
15
7
31
-59
-33
-42
15
2
7
12
4
-37
-19
-35
-13
0
-27
-60
-126
-58
-68
6
26
44
44
99
94
127
92
154
149
163
172
266
260
226
236
205
198
144
184
212
258
288
258
230
171
230
199
112
109
208
257
188
176
208
158
200
172
168
195
172
252
168
114
166
108
74
128
82
-5
-44
-26
-42
-42
-47
-75
-75
-84
-101
-29
-78
-34
-97
-88
-104
-140
-93
-110
-52
-58
-43
-54
-65
-61
-87
34
-41
-6
-15
-10
-32
-73
-84
-104
-106
-135
-88
-37
87
70
94
88
73
54
79
96
125
109
77
76
76
97
122
170
128
129
81
227
234
149
98
167
248
241
120
152
198
214
166
163
195
200
212
254
289
236
223
185
210
129
137
110
136
145
187
170
190
177
109
116
143
121
126
47
69
38
66
98
178
242
187
141
50
70
137
152
176
182
210
139
142
199
155
128
139
107
87
161
124
162
162
213
185
181
166
174
176
106
118
94
127
140
230
234
164
98
131
103
188
133
99
97
30
5
48
108
90
71
64
67
70
166
179
177
133
95
85
86
86
123
159
84
69
30
-6
40
21
-54
-50
-11
15
7
31
-59
-33
-42
15
2
7
12
4
-37
-19
-35
-13
0
-27
-60
-126
-58
-68
6
26
44
44
99
94
127
92
154
149
163
172
266
260
226
236
205
198
144
184
212
258
288
258
230
171
230
199
112
109
208
257
188
176
208
158
200
172
168
195
172
252
168
114
166
108
74
128
82
-5
-44
-26
-42
-42
-47
-75
-75
-84
-101
-29
-78
-34
-97
-88
-104
-140
-93
-110
-52
-58
-43
-54
-65
-61
-87
34
-41
-6
-15
-10
-32
-73
-84
-104
-106
-135
-88
-37
-68
-36
-25
-23
60
34
85
44
3
54
57
99
63
60
-46
-31
-24
-8
10
-67
-58
-71
-70
-70
-17
-9
-39
-26
-25
15
12
-10
19
-7
-9
-68
-96
-102
-124
-83
-132
-161
-126
-169
-139
-194
-246
-288
-275
-277
-250
-247
-251
-245
-264
-218
-244
-259
-235
-248
-254
-246
-203
-147
-109
-98
-115
-154
-182
-162
-174
-187
-187
-172
-128
-134
-128
-125
-130
-159
-118
-115
-123
-115
-62
-26
-45
-51
-121
-55
-71
-51
-71
-69
-20
-53
-102
-91
-41
-17
-15
-11
-69
-51
-74
-106
-9
-62
-17
-96
35
-11
81
16
72
5
42
15
46
35
50
12
8
3
-17
-33
-37
-5
-37
-30
-35
20
-10
-43
-232
-128
742
-221
361
287
-24
-160
-405
-314
108
124
553
358
78
-13
-164
-161
-7
-46
97
233
194
104
-12
5
154
-65
-108
183
-54
182
174
-8
136
-66
33
173
12
161
28
73
-87
85
142
212
200
204
209
213
165
76
174
152
154
73
62
150
192
173
110
159
107
117
117
111
93
63
109
41
78
198
139
157
167
204
129
176
198
225
174
238
239
231
153
185
140
111
110
56
101
118
89
31
65
77
99
15
65
95
126
60
19
36
36
60
-37
-68
-36
-25
-23
60
34
85
44
3
54
57
99
63
60
-46
-31
-24
-8
10
-67
-58
-71
-70
-70
-17
-9
-39
-26
-25
15
12
-10
19
-7
-9
-68
-96
-102
-124
-83
-132
-161
-126
-169
-139
-194
-246
-288
-275
-277
-250
-247
-251
-245
-264
-218
-244
-259
-235
-248
-254
-246
-203
-147
-109
-98
-115
-154
-182
-162
-174
-187
-187
-172
-128
-134
-128
-125
-130
-159
-118
-115
-123
-115
-62
-26
-45
-51
-121
-55
-71
-51
-71
-69
-20
-53
-102
-91
-41
-17
-15
-11
-69
-51
-74
-106
-9
-62
-17
-96
35
-11
81
16
72
5
42
15
46
35
50
12
8
3
-17
-33
-37
-5
-37
-30
-35
20
-10
-43
-232
-128
742
-221
361
287
-24
-160
-405
-314
108
124
553
358
78
-13
-164
-161
-7
-46
97
233
194
104
-12
5
154
-65
-108
183
-54
182
174
-8
136
-66
33
173
12
161
28
73
-87
85
142
212
200
204
209
213
165
76
174
152
154
73
62
150
192
173
110
159
107
117
117
111
93
63
109
41
78
198
139
157
167
204
129
176
198
225
174
238
239
231
153
185
140
111
110
56
101
118
89
31
65
77
99
15
65
95
126
60
19
36
36
60
-26
27
6
25
23
42
81
28
54
-11
18
16
46
-9
8
-56
-88
-62
-66
-38
-85
-107
-98
-48
-60
-85
-95
-43
-36
12
-2
-50
-73
-13
-79
-72
-45
-57
-101
-87
-136
-144
-145
-136
-116
-179
-126
-128
-113
-54
-107
-72
-36
-81
-56
-25
-60
-45
-24
-25
-4
-11
-16
-79
-67
-57
-89
-84
-118
-149
-195
-145
-180
-268
-215
-257
-241
-281
-301
-300
-271
-256
-219
-316
-268
-309
-324
-335
-268
-305
-257
-269
-196
-283
-285
-199
-297
-231
-273
-273
-228
-204
-160
-168
-177
-164
-168
-190
-140
-140
-166
-131
-118
-119
-137
-144
-149
-132
-112
-198
-164
-217
-180
-227
-166
-226
-198
-209
-194
-253
-226
-292
-237
-249
-290
-291
-282
-253
-329
-337
-294
-346
-310
-369
-350
-377
-354
-341
-331
-329
-352
-332
-377
-408
-357
-323
-324
-280
-292
-241
-200
-235
-223
-244
-234
-218
-195
-205
-196
-154
-268
-206
-258
-189
-156
-195
-190
-223
-177
-158
-195
-213
-146
-200
-155
-154
-153
-72
-82
-103
-91
-92
-95
-79
-95
-85
-78
-102
-72
-138
-140
-133
-180
-193
-214
-242
-147
-181
-127
-116
-83
-105
-110
-120
-129
-142
-173
-193
-115
-111
-108
-64
-139
-98
-171
-120
-126
-145
-210
-162
-121
-69
-62
-105
-92
-61
-129
-116
-121
-22
60
-26
27
6
25
23
42
81
28
54
-11
18
16
46
-9
8
-56
-88
-62
-66
-38
-85
-107
-98
-48
-60
-85
-95
-43
-36
12
-2
-50
-73
-13
-79
-72
-45
-57
-101
-87
-136
-144
-145
-136
-116
-179
-126
-128
-113
-54
-107
-72
-36
-81
-56
-25
-60
-45
-24
-25
-4
-11
-16
-79
-67
-57
-89
-84
-118
-149
-195
-145
-180
-268
-215
-257
-241
-281
-301
-300
-271
-256
-219
-316
-268
-309
-324
-335
-268
-305
-257
-269
-196
-283
-285
-199
-297
-231
-273
-273
-228
-204
-160
-168
-177
-164
-168
-190
-140
-140
-166
-131
-118
-119
-137
-144
-149
-132
-112
-198
-164
-217
-180
-227
-166
-226
-198
-209
-194
-253
-226
-292
-237
-249
-290
-291
-282
-253
-329
-337
-294
-346
-310
-369
-350
-377
-354
-341
-331
-329
-352
-332
-377
-408
-357
-323
-324
-280
-292
-241
-200
-235
-223
-244
-234
-218
-195
-205
-196
-154
-268
-206
-258
-189
-156
-195
-190
-223
-177
-158
-195
-213
-146
-200
-155
-154
-153
-72
-82
-103
-91
-92
-95
-79
-95
-85
-78
-102
-72
-138
-140
-133
-180
-193
-214
-242
-147
-181
-127
-116
-83
-105
-110
-120
-129
-142
-173
-193
-115
-111
-108
-64
-139
-98
-171
-120
-126
-145
-210
-162
-121
-69
-62
-105
-92
-61
-129
-116
-121
-22
-39
26
-6
-13
-35
6
6
65
4
64
83
31
15
-32
40
41
2
-70
-37
-80
-126
-169
-130
-130
-118
-153
-156
-143
-129
-128
-109
-65
-153
-125
-145
-165
-175
-147
-142
-143
-165
-218
-169
-241
-198
-160
-168
-126
-114
-166
-117
-168
-144
-153
-159
-148
-131
-135
-72
-136
-129
-106
-113
-121
-114
-114
-167
-142
-194
-225
-273
-221
-197
-163
-167
-182
-135
-168
-186
-180
-182
-123
-105
-140
-210
-132
-95
-92
-201
-87
-158
-99
-144
-89
-99
-82
-58
-117
-98
-141
-194
-242
-113
-168
-109
-106
-125
-185
-150
-147
-135
-119
-113
-105
-140
-136
-156
-232
-141
-163
-159
-214
-191
-152
-165
-188
-114
-113
-80
-78
-45
-35
-1
-21
7
37
9
60
43
98
123
53
53
-16
-1
-39
-69
-90
-4
9
30
26
33
-21
-52
-50
-34
38
-22
11
70
30
-11
-13
-16
7
94
55
40
-11
92
14
38
8
-62
7
2
40
50
-51
-26
-72
-70
-54
-70
-19
27
60
58
101
51
122
50
111
-26
95
115
129
113
49
40
52
96
6
73
55
83
60
77
81
33
101
66
131
118
146
132
147
144
93
140
189
205
196
139
205
161
90
69
109
167
160
93
114
118
92
121
91
74
55
-22
-39
26
-6
-13
-35
6
6
65
4
64
83
31
15
-32
40
41
2
-70
-37
-80
-126
-169
-130
-130
-118
-153
-156
-143
-129
-128
-109
-65
-153
-125
-145
-165
-175
-147
-142
-143
-165
-218
-169
-241
-198
-160
-168
-126
-114
-166
-117
-168
-144
-153
-159
-148
-131
-135
-72
-136
-129
-106
-113
-121
-114
-114
-167
-142
-194
-225
-273
-221
-197
-163
-167
-182
-135
-168
-186
-180
-182
-123
-105
-140
-210
-132
-95
-92
-201
-87
-158
-99
-144
-89
-99
-82
-58
-117
-98
-141
-194
-242
-113
-168
-109
-106
-125
-185
-150
-147
-135
-119
-113
-105
-140
-136
-156
-232
-141
-163
-159
-214
-191
-152
-165
-188
-114
-113
-80
-78
-45
-35
-1
-21
7
37
9
60
43
98
123
53
53
-16
-1
-39
-69
-90
-4
9
30
26
33
-21
-52
-50
-34
38
-22
11
70
30
-11
-13
-16
7
94
55
40
-11
92
14
38
8
-62
7
2
40
50
-51
-26
-72
-70
-54
-70
-19
27
60
58
101
51
122
50
111
-26
95
115
129
113
49
40
52
96
6
73
55
83
60
77
81
33
101
66
131
118
146
132
147
144
93
140
189
205
196
139
205
161
90
69
109
167
160
93
114
118
92
121
91
74
55
51
23
21
47
58
25
48
96
142
85
104
18
23
-16
13
34
38
-46
25
-18
31
9
59
66
59
-1
13
1
25
8
72
112
61
80
80
140
32
60
39
24
19
86
72
17
59
83
97
55
64
52
105
80
28
31
32
7
49
63
40
39
86
5
25
14
79
-5
-14
6
-10
36
47
54
21
3
57
-1
81
-53
0
-6
5
51
31
18
-20
-9
34
16
73
-46
-75
-54
-40
9
-63
-86
-91
-81
-59
-4
-70
36
42
105
16
17
21
63
28
119
9
129
102
131
80
121
158
175
181
230
175
170
183
170
101
172
140
136
186
172
160
120
142
147
172
231
243
217
282
276
327
276
316
263
271
261
194
202
252
217
233
243
240
219
238
226
200
189
218
238
246
238
190
228
252
262
178
265
205
165
222
247
211
204
188
191
246
276
253
262
275
251
277
225
284
236
293
270
320
344
276
268
314
298
283
274
291
330
334
358
330
323
359
355
335
376
401
411
389
455
382
379
410
392
384
394
443
446
390
379
346
360
325
321
310
399
415
408
437
383
283
310
382
350
352
368
411
409
479
368
55
51
23
21
47
58
25
48
96
142
85
104
18
23
-16
13
34
38
-46
25
-18
31
9
59
66
59
-1
13
1
25
8
72
112
61
80
80
140
32
60
39
24
19
86
72
17
59
83
97
55
64
52
105
80
28
31
32
7
49
63
40
39
86
5
25
14
79
-5
-14
6
-10
36
47
54
21
3
57
-1
81
-53
0
-6
5
51
31
18
-20
-9
34
16
73
-46
-75
-54
-40
9
-63
-86
-91
-81
-59
-4
-70
36
42
105
16
17
21
63
28
119
9
129
102
131
80
121
158
175
181
230
175
170
183
170
101
172
140
136
186
172
160
120
142
147
172
231
316
263
243
217
282
276
327
276
271
261
194
202
252
217
233
243
240
219
238
226
200
189
218
238
246
238
190
228
252
262
178
265
205
165
222
247
211
204
188
191
246
276
253
262
275
251
277
225
284
236
293
270
320
344
276
268
314
298
283
274
291
330
334
358
330
323
359
355
335
376
401
411
389
455
382
379
410
392
384
394
443
446
390
379
346
360
325
321
310
399
415
408
437
383
283
310
382
350
352
368
411
409
479
368
422
444
412
389
433
493
453
472
502
408
430
478
449
373
466
408
405
401
442
432
454
453
402
394
460
480
506
550
516
479
437
447
484
472
497
446
449
480
446
350
378
334
363
357
411
336
333
318
316
371
350
388
333
356
311
300
305
311
331
317
319
300
279
332
320
331
339
424
324
332
344
306
276
306
309
343
387
376
331
351
322
371
381
433
363
354
298
276
240
281
240
201
245
205
237
190
197
158
229
215
231
216
214
162
220
261
187
178
231
166
142
108
141
82
112
105
155
126
227
110
162
177
205
194
259
208
241
213
273
236
211
251
248
226
265
318
187
209
148
159
177
242
135
141
179
137
127
80
54
115
55
74
-9
52
110
45
65
61
43
54
65
-1
-1
27
12
58
143
78
33
62
82
45
102
65
80
13
63
36
8
-10
40
91
84
72
22
26
16
-40
-11
-11
28
-66
-44
-31
-52
-38
-60
-77
-60
5
-25
-22
-64
-83
-56
-31
-29
25
43
32
15
25
41
39
98
72
38
56
115
93
130
126
111
56
111
181
151
118
53
72
101
169
224
190
220
182
155
182
178
119
368
422
444
412
389
433
493
453
472
502
408
430
478
449
373
466
408
405
401
442
432
454
453
402
371
394
460
480
506
550
516
479
437
447
484
472
497
446
449
480
446
350
378
334
363
357
411
336
333
318
316
371
350
388
333
356
311
300
305
311
331
317
319
300
279
332
320
331
339
424
324
332
344
306
276
306
309
343
387
376
331
351
322
381
433
363
354
298
276
240
281
240
201
245
205
237
190
197
158
229
215
231
216
214
162
220
261
187
178
231
166
142
108
141
82
112
105
155
126
227
110
162
177
205
194
259
208
241
213
273
236
211
251
248
226
265
318
187
209
148
159
177
242
135
141
179
137
127
80
54
115
55
74
-9
52
110
45
65
61
43
54
65
-1
-1
27
12
58
143
78
33
62
82
45
102
65
80
13
63
36
8
-10
40
91
84
72
22
26
16
-40
-11
-11
28
-66
-44
-31
-52
-38
-60
-77
-60
5
-25
-22
-64
-83
-56
-31
-29
25
43
32
15
25
41
39
98
72
38
56
115
93
130
126
111
56
111
181
151
118
53
72
101
169
224
190
220
182
155
182
178
119
158
140
141
142
155
140
195
214
157
177
201
163
185
279
259
171
149
211
159
186
228
286
275
333
301
232
202
266
151
318
265
305
230
270
236
240
210
123
156
210
148
143
123
87
8
142
94
157
80
89
20
74
88
93
32
29
87
75
150
105
122
60
11
-24
-16
47
29
11
46
57
59
42
16
11
52
34
42
-30
12
-32
-18
-51
-77
-93
-63
-82
-117
-86
-107
-76
-48
-66
-67
-103
-41
-35
-56
-62
-27
-77
-18
-30
13
-26
29
-24
37
89
59
-10
28
10
67
71
92
59
39
38
-10
16
39
43
-35
-14
-62
-30
29
28
32
62
74
78
72
102
95
144
120
112
69
110
71
39
21
-1
46
98
138
39
35
46
0
117
92
8
36
90
74
66
84
113
41
74
82
95
86
120
46
86
80
52
56
108
63
-3
19
-14
-27
-1
-5
-76
-48
-27
3
44
44
13
101
131
75
44
102
123
135
166
136
91
83
112
131
71
135
98
66
56
-28
4
58
57
-65
-78
-61
-36
-82
-116
-113
-141
-131
-134
-48
-38
-124
-171
-167
-109
-181
-109
-141
-80
-161
-111
-55
-62
-100
-144
-106
-90
-132
-94
-58
-4
119
158
140
141
142
155
140
195
214
157
177
201
163
185
279
259
171
149
211
159
186
228
286
275
333
301
232
202
266
151
318
265
305
230
270
236
240
210
123
156
210
148
143
123
87
8
142
94
157
80
89
20
74
88
93
32
29
87
75
150
105
122
60
11
-24
-16
47
29
11
46
57
59
42
16
11
52
34
42
-30
12
-32
-18
-51
-77
-93
-63
-82
-117
-86
-107
-76
-48
-66
-67
-103
-41
-35
-56
-62
-27
-77
-18
-30
13
-26
29
-24
37
89
59
-10
28
10
67
71
92
59
39
38
-10
16
39
43
-35
-14
-62
-30
29
28
32
62
74
78
72
102
95
144
120
112
69
110
71
39
21
-1
46
98
138
39
35
46
0
117
92
8
36
90
74
66
84
113
41
74
82
95
86
120
46
86
80
52
56
108
63
-3
19
-14
-27
-1
-5
-76
-48
-27
3
44
44
13
101
131
75
44
102
123
135
166
136
91
83
112
131
71
135
98
66
56
-28
4
58
57
-65
-78
-61
-36
-82
-116
-113
-141
-131
-134
-48
-38
-124
-171
-167
-109
-181
-109
-141
-80
-161
-111
-55
-62
-100
-144
-106
-90
-132
-94
-58
-4
-43
-131
-164
-20
-50
3
-135
-87
-62
-51
-47
-51
-57
-92
-56
-72
-111
-109
-48
6
-35
-61
-109
-133
-137
-58
-74
-15
-75
-27
-92
-91
-72
-112
-94
-107
-145
-137
-102
-98
-94
-145
-250
-250
-171
-105
-121
-221
-198
-115
-10
-119
-144
-247
-133
-153
-154
-181
-271
-293
-219
-188
-177
-253
-205
-177
-272
-226
-213
-273
-288
-316
-268
-198
-225
-250
-271
-169
-190
-99
-122
-103
-122
-81
-170
-157
-46
-33
-92
-11
-49
-49
-21
-2
-39
-40
-22
-39
26
3
-65
-55
-2
-140
-215
-197
-203
-246
-242
-168
-236
-220
-284
-294
-218
-273
-225
-249
-263
-186
-253
-218
-162
-152
-85
-95
-66
-53
-16
-29
-5
-70
-16
-56
-6
-8
54
65
-83
-143
-73
-63
14
-48
-27
-76
39
-41
-65
-143
-137
-73
-89
10
-1
-34
-148
-195
-116
-95
-146
-134
-109
-122
-130
-119
-157
-220
-213
-221
-255
-200
-211
-163
-184
-178
-161
-178
-159
-102
-159
-246
-211
-233
-183
-177
-161
-123
-101
-146
-181
-171
-136
-77
-170
-166
-234
-261
-208
-136
-131
-177
-235
-239
-180
-153
-136
-112
-90
-43
-4
-2
7
47
-6
21
7
-2
-3
-13
-73
-28
-131
-8
-27
-37
-61
-78
-70
-121
-110
-123
-115
-9
-10
-32
-83
6
-18
-34
-4
-43
-131
-164
-20
-50
3
-135
-87
-62
-51
-47
-51
-57
-92
-56
-72
-111
-109
-48
6
-35
-61
-109
-133
-137
-58
-74
-15
-75
-27
-92
-91
-72
-112
-94
-107
-145
-137
-102
-98
-94
-145
-250
-250
-171
-105
-121
-221
-198
-115
-10
-119
-144
-247
-133
-153
-154
-181
-271
-293
-219
-188
-177
-253
-205
-177
-272
-226
-213
-273
-288
-316
-268
-198
-225
-250
-271
-169
-190
-99
-122
-103
-122
-81
-170
-157
-46
-33
-92
-11
-49
-49
-21
-2
-39
-40
-22
-39
26
3
-65
-55
-2
-140
-215
-197
-203
-246
-242
-168
-236
-220
-284
-294
-218
-273
-225
-249
-263
-186
-253
-218
-162
-152
-85
-95
-66
-53
-16
-29
-5
-70
-16
-56
-6
-8
54
65
-83
-143
-73
-63
14
-48
-27
-76
39
-41
-65
-143
-137
-73
-89
10
-1
-34
-148
-195
-116
-95
-146
-134
-109
-122
-130
-119
-157
-220
-213
-221
-255
-200
-211
-163
-184
-178
-161
-178
-159
-102
-159
-246
-211
-233
-183
-177
-161
-123
-101
-146
-181
-171
-136
-77
-170
-166
-234
-261
-208
-136
-131
-177
-235
-239
-180
-153
-136
-112
-90
-43
-4
-2
7
47
-6
21
7
-2
-3
-13
-73
-28
-131
-8
-27
-37
-61
-78
-70
-121
-110
-123
-115
-9
-10
-32
-83
6
-18
-34
-55
-3
-20
1
-76
-129
-139
-97
-45
-71
-35
-106
-102
-113
-148
-151
-170
-145
-142
-126
-76
-99
-102
-144
-106
-120
-194
-175
-257
-206
-174
-209
-215
-254
-299
-273
-262
-254
-329
-289
-228
-239
-152
-143
-140
-96
-78
-105
-126
-133
-102
-64
-56
-64
-30
0
1
-34
14
-21
52
46
25
3
43
32
13
-43
-52
-36
-76
-24
-133
-168
-123
-117
-181
-174
-115
-77
-53
-104
-164
-167
-141
-129
-184
-122
-133
-192
-227
-173
-268
-257
-221
-254
-193
-183
-154
-190
-123
-117
-111
-130
-93
-87
-71
-36
-66
-65
-33
-55
25
126
95
21
67
-2
-17
4
41
51
63
51
72
111
94
78
63
53
116
62
54
-16
34
114
69
80
63
173
113
86
103
45
60
42
90
56
71
134
135
138
125
134
118
157
94
130
96
70
108
91
45
-5
10
-1
14
127
161
106
56
87
23
-36
-61
-62
-41
33
-14
-10
-64
-123
-160
-113
-130
-55
-81
-43
-65
-98
-136
-97
-115
-15
-129
-95
-20
-12
-77
-47
13
-20
-7
38
30
52
66
42
91
76
114
117
147
121
75
130
137
104
54
79
62
87
75
112
19
56
-9
-88
-21
-34
11
8
-20
-57
-94
-144
-46
-64
-21
-82
-34
-55
-3
-20
1
-76
-129
-139
-97
-45
-71
-35
-106
-102
-113
-148
-151
-170
-145
-142
-126
-76
-99
-102
-144
-106
-120
-194
-175
-257
-206
-174
-209
-215
-254
-299
-273
-262
-254
-329
-289
-228
-239
-152
-143
-140
-96
-78
-105
-126
-133
-102
-64
-56
-64
-30
0
1
-34
14
-21
52
46
25
3
43
32
13
-43
-52
-36
-76
-24
-133
-168
-123
-117
-181
-174
-115
-77
-53
-104
-164
-167
-141
-129
-184
-122
-133
-192
-227
-173
-268
-257
-221
-254
-193
-183
-154
-190
-123
-117
-111
-130
-93
-87
-71
-36
-66
-65
-33
-55
25
126
95
21
67
-2
-17
4
41
51
63
51
72
111
94
78
63
53
116
62
54
-16
34
114
69
80
63
173
113
86
103
45
60
42
90
56
71
134
135
138
125
134
118
157
94
130
96
70
108
91
45
-5
10
-1
14
127
161
106
56
87
23
-36
-61
-62
-41
33
-14
-10
-64
-123
-160
-113
-130
-55
-81
-43
-65
-98
-136
-97
-115
-15
-129
-95
-20
-12
-77
-47
13
-20
-7
38
30
52
66
42
91
76
114
117
147
121
75
130
137
104
54
79
62
87
75
112
19
56
-9
-88
-21
-34
11
8
-20
-57
-94
-144
-46
-64
-21
-82
-15
8
-72
-33
-88
-53
-85
-50
-63
-39
-107
-83
-51
-106
-63
-85
-70
-84
-94
-65
-77
-91
-141
-183
-105
-86
-108
-88
-66
-40
-4
-82
-17
-38
-6
19
-1
-2
-18
-40
-41
-24
22
110
73
53
59
106
94
108
164
121
112
75
38
130
137
117
135
149
75
32
-2
-16
19
43
-9
3
51
-44
-70
-87
-44
-26
-61
-56
-62
-82
-46
-80
-24
-16
36
33
11
13
38
86
106
40
22
44
85
170
165
191
142
168
162
204
198
258
172
147
158
189
145
104
79
26
27
49
102
66
27
81
22
71
60
98
71
89
38
-22
-23
28
69
12
17
1
42
3
38
3
-29
9
-39
-9
35
119
102
107
129
93
102
81
86
27
94
81
107
88
120
60
46
100
22
110
189
72
139
111
70
60
117
97
111
154
164
133
117
67
28
134
205
126
107
167
124
133
30
68
22
61
54
-11
98
71
-2
29
50
-14
-6
-14
-27
85
48
102
53
104
132
25
131
38
78
85
186
89
8
89
-4
-12
28
86
-20
60
22
-25
-68
-26
-53
-36
22
-44
-33
-9
-14
-69
-53
-28
-77
51
12
-29
8
36
-4
7
64
13
-82
-15
8
-72
-33
-88
-53
-85
-50
-63
-39
-107
-83
-51
-106
-63
-85
-70
-84
-94
-65
-77
-91
-141
-183
-105
-86
-108
-88
-66
-40
-4
-82
-17
-38
-6
19
-1
-2
-18
-40
-41
-24
22
110
73
53
59
106
94
108
164
121
112
75
38
130
137
117
135
149
75
32
-2
-16
19
43
-9
3
51
-44
-70
-87
-44
-26
-61
-56
-62
-82
-46
-80
-24
-16
36
33
11
13
38
86
106
40
22
44
85
170
165
191
142
168
162
204
198
258
172
147
158
189
145
104
79
26
27
49
102
66
27
81
22
71
60
98
71
89
38
-22
-23
28
69
12
17
1
42
3
38
3
-29
9
-39
-9
35
119
102
107
129
93
102
81
86
27
94
81
107
88
120
60
46
100
22
110
189
72
139
111
70
60
117
97
111
154
164
133
117
67
28
134
205
126
107
167
124
133
30
68
22
61
54
-11
98
71
-2
29
50
-14
-6
-14
-27
85
48
102
53
104
132
25
131
38
78
85
186
89
8
89
-4
-12
28
86
-20
60
22
-25
-68
-26
-53
-36
22
-44
-33
-9
-14
-69
-53
-28
-77
51
12
-29
8
36
-4
7
64
13
-48
0
21
-55
41
89
50
116
62
25
87
95
37
70
155
124
166
162
132
143
177
166
44
7
47
15
-36
21
-12
28
60
67
30
31
17
47
134
101
81
148
142
150
123
181
56
107
216
200
135
117
83
87
176
189
172
265
267
108
135
180
140
176
217
184
191
251
274
152
203
260
169
164
166
51
56
86
103
86
234
189
116
90
2
-22
93
64
122
144
261
171
142
130
47
51
83
152
144
203
129
57
149
203
185
218
267
210
173
225
247
273
260
286
233
330
288
241
256
271
193
200
203
187
158
297
298
356
352
294
287
320
270
201
304
296
249
243
269
251
253
279
252
189
236
174
139
207
220
200
215
182
247
217
222
196
206
248
205
200
259
332
272
264
301
307
283
314
333
362
336
358
299
335
328
355
393
359
318
292
264
190
198
162
187
123
83
87
62
70
118
128
176
112
53
87
134
41
43
44
88
87
100
141
33
40
8
35
30
34
41
56
38
9
-5
-4
35
16
83
137
188
181
139
89
70
114
42
33
92
98
101
78
34
81
66
59
83
91
77
-105
-334
-375
13
-48
0
21
-55
41
89
50
116
62
25
87
95
37
70
155
124
166
162
132
143
177
166
44
7
47
15
-36
21
-12
28
60
67
30
31
17
47
134
101
81
148
142
150
123
181
56
107
216
200
135
117
83
87
176
189
172
265
267
108
135
180
140
176
217
184
191
251
274
152
203
260
169
164
166
51
56
86
103
86
234
189
116
90
2
-22
93
64
122
144
261
171
142
130
47
51
83
152
144
203
129
57
149
203
185
218
267
210
173
225
247
273
260
286
233
330
288
241
256
271
193
200
203
187
158
297
298
356
352
294
287
320
270
201
304
296
249
243
269
251
253
279
252
189
236
174
139
207
220
200
215
182
247
217
222
196
206
248
205
200
259
332
272
264
301
307
283
314
333
362
336
358
299
335
328
355
393
359
318
292
264
190
198
162
187
123
83
87
62
70
118
128
176
112
53
87
134
41
43
44
88
87
100
141
33
40
8
35
30
34
41
56
38
9
-5
-4
35
16
83
137
188
181
139
89
70
114
42
33
92
98
101
78
34
81
66
59
83
91
77
-105
-334
-375
-392
-238
-45
233
279
59
-238
-451
-520
-427
-243
-187
-68
-73
-80
-187
-178
-276
-278
-279
-222
-335
-289
-220
-306
-273
-291
-273
-259
-186
-235
-196
-154
-180
-283
-227
-91
-41
-118
-87
-173
-138
-113
-102
-97
-90
-151
-143
-112
-131
-182
-129
-89
-77
-70
-83
-131
-149
-175
-185
-156
-252
-211
-305
-197
-171
-198
-248
-236
-231
-225
-274
-318
-328
-290
-322
-291
-277
-233
-348
-267
-303
-246
-248
-254
-272
-293
-198
-235
-159
-152
-169
-206
-126
-79
-133
-94
-62
-58
-115
-166
-116
-122
-55
-153
-83
-60
-88
-82
-64
-92
-154
-107
-106
-125
-159
-224
-247
-245
-210
-205
-194
-189
-191
-212
-156
-213
-219
-237
-234
-226
-204
-228
-187
-190
-216
-212
-239
-233
-212
-232
-177
-153
-182
-176
-196
-228
-177
-186
-181
-151
-186
-188
-186
-191
-212
-202
-200
-137
-134
-113
-109
-148
-204
-211
-152
-100
-155
-116
-244
-184
-206
-201
-230
-172
-93
-148
-156
-198
-266
-271
-306
-353
-258
-314
-280
-343
-272
-302
-347
-314
-360
-354
-366
-399
-381
-381
-317
-256
-259
-255
-264
-266
-194
-286
-293
-281
-210
-201
-208
-168
-209
-262
-247
-261
-344
-254
-194
-213
-115
-201
-269
-243
-265
-251
-229
-176
-212
-193
-199
-234
-204
-99
-159
-131
-70
-16
-138
-109
-122
-375
-392
-238
-45
233
279
59
-238
-451
-520
-427
-243
-187
-68
-73
-80
-187
-178
-276
-278
-279
-222
-335
-289
-220
-306
-273
-291
-273
-259
-186
-235
-196
-154
-180
-283
-227
-91
-41
-118
-87
-173
-138
-113
-102
-97
-90
-151
-143
-112
-131
-182
-129
-89
-77
-70
-83
-131
-149
-175
-185
-156
-252
-211
-305
-197
-171
-198
-248
-236
-231
-225
-274
-318
-328
-290
-322
-291
-277
-233
-348
-267
-303
-246
-248
-254
-272
-293
-198
-235
-159
-152
-169
-206
-126
-79
-133
-94
-62
-58
-115
-166
-116
-122
-55
-153
-83
-60
-88
-82
-64
-92
-154
-107
-106
-125
-159
-224
-247
-245
-210
-205
-194
-189
-191
-212
-156
-213
-219
-237
-234
-226
-204
-228
-187
-190
-216
-212
-239
-233
-212
-232
-177
-153
-182
-176
-196
-228
-177
-186
-181
-151
-186
-188
-186
-191
-212
-202
-200
-137
-134
-113
-109
-148
-204
-211
-152
-100
-155
-116
-244
-184
-206
-201
-230
-172
-93
-148
-156
-198
-266
-271
-306
-353
-258
-314
-280
-343
-272
-302
-347
-314
-360
-354
-366
-399
-381
-381
-317
-256
-259
-255
-264
-266
-194
-286
-293
-281
-210
-201
-208
-168
-209
-262
-247
-261
-344
-254
-194
-213
-115
-201
-269
-243
-265
-251
-229
-176
-212
-193
-199
-234
-204
-99
-159
-131
-70
-16
-138
-109
-122
-134
-164
-124
-220
-217
-168
-201
-184
-113
-136
-186
-113
-137
-167
-127
-137
-111
-58
-120
-15
-3
40
-57
-61
36
26
38
50
26
23
56
71
0
55
5
-4
-52
37
-31
70
32
73
101
5
-36
24
27
29
-38
-25
1
22
74
76
128
104
142
88
122
101
81
70
129
163
146
116
143
73
49
111
53
11
30
46
64
114
130
101
138
109
39
70
111
143
153
160
172
184
195
188
200
267
210
142
155
105
108
126
143
125
70
56
72
71
134
82
12
44
44
5
31
49
24
63
95
126
104
148
109
116
127
87
76
83
66
89
115
97
44
88
112
108
63
121
141
68
108
78
135
171
161
99
169
124
165
102
219
218
269
234
284
222
232
188
205
282
292
186
252
165
142
127
172
166
189
171
182
155
143
143
86
169
166
149
147
165
129
100
106
71
93
148
158
165
103
106
-29
-1
-20
46
79
121
34
-11
95
39
37
119
73
86
113
35
-26
11
23
-31
-33
-4
-45
-109
-79
-32
-13
28
-2
0
53
27
9
26
44
66
60
30
58
62
95
125
113
146
169
171
161
186
148
107
134
11
-26
38
-122
-134
-164
-124
-220
-217
-168
-201
-184
-113
-136
-186
-113
-137
-167
-127
-137
-111
-58
-120
-15
-3
40
-57
-61
36
26
38
50
26
23
56
71
0
55
5
-4
-52
37
-31
70
32
73
101
5
-36
24
27
29
-38
-25
1
22
74
76
128
104
142
88
122
101
81
70
129
163
146
116
143
73
49
111
53
11
30
46
64
114
130
101
138
109
39
70
111
143
153
160
172
184
195
188
200
267
210
142
155
105
108
126
143
125
70
56
72
71
134
82
12
44
44
5
31
49
24
63
95
126
104
148
109
116
127
87
76
83
66
89
115
97
44
88
112
108
63
121
141
68
108
78
135
171
161
99
169
124
165
102
219
218
269
234
284
222
232
188
205
282
292
186
252
165
142
127
172
166
189
171
182
155
143
143
86
169
166
149
147
165
129
100
106
71
93
148
158
165
103
106
-29
-1
-20
46
79
121
34
-11
95
39
37
119
73
86
113
35
-26
11
23
-31
-33
-4
-45
-109
-79
-32
-13
28
-2
0
53
27
9
26
44
66
60
30
58
62
95
125
113
146
169
171
161
186
148
107
134
11
-26
38
26
-9
-42
-41
-92
-65
-70
-65
-20
-11
-15
-47
-109
-98
-142
-78
-72
-38
21
-33
-183
-198
-229
-229
-211
-229
-144
-93
-52
-144
-199
-164
-162
-190
-142
-166
-68
-106
-45
-43
-88
-136
-113
-138
-134
-110
-215
-108
-102
-134
-71
-165
-138
-121
-184
-154
-170
-120
-147
-144
-173
-165
-200
-139
-132
-100
-50
-39
-23
-88
-117
-99
-96
-29
-25
-29
-20
-100
-142
-124
-146
-145
-145
-191
-156
-195
-154
-143
-88
-94
-113
-67
-58
-110
-129
-101
-91
-130
-153
-106
-134
-208
-212
-235
-206
-192
-190
-226
-188
-203
-170
-211
-162
-99
-85
-140
-117
-139
-114
-169
-35
-45
8
-2
-2
-9
-12
-8
1
-25
-88
-96
-113
-125
-96
-112
-94
-76
-156
-171
-127
-61
-76
-111
-107
-46
-61
-61
-82
-136
-104
-54
-94
-85
-106
-166
-200
-256
-197
-204
-170
-172
-183
-153
-167
-185
-161
-75
-103
-53
-71
-37
19
-80
-58
-5
-50
-88
-8
83
81
26
-5
0
29
-23
-5
4
77
71
35
55
3
33
-46
-39
-47
-23
-9
-24
-5
-20
-15
-3
-67
-14
-31
-12
-18
-59
-36
-20
-5
47
-39
-84
-4
-84
-84
-58
-61
-49
-42
-75
-63
-55
-20
21
58
-19
47
94
117
95
118
140
90
99
97
62
38
26
-9
-42
-41
-92
-65
-70
-65
-20
-11
-15
-47
-109
-98
-142
-78
-72
-38
21
-33
-183
-198
-229
-229
-211
-229
-144
-93
-52
-144
-199
-164
-162
-190
-142
-166
-68
-106
-45
-43
-88
-136
-113
-138
-134
-110
-215
-108
-102
-134
-71
-165
-138
-121
-184
-154
-170
-120
-147
-144
-173
-165
-200
-139
-132
-100
-50
-39
-23
-88
-117
-99
-96
-29
-25
-29
-20
-100
-142
-124
-146
-145
-145
-191
-156
-195
-154
-143
-88
-94
-113
-67
-58
-110
-129
-101
-91
-130
-153
-106
-134
-208
-212
-235
-206
-192
-190
-226
-188
-203
-170
-211
-162
-99
-85
-140
-117
-139
-114
-169
-35
-45
8
-2
-2
-9
-12
-8
1
-25
-88
-96
-113
-125
-96
-112
-94
-76
-156
-171
-127
-61
-76
-111
-107
-46
-61
-61
-82
-136
-104
-54
-94
-85
-106
-166
-200
-256
-197
-204
-170
-172
-183
-153
-167
-185
-161
-75
-103
-53
-71
-37
19
-80
-58
-5
-50
-88
-8
83
81
26
-5
0
29
-23
-5
4
77
71
35
55
3
33
-46
-39
-47
-23
-9
-24
-5
-20
-15
-3
-67
-14
-31
-12
-18
-59
-36
-20
-5
47
-39
-84
-4
-84
-84
-58
-61
-49
-42
-75
-63
-55
-20
21
58
-19
47
94
117
95
118
140
90
99
97
62
89
8
54
94
69
51
70
82
44
14
37
45
108
69
134
111
143
116
70
79
189
239
199
232
169
155
183
168
157
241
203
210
199
165
173
172
173
278
223
269
250
269
292
318
232
266
282
209
223
232
262
222
236
153
190
135
150
134
135
173
226
210
253
228
264
245
272
182
226
234
237
261
258
232
186
188
137
164
115
69
68
72
119
82
106
129
112
134
138
128
186
138
116
125
109
64
84
148
131
141
152
104
93
149
46
73
112
74
-49
13
-22
-24
-11
-7
-66
36
17
33
21
45
-12
67
66
89
115
96
12
2
69
76
55
138
130
117
116
132
17
77
43
-16
39
73
32
87
218
106
121
44
90
51
73
46
73
164
25
-18
41
3
-1
-3
11
-5
36
-18
-32
22
19
-82
-18
47
-60
65
52
54
-27
115
6
7
58
74
70
129
49
28
66
50
-39
36
-6
-86
15
-23
9
59
49
99
21
16
-60
-1
10
-52
-21
-22
-26
-123
-47
-54
-56
-42
-80
-156
-74
-111
-166
-201
-151
-102
-126
-96
-105
-185
-98
-135
-95
-149
-110
-108
-75
-48
-152
-95
-112
-98
-95
-94
-84
-95
-98
-120
62
89
8
54
94
69
51
70
82
44
14
37
45
108
69
134
111
143
116
70
79
189
239
199
232
169
155
183
168
157
241
203
210
199
165
173
172
173
278
223
269
250
269
292
318
232
266
282
209
223
232
262
222
236
153
190
135
150
134
135
173
226
210
253
228
264
245
272
182
226
234
237
261
258
232
186
188
137
164
115
69
68
72
119
82
106
129
112
134
138
128
186
138
116
125
109
64
84
148
131
141
152
104
93
149
46
73
112
74
-49
13
-22
-24
-11
-7
-66
36
17
33
21
45
-12
67
66
89
115
96
12
2
69
76
55
138
130
117
116
132
17
77
43
-16
39
73
32
87
218
106
121
44
90
51
73
46
73
164
25
-18
41
3
-1
-3
11
-5
36
-18
-32
22
19
-82
-18
47
-60
65
52
54
-27
115
6
7
58
74
70
129
49
28
66
50
-39
36
-6
-86
15
-23
9
59
49
99
21
16
-60
-1
10
-52
-21
-22
-26
-123
-47
-54
-56
-42
-80
-156
-74
-111
-166
-201
-151
-102
-126
-96
-105
-185
-98
-135
-95
-149
-110
-108
-75
-48
-152
-95
-112
-98
-95
-94
-84
-95
-98
-120
-145
-126
-151
-172
-231
-233
-255
-169
-237
-277
-298
-279
-264
-355
-307
-250
-243
-288
-241
-281
-253
-310
-323
-328
-261
-319
-316
-353
-341
-503
-458
-438
-486
-422
-375
-449
-435
-412
-458
-488
-383
-382
-456
-390
-357
-393
-391
-320
-371
-239
-219
-277
-275
-218
-311
-208
-199
-274
-268
-197
-233
-262
-147
-232
-234
-182
-208
-278
-251
-253
-356
-245
-265
-209
-189
-130
-213
-232
-165
-241
-269
-223
-226
-355
-157
-268
-268
-266
-225
-272
-287
-248
-343
-290
-282
-330
-286
-235
-248
-241
-243
-185
-220
-207
-291
-280
-116
-162
-162
-148
-132
-120
-175
-182
-236
-101
-143
-93
-45
12
-19
-29
-56
-132
-86
-75
-29
-40
-59
-61
-36
-13
-96
-1
-39
-80
-49
-37
14
-43
-99
-85
2
-57
-19
-77
-56
-30
-59
-61
-2
-21
15
10
-18
-70
-52
-79
-13
43
-4
-92
-13
-105
-92
-56
-26
-21
31
-49
-19
-44
-59
-88
-87
-57
-80
-46
-27
0
-55
-51
-10
-7
-2
-42
-56
-59
-67
-52
-56
-52
-46
-5
-49
-62
-57
-97
-88
-107
-117
-99
-27
-49
-88
63
6
28
98
90
36
75
37
35
36
80
9
42
57
-45
-6
33
-19
-61
-4
-51
-11
44
-1
-17
69
-8
-11
-26
17
-125
-46
-69
-9
-48
-120
-145
-126
-151
-172
-231
-233
-255
-169
-237
-277
-298
-279
-264
-355
-307
-250
-243
-288
-241
-281
-253
-310
-323
-328
-261
-319
-316
-353
-341
-503
-458
-438
-486
-422
-375
-449
-435
-412
-458
-488
-383
-382
-456
-390
-357
-393
-391
-320
-371
-239
-219
-277
-275
-218
-311
-208
-199
-274
-268
-197
-233
-262
-147
-232
-234
-182
-208
-278
-251
-253
-356
-245
-265
-209
-189
-130
-213
-232
-165
-241
-269
-223
-226
-355
-157
-268
-268
-266
-225
-272
-287
-248
-343
-290
-282
-330
-286
-235
-248
-241
-243
-185
-220
-207
-291
-280
-116
-162
-162
-148
-132
-120
-175
-182
-236
-101
-143
-93
-45
12
-19
-29
-56
-132
-86
-75
-29
-40
-59
-61
-36
-13
-96
-1
-39
-80
-49
-37
14
-43
-99
-85
2
-57
-19
-77
-56
-30
-59
-61
-2
-21
15
10
-18
-70
-52
-79
-13
43
-4
-92
-13
-105
-92
-56
-26
-21
31
-49
-19
-44
-59
-88
-87
-57
-80
-46
-27
0
-55
-51
-10
-7
-2
-42
-56
-59
-67
-52
-56
-52
-46
-5
-49
-62
-57
-97
-88
-107
-117
-99
-27
-49
-88
63
6
28
98
90
36
75
37
35
36
80
9
42
57
-45
-6
33
-19
-61
-4
-51
-11
44
-1
-17
69
-8
-11
-26
17
-125
-46
-69
-9
-48
51
0
18
124
68
23
27
0
-12
103
70
74
163
219
125
50
99
63
127
159
114
58
55
36
4
37
-30
-22
83
60
58
-15
41
6
-8
-70
-32
16
65
74
90
9
52
0
27
8
-41
-76
-65
-14
-50
34
12
51
40
48
76
47
102
81
77
165
89
115
165
164
97
149
128
111
132
160
90
68
179
82
101
131
81
67
78
119
57
61
75
78
124
65
46
83
43
32
76
125
58
57
150
71
116
29
66
29
33
9
-15
-19
35
47
26
63
72
79
104
75
120
60
79
130
98
154
95
37
96
61
-28
8
53
54
-5
19
-59
-48
-37
-72
-86
-58
-128
-92
-83
-89
-79
-27
-96
-66
-54
23
-30
49
136
128
42
59
1
9
50
60
63
64
25
5
-8
-9
29
37
134
86
54
21
51
60
81
79
36
20
54
29
23
65
0
13
50
11
-51
-45
-77
-65
-101
-95
-95
-47
-139
-147
-98
-134
-103
-148
-122
-135
-137
-120
-134
-142
-141
-136
-178
-170
-167
-239
-223
-154
-152
-185
-168
-201
-168
-182
-155
-202
-272
-235
-269
-186
-182
-190
-235
-205
-291
-225
-209
-163
-119
-196
-117
-167
-91
-185
-138
-111
-97
-207
-48
51
0
18
124
68
23
27
0
-12
103
70
74
163
219
125
50
99
63
127
159
114
58
55
36
4
37
-30
-22
83
60
58
-15
41
6
-8
-70
-32
16
65
74
90
9
52
0
27
8
-41
-76
-65
-14
-50
34
12
51
40
48
76
47
102
81
77
165
89
115
165
164
97
149
128
111
132
160
90
68
179
82
101
131
81
67
78
119
57
61
75
78
124
65
46
83
43
32
76
125
58
57
150
71
116
29
66
29
33
9
-15
-19
35
47
26
63
72
79
104
75
120
60
79
130
98
154
95
37
96
61
-28
8
53
54
-5
19
-59
-48
-37
-72
-86
-58
-128
-92
-83
-89
-79
-27
-96
-66
-54
23
-30
49
136
128
42
59
1
9
50
60
63
64
25
5
-8
-9
29
37
134
86
-51
-45
-77
-65
-101
-95
-95
-47
-139
-147
-98
-134
-103
-148
-122
-135
-137
-120
-134
-142
-141
-136
23
65
0
13
50
11
79
36
20
54
29
-152
-185
-168
-201
-168
-182
-155
-202
54
21
51
60
81
-178
-170
-272
-235
-269
-186
-182
-190
-167
-239
-223
-154
-235
-205
-291
-225
-209
-163
-119
-196
-117
-167
-91
-185
-138
-111
-97
-207
-158
-125
-166
-215
-135
-114
-115
-156
-110
-145
-147
-168
-252
-268
-245
-277
-288
-262
-304
-348
-362
-388
-344
-418
-405
-432
-428
-426
-403
-399
-404
-371
-346
-422
-379
-402
-342
-354
-305
-323
-280
-313
-311
-344
-354
-356
-280
-341
-299
-280
-241
-210
-259
-197
-253
-191
-195
-54
-133
-104
-134
-94
-110
-64
-84
-121
-25
-65
-143
-142
-105
-151
-175
-136
-204
-107
-159
-160
-192
-170
-272
-238
-146
-195
-110
-129
-110
-132
-112
-74
-31
-33
41
-54
26
73
-48
-2
-22
-107
-105
-134
-151
-109
-95
-98
-70
-2
-63
-54
-1
-38
-17
33
56
-28
49
19
32
13
3
-21
-52
-69
-69
-21
-79
-170
-81
-66
-16
-105
-117
-99
-41
-91
-134
-86
-66
-71
6
-105
-117
-76
-96
-56
-151
-94
-102
-60
-70
-35
-76
-52
-75
-79
-94
-21
-53
-15
-85
-41
-78
-101
-78
-66
-87
-51
-105
-47
-6
-25
2
39
48
17
21
-29
-29
-3
4
-66
47
69
-55
8
-14
-33
-37
-20
-21
-25
38
-49
-4
91
122
23
50
74
134
178
105
131
121
158
69
118
149
102
111
85
5
61
98
10
63
82
17
-21
-26
-50
-98
-72
-48
-60
-45
-25
-83
-50
-51
-102
-18
17
-33
-7
-38
-11
-42
-6
-207
-158
-125
-166
-215
-135
-114
-115
-156
-110
-145
-147
-168
-252
-268
-245
-277
-288
-262
-304
-348
-362
-388
-344
-418
-405
-432
-428
-426
-403
-399
-404
-371
-346
-422
-379
-402
-342
-354
-305
-323
-280
-313
-311
-344
-354
-356
-280
-341
-299
-280
-241
-210
-259
-197
-253
-191
-195
-54
-133
-104
-134
-94
-110
-64
-84
-121
-25
-65
-143
-142
-105
-151
-175
-136
-204
-107
-159
-160
-192
-170
-272
-238
-146
-195
-110
-129
-110
-132
-112
-74
-31
-33
41
-54
26
73
-48
-2
-22
-107
-105
-134
-151
-109
-95
-98
-70
-2
-63
-54
-1
-38
-17
33
56
-28
49
19
32
13
3
-21
-52
-69
-69
-21
-79
-170
-81
-66
-16
-105
-117
-99
-41
-91
-134
-86
-66
-71
6
-105
-117
-76
-96
-56
-151
-94
-102
-60
-70
-35
-76
-52
-75
-79
-94
-21
-53
-15
-85
-41
-78
-101
-78
-66
-87
-51
-105
-47
-6
-25
2
39
48
17
21
-29
-29
-3
4
-66
47
69
-55
8
-14
-33
-37
-20
-21
-25
38
-49
-4
91
122
23
50
74
134
178
105
131
121
158
69
118
149
102
111
85
5
61
98
10
63
82
17
-21
-26
-50
-98
-72
-48
-60
-45
-25
-83
-50
-51
-102
-18
17
-33
-7
-38
-11
-42
-6
-5
19
18
8
-33
-38
-46
-19
-26
17
-33
45
85
51
34
33
32
82
85
64
130
92
79
77
117
88
23
121
167
152
132
128
100
118
118
126
104
145
184
167
159
158
128
152
160
86
47
57
83
72
112
63
46
40
18
-40
-35
-24
-31
-27
-46
-17
-41
-25
-26
-50
-36
-44
-52
-32
17
-34
-33
1
6
19
20
79
41
39
-21
53
50
85
88
24
-36
60
57
55
30
29
54
129
85
107
95
104
98
135
83
118
123
66
91
-7
20
-3
11
-2
-43
-41
-68
-98
-83
-82
-94
-3
3
-66
-45
-89
-96
-64
-7
-55
0
8
-52
-79
-83
-137
-124
-116
-133
-93
-143
-206
-241
-208
-224
-255
-228
-227
-284
-250
-237
-305
-276
-243
-237
-207
-212
-204
-273
-226
-276
-269
-284
-194
-193
-176
-171
-187
-135
-135
-191
-206
-186
-144
-121
-77
-115
-94
12
-31
-6
-4
21
-14
0
-9
-45
-27
10
-31
-7
-36
-22
-36
-45
-84
-24
24
-45
-65
-70
-76
-16
-15
-53
43
-56
-7
-119
-39
-34
-33
-38
-78
-71
-55
-63
-68
-85
-27
-67
-80
-103
-84
-55
-123
-69
-103
-101
-128
-105
-113
-132
-158
-171
-161
-192
-210
-198
-125
-120
-108
-98
-128
-6
-5
19
18
8
-33
-38
-46
-19
-26
17
-33
45
85
51
34
33
32
82
85
64
130
92
79
77
117
88
23
121
167
152
132
128
100
118
118
126
104
145
184
167
159
158
128
152
160
86
47
57
83
72
112
63
46
40
18
-40
-35
-24
-31
-27
-46
-17
-41
-25
-26
-50
-36
-44
-52
-32
17
-34
-33
1
6
19
20
79
41
39
-21
53
50
85
88
24
-36
60
57
55
30
29
54
129
85
107
95
104
98
135
83
118
123
66
91
-7
20
-3
11
-2
-43
-41
-68
-98
-83
-82
-94
-3
3
-66
-45
-89
-96
-64
-7
-55
0
8
-52
-79
-83
-137
-124
-116
-133
-93
-143
-206
-241
-208
-224
-255
-228
-227
-284
-250
-237
-305
-276
-243
-237
-207
-212
-204
-273
-226
-276
-269
-284
-194
-193
-176
-171
-187
-135
-135
-191
-206
-186
-144
-121
-77
-115
-94
12
-31
-6
-4
21
-14
0
-9
-45
-27
10
-31
-7
-36
-22
-36
-45
-84
-24
24
-45
-65
-70
-76
-16
-15
-53
43
-56
-7
-119
-39
-34
-33
-38
-78
-71
-55
-63
-68
-85
-27
-67
-80
-103
-84
-55
-123
-69
-103
-101
-128
-105
-113
-132
-158
-171
-161
-192
-210
-198
-125
-120
-108
-98
-128
-110
-72
-63
-125
-72
-67
-139
-82
-35
-31
-69
-35
-134
-107
-92
-114
-105
-115
-166
-146
-90
-82
-110
-92
-71
-80
-116
-106
-138
-54
-47
-75
-63
-46
-22
-46
19
-17
10
-24
-1
-38
-19
-25
-52
-59
-32
1
62
76
68
7
47
98
59
85
108
153
147
176
196
176
165
120
148
213
209
199
196
186
163
163
198
211
198
225
171
158
160
127
129
171
178
159
118
170
179
205
203
235
297
252
222
286
308
330
287
289
277
345
308
306
266
301
259
337
381
313
261
354
345
276
318
343
295
260
279
229
258
265
295
240
261
276
385
341
346
404
426
385
380
311
253
353
352
303
376
413
303
342
305
312
397
454
462
437
455
375
397
428
387
408
360
337
315
351
301
306
288
220
229
236
215
205
320
243
271
241
199
172
196
158
195
217
276
300
364
371
345
355
357
388
389
354
390
374
352
244
307
226
249
204
206
177
109
120
154
174
150
158
205
192
141
181
169
149
131
132
144
106
66
98
105
130
134
127
174
219
230
222
210
253
243
266
201
233
207
219
216
279
188
210
259
200
241
229
280
240
239
272
-128
-110
-72
-63
-125
-72
-67
-139
-82
-35
-31
-69
-35
-134
-107
-92
-114
-105
-115
-166
-146
-90
-82
-110
-92
-71
-80
-116
-106
-138
-54
-47
-75
-63
-46
-22
-46
19
-17
10
-24
-1
-38
-19
-25
-52
-59
-32
1
62
76
68
7
47
98
59
85
108
153
147
176
196
176
165
120
148
213
209
199
196
186
163
163
198
211
198
225
171
158
160
127
129
171
178
159
118
170
179
205
203
235
297
252
222
286
308
330
287
289
277
345
308
306
266
301
259
260
279
229
258
265
295
240
261
276
337
381
313
261
354
345
276
318
343
295
385
341
346
404
426
385
380
311
253
353
352
303
376
413
303
342
305
312
397
454
462
437
455
375
397
428
387
408
360
337
315
351
301
306
288
220
229
236
215
205
320
243
271
241
199
172
196
158
195
217
276
300
364
371
345
355
357
388
389
354
390
374
352
244
307
226
249
204
206
177
109
120
154
174
150
158
205
192
141
181
169
149
131
132
144
106
66
98
105
130
134
127
174
219
230
222
210
253
243
266
201
233
207
219
216
279
188
210
259
200
241
229
280
240
239
272
231
268
192
262
240
317
294
320
226
214
222
230
172
246
239
234
220
207
170
228
219
192
168
215
172
145
165
149
180
151
229
136
112
192
129
141
217
137
126
149
74
65
152
171
123
116
107
24
51
66
-37
40
100
-19
20
55
23
5
58
21
-3
44
90
45
61
14
-18
34
31
21
32
92
68
32
81
92
57
84
81
103
110
99
63
113
50
92
140
158
84
109
88
93
83
94
93
95
110
102
65
144
92
41
59
76
135
111
174
163
97
133
107
152
188
175
46
73
124
133
82
118
20
120
73
37
66
93
93
56
73
87
23
130
119
113
37
76
68
27
30
-15
-17
-72
-12
-64
-57
-113
-65
-56
7
25
-54
-14
55
-19
-53
-11
18
34
71
64
104
78
85
120
67
142
110
194
124
209
174
117
201
159
111
115
93
105
39
85
36
86
44
60
105
128
51
63
84
69
71
86
67
69
62
-5
-33
48
-17
3
-76
7
10
-42
0
-95
-26
-55
-113
-82
-88
-94
-56
-67
-32
-80
-34
-15
17
18
-45
-41
5
-35
-54
-57
-41
-16
-56
-31
-50
-87
-105
-123
-116
-123
-115
-136
-124
-151
272
231
268
192
262
240
317
294
320
226
214
222
230
172
246
239
234
220
207
170
228
219
192
168
215
172
145
165
149
180
151
229
136
112
192
129
141
217
137
126
149
74
65
152
171
123
116
107
24
51
66
-37
40
100
-19
20
55
23
5
58
21
-3
44
90
45
61
14
-18
34
31
21
32
92
68
32
81
92
57
84
81
103
110
99
63
113
50
92
140
158
84
109
88
93
83
94
93
95
110
102
65
144
92
41
59
76
135
111
174
163
97
133
107
152
188
175
46
73
124
133
82
118
20
120
73
37
66
93
93
56
73
87
23
130
119
113
37
76
68
27
30
-15
-17
-72
-12
-64
-57
-113
-65
-56
7
25
-54
-14
55
-19
-53
-11
18
34
71
64
104
78
85
120
67
142
110
194
124
209
174
117
201
159
111
115
93
105
39
85
36
86
44
60
105
128
51
63
84
69
71
86
67
69
62
-5
-33
48
-17
3
-76
7
10
-42
0
-95
-26
-55
-113
-82
-88
-94
-56
-67
-32
-80
-34
-15
17
18
-45
-41
5
-35
-54
-57
-41
-16
-56
-31
-50
-87
-105
-123
-116
-123
-115
-136
-124
-151
-117
-129
-124
-48
-81
-109
-43
-18
-30
-2
-5
22
25
-1
18
71
62
15
66
28
-61
-37
12
-11
37
-14
45
9
37
-72
-37
-40
-6
19
93
20
73
13
-7
38
35
32
20
-33
-27
-4
-57
-96
-74
-104
-122
-53
-76
-24
-99
-53
-108
3
27
24
-3
31
-21
58
58
58
18
116
-10
37
-41
79
50
81
62
-1
89
139
34
-16
9
34
17
61
25
35
30
-7
-39
5
35
33
144
110
94
62
100
18
95
37
62
72
89
72
59
78
105
49
72
36
-10
-8
-35
16
11
-17
-24
-96
-60
-53
-87
-3
-2
9
-38
-45
-65
3
-85
-58
-78
43
-38
-38
-42
0
8
41
79
25
33
-18
30
18
19
-7
-30
1
-10
5
8
46
68
59
31
-14
21
-4
-30
-45
-50
-68
-46
17
-18
-32
-18
-43
16
-30
-38
-69
-19
-75
-35
-15
1
-13
-36
-54
-12
-2
-20
-46
-25
-78
-40
-45
17
18
24
6
9
30
26
8
52
93
72
122
53
105
116
122
109
130
207
187
186
147
89
94
115
116
170
128
141
217
177
172
140
235
215
226
188
196
180
173
156
244
143
121
108
172
173
124
62
93
50
78
-151
-117
-129
-124
-48
-81
-109
-43
-18
-30
-2
-5
22
25
-1
18
71
62
15
66
28
-61
-37
12
-11
37
-14
45
9
37
-72
-37
-40
-6
19
93
20
73
13
-7
38
35
32
20
-33
-27
-4
-57
-96
-74
-104
-122
-53
-76
-24
-99
-53
-108
3
27
24
-3
31
-21
58
58
58
18
116
-10
37
-41
79
50
81
62
-1
89
139
34
-16
9
34
17
61
25
35
30
-7
-39
5
35
33
144
110
94
62
100
18
95
37
62
72
89
72
59
78
105
49
72
36
-10
-8
-35
16
11
-17
-24
-96
-60
-53
-87
-3
-2
9
-38
-45
-65
3
-85
-58
-78
43
-38
-38
-42
0
8
41
79
25
33
-18
30
18
19
-7
-30
1
-10
5
8
46
68
59
31
-14
21
-4
-30
-45
-50
-68
-46
17
-18
-32
-18
-43
16
-30
-38
-69
-19
-75
-35
-15
1
-13
-36
-54
-12
-2
-20
-46
-25
-78
-40
-45
17
18
24
6
9
30
26
8
52
93
72
122
53
105
116
122
109
130
207
187
186
147
89
94
115
116
170
128
141
217
177
172
140
235
215
226
188
196
180
173
156
244
143
121
108
172
173
124
62
93
50
78
78
46
52
71
81
38
65
61
49
2
12
-28
21
105
89
72
47
57
72
20
11
37
44
79
81
84
101
158
144
176
163
146
142
161
178
219
268
220
149
207
135
138
183
167
109
153
160
150
182
195
181
205
161
119
67
111
150
116
96
108
93
92
112
129
65
56
93
108
106
95
196
181
128
73
38
68
82
50
28
24
-10
-14
-14
-69
-62
-57
-86
-77
-23
-86
-24
-68
-41
-74
-22
4
-40
-113
-156
-136
-151
-173
-191
-152
-197
-260
-239
-241
-170
-128
-102
-136
-103
-109
-155
-97
-128
-61
-149
-93
-142
-65
-102
-84
-7
-27
-67
-83
-90
8
17
-40
-13
-19
26
28
-7
-74
-70
-1
-23
-13
-88
-85
-30
-16
-67
-58
-82
-115
-128
-151
-172
-192
-138
-177
-231
-257
-247
-130
-191
-170
-194
-163
-213
-265
-282
-262
-254
-256
-259
-266
-279
-264
-307
-287
-341
-266
-256
-252
-260
-279
-329
-343
-248
-253
-257
-227
-279
-228
-228
-214
-206
-158
-186
-156
-129
-137
-149
-222
-275
-170
-207
-239
-242
-210
-163
-228
-215
-268
-207
-169
-168
-230
-226
-231
-181
-241
-212
-222
-187
-214
-128
-199
-160
-115
-68
-150
-85
-110
-147
-54
-82
-19
-79
-49
-103
-19
-10
18
78
78
46
52
71
81
38
65
61
49
2
12
-28
21
105
89
72
47
57
72
20
11
37
44
79
81
84
101
158
144
176
163
146
142
161
178
219
268
220
149
207
135
138
183
167
109
153
160
150
182
195
181
205
161
119
67
111
150
116
96
108
93
92
112
129
65
56
93
108
106
95
196
181
128
73
38
68
82
50
28
24
-10
-14
-14
-69
-62
-57
-86
-77
-23
-86
-24
-68
-41
-74
-22
4
-40
-113
-156
-136
-151
-173
-191
-152
-197
-260
-239
-241
-170
-128
-102
-136
-103
-109
-155
-97
-128
-61
-149
-93
-142
-65
-102
-84
-7
-27
-67
-83
-90
8
17
-40
-13
-19
26
28
-7
-74
-70
-1
-23
-13
-88
-85
-30
-16
-67
-58
-82
-115
-128
-151
-172
-192
-138
-177
-231
-257
-247
-130
-191
-170
-194
-163
-213
-265
-282
-262
-254
-256
-259
-266
-279
-264
-307
-287
-341
-266
-256
-252
-260
-279
-329
-343
-248
-253
-257
-227
-279
-228
-228
-214
-206
-158
-186
-156
-129
-137
-149
-222
-275
-170
-207
-239
-242
-210
-163
-228
-215
-268
-207
-169
-168
-230
-226
-231
-181
-241
-212
-222
-187
-214
-128
-199
-160
-115
-68
-150
-85
-110
-147
-54
-82
-19
-79
-49
-103
-19
-10
18
63
53
23
71
39
60
59
58
137
127
97
102
81
66
14
23
49
-97
3
-34
-43
-30
-32
-43
-18
1
40
18
19
-27
-3
-54
-41
-60
47
61
59
-33
65
31
116
60
29
100
136
52
162
115
217
171
154
145
132
117
121
164
105
44
49
71
14
85
45
59
77
60
13
75
55
60
43
47
86
88
126
114
159
172
148
188
184
169
156
216
238
163
251
225
235
191
224
189
195
229
247
275
261
215
330
284
250
165
262
227
320
325
258
269
225
222
210
229
256
240
207
182
183
98
86
121
108
104
193
161
124
149
96
94
198
227
175
266
296
291
285
273
317
223
379
385
356
390
323
245
303
210
107
158
207
221
297
246
202
208
219
106
106
111
158
-2
97
52
19
80
99
149
127
95
24
85
120
175
133
141
74
127
99
100
73
175
148
136
170
139
155
169
162
144
200
181
112
189
117
125
18
120
93
70
69
92
33
8
-102
-30
-62
-88
-68
-27
-67
-127
-133
-141
-112
-135
-161
-192
-174
-112
-242
-198
-177
-249
-256
-240
-219
-284
-215
-244
-203
-157
-187
-222
-181
-197
-153
-61
-123
-99
-33
-150
18
63
53
23
71
39
60
59
58
137
127
97
102
81
66
14
23
49
-97
3
-34
-43
-30
-32
-43
-18
1
40
18
19
-27
-3
-54
-41
-60
47
61
59
-33
65
31
116
60
29
100
136
52
162
115
217
171
154
145
132
117
121
164
105
44
49
71
14
85
45
59
77
60
13
75
55
60
43
47
86
88
126
114
159
172
148
188
184
169
156
216
238
163
251
225
235
191
224
189
195
229
247
275
261
215
330
284
250
165
262
227
320
325
258
269
225
222
210
229
256
240
207
182
183
98
86
121
108
104
193
161
124
149
96
94
198
227
175
266
296
291
285
273
317
223
379
385
356
390
323
245
303
210
107
158
207
221
297
246
202
208
219
106
106
111
158
-2
97
52
19
80
99
149
127
95
24
85
120
175
133
141
74
127
99
100
73
175
148
136
170
139
155
169
162
144
200
181
112
189
117
125
18
120
93
70
69
92
33
8
-102
-30
-62
-88
-68
-27
-67
-127
-133
-141
-112
-135
-161
-192
-174
-112
-242
-198
-177
-249
-256
-240
-219
-284
-215
-244
-203
-157
-187
-222
-181
-197
-153
-61
-123
-99
-33
-150
243
-66
-32
2
-8
-9
-4
3
-32
10
-106
-112
-95
-59
-92
-17
-33
-37
41
36
-46
53
21
11
86
90
39
74
102
62
75
165
143
110
141
110
95
102
75
19
77
77
-20
-57
-32
-119
-142
-80
-68
-100
-88
-169
-120
-119
-170
-190
-136
-188
-182
-187
-249
-229
-187
-110
-152
-199
-209
-209
-191
-237
-177
-148
-155
-153
-194
-238
-232
-165
-171
-166
-158
-122
-53
-24
-13
-15
-81
5
-33
-46
-52
-31
-29
-7
-94
-91
-90
-104
-74
-184
-213
-185
-301
-156
-167
-188
-179
-140
-147
-138
-146
-102
-97
-83
-82
-98
-91
-71
-145
-112
-142
-149
-67
-64
-119
-81
-72
-35
-53
-76
-48
2
38
-16
-32
-37
-73
-44
-66
-55
19
7
-117
-110
-21
-48
-30
-68
-64
-85
-115
-119
-77
-127
-156
-196
-263
-244
-154
-232
-254
-200
-246
-190
-148
-195
-122
-85
-127
-83
-77
-102
-94
-10
-120
-70
-49
24
117
99
151
129
161
123
137
115
130
153
142
156
109
173
89
72
42
46
33
-17
44
12
14
19
35
1
-36
-34
-5
-90
-151
-131
-62
-5
23
-7
91
76
55
94
85
127
94
101
58
90
21
77
117
101
167
103
180
198
162
80
172
205
185
179
171
226
147
-66
-32
2
-8
-9
-4
3
-32
10
-106
-112
-95
-59
-92
-17
-33
-37
41
36
-46
53
21
11
86
90
39
74
102
62
75
165
143
110
141
110
95
102
75
19
77
77
-20
-57
-32
-119
-142
-80
-68
-100
-88
-169
-120
-119
-170
-190
-136
-188
-182
-187
-249
-229
-187
-110
-152
-199
-209
-209
-191
-237
-177
-148
-155
-153
-194
-238
-232
-165
-171
-166
-158
-122
-53
-24
-13
-15
-81
5
-33
-46
-52
-31
-29
-7
-94
-91
-90
-104
-74
-184
-213
-185
-301
-156
-167
-188
-179
-140
-147
-138
-146
-102
-97
-83
-82
-98
-91
-71
-145
-112
-142
-149
-67
-64
-119
-81
-72
-35
-53
-76
-48
2
38
-16
-32
-37
-73
-44
-66
-55
19
7
-117
-110
-21
-48
-30
-68
-64
-85
-115
-119
-77
-127
-156
-196
-263
-244
-154
-232
-254
-200
-246
-190
-148
-195
-122
-85
-127
-83
-77
-102
-94
-10
-120
-70
-49
24
117
99
151
129
161
123
137
115
130
153
142
156
109
173
89
72
42
46
33
-17
44
12
14
19
35
1
-36
-34
-5
-90
-151
-131
-62
-5
23
-7
91
76
55
94
85
127
94
101
58
90
21
77
117
101
167
103
180
198
162
80
172
205
185
179
171
226
147
129
175
182
111
138
79
173
125
136
116
165
75
-11
39
72
57
105
193
221
209
170
239
204
308
226
238
293
259
302
206
211
258
213
218
203
269
210
298
322
291
262
262
252
279
212
153
181
190
203
173
212
197
267
214
275
280
228
210
181
205
170
216
198
247
243
186
117
64
135
136
178
85
93
113
171
186
138
103
143
111
117
154
151
148
139
130
109
76
71
114
96
157
104
-4
54
33
-15
20
0
69
52
92
68
33
32
50
82
127
75
117
83
145
105
128
111
158
191
141
150
120
116
191
103
164
110
135
143
94
148
62
117
196
73
116
136
154
181
163
179
137
96
24
19
-18
1
-106
-59
-176
-165
-198
-191
-159
-128
-189
-207
-182
-83
-116
-102
-63
-100
-108
-58
-117
-160
-15
-77
-106
-75
-101
-196
-108
-127
-140
-133
-129
-102
-49
-42
-122
-72
-8
-86
-30
-91
-63
-74
-3
-105
-104
-71
-54
-128
-149
-164
-212
-157
-146
-199
-295
-254
-240
-231
-246
-308
-231
-193
-262
-265
-282
-176
-231
-154
-181
-176
-113
-65
-118
-80
-132
-71
-101
-79
-56
-86
-73
-67
-41
-209
-173
-223
-147
-133
-83
-109
-109
-144
-75
-160
-79
147
129
175
182
111
138
79
173
125
136
116
165
75
-11
39
72
57
105
193
221
209
170
239
204
308
226
238
293
259
302
206
211
258
213
218
203
269
210
298
322
291
262
262
252
279
212
153
181
190
203
173
212
197
267
214
275
280
228
210
181
205
170
216
198
247
243
186
117
64
135
136
178
85
93
113
171
186
138
103
143
111
117
154
151
148
139
130
109
76
71
114
96
157
104
-4
54
33
-15
20
0
69
52
92
68
33
32
50
82
127
75
117
83
145
105
128
111
158
191
141
150
120
116
191
103
164
110
135
143
94
148
62
117
196
73
116
136
154
181
163
179
137
96
24
19
-18
1
-106
-59
-176
-165
-198
-191
-159
-128
-189
-207
-182
-83
-116
-102
-63
-100
-108
-58
-117
-160
-15
-77
-106
-75
-101
-196
-108
-127
-140
-133
-129
-102
-49
-42
-122
-72
-8
-86
-30
-91
-63
-74
-3
-105
-104
-71
-54
-128
-149
-164
-212
-157
-146
-199
-295
-254
-240
-231
-246
-308
-231
-193
-262
-265
-282
-176
-231
-154
-181
-176
-113
-65
-118
-80
-132
-71
-101
-79
-56
-86
-73
-67
-41
-209
-173
-223
-147
-133
-83
-109
-109
-144
-75
-160
-79
-67
-36
-55
-56
-25
30
12
31
33
12
23
38
43
38
17
-12
50
-25
-34
-82
-11
-10
-81
-119
38
-24
57
-37
-13
14
70
57
32
23
55
47
26
19
4
-37
26
1
-30
-22
16
73
25
41
-30
56
19
0
4
85
98
98
208
122
150
197
86
170
197
176
271
290
280
227
186
159
60
143
115
172
192
178
148
153
108
158
87
73
158
140
135
152
146
84
52
56
101
87
104
94
90
59
88
80
35
75
51
14
69
21
47
136
134
20
45
45
57
78
19
66
96
145
83
95
88
182
185
172
214
237
190
207
286
193
220
280
258
267
263
170
147
162
162
121
156
195
184
126
206
126
40
99
82
98
106
47
36
37
-101
-101
-71
-17
-45
-168
-41
5
-17
-111
-122
-90
-74
-20
-30
-49
-17
-37
-76
-119
-72
-18
8
-21
-5
-80
-64
-95
-121
-113
-111
-80
-84
-44
-96
-96
-29
-57
-156
-90
-102
-62
-173
-147
-59
-127
-61
-133
-128
-103
-88
-121
-139
-152
-135
-224
-202
-200
-185
-219
-186
-110
-88
-51
-21
-94
-77
-148
10
-52
-46
-43
-65
-7
-17
-65
-30
-8
-12
30
-47
48
79
41
47
43
29
70
-79
-67
-36
-55
-56
-25
30
12
31
33
12
23
38
43
38
17
-12
50
-25
-34
-82
-11
-10
-81
-119
38
-24
57
-37
-13
14
70
57
32
23
55
47
26
19
4
-37
26
1
-30
-22
16
73
25
41
-30
56
19
0
4
85
98
98
208
122
150
197
86
170
197
176
271
290
280
227
186
159
60
143
115
172
192
178
148
153
108
158
87
73
158
140
135
152
146
84
52
56
101
87
104
94
90
59
88
80
35
75
51
14
69
21
47
136
134
20
45
45
57
78
19
66
96
145
83
95
88
182
185
172
214
237
190
207
286
193
220
280
258
267
263
170
147
162
162
121
156
195
184
126
206
126
40
99
82
98
106
47
36
37
-101
-101
-71
-17
-45
-168
-41
5
-17
-111
-122
-90
-74
-20
-30
-49
-17
-37
-76
-119
-72
-18
8
-21
-5
-80
-64
-95
-121
-113
-111
-80
-84
-44
-96
-96
-29
-57
-156
-90
-102
-62
-173
-147
-59
-127
-61
-133
-128
-103
-88
-121
-139
-152
-135
-224
-202
-200
-185
-219
-186
-110
-88
-51
-21
-94
-77
-148
10
-52
-46
-43
-65
-7
-17
-65
-30
-8
-12
30
-47
48
79
41
47
43
29
70
41
-32
-14
-47
-73
-55
-50
-33
-41
-52
-90
-69
-102
-71
-122
-123
-53
-148
-156
-124
-192
-218
-227
-240
-227
-187
-205
-250
-207
-210
-262
-213
-319
-201
-235
-178
-215
-223
-213
-191
-209
-226
-166
-180
-169
-107
-146
-97
-149
-128
-139
-169
-160
-94
-131
-74
-90
-210
-83
-105
-30
-106
-5
-46
-21
-71
-41
-20
-92
-29
33
4
40
33
65
54
53
-30
49
109
76
32
78
146
88
96
-17
85
63
73
32
23
-42
-61
-96
-50
-18
-19
-29
-58
-65
-73
-61
-82
-35
24
-113
-35
-87
-114
-93
-149
-172
-103
-136
-110
-137
-127
-136
-117
-174
-216
-206
-144
-131
-101
-116
-142
-103
-120
-88
-61
-36
-10
19
-26
-48
26
-36
-23
-118
-128
-69
-62
-37
13
1
-53
-53
-87
-109
-50
8
-57
-68
-27
-100
-45
-48
-6
-28
-64
2
-18
-41
-85
-80
-28
-1
-51
-53
-25
-27
-52
-30
-30
-71
-75
-14
-72
12
-56
-29
-34
-32
-61
14
-24
-103
-47
-56
-77
-15
-97
-76
-114
-161
-124
-100
-128
-90
-3
-39
-41
-10
17
4
115
67
124
131
42
92
78
115
69
96
89
106
99
156
148
139
165
187
171
203
261
220
202
184
142
166
161
214
185
203
289
214
169
70
41
-32
-14
-47
-73
-55
-50
-33
-41
-52
-90
-69
-102
-71
-122
-123
-53
-148
-156
-124
-192
-218
-227
-240
-227
-187
-205
-250
-207
-210
-262
-213
-319
-201
-235
-178
-215
-223
-213
-191
-209
-226
-166
-180
-169
-107
-146
-97
-149
-128
-139
-169
-160
-94
-131
-74
-90
-210
-83
-105
-30
-106
-5
-46
-21
-71
-41
-20
-92
-29
33
4
40
33
65
54
53
-30
49
109
76
32
78
146
88
96
-17
85
63
73
32
23
-42
-61
-96
-50
-18
-19
-29
-58
-65
-73
-61
-82
-35
24
-113
-35
-87
-114
-93
-149
-172
-103
-136
-110
-137
-127
-136
-117
-174
-216
-206
-144
-131
-101
-116
-142
-103
-120
-88
-61
-36
-10
19
-26
-48
26
-36
-23
-118
-128
-69
-62
-37
13
1
-53
-53
-87
-109
-50
8
-57
-68
-27
-100
-45
-48
-6
-28
-64
2
-18
-41
-85
-80
-28
-1
-51
-53
-25
-27
-52
-30
-30
-71
-75
-14
-72
12
-56
-29
-34
-32
-61
14
-24
-103
-47
-56
-77
-15
-97
-76
-114
-161
-124
-100
-128
-90
-3
-39
-41
-10
17
4
115
67
124
131
42
92
78
115
69
96
89
106
99
156
148
139
165
187
171
203
261
220
202
184
142
166
161
214
185
203
289
214
169
127
205
194
233
231
254
229
259
234
175
192
214
208
246
229
254
251
253
329
211
206
254
273
290
207
274
250
268
267
281
289
320
236
179
214
195
249
220
226
203
295
250
241
208
205
132
161
190
164
282
312
205
172
211
221
182
235
253
239
242
290
263
253
270
223
173
194
215
289
212
265
227
222
207
223
246
231
288
343
279
234
301
320
383
334
370
275
254
291
235
245
164
303
296
215
282
253
214
257
297
214
298
219
213
158
184
177
200
208
188
142
142
103
131
115
72
105
142
121
134
86
77
101
81
121
113
139
54
67
73
28
127
74
83
81
45
0
12
7
-13
20
7
-8
-22
-52
-71
-101
-67
-49
-30
73
27
6
54
-41
-71
-73
-42
0
1
-24
6
74
59
80
43
59
89
100
48
6
-22
-14
-140
-66
26
-16
60
52
95
78
51
75
112
100
91
89
119
-3
59
29
91
23
-120
-62
-133
-112
-102
-149
-94
-67
-161
-140
-166
-100
-57
-119
-65
-55
-53
-100
-27
-95
-78
-46
-119
-38
-29
-75
-67
-37
-9
-40
-64
-23
-53
-2
17
-21
-25
-13
-100
20
-55
27
37
23
-6
12
-43
169
127
205
194
233
231
254
229
259
234
175
192
214
208
246
229
254
251
253
329
211
206
254
273
290
207
274
250
268
267
281
289
320
236
179
214
195
249
220
226
203
295
250
241
208
205
132
161
190
164
282
312
205
172
211
221
182
235
253
239
242
290
263
253
270
223
173
194
215
289
212
265
227
222
207
223
246
231
288
343
279
234
301
320
383
334
370
275
254
291
235
245
164
303
296
215
282
253
214
257
297
214
298
219
213
158
184
177
200
208
188
142
142
103
131
115
72
105
142
121
134
86
77
101
81
121
113
139
54
67
73
28
127
74
83
81
45
0
12
7
-13
20
7
-8
-22
-52
-71
-101
-67
-49
-30
73
27
6
54
-41
-71
-73
-42
0
1
-24
6
74
59
80
43
59
89
100
48
6
-22
-14
-140
-66
26
-16
60
52
95
78
51
75
112
100
91
89
119
-3
59
29
91
23
-120
-62
-133
-112
-102
-149
-94
-67
-161
-140
-166
-100
-57
-119
-65
-55
-53
-100
-27
-95
-78
-46
-119
-38
-29
-75
-67
-37
-9
-40
-64
-23
-53
-2
17
-21
-25
-13
-100
20
-55
27
37
23
-6
12
-43
2
12
18
43
48
60
21
-14
-25
47
14
96
58
97
77
6
15
86
31
86
92
114
141
50
78
12
10
16
21
82
58
-9
1
10
-43
98
62
67
59
112
81
158
58
-46
50
41
41
-43
25
-30
4
-49
-86
33
42
-24
-87
-94
-98
-116
-121
-86
-121
-159
-123
-163
-103
-96
-146
-84
-59
-4
-15
94
99
44
68
115
138
102
86
62
117
127
162
98
95
73
44
18
-12
-18
3
-85
-69
-11
-40
-84
-101
-65
-97
-144
-165
-92
-54
-42
-107
-145
-77
-67
-67
-93
-75
-136
-121
-166
-143
-109
-105
-140
-200
-144
-119
-181
-183
-182
-142
-171
-177
-180
-120
-65
-68
-67
-84
-138
-179
-99
-123
-44
-79
-108
-137
-131
-147
-236
-183
-198
-209
-231
-258
-273
-287
-274
-259
-261
-221
-211
-180
-136
-108
-159
-223
-110
-98
-199
-113
-37
-54
-159
-227
-206
-195
-173
-189
-205
-223
-200
-216
-225
-237
-180
-194
-248
-205
-227
-220
-191
-182
-212
-170
-234
-212
-234
-133
-156
-173
-156
-100
-77
-91
-90
-52
-141
-118
-131
-78
-105
-108
-83
-105
-30
-78
-125
-97
-165
-203
-116
-195
-168
-175
-116
-138
-77
-85
-62
-84
-121
-126
-113
-65
-103
-74
-67
-63
-66
-15
-193
-130
-84
-43
2
12
18
43
48
60
21
-14
-25
47
14
96
58
97
77
6
15
86
31
86
92
114
141
50
78
12
10
16
21
82
58
-9
1
10
-43
98
62
67
59
112
81
158
58
-46
50
41
41
-43
25
-30
4
-49
-86
33
42
-24
-87
-94
-98
-116
-121
-86
-121
-159
-123
-163
-103
-96
-146
-84
-59
-4
-15
94
99
44
68
115
138
102
86
62
117
127
162
98
95
73
44
18
-12
-18
3
-85
-69
-11
-40
-84
-101
-65
-97
-144
-165
-92
-54
-42
-107
-145
-77
-67
-67
-93
-75
-136
-121
-166
-143
-109
-105
-140
-200
-144
-119
-181
-183
-182
-142
-171
-177
-180
-120
-65
-68
-67
-84
-138
-179
-99
-123
-44
-79
-108
-137
-131
-147
-236
-183
-198
-209
-231
-258
-273
-287
-274
-259
-261
-221
-211
-180
-136
-108
-159
-223
-110
-98
-199
-113
-37
-54
-159
-227
-206
-195
-173
-189
-205
-223
-200
-216
-225
-237
-180
-194
-248
-205
-227
-220
-191
-182
-212
-170
-234
-212
-234
-133
-156
-173
-156
-100
-77
-91
-90
-52
-141
-118
-131
-78
-105
-108
-83
-105
-30
-78
-125
-97
-165
-203
-116
-195
-168
-175
-116
-138
-77
-85
-62
-84
-121
-126
-113
-65
-103
-74
-67
-63
-66
-15
-193
-130
-84
-40
-43
-36
-131
-83
-78
-58
-50
-14
78
-12
16
73
-4
89
80
57
129
61
49
69
50
33
-6
-1
106
16
22
0
-40
-81
-25
-105
-47
5
-26
-86
-63
-27
-129
-177
-180
-174
-136
-43
-34
16
-14
-18
-57
-131
-78
-122
-110
-135
-186
-195
-208
-226
-197
-235
-232
-202
-154
-113
-146
-100
-146
-80
-17
0
-29
-32
1
17
-103
-40
-73
-58
-61
-47
-138
-183
-179
-162
-133
-203
-307
-275
-231
-264
-285
-245
-292
-242
-209
-282
-319
-255
-277
-251
-247
-173
-220
-241
-163
-228
-204
-177
-217
-215
-219
-273
-232
-289
-205
-266
-184
-188
-225
-178
-178
-147
-129
-159
-189
-190
-139
-113
-140
-74
-168
-159
-204
-184
-230
-196
-126
-164
-200
-243
-214
-232
-224
-110
-92
-127
-83
-57
-150
-166
-140
-138
-100
-117
-127
-127
-136
-181
-128
-98
-184
-73
-113
-117
-196
-115
-133
-116
-124
-177
-165
-178
-169
-139
-114
-158
-211
-173
-123
-136
-132
-153
-149
-156
-105
-194
-160
-183
-225
-186
-171
-215
-223
-205
-156
-108
-108
-149
-126
-146
-126
-76
-61
-91
-30
-187
-177
-160
-125
-146
-147
-145
-214
-182
-191
-170
-91
-120
-111
-83
-149
-108
-173
-86
-96
-90
-204
-115
-153
-75
-39
-94
-63
-39
-74
-98
-102
-135
-196
-84
-40
-43
-36
-131
-83
-78
-58
-50
-14
78
-12
16
73
-4
89
80
57
129
61
49
69
50
33
-6
-1
106
16
22
0
-40
-81
-25
-105
-47
5
-26
-86
-63
-27
-129
-177
-180
-174
-136
-43
-34
16
-14
-18
-57
-131
-78
-122
-110
-135
-186
-195
-208
-226
-197
-235
-232
-202
-154
-113
-146
-100
-146
-80
-17
0
-29
-32
1
17
-103
-40
-73
-58
-61
-47
-138
-183
-179
-162
-133
-203
-307
-275
-231
-264
-285
-245
-292
-242
-209
-282
-319
-255
-277
-251
-247
-173
-220
-241
-163
-228
-204
-177
-217
-215
-219
-273
-232
-289
-205
-266
-184
-188
-225
-178
-178
-147
-129
-159
-189
-190
-139
-113
-140
-74
-168
-159
-204
-184
-230
-196
-126
-164
-200
-243
-214
-232
-224
-110
-92
-127
-83
-57
-150
-166
-140
-138
-100
-117
-127
-127
-136
-181
-128
-98
-184
-73
-113
-117
-196
-115
-133
-116
-124
-177
-165
-178
-169
-139
-114
-158
-211
-173
-123
-136
-132
-153
-149
-156
-105
-194
-160
-183
-225
-186
-171
-215
-223
-205
-156
-108
-108
-149
-126
-146
-126
-76
-61
-91
-30
-187
-177
-160
-125
-146
-147
-145
-214
-182
-191
-170
-91
-120
-111
-83
-149
-108
-173
-86
-96
-90
-204
-115
-153
-75
-39
-94
-63
-39
-74
-98
-102
-135
-196
-118
-135
-162
-130
-164
-220
-153
-246
-221
-195
-147
-190
-130
-191
-221
-194
-197
-133
-152
-201
-199
-167
-141
-140
-93
-126
-168
-190
-210
-185
-155
-216
-177
-187
-241
-171
-254
-208
-228
-280
-144
-112
-139
-226
-188
-158
-143
-148
-178
-193
-193
-141
-121
-154
-257
-307
-303
-252
-266
-261
-193
-158
-156
-142
-117
-161
-151
-110
-173
-184
-146
-214
-190
-165
-240
-115
-128
-111
-76
-92
-199
-181
-210
-175
-254
-203
-161
-244
-201
-169
-266
-282
-332
-322
-288
-229
-244
-247
-215
-291
-248
-275
-262
-264
-315
-254
-257
-272
-318
-230
-291
-238
-279
-249
-219
-210
-225
-278
-224
-201
-139
-218
-196
-234
-201
-243
-159
-157
-173
-254
-254
-251
-254
-280
-191
-185
-173
-197
-170
-170
-223
-280
-251
-239
-260
-298
-259
-219
-249
-263
-264
-267
-207
-214
-195
-149
-58
-100
-135
-152
-100
-112
-141
-149
-213
-213
-161
-195
-258
-233
-269
-238
-215
-246
-243
-228
-183
-173
-190
-228
-219
-226
-175
-80
-55
-49
-92
-131
-142
-140
-135
-64
-126
-75
-75
-63
-110
-129
-183
-132
-100
-115
-146
-89
-113
-71
-113
-53
54
77
112
48
55
58
34
20
55
30
52
-37
-58
-3
32
-72
-51
-55
-49
-35
-27
-77
-37
-17
12
-5
-26
34
99
66
29
-8
-196
-118
-135
-162
-130
-164
-220
-153
-246
-221
-195
-147
-190
-130
-191
-221
-194
-197
-133
-152
-201
-199
-167
-141
-140
-93
-126
-168
-190
-210
-185
-155
-216
-177
-187
-241
-171
-254
-208
-228
-280
-144
-112
-139
-226
-188
-158
-143
-148
-178
-193
-193
-141
-121
-154
-257
-307
-303
-252
-266
-261
-193
-158
-156
-142
-117
-161
-151
-110
-173
-184
-146
-214
-190
-165
-240
-115
-128
-111
-76
-92
-199
-181
-210
-175
-254
-203
-161
-244
-201
-169
-266
-282
-332
-322
-288
-229
-244
-247
-215
-291
-248
-275
-262
-264
-315
-254
-257
-272
-318
-230
-291
-238
-279
-249
-219
-210
-225
-278
-224
-201
-139
-218
-196
-234
-201
-243
-159
-157
-173
-254
-254
-251
-254
-280
-191
-185
-173
-197
-170
-170
-223
-280
-251
-239
-260
-298
-259
-219
-249
-263
-264
-267
-207
-214
-195
-149
-58
-100
-135
-152
-100
-112
-141
-149
-213
-213
-161
-195
-258
-233
-269
-238
-215
-246
-243
-228
-183
-173
-190
-228
-219
-226
-175
-80
-55
-49
-92
-131
-142
-140
-135
-64
-126
-75
-75
-63
-110
-129
-183
-132
-100
-115
-146
-89
-113
-71
-113
-53
54
77
112
48
55
58
34
20
55
30
52
-37
-58
-3
32
-72
-51
-55
-49
-35
-27
-77
-37
-17
12
-5
-26
34
99
66
29
-8
71
57
107
28
31
54
109
72
-17
-79
-36
-43
4
76
108
80
148
107
60
50
74
64
97
39
-2
45
-7
9
-81
-1
36
29
37
32
-54
-17
42
6
-1
30
-1
35
23
-54
13
-6
-36
-33
-68
-22
75
-19
-4
21
-22
11
9
-15
-9
-4
-28
-12
-37
-40
-50
61
38
49
71
85
85
-7
-7
-5
69
-51
-30
-41
-59
-32
-40
-129
-62
-101
-76
-101
-130
-152
-155
-151
-156
-140
-214
-159
-222
-155
-142
-181
-207
-154
-188
-200
-172
-212
-180
-201
-160
-145
-175
-149
-180
-131
-227
-146
-210
-166
-95
-115
-121
-105
-146
-93
-135
-153
-122
-80
-50
-60
-78
-56
-33
17
-49
-52
-21
51
57
24
81
82
82
54
-24
69
68
129
192
76
24
129
159
172
136
81
111
164
90
52
18
67
-15
-24
3
19
-2
-41
-132
-101
-80
-65
-3
-28
-32
2
23
37
85
-63
-65
22
-136
-103
-53
-36
-12
-98
-104
-57
-66
-38
-72
-122
-121
-150
-108
-126
-145
-136
-45
-54
-8
46
5
13
111
79
-4
30
47
29
41
40
-20
-8
74
22
23
-4
-22
24
-72
-62
-38
-33
-51
24
-26
-78
-41
-5
8
-12
1
-23
53
53
-4
14
-8
21
-8
71
57
107
28
31
54
109
72
-17
-79
-36
-43
4
76
108
80
148
107
60
50
74
64
97
39
-2
45
-7
9
-81
-1
36
29
37
32
-54
-17
42
6
-1
30
-1
35
23
-54
13
-6
-36
-33
-68
-22
75
-19
-4
21
-22
11
9
-15
-9
-4
-28
-12
-37
-40
-50
61
38
49
71
85
85
-7
-7
-5
69
-51
-30
-41
-59
-32
-40
-129
-62
-101
-76
-101
-130
-152
-155
-151
-156
-140
-214
-159
-222
-155
-142
-181
-207
-154
-188
-200
-172
-212
-180
-201
-160
-145
-175
-149
-180
-131
-227
-146
-210
-166
-95
-115
-121
-105
-146
-93
-135
-153
-122
-80
-50
-60
-78
-56
-33
17
-49
-52
-21
51
57
24
81
82
82
54
-24
69
68
129
192
76
24
129
159
172
136
81
111
164
90
52
18
67
-15
-24
3
19
-2
-41
-132
-101
-80
-65
-3
-28
-32
2
23
37
85
-63
-65
22
-136
-103
-53
-36
-12
-98
-104
-57
-66
-38
-72
-122
-121
-150
-108
-126
-145
-136
-45
-54
-8
46
5
13
111
79
-4
30
47
29
41
40
-20
-8
74
22
23
-4
-22
24
-72
-62
-38
-33
-51
24
-26
-78
-41
-5
8
-12
1
-23
53
53
-4
14
-8
21
-11
-8
-19
-85
-81
-71
-86
-115
-81
-59
-26
-90
-116
-62
-55
-78
-118
-123
-19
-16
-65
-60
-84
-101
-138
-100
-83
-104
-75
-106
-67
-87
-65
-142
-133
-157
-169
-182
-176
-163
-171
-145
-161
-220
-194
-176
-189
-177
-220
-232
-172
-148
-128
-195
-174
-71
-115
-72
-119
-56
-67
-57
-73
-117
-60
-26
-48
-15
-81
-44
-78
-30
-19
-43
-57
-4
5
40
4
28
95
95
23
37
66
-27
-19
0
23
57
64
19
74
4
-27
50
21
40
89
35
61
102
68
48
66
60
71
80
159
84
56
28
97
132
143
69
83
140
141
47
80
23
64
-4
53
68
78
44
49
30
65
-23
-35
5
17
-47
94
-20
-13
-23
5
32
73
64
84
52
125
45
76
90
57
72
58
54
73
100
126
128
83
100
98
174
136
179
159
67
114
128
108
149
90
132
151
145
72
100
118
178
126
178
171
167
95
150
109
171
157
107
102
164
173
172
178
162
206
208
258
276
290
247
240
239
270
245
243
255
226
239
177
142
235
211
196
143
162
126
197
180
202
167
182
143
128
136
173
179
139
230
226
141
105
87
67
75
58
92
71
88
108
93
21
-11
-8
-19
-85
-81
-71
-86
-115
-81
-59
-26
-90
-116
-62
-55
-78
-118
-123
-19
-16
-65
-60
-84
-101
-138
-100
-83
-104
-75
-106
-67
-87
-65
-142
-133
-157
-169
-182
-176
-163
-171
-145
-161
-220
-194
-176
-189
-177
-220
-232
-172
-148
-128
-195
-174
-71
-115
-72
-119
-56
-67
-57
-73
-117
-60
-26
-48
-15
-81
-44
-78
-30
-19
-43
-57
-4
5
40
4
28
95
95
23
37
66
-27
-19
0
23
57
64
19
74
4
-27
50
21
40
89
35
61
102
68
48
66
60
71
80
159
84
56
28
97
132
143
69
83
140
141
47
80
23
64
-4
53
68
78
44
49
30
65
-23
-35
5
17
-47
94
-20
-13
-23
5
32
73
64
84
52
125
45
76
90
57
72
58
54
73
100
126
128
83
100
98
174
136
179
159
67
114
128
108
149
90
132
151
145
72
100
118
178
126
178
171
167
95
150
109
171
157
107
102
164
173
172
178
162
206
208
258
276
290
247
240
239
270
245
243
255
226
239
177
142
235
211
196
143
162
126
197
180
202
167
182
143
128
136
173
179
139
230
226
141
105
87
67
75
58
92
71
88
108
93
45
31
62
32
147
101
-4
24
85
88
67
77
143
104
83
92
166
165
158
206
181
220
181
163
151
165
181
207
209
163
179
124
99
161
100
123
145
201
136
107
140
165
204
132
142
184
190
131
164
120
55
76
114
154
174
108
178
97
78
78
69
180
191
150
121
142
132
93
73
133
141
133
122
91
118
76
46
28
35
39
4
-20
-28
-63
-94
-90
-37
-25
-50
-68
-112
-120
-178
-153
-143
-129
-150
-132
-121
-99
-136
-167
-127
-93
-131
-174
-168
-211
-289
-231
-180
-220
-206
-241
-201
-169
-190
-174
-133
-102
-133
-104
-56
-131
-176
-108
-61
-33
-69
-89
-93
10
-12
-24
-6
16
-112
-82
-57
-61
-59
-28
-92
-48
-166
-112
-75
-94
-144
-82
-50
-23
-74
-95
-106
-135
-185
-172
-114
-58
-48
-101
-87
-106
-104
-146
-163
-126
-112
-108
-32
-86
-63
-128
-108
-107
-131
-141
-122
-53
-144
-171
-192
-201
-182
-151
-143
-173
-98
-181
-174
-168
-144
-100
-207
-195
-263
-189
-216
-232
-229
-208
-184
-155
-176
-168
-240
-51
-96
-177
-108
-117
-145
-109
-94
-150
-113
-99
-89
-128
-100
-27
-90
-61
-87
-86
-115
-87
-109
-130
-93
-92
-90
-163
-172
-124
-82
-118
-199
-159
93
45
31
62
32
147
101
-4
24
85
88
67
77
143
104
83
92
166
165
158
206
181
220
181
163
151
165
181
207
209
163
179
124
99
161
100
123
145
201
136
107
140
165
204
132
142
184
190
131
164
120
55
76
114
154
174
108
178
97
78
78
69
180
191
150
121
142
132
93
73
133
141
133
122
91
118
76
46
28
35
39
4
-20
-28
-63
-94
-90
-37
-25
-50
-68
-112
-120
-178
-153
-143
-129
-150
-132
-121
-99
-136
-167
-127
-93
-131
-174
-168
-211
-289
-231
-180
-220
-206
-241
-201
-169
-190
-174
-133
-102
-133
-104
-56
-131
-176
-108
-61
-33
-69
-89
-93
10
-12
-24
-6
16
-112
-82
-57
-61
-59
-28
-92
-48
-166
-112
-75
-94
-144
-82
-50
-23
-74
-95
-106
-135
-185
-172
-114
-58
-48
-101
-87
-106
-104
-146
-163
-126
-112
-108
-32
-86
-63
-128
-108
-107
-131
-141
-122
-53
-144
-171
-192
-201
-182
-151
-143
-173
-98
-207
-195
-263
-189
-216
-232
-229
-208
-184
-155
-176
-168
-240
-181
-174
-168
-144
-100
-51
-96
-177
-108
-117
-145
-109
-94
-150
-113
-99
-89
-128
-100
-27
-90
-61
-87
-86
-115
-87
-109
-130
-93
-92
-90
-163
-172
-124
-82
-118
-199
-159
-113
-144
-137
-147
-125
-67
-99
-75
-141
-134
-143
-45
-66
-47
-48
-8
-84
-116
-78
-40
-68
-39
-38
-37
-99
-40
38
-82
-35
-1
68
-10
-52
-61
-107
-102
-61
-18
-75
-86
-99
-141
-57
-1
-82
1
-21
-29
-66
-65
1
-41
0
-61
-101
-133
-85
-1
-10
-63
-48
-36
10
45
-4
57
104
83
117
109
172
186
189
158
143
196
253
188
196
135
137
192
115
115
139
32
87
73
71
-48
43
48
-1
9
2
67
76
65
13
9
27
9
58
60
17
-17
14
19
4
-9
0
-64
-29
-9
-31
56
-47
-36
-40
13
22
29
77
100
62
117
145
135
46
96
100
120
41
101
89
28
12
15
16
-36
-107
-123
-44
-76
-52
-169
-82
-70
-69
-109
2
-96
-5
-83
5
-2
-5
-12
26
-41
-41
-54
-24
27
29
-47
-19
-9
62
20
-23
11
-32
-63
-16
-21
50
0
39
55
50
70
-6
-9
12
7
2
96
125
102
-11
16
21
34
19
24
-2
77
-21
57
25
87
65
124
-3
18
60
87
94
83
62
32
27
45
64
100
100
96
73
58
96
93
44
52
108
66
118
103
166
201
127
161
233
188
232
316
284
240
260
278
-159
-113
-144
-137
-147
-125
-67
-99
-75
-141
-134
-143
-45
-66
-47
-48
-8
-84
-116
-78
-40
-68
-39
-38
-37
-99
-40
38
-82
-35
-1
68
-10
-52
-61
-107
-102
-61
-18
-75
-86
-99
-141
-57
-1
-82
1
-21
-29
-66
-65
1
-41
0
-61
-101
-133
-85
-1
-10
-63
-48
-36
10
45
-4
57
104
83
117
109
172
186
189
158
143
196
253
188
196
135
137
192
115
115
139
32
87
73
71
-48
43
48
-1
9
2
67
76
65
13
9
27
9
58
60
17
-17
14
19
4
-9
0
-64
-29
-9
-31
56
-47
-36
-40
13
22
29
77
100
62
117
145
135
46
96
100
120
41
101
89
28
12
15
16
-36
-107
-123
-44
-76
-52
-169
-82
-70
-69
-109
2
-96
-5
-83
5
-2
-5
-12
26
-41
-41
-54
-24
27
29
-47
-19
-9
62
20
-23
11
-32
-63
-16
-21
50
0
39
55
50
70
-6
-9
12
7
2
96
125
102
-11
16
21
34
19
24
-2
77
-21
57
25
87
65
124
-3
18
60
87
94
83
62
32
27
45
64
100
100
96
73
58
96
93
44
52
108
66
118
103
166
201
127
161
233
188
232
316
284
240
260
278
327
298
340
285
326
358
336
328
297
346
312
303
289
263
301
355
347
300
326
259
237
205
237
191
189
205
146
158
156
195
223
190
231
245
249
339
231
177
174
252
302
256
215
212
236
220
196
262
304
252
192
235
215
250
232
294
283
312
348
296
317
273
225
221
253
262
223
252
208
275
207
243
208
229
187
210
143
160
157
132
174
153
82
76
68
126
131
70
133
138
148
136
84
141
182
184
118
179
189
138
175
148
132
117
171
214
223
211
184
220
206
201
277
279
260
213
204
212
223
172
186
150
173
217
248
131
128
111
54
137
138
127
141
97
60
112
59
90
105
108
98
87
132
148
143
229
131
161
199
170
150
163
180
121
139
144
151
144
199
220
236
221
227
251
288
269
270
288
279
207
205
168
234
212
171
177
101
140
192
107
178
158
72
86
64
111
112
106
75
73
45
92
104
26
39
29
24
85
45
20
73
57
81
100
48
102
73
44
-64
3
12
60
49
-15
1
-10
-34
-4
-5
25
40
14
13
21
-34
-30
-64
-63
-90
-99
-95
-21
-13
-40
-85
-101
-72
-70
-20
26
278
327
298
340
285
326
358
336
328
297
346
312
303
289
263
301
355
347
300
326
259
237
205
237
191
189
205
146
158
156
195
223
190
231
245
249
339
231
177
174
252
302
256
215
212
236
220
196
262
304
252
192
235
215
250
232
294
283
312
348
296
317
273
225
221
253
262
223
252
208
275
207
243
208
229
187
210
143
160
157
132
174
153
82
76
68
126
131
70
133
138
148
136
84
141
182
184
118
179
189
138
175
148
132
117
171
214
223
211
184
220
206
201
277
279
260
213
204
212
223
172
186
150
173
217
248
131
128
111
54
137
138
127
141
97
60
112
59
90
105
108
98
87
132
148
143
229
131
161
199
170
150
163
180
121
139
144
151
144
199
220
236
221
227
251
288
269
270
288
279
207
205
168
234
212
171
177
101
140
192
107
178
158
72
86
64
111
112
106
75
73
45
92
104
26
39
29
24
85
45
20
73
57
81
100
48
102
73
44
-64
3
12
60
49
-15
1
-10
-34
-4
-5
25
40
14
13
21
-34
-30
-64
-63
-90
-99
-95
-21
-13
-40
-85
-101
-72
-70
-20
26
12
-14
-42
-38
-11
-52
23
41
70
39
4
41
69
25
-32
-92
13
7
-26
-31
32
-37
-36
-46
-64
-35
20
24
-11
19
-7
-41
-18
23
46
67
79
83
90
38
-30
-1
41
89
53
64
61
50
22
-8
-43
-8
-40
40
1
34
-93
-116
-45
-68
3
-69
14
-64
-60
-35
-27
15
-31
-19
21
-47
-67
-118
-110
-130
-134
-72
-31
-47
-11
-13
-10
24
37
20
10
34
50
39
54
96
100
143
103
78
33
25
-11
7
26
38
-12
29
7
64
21
31
55
34
-51
-81
-55
-27
5
66
56
25
48
-17
-35
18
-94
-50
13
-52
-36
-58
-37
0
-46
-73
4
49
-7
-47
-35
-86
-118
-85
-121
-87
-38
-15
-5
-18
-76
-97
-51
-55
-75
-70
-94
17
-51
49
46
44
-19
57
61
101
17
35
36
49
48
-15
-19
2
47
48
56
35
52
22
61
0
-10
60
96
103
42
98
61
99
7
1
40
32
-3
-74
-41
-70
-5
-64
-60
-13
-58
-84
-96
-140
-113
-148
-120
-144
-182
-217
-275
203
-75
16
43
-164
-186
-335
-254
-178
-98
126
44
-29
-57
-152
-170
-220
-139
-183
-163
18
39
12
-58
30
11
-18
112
-19
130
169
26
12
-14
-42
-38
-11
-52
23
41
70
39
4
41
69
25
-32
-92
13
7
-26
-31
32
-37
-36
-46
-64
-35
20
24
-11
19
-7
-41
-18
23
46
67
79
83
90
38
-30
-1
41
89
53
64
61
50
22
-8
-43
-8
-40
40
1
34
-93
-116
-45
-68
3
-69
14
-64
-60
-35
-27
15
-31
-19
21
-47
-67
-118
-110
-130
-134
-72
-31
-47
-11
-13
-10
24
37
20
10
34
50
39
54
96
100
143
103
78
33
25
-11
7
26
38
-12
29
7
64
21
31
55
34
-51
-81
-55
-27
5
66
56
25
48
-17
-35
18
-94
-50
13
-52
-36
-58
-37
0
-46
-73
4
49
-7
-47
-35
-86
-118
-85
-121
-87
-38
-15
-5
-18
-76
-97
-51
-55
-75
-70
-94
17
-51
49
46
44
-19
57
61
101
17
35
36
49
48
-15
-19
2
47
48
56
35
52
22
61
0
-10
60
96
103
42
98
61
99
7
1
40
32
-3
-74
-41
-70
-5
-64
-60
-13
-58
-84
-96
-140
-113
-148
-120
-144
-182
-217
-275
203
-75
16
43
-164
-186
-335
-254
-178
-98
126
44
-29
-57
-152
-170
-220
-139
-183
-163
18
39
12
-58
30
11
-18
112
-19
130
169
112
196
84
124
67
115
86
82
-13
-80
-5
37
2
-84
-69
41
4
41
-115
-89
-104
-5
-18
-10
-73
-26
0
52
107
145
73
36
120
11
80
-34
-39
-18
11
-36
-27
5
5
-76
-26
22
-82
-99
-54
-38
11
-12
-70
-99
-56
-114
-134
-110
-137
-88
-187
-200
-179
-213
-155
-210
-179
-216
-207
-200
-95
-194
-113
-213
-136
-187
-201
-243
-189
-135
-188
-225
-174
-210
-155
-241
-242
-198
-214
-138
-114
-137
-185
-214
-256
-222
-175
-139
-225
-104
-255
-235
-233
-190
-308
-303
-304
-316
-363
-425
-339
-337
-318
-388
-430
-357
-303
-385
-296
-310
-294
-316
-322
-310
-334
-313
-238
-249
-117
-237
-220
-208
-213
-245
-228
-175
-179
-192
-261
-240
-163
-243
-179
-95
-117
-87
-42
-87
-120
-101
-159
-116
-93
-49
-102
-77
-134
-75
-94
-119
-35
-13
21
7
-19
-46
-83
10
55
28
-13
7
-43
-34
-46
-51
-48
22
-30
9
-17
-60
57
60
-77
-42
-94
-102
-89
7
-25
-23
-4
30
7
-26
-122
-109
-12
-100
-98
-87
-119
-161
-28
-158
-152
-116
-80
-105
-44
-88
-118
-36
-4
-13
21
-71
10
-19
-11
-10
56
12
16
26
-2
22
1
20
42
120
91
51
68
59
26
85
66
61
169
112
196
84
124
67
115
86
82
-13
-80
-5
37
2
-84
-69
41
4
41
-115
-89
-104
-5
-18
-10
-73
-26
0
52
107
145
73
36
120
11
80
-34
-39
-18
11
-36
-27
5
5
-76
-26
22
-82
-99
-54
-38
11
-12
-70
-99
-56
-114
-134
-110
-137
-88
-187
-200
-179
-213
-155
-210
-179
-216
-207
-200
-95
-194
-113
-213
-136
-187
-201
-243
-189
-135
-188
-225
-174
-210
-155
-241
-242
-198
-214
-138
-114
-137
-185
-214
-256
-222
-175
-139
-225
-104
-255
-235
-233
-190
-308
-303
-304
-316
-363
-425
-339
-337
-318
-388
-430
-357
-303
-385
-296
-310
-294
-316
-322
-310
-334
-313
-238
-249
-117
-237
-220
-208
-213
-245
-228
-175
-179
-192
-261
-240
-163
-243
-179
-95
-117
-87
-42
-87
-120
-101
-159
-116
-93
-49
-102
-77
-134
-75
-94
-119
-35
-13
21
7
-19
-46
-83
10
55
28
-13
7
-43
-34
-46
-51
-48
22
-30
9
-17
-60
57
60
-77
-42
-94
-102
-89
7
-25
-23
-4
30
7
-26
-122
-109
-12
-100
-98
-87
-119
-161
-28
-158
-152
-116
-80
-105
-44
-88
-118
-36
-4
-13
21
-71
10
-19
-11
-10
56
12
16
26
-2
22
1
20
42
120
91
51
68
59
26
85
66
61
65
15
-5
-16
29
-35
34
22
70
19
18
71
107
86
73
62
67
56
91
97
40
22
-12
-21
22
-20
-22
-45
-62
-29
-32
-1
-24
-39
-107
-48
-26
30
-50
14
-28
-57
-91
-64
-14
0
-26
-12
8
-9
9
-6
43
60
68
79
53
32
-13
5
-13
-64
-92
-78
-30
-6
-61
-25
-24
-69
-54
-72
-39
-45
-37
-37
-32
-32
-55
-52
5
-6
45
95
61
54
-3
-11
14
51
39
43
74
47
73
110
14
41
61
108
139
118
32
50
36
15
23
57
100
139
62
95
43
76
113
65
130
172
114
121
108
39
35
46
105
51
4
-22
-19
-25
2
-4
43
63
81
122
142
86
122
94
122
108
143
184
155
142
199
135
190
90
150
163
172
204
220
213
174
221
218
230
225
205
197
220
201
127
150
145
144
210
187
202
192
172
141
199
153
128
214
182
119
122
154
164
184
89
159
82
118
166
94
139
162
126
158
176
119
110
113
121
145
128
111
71
114
135
75
67
138
141
87
240
169
108
129
133
65
67
142
114
142
132
83
135
88
74
83
186
161
169
196
161
121
118
109
179
165
138
157
145
61
65
15
-5
-16
29
-35
34
22
70
19
18
71
107
86
73
62
67
56
91
97
40
22
-12
-21
22
-20
-22
-45
-62
-29
-32
-1
-24
-39
-107
-48
-26
30
-50
14
-28
-57
-91
-64
-14
0
-26
-12
8
-9
9
-6
43
60
68
79
53
32
-13
5
-13
-64
-92
-78
-30
-6
-61
-25
-24
-69
-54
-72
-39
-45
-37
-37
-32
-32
-55
-52
5
-6
45
95
61
54
-3
-11
14
51
39
43
74
47
73
110
14
41
61
108
139
118
32
50
36
15
23
57
100
139
62
95
43
76
113
65
130
172
114
121
108
39
35
46
105
51
4
-22
-19
-25
2
-4
43
63
81
122
142
86
122
94
122
108
143
184
155
142
199
135
190
90
150
163
172
204
220
213
174
221
218
230
225
205
197
220
201
127
150
145
144
210
187
202
192
172
141
199
153
128
214
182
119
122
154
164
184
89
159
82
118
166
94
139
162
126
158
176
119
110
113
121
145
128
111
71
114
135
75
67
138
141
87
240
169
108
129
133
65
67
142
114
142
132
83
135
88
74
83
186
161
169
196
161
121
118
109
179
165
138
157
145
112
100
37
57
39
6
-9
7
63
34
111
25
85
8
-31
12
6
-18
-36
32
8
35
-41
-3
44
91
137
138
73
56
77
77
69
95
102
73
115
124
72
118
127
100
104
137
155
129
105
152
109
155
146
113
145
144
91
113
48
5
-54
-59
-29
-76
-53
-28
-54
-115
-152
-92
-152
-97
-169
-70
-79
-140
-105
-78
-84
-108
-182
-150
-185
-188
-130
-101
-108
-129
-149
-152
-146
-188
-145
-172
-184
-196
-255
-183
-286
-277
-279
-223
-223
-329
-254
-286
-299
-348
-351
-342
-343
-308
-239
-172
-150
-144
-204
-252
-208
-217
-216
-175
-140
-175
-157
-226
-236
-190
-223
-190
-211
-146
-163
-86
-149
-177
-166
-100
-128
-140
-60
-103
-45
-77
-83
-27
-64
-37
-67
-104
-173
-149
-148
-71
-102
-68
-120
-144
-146
-200
-175
-213
-134
-183
-138
-127
-119
-132
-116
-63
-144
-127
-182
-101
-83
-107
-112
-113
-130
-94
-104
-96
-68
-21
19
-18
14
-23
-42
2
-13
-39
-27
-58
-75
-27
-35
-40
-1
-39
-14
-51
-79
-50
54
24
-9
-42
28
39
63
79
54
48
49
126
90
75
107
68
48
57
46
60
38
62
63
117
99
41
56
2
-6
-7
33
19
7
15
-33
-127
-83
-105
145
112
100
37
57
39
6
-9
7
63
34
111
25
85
8
-31
12
6
-18
-36
32
8
35
-41
-3
44
91
137
138
73
56
77
77
69
95
102
73
115
124
72
118
127
100
104
137
155
129
105
152
109
155
146
113
145
144
91
113
48
5
-54
-59
-29
-76
-53
-28
-54
-115
-152
-92
-152
-97
-169
-70
-79
-140
-105
-78
-84
-108
-182
-150
-185
-188
-130
-101
-108
-129
-149
-152
-146
-188
-145
-172
-184
-196
-255
-183
-286
-277
-279
-223
-223
-329
-254
-286
-299
-348
-351
-342
-343
-308
-239
-172
-150
-144
-204
-252
-208
-217
-216
-175
-140
-175
-157
-226
-236
-190
-223
-190
-211
-146
-163
-86
-149
-177
-166
-100
-128
-140
-60
-103
-45
-77
-83
-27
-64
-37
-67
-104
-173
-149
-148
-71
-102
-68
-120
-144
-146
-200
-175
-213
-134
-183
-138
-127
-119
-132
-116
-63
-144
-127
-182
-101
-83
-107
-112
-113
-130
-94
-104
-96
-68
-21
19
-18
14
-23
-42
2
-13
-39
-27
-58
-75
-27
-35
-40
-1
-39
-14
-51
-79
-50
54
24
-9
-42
28
39
63
79
54
48
49
126
90
75
107
68
48
57
46
60
38
62
63
117
99
41
56
2
-6
-7
33
19
7
15
-33
-127
-83
-105
-66
-54
-56
-35
-30
14
-30
-35
-43
-51
-52
-45
-100
-96
-78
-35
-69
-60
-64
-103
-77
-96
-7
-7
73
75
111
76
29
24
-42
-15
-31
10
13
-35
-53
-52
-9
-110
-98
-133
-75
-85
-58
-113
-124
-145
-140
-129
-161
-157
-166
-146
-139
-156
-145
-165
-108
-183
-94
-46
-68
-7
56
57
34
25
16
-19
3
-46
-19
14
45
52
37
47
22
38
13
38
-25
47
12
19
-44
-76
-15
-65
-29
-87
4
-1
39
-72
-30
-40
-1
6
80
70
14
65
65
66
23
117
75
68
117
119
123
198
190
243
194
279
230
264
270
201
141
133
53
7
54
57
142
82
31
-72
0
-36
30
34
91
106
47
63
87
114
106
155
165
162
107
98
107
150
127
106
132
168
113
107
145
242
185
204
176
190
231
151
131
181
169
135
198
225
201
195
132
203
213
173
179
128
149
160
129
127
110
92
91
55
119
109
141
133
177
166
178
139
121
97
128
172
216
153
101
154
152
116
133
163
200
201
211
102
120
20
78
31
8
25
43
19
6
20
52
35
33
31
-1
-4
-32
8
-56
-37
-68
-85
-150
-93
-119
-148
-120
-86
-95
11
-105
-66
-54
-56
-35
-30
14
-30
-35
-43
-51
-52
-45
-100
-96
-78
-35
-69
-60
-64
-103
-77
-96
-7
-7
73
75
111
76
29
24
-42
-15
-31
10
13
-35
-53
-52
-9
-110
-98
-133
-75
-85
-58
-113
-124
-145
-140
-129
-161
-157
-166
-146
-139
-156
-145
-165
-108
-183
-94
-46
-68
-7
56
57
34
25
16
-19
3
-46
-19
14
45
52
37
47
22
38
13
38
-25
47
12
19
-44
-76
-15
-65
-29
-87
4
-1
39
-72
-30
-40
-1
6
80
70
14
65
65
66
23
117
75
68
117
119
123
198
190
243
194
279
230
264
270
201
141
133
53
7
54
57
142
82
31
-72
0
-36
30
34
91
106
47
63
87
114
106
155
165
162
107
98
107
150
127
106
132
168
113
107
145
242
185
204
176
190
231
151
131
181
169
135
198
225
201
195
132
203
213
173
179
128
149
160
129
127
110
92
91
55
119
109
141
133
177
166
178
139
121
97
128
172
216
153
101
154
152
116
133
163
200
201
211
102
120
20
78
31
8
25
43
19
6
20
52
35
33
31
-1
-4
-32
8
-56
-37
-68
-85
-150
-93
-119
-148
-120
-86
-95
11
-57
-56
-16
-20
-9
-52
-25
-14
-25
38
-1
-35
-41
-74
-42
-28
-150
-119
-59
-87
-119
-154
-121
-118
-210
-151
-250
-227
-234
-231
-226
-178
-197
-215
-203
-230
-214
-221
-167
-225
-200
-235
-243
-290
-245
-302
-267
-261
-198
-131
-232
-194
-151
-155
-123
-179
-100
-76
-70
-60
-80
-65
-72
-57
-102
-110
-169
-130
-86
-79
-127
-180
-110
-164
-189
-279
-213
-201
-199
-237
-259
-270
-291
-278
-260
-236
-254
-238
-184
-130
-122
-115
-157
-82
-141
-141
-32
1
-51
18
-110
-54
-55
-109
-26
23
38
-8
-5
-22
17
-42
-38
26
40
-37
-25
-68
-60
-37
-45
-15
-9
-41
-17
-47
2
10
-31
37
94
82
62
-5
3
53
57
119
224
249
208
210
148
168
138
164
135
150
186
244
204
151
90
120
115
107
106
120
88
169
142
151
121
141
76
104
176
235
214
245
253
247
264
256
303
354
309
231
332
353
269
357
300
283
241
271
363
387
317
227
292
250
342
265
255
230
339
314
332
279
346
311
263
264
321
369
265
317
320
273
223
222
292
295
301
332
271
265
169
215
255
261
191
269
248
277
178
239
268
274
166
163
124
174
147
48
66
64
110
158
11
-57
-56
-16
-20
-9
-52
-25
-14
-25
38
-1
-35
-41
-74
-42
-28
-150
-119
-59
-87
-119
-154
-121
-118
-210
-151
-250
-227
-234
-231
-226
-178
-197
-215
-203
-230
-214
-221
-167
-225
-200
-235
-243
-290
-245
-302
-267
-261
-198
-131
-232
-194
-151
-155
-123
-179
-100
-76
-70
-60
-80
-65
-72
-57
-102
-110
-169
-130
-86
-79
-127
-180
-110
-164
-189
-279
-213
-201
-199
-237
-259
-270
-291
-278
-260
-236
-254
-238
-184
-130
-122
-115
-157
-82
-141
-141
-32
1
-51
18
-110
-54
-55
-109
-26
23
38
-8
-5
-22
17
-42
-38
26
40
-37
-25
-68
-60
-37
-45
-15
-9
-41
-17
-47
2
10
-31
37
94
82
62
-5
3
53
57
119
224
249
208
210
148
168
138
164
135
150
186
244
204
151
90
120
115
107
106
120
88
169
142
151
121
141
76
104
176
235
214
245
253
247
264
256
303
354
309
231
332
353
269
357
300
283
241
271
363
387
317
227
292
250
342
265
255
230
339
314
332
279
346
311
263
264
321
369
265
317
320
273
223
222
292
295
301
332
271
265
169
215
255
261
191
269
248
277
178
239
268
274
166
163
124
174
147
48
66
64
110
158
69
71
58
87
147
136
83
136
126
177
203
170
214
199
229
211
186
245
270
219
238
161
234
209
232
262
267
292
320
308
253
239
227
238
245
194
202
165
152
124
110
137
175
64
70
49
31
83
156
109
111
90
48
65
102
173
94
110
162
129
78
29
64
14
34
55
7
86
26
15
-14
-34
-11
-18
-30
-76
-162
-141
-151
-162
-169
-111
-64
-42
-97
-122
-83
-104
-146
-139
-88
-143
-130
-186
-219
-200
-205
-156
-127
-106
-80
-120
-73
-67
-63
-38
-64
-39
-26
17
-4
-4
41
12
45
132
108
173
111
157
93
72
123
172
175
106
166
122
144
54
63
40
51
36
64
5
74
0
43
7
-6
-54
-41
-87
-29
-5
24
-26
-97
-117
-72
-116
-102
-186
-179
-163
-130
-136
-203
-173
-211
-247
-238
-203
-125
-191
-238
-215
-296
-215
-281
-212
-245
-292
-304
-270
-276
-253
-253
-225
-199
-209
-111
-155
-132
-131
-67
-28
-44
63
26
33
71
57
17
-46
-70
-23
-8
11
1
-30
-43
-74
-71
-114
-25
-2
-6
35
-73
-63
-44
-20
-63
-14
27
-32
68
21
14
-48
-81
-77
-18
-15
33
-11
14
49
22
-45
7
53
52
42
74
-1
-7
1
158
69
71
58
87
147
136
83
136
126
177
203
170
214
199
229
211
186
245
270
219
238
161
234
209
232
262
267
292
320
308
253
239
227
238
245
194
202
165
152
124
110
137
175
64
70
49
31
83
156
109
111
90
48
65
102
173
94
110
162
129
78
29
64
14
34
55
7
86
26
15
-14
-34
-11
-18
-30
-76
-162
-141
-151
-162
-169
-111
-64
-42
-97
-122
-83
-104
-146
-139
-88
-143
-130
-186
-219
-200
-205
-156
-127
-106
-80
-120
-73
-67
-63
-38
-64
-39
-26
17
-4
-4
41
12
45
132
108
173
111
157
93
72
123
172
175
106
166
122
144
54
63
40
51
36
64
5
74
0
43
7
-6
-54
-41
-87
-29
-5
24
-26
-97
-117
-72
-116
-102
-186
-179
-163
-130
-136
-203
-173
-211
-247
-238
-203
-125
-191
-238
-215
-296
-215
-281
-212
-245
-292
-304
-270
-276
-253
-253
-225
-199
-209
-111
-155
-132
-131
-67
-28
-44
63
26
33
71
57
17
-46
-70
-23
-8
11
1
-30
-43
-74
-71
-114
-25
-2
-6
35
-73
-63
-44
-20
-63
-14
27
-32
68
21
14
-48
-81
-77
-18
-15
33
-11
14
49
22
-45
7
53
52
42
74
-1
-7
1
-2
36
44
72
46
92
-32
-13
-7
30
-1
-24
0
14
72
75
44
-13
-30
7
63
60
47
136
144
129
40
107
109
85
116
46
185
142
122
132
137
138
72
111
147
169
164
167
187
200
157
197
235
264
211
174
190
119
135
150
144
116
242
259
244
258
218
167
134
117
94
92
30
105
107
11
71
16
64
74
77
73
31
39
48
108
93
140
91
62
84
99
63
50
33
2
19
-24
-53
20
73
27
19
-6
4
-9
-44
-95
-62
1
56
15
36
32
34
-15
-5
-17
10
-31
14
6
-58
4
-46
-4
23
95
43
19
7
-3
-38
40
94
93
138
93
78
113
54
65
96
132
146
104
134
108
137
59
72
13
34
7
9
46
-16
-22
7
26
-41
-15
-1
-72
-22
-32
5
-5
92
70
64
-39
21
-17
-48
0
-29
-21
-43
-78
-55
-21
26
24
57
69
19
64
23
96
48
64
27
44
27
20
50
36
-36
-58
-84
-79
-63
-104
-118
-111
-109
-119
-133
-97
-114
-139
-204
-175
-179
-165
-164
-205
-215
-140
-184
-109
-103
-130
-125
-139
-129
-129
-173
-159
-191
-216
-154
-178
-165
-193
-135
-164
-65
-139
-96
-99
-20
-74
1
-2
36
44
72
46
92
-32
-13
-7
30
-1
-24
0
14
72
75
44
-13
-30
7
63
60
47
136
144
129
40
107
109
85
116
46
185
142
122
132
137
138
72
111
147
169
164
167
187
200
157
197
235
264
211
174
190
119
135
150
144
116
242
259
244
258
218
167
134
117
94
92
30
105
107
11
71
16
64
74
77
73
31
39
48
108
93
140
91
62
84
99
63
50
33
2
19
-24
-53
20
73
27
19
-6
4
-9
-44
-95
-62
1
56
15
36
32
34
-15
-5
-17
10
-31
14
6
-58
4
-46
-4
23
95
43
19
7
-3
-38
40
94
93
138
93
78
113
54
65
96
132
146
104
134
108
137
59
72
13
34
7
9
46
-16
-22
7
26
-41
-15
-1
-72
-22
-32
5
-5
92
70
64
-39
21
-17
-48
0
-29
-21
-43
-78
-55
-21
26
24
57
69
19
64
23
96
48
64
27
44
27
20
50
36
-36
-58
-84
-79
-63
-104
-118
-111
-109
-119
-133
-97
-114
-139
-204
-175
-179
-165
-164
-205
-215
-140
-184
-109
-103
-130
-125
-139
-129
-129
-173
-159
-191
-216
-154
-178
-165
-193
-135
-164
-65
-139
-96
-99
-20
-74
-17
-3
58
108
35
76
20
-41
1
48
-42
-32
-41
-45
-78
-32
-64
-111
-143
-111
-176
-155
-144
-164
-181
-208
-140
-134
-102
-140
-168
-184
-146
-188
-239
-146
-188
-168
-123
-122
-189
-183
-217
-174
-125
11
-9
60
4
7
-7
8
-22
4
60
87
12
27
10
-10
45
57
78
50
89
-12
-37
-52
-118
-70
-30
-21
-62
-32
-99
-82
-170
-104
-131
-35
-83
-63
-64
-35
-31
-50
-58
25
15
20
75
26
19
-6
12
-2
5
-14
54
92
58
35
47
90
130
96
92
147
49
62
104
59
44
14
48
25
43
24
10
28
31
-9
30
34
-21
3
7
25
17
61
18
44
-38
53
73
55
1
60
-2
40
-38
-83
-74
-43
-102
-103
-106
-43
-67
-42
-70
-41
-2
-92
-68
-41
-57
-93
-83
-55
-129
-134
-122
-141
-126
-51
-68
-104
-132
-198
-187
-139
-137
-156
-118
-112
-176
-172
-210
-165
-175
-143
-40
-49
-112
-91
-112
-55
-97
-78
-67
-30
-19
-34
-41
-39
-54
-59
-50
-25
-38
-126
-94
-72
-90
-103
-93
2
46
23
-80
-81
-91
-53
-88
-67
-101
-105
-119
-74
-175
-235
-304
-234
-191
-218
-196
-200
-168
-195
-267
-253
-271
-259
-236
-261
-235
-270
-222
-249
-74
-17
-3
58
108
35
76
20
-41
1
48
-42
-32
-41
-45
-78
-32
-64
-111
-143
-111
-176
-155
-144
-164
-181
-208
-140
-134
-102
-140
-168
-184
-146
-188
-239
-146
-188
-168
-123
-122
-189
-183
-217
-174
-125
11
-9
60
4
7
-7
8
-22
4
60
87
12
27
10
-10
45
57
78
50
89
-12
-37
-52
-118
-70
-30
-21
-62
-32
-99
-82
-170
-104
-131
-35
-83
-63
-64
-35
-31
-50
-58
25
15
20
75
26
19
-6
12
-2
5
-14
54
92
58
35
47
90
130
96
92
147
49
62
104
59
44
14
48
25
43
24
10
28
31
-9
30
34
-21
3
7
25
17
61
18
44
-38
53
73
55
1
60
-2
40
-38
-83
-74
-43
-102
-103
-106
-43
-67
-42
-70
-41
-2
-92
-68
-41
-57
-93
-83
-55
-129
-134
-122
-141
-126
-51
-68
-104
-132
-198
-187
-139
-137
-156
-118
-112
-176
-172
-210
-165
-175
-143
-40
-49
-112
-91
-112
-55
-97
-78
-67
-30
-19
-34
-41
-39
-54
-59
-50
-25
-38
-126
-94
-72
-90
-103
-93
2
46
23
-80
-81
-91
-53
-88
-67
-101
-105
-119
-74
-175
-235
-304
-234
-191
-218
-196
-200
-168
-195
-267
-253
-271
-259
-236
-261
-235
-270
-222
-249
-262
-256
-254
-277
-267
-292
-333
-329
-373
-391
-329
-360
-273
-330
-237
-300
-292
-320
-302
-309
-356
-309
-252
-208
-212
-199
-220
-210
-220
-211
-160
-164
-159
-178
-168
-190
-121
-130
-119
-131
-145
-144
-179
-121
-211
-136
-173
-142
-138
-27
-84
-108
-84
-168
-189
-183
-152
-152
-115
-164
-146
-157
-205
-217
-251
-224
-309
-288
-234
-231
-202
-168
-224
-237
-208
-186
-137
-117
-91
-64
-63
-61
-101
-75
-99
-35
-17
-69
-107
-91
-55
-108
-139
-121
-107
-200
-162
-152
-166
-166
-163
-177
-113
-126
-127
-141
-44
-129
-71
-80
-30
-37
-10
45
42
-18
-1
22
82
27
24
6
37
39
18
44
78
102
66
43
37
105
130
75
60
69
19
12
13
113
67
33
44
17
32
-6
-44
-39
-31
-19
-2
42
-37
-54
-84
12
38
-9
-76
42
-24
56
50
71
75
73
76
51
83
131
196
171
159
126
187
228
208
144
177
225
226
176
141
150
151
164
226
279
267
234
225
191
198
218
248
258
243
166
125
192
215
147
161
133
143
143
90
175
159
177
95
118
179
129
119
72
136
148
153
143
114
117
158
88
113
143
78
89
129
73
105
80
116
84
34
44
64
1
19
39
-249
-262
-256
-254
-277
-267
-292
-333
-329
-373
-391
-329
-360
-273
-330
-237
-300
-292
-320
-302
-309
-356
-309
-252
-208
-212
-199
-220
-210
-220
-211
-160
-164
-159
-178
-168
-190
-121
-130
-119
-131
-145
-144
-179
-121
-211
-136
-173
-142
-138
-27
-84
-108
-84
-168
-189
-183
-152
-152
-115
-164
-146
-157
-205
-217
-251
-224
-309
-288
-234
-231
-202
-168
-224
-237
-208
-186
-137
-117
-91
-64
-63
-61
-101
-75
-99
-35
-17
-69
-107
-91
-55
-108
-139
-121
-107
-200
-162
-152
-166
-166
-163
-177
-113
-126
-127
-141
-44
-129
-71
-80
-30
-37
-10
45
42
-18
-1
22
82
27
24
6
37
39
18
44
78
102
66
43
37
105
130
75
60
69
19
12
13
113
67
33
44
17
32
-6
-44
-39
-31
-19
-2
42
-37
-54
-84
12
38
-9
-76
42
-24
56
50
71
75
73
76
51
83
131
196
171
159
126
187
228
208
144
177
225
226
176
141
150
151
164
226
279
267
234
225
191
198
218
248
258
243
166
125
192
215
147
161
133
143
143
90
175
159
177
95
118
179
129
119
72
136
148
153
143
114
117
158
88
113
143
78
89
129
73
105
80
116
84
34
44
64
1
19
39
77
118
145
117
115
69
51
91
134
175
148
113
141
180
171
155
124
35
47
85
104
58
-3
10
61
54
65
51
62
75
21
49
-24
-33
-97
-39
-30
17
-13
-36
-93
-42
-2
-29
-15
-48
-80
-94
-37
-27
-10
4
-35
44
-19
35
38
-32
0
-68
20
-21
-42
36
13
-12
-58
-91
-102
-63
-86
-52
-82
-85
-70
-62
-93
-174
-83
-53
-44
-64
-8
-19
38
2
-4
-7
-24
-69
-9
-47
30
-18
-30
-43
-25
-35
18
103
87
63
87
106
106
79
70
42
83
58
52
87
112
122
55
95
68
43
11
51
43
50
-30
-15
7
51
-1
63
-81
-67
-93
8
-58
-3
55
46
23
-5
4
-13
21
3
24
-34
45
45
6
-19
-8
29
39
11
44
83
98
68
60
81
87
82
33
-7
59
108
24
9
110
35
11
-12
-8
-43
42
-43
-37
-73
-25
-48
-31
-30
16
-46
-39
15
-17
-54
-47
-40
22
3
16
38
7
70
42
67
76
-9
28
44
27
-32
-4
-36
-35
-30
5
-33
-14
113
100
90
140
59
104
95
160
155
224
173
196
78
114
138
170
224
135
239
200
212
165
180
188
217
236
259
242
251
240
158
39
77
118
145
117
115
69
51
91
134
175
148
113
141
180
171
155
124
35
47
85
104
58
-3
10
61
54
65
51
62
75
21
49
-24
-33
-97
-39
-30
17
-13
-36
-93
-42
-2
-29
-15
-48
-80
-94
-37
-27
-10
4
-35
44
-19
35
38
-32
0
-68
20
-21
-42
36
13
-12
-58
-91
-102
-63
-86
-52
-82
-85
-70
-62
-93
-174
-83
-53
-44
-64
-8
-19
38
2
-4
-7
-24
-69
-9
-47
30
-18
-30
-43
-25
-35
18
103
87
63
87
106
106
79
70
42
83
58
52
87
112
122
55
95
68
43
11
51
43
50
-30
-15
7
51
-1
63
-81
-67
-93
8
-58
-3
55
46
23
-5
4
-13
21
3
24
-34
45
45
6
-19
-8
29
39
11
44
83
98
68
60
81
87
82
33
-7
59
108
24
9
110
35
11
-12
-8
-43
42
-43
-37
-73
-25
-48
-31
-30
16
-46
-39
15
-17
-54
-47
-40
22
3
16
38
7
70
42
67
76
-9
28
44
27
-32
-4
-36
-35
-30
5
-33
-14
113
100
90
140
59
104
95
160
155
224
173
196
78
114
138
170
224
135
239
200
212
165
180
188
217
236
259
242
251
240
158
176
205
163
195
188
186
148
174
65
69
57
75
54
159
116
36
15
34
46
88
46
120
69
88
46
18
17
9
26
72
56
46
63
44
57
-14
18
5
62
56
107
87
68
119
115
119
81
150
188
259
120
115
110
54
57
17
96
68
20
28
15
8
2
84
-13
-24
16
57
62
6
39
24
112
44
71
45
110
64
93
93
121
66
59
99
99
79
64
56
104
25
63
42
131
142
128
144
103
209
167
83
130
216
267
190
222
178
259
82
90
82
93
124
136
179
151
106
-12
16
-5
25
-51
-89
-34
-2
-41
-40
-67
-80
-134
-106
-96
-74
-101
-116
-124
-113
-123
-126
-106
-27
-91
-170
-159
-122
-147
-190
-148
-163
-61
-59
-2
-13
34
-21
6
2
40
15
100
53
158
137
75
127
64
94
60
89
83
56
30
72
37
55
26
72
99
9
109
117
109
73
56
6
3
94
101
123
93
101
103
79
38
41
127
173
51
107
82
33
0
10
96
31
15
-8
-40
-34
-50
-27
-8
6
50
59
53
60
-3
28
61
70
51
-45
14
14
-51
-62
-113
-142
-189
-171
-32
-22
-53
-91
-107
-114
-107
-122
-42
21
158
176
205
163
195
188
186
148
174
65
69
57
75
54
159
116
36
15
34
46
88
46
120
69
88
46
18
17
9
26
72
56
46
63
44
57
-14
18
5
62
56
107
87
68
119
115
119
81
150
188
259
120
115
110
54
57
17
96
68
20
28
15
8
2
84
-13
-24
16
57
62
6
39
24
112
44
71
45
110
64
93
93
121
66
59
99
99
79
64
56
104
25
63
42
131
142
128
144
103
209
167
83
130
216
267
190
222
178
259
82
90
82
93
124
136
179
151
106
-12
16
-5
25
-51
-89
-34
-2
-41
-40
-67
-80
-134
-106
-96
-74
-101
-116
-124
-113
-123
-126
-106
-27
-91
-170
-159
-122
-147
-190
-148
-163
-61
-59
-2
-13
34
-21
6
2
40
15
100
53
158
137
75
127
64
94
60
89
83
56
30
72
37
55
26
72
99
9
109
117
109
73
56
6
3
94
101
123
93
101
103
79
38
41
127
173
51
107
82
33
0
10
96
31
15
-8
-40
-34
-50
-27
-8
6
50
59
53
60
-3
28
61
70
51
-45
14
14
-51
-62
-113
-142
-189
-171
-32
-22
-53
-91
-107
-114
-107
-122
-42
21
39
-9
-54
-48
-21
-112
-57
-56
-53
-36
-22
13
-49
-43
-82
-120
-179
-136
-154
-126
-153
-175
-138
-188
-224
-174
-79
-95
-26
-82
-117
-83
-138
-49
-27
-43
-25
-29
-37
-79
-54
-52
-62
-98
-72
-20
11
-25
-25
-18
-5
-47
50
40
22
99
54
157
126
42
-10
-40
23
-4
-17
-15
0
-39
-21
-24
-22
-23
-9
15
39
25
69
75
113
3
65
145
108
131
111
114
99
114
78
93
105
176
209
202
161
163
169
137
179
191
153
148
115
102
60
84
38
87
130
201
123
153
94
80
43
16
5
25
3
16
15
-14
-107
-63
-74
-16
-7
75
93
28
29
68
60
114
146
132
179
171
160
224
256
184
213
260
279
260
216
271
319
278
217
223
236
185
193
211
194
167
172
135
129
131
160
98
124
85
50
69
57
24
-59
-46
-11
-9
-75
-78
-11
-109
-98
-79
-24
-32
-39
-50
0
-51
-67
-86
-91
-11
-3
27
44
51
-25
34
19
0
5
0
41
-6
-39
-73
13
23
-2
-39
-42
-55
-18
-99
-9
-52
30
48
47
31
6
-37
-50
-7
28
20
-25
25
-45
-65
-90
4
51
12
5
4
-36
-16
-70
-113
-72
-76
21
39
-9
-54
-48
-21
-112
-57
-56
-53
-36
-22
13
-49
-43
-82
-120
-179
-136
-154
-126
-153
-175
-138
-188
-224
-174
-79
-95
-26
-82
-117
-83
-138
-49
-27
-43
-25
-29
-37
-79
-54
-52
-62
-98
-72
-20
11
-25
-25
-18
-5
-47
50
40
22
99
54
157
126
42
-10
-40
23
-4
-17
-15
0
-39
-21
-24
-22
-23
-9
15
39
25
69
75
113
3
65
145
108
131
111
114
99
114
78
93
105
176
209
202
161
163
169
137
179
191
153
148
115
102
60
84
38
87
130
201
123
153
94
80
43
16
5
25
3
16
15
-14
-107
-63
-74
-16
-7
75
93
28
29
68
60
114
146
132
179
171
160
224
256
184
213
260
279
260
216
271
319
278
217
223
236
185
193
211
194
167
172
135
129
131
160
98
124
85
50
69
57
24
-59
-46
-11
-9
-75
-78
-11
-109
-98
-79
-24
-32
-39
-50
0
-51
-67
-86
-91
-11
-3
27
44
51
-25
34
19
0
5
0
41
-6
-39
-73
13
23
-2
-39
-42
-55
-18
-99
-9
-52
30
48
47
31
6
-37
-50
-7
28
20
-25
25
-45
-65
-90
4
51
12
5
4
-36
-16
-70
-113
-72
-76
-106
-85
-108
-116
-116
-110
-55
-134
-148
-195
-177
-199
-294
-244
-250
-243
-206
-219
-240
-140
-172
-163
-120
-79
-111
-81
-65
-92
-101
-75
-75
-40
-41
-21
22
53
48
63
111
116
173
59
97
137
237
173
167
145
159
110
148
131
118
41
116
122
192
160
81
130
89
116
44
76
41
68
34
80
15
60
84
74
46
39
68
77
63
125
43
68
56
104
18
99
113
203
151
58
86
102
88
119
210
196
205
115
138
139
169
205
182
202
207
186
162
159
202
138
202
156
162
70
202
80
176
143
184
163
181
186
101
78
146
145
157
183
114
149
161
199
155
240
140
213
228
281
217
174
147
169
202
259
296
293
256
187
129
133
187
247
264
368
356
230
149
21
-24
121
399
553
683
590
378
206
19
106
182
254
310
372
315
194
147
62
80
83
129
100
138
142
127
79
8
8
-16
23
89
11
54
25
-37
-11
12
58
159
121
111
126
113
30
74
48
131
80
116
56
54
40
79
67
22
27
-25
41
115
64
103
49
66
64
74
107
74
72
-44
2
-11
-11
-113
-60
-49
-24
-61
-44
-116
-79
-123
-135
-152
-214
-76
-106
-85
-108
-116
-116
-110
-55
-134
-148
-195
-177
-199
-294
-244
-250
-243
-206
-219
-240
-140
-172
-163
-120
-79
-111
-81
-65
-92
-101
-75
-75
-40
-41
-21
22
53
48
63
111
116
173
59
97
137
237
173
167
145
159
110
148
131
118
41
116
122
192
160
81
130
89
116
44
76
41
68
34
80
15
60
84
74
46
39
68
77
63
125
43
68
56
104
18
99
113
203
151
58
86
102
88
119
210
196
205
115
138
139
169
205
182
202
207
186
162
159
202
138
202
156
162
70
202
80
176
143
184
163
181
186
101
78
146
145
157
183
114
149
161
199
155
240
140
213
228
281
217
174
147
169
202
259
296
293
256
187
129
133
187
247
264
368
356
230
149
21
-24
121
399
553
683
590
378
206
19
106
182
254
310
372
315
194
147
62
80
83
129
100
138
142
127
79
8
8
-16
23
89
11
54
25
-37
-11
12
58
159
121
111
126
113
30
74
48
131
80
116
56
54
40
79
67
22
27
-25
41
115
64
103
49
66
64
74
107
74
72
-44
2
-11
-11
-113
-60
-49
-24
-61
-44
-116
-79
-123
-135
-152
-214
-194
-218
-217
-146
-149
-160
-249
-178
-40
-77
-32
-137
-77
-89
-59
-35
4
-61
-73
-115
-82
-96
-128
-70
-76
-77
-107
-142
-77
-77
-139
-131
-127
-140
-147
-152
-159
-193
-159
-149
-133
-131
-176
-159
-143
-128
-90
-110
-137
-189
-149
-187
-270
-280
-207
-164
-167
-184
-252
-231
-214
-166
-123
-23
-29
-51
-50
6
41
56
2
-25
77
65
47
45
7
85
-1
32
15
97
93
87
57
82
125
83
87
125
153
126
103
126
153
202
204
142
128
153
215
228
264
232
221
233
266
220
174
158
183
220
199
194
220
223
102
129
141
169
182
157
186
145
97
124
187
225
189
204
170
126
108
63
127
153
207
162
61
72
91
60
127
53
153
102
127
142
154
164
187
159
198
209
234
175
214
247
256
230
264
255
225
204
225
313
236
235
234
296
209
294
184
177
225
160
99
119
63
87
87
117
140
136
34
33
79
54
-5
10
-14
-27
19
17
118
139
137
115
36
87
65
90
80
40
49
34
98
71
110
92
89
174
144
153
138
100
129
116
119
91
63
171
79
72
70
128
89
38
14
58
53
63
87
24
34
19
106
90
124
154
-214
-194
-218
-217
-146
-149
-160
-249
-178
-40
-77
-32
-137
-77
-89
-59
-35
4
-61
-73
-115
-82
-96
-128
-70
-76
-77
-107
-142
-77
-77
-139
-131
-127
-140
-147
-152
-159
-193
-159
-149
-133
-131
-176
-159
-143
-128
-90
-110
-137
-189
-149
-187
-270
-280
-207
-164
-167
-184
-252
-231
-214
-166
-123
-23
-29
-51
-50
6
41
56
2
-25
77
65
47
45
7
85
-1
32
15
97
93
87
57
82
125
83
87
125
153
126
103
126
153
202
204
142
128
153
215
228
264
232
221
233
266
220
174
158
183
220
199
194
220
223
102
129
141
169
182
157
186
145
97
124
187
225
189
204
170
126
108
63
127
153
207
162
61
72
91
60
127
53
153
102
127
142
154
164
187
159
198
209
234
175
214
247
256
230
264
255
225
204
225
313
236
235
234
296
209
294
184
177
225
160
99
119
63
87
87
117
140
136
34
33
79
54
-5
10
-14
-27
19
17
118
139
137
115
36
87
65
90
80
40
49
34
98
71
110
92
89
174
144
153
138
100
129
116
119
91
63
171
79
72
70
128
89
38
14
58
53
63
87
24
34
19
106
90
124
154
130
109
55
106
79
91
125
117
173
172
214
163
164
176
254
270
274
219
261
297
306
276
252
265
302
225
203
192
123
125
47
60
99
94
27
14
21
37
99
47
108
9
121
54
24
-34
-86
-71
7
-70
-46
36
0
14
-30
55
-33
41
34
80
57
158
75
68
11
57
107
121
74
67
139
106
24
30
64
105
108
137
70
23
-61
-10
-12
-32
7
-35
-14
-56
-73
-131
-133
-132
-122
-137
-98
-100
-169
-179
-140
-96
-162
-99
-95
-134
-173
-134
-164
-202
-172
-106
-47
9
-108
-94
-89
-139
-101
-93
-114
-77
-125
-85
-55
-107
-50
-73
23
-46
-85
-53
42
41
11
-21
-33
-24
78
-26
39
24
70
83
45
22
47
115
113
26
69
112
142
118
58
66
25
12
11
33
30
-20
-33
-31
-35
-80
-78
-30
-15
-31
0
-30
-83
-166
-76
-47
-23
-82
-79
-62
7
-74
-49
-33
2
-31
-24
-36
-15
-37
-14
-7
-12
-18
46
25
-8
-72
-63
-9
-50
-15
30
18
64
27
40
40
42
-22
22
51
44
75
62
110
73
28
82
69
98
104
87
123
35
97
59
41
19
39
56
156
46
89
109
125
64
97
110
114
11
76
154
130
109
55
106
79
91
125
117
173
172
214
163
164
176
254
270
274
219
261
297
306
276
252
265
302
225
203
192
123
125
47
60
99
94
27
14
21
37
99
47
108
9
121
54
24
-34
-86
-71
7
-70
-46
36
0
14
-30
55
-33
41
34
80
57
158
75
68
11
57
107
121
74
67
139
106
24
30
64
105
108
137
70
23
-61
-10
-12
-32
7
-35
-14
-56
-73
-131
-133
-132
-122
-137
-98
-100
-169
-179
-140
-96
-162
-99
-95
-134
-173
-134
-164
-202
-172
-106
-47
9
-108
-94
-89
-139
-101
-93
-114
-77
-125
-85
-55
-107
-50
-73
23
-46
-85
-53
42
41
11
-21
-33
-24
78
-26
39
24
70
83
45
22
47
115
113
26
69
112
142
118
58
66
25
12
11
33
30
-20
-33
-31
-35
-80
-78
-30
-15
-31
0
-30
-83
-166
-76
-47
-23
-82
-79
-62
7
-74
-49
-33
2
-31
-24
-36
-15
-37
-14
-7
-12
-18
46
25
-8
-72
-63
-9
-50
-15
30
18
64
27
40
40
42
-22
22
51
44
75
62
110
73
28
82
69
98
104
87
123
35
97
59
41
19
39
56
156
46
89
109
125
64
97
110
114
11
76
77
126
53
117
49
19
-2
-36
-20
95
-1
22
-5
39
80
51
30
90
52
-13
-3
-54
-20
14
41
-22
-21
43
8
-2
15
-31
-47
33
-25
-76
-78
-100
-72
-46
28
18
-17
-10
-27
-34
-20
31
95
85
88
32
36
-61
-10
47
67
54
41
3
11
22
3
47
53
57
68
51
-22
9
-75
-16
-34
-30
-15
33
-30
-13
-97
-42
-64
-78
-81
-54
-94
-104
-100
-63
-55
-93
-87
-55
-63
-5
-68
-7
13
-50
-79
-110
-8
-73
-67
-56
-2
31
65
55
85
-20
-64
-71
-24
23
31
46
65
14
-80
-96
-67
-103
-11
28
-4
-21
-61
25
17
-31
1
-68
-6
22
-21
-71
-55
-40
1
-78
-35
-69
-45
-83
-105
-92
-9
-44
15
-16
16
-66
7
-83
-23
-1
4
-85
-45
-55
-68
-174
-152
-67
-73
-41
-110
-163
-136
-175
-133
-150
-100
-53
-129
-93
-170
-136
-157
-117
-118
-46
-107
-138
-175
-190
-218
-110
-144
-99
-141
-145
-221
-173
-194
-165
-148
-103
-78
-128
-131
-219
-261
-261
-237
-249
-226
-214
-139
-152
-200
-290
-190
-131
-108
-135
-140
-183
-150
-203
-201
-191
-126
-181
-177
-128
-78
-107
-40
-72
-4
-46
-45
-19
48
56
12
16
-19
-38
76
77
126
53
117
49
19
-2
-36
-20
95
-1
22
-5
39
80
51
30
90
52
-13
-3
-54
-20
14
41
-22
-21
43
8
-2
15
-31
-47
33
-25
-76
-78
-100
-72
-46
28
18
-17
-10
-27
-34
-20
31
95
85
88
32
36
-61
-10
47
67
54
41
3
11
22
3
47
53
57
68
51
-22
9
-75
-16
-34
-30
-15
33
-30
-13
-97
-42
-64
-78
-81
-54
-94
-104
-100
-63
-55
-93
-87
-55
-63
-5
-68
-7
13
-50
-79
-110
-8
-73
-67
-56
-2
31
65
55
85
-20
-64
-71
-24
23
31
46
65
14
-80
-96
-67
-103
-11
28
-4
-21
-61
25
17
-31
1
-68
-6
22
-21
-71
-55
-40
1
-78
-35
-69
-45
-83
-105
-92
-9
-44
15
-16
16
-66
7
-83
-23
-1
4
-85
-45
-55
-68
-174
-152
-67
-73
-41
-110
-163
-136
-175
-133
-150
-100
-53
-129
-93
-170
-136
-157
-117
-118
-46
-107
-138
-175
-190
-218
-110
-144
-99
-141
-145
-221
-173
-194
-165
-148
-103
-78
-128
-131
-219
-261
-261
-237
-249
-226
-214
-139
-152
-200
-290
-190
-131
-108
-135
-140
-183
-150
-203
-201
-191
-126
-181
-177
-128
-78
-107
-40
-72
-4
-46
-45
-19
48
56
12
16
-19
-38
-16
-8
-70
-96
-108
-66
-87
-96
-174
-103
-51
-65
-137
-131
-179
-139
-98
-67
-69
-55
-53
-17
-31
-16
-62
-39
29
-7
-18
-19
-82
-38
-81
-49
-69
-42
-6
-10
-5
-43
-47
-151
-109
-159
-155
-111
-11
-48
-24
-37
-86
-117
-142
-120
-72
-51
-89
-91
-123
-117
-105
-98
-92
-13
-38
-22
6
16
4
5
5
27
83
-23
16
12
-23
-1
25
-64
0
23
64
34
-18
-19
-50
28
31
11
125
69
-7
-1
-20
17
-26
-56
5
-41
-13
-68
-108
-45
-105
-93
-128
-80
-59
-49
-84
-55
-82
-87
-147
-82
-68
-55
-179
-127
-151
-154
-105
-99
-58
-62
-86
-103
-54
-71
-11
-82
-41
-109
-135
-59
-39
-73
-96
-93
-39
-58
-80
-157
-130
-84
-84
-65
-54
-51
-19
6
33
27
14
30
35
16
-3
-20
66
11
33
0
9
10
10
20
66
120
27
-1
-66
-48
-4
-54
-9
71
67
111
21
113
10
-10
-9
29
23
23
-1
27
-1
25
12
-38
4
-45
49
-76
-76
-74
-69
-84
-105
-84
-58
-24
-54
-128
-95
-65
-46
-42
-79
-93
-18
-85
-63
-83
-29
-37
41
31
13
15
-46
-36
61
74
80
70
107
60
80
-18
24
58
2
64
25
41
-38
-16
-8
-70
-96
-108
-66
-87
-96
-174
-103
-51
-65
-137
-131
-179
-139
-98
-67
-69
-55
-53
-17
-31
-16
-62
-39
29
-7
-18
-19
-82
-38
-81
-49
-69
-42
-6
-10
-5
-43
-47
-151
-109
-159
-155
-111
-11
-48
-24
-37
-86
-117
-142
-120
-72
-51
-89
-91
-123
-117
-105
-98
-92
-13
-38
-22
6
16
4
5
5
27
83
-23
16
12
-23
-1
25
-64
0
23
64
34
-18
-19
-50
28
31
11
125
69
-7
-1
-20
17
-26
-56
5
-41
-13
-68
-108
-45
-105
-93
-128
-80
-59
-49
-84
-55
-82
-87
-147
-82
-68
-55
-179
-127
-151
-154
-105
-99
-58
-62
-86
-103
-54
-71
-11
-82
-41
-109
-135
-59
-39
-73
-96
-93
-39
-58
-80
-157
-130
-84
-84
-65
-54
-51
-19
6
33
27
14
30
35
16
-3
-20
66
11
33
0
9
10
10
20
66
120
27
-1
-66
-48
-4
-54
-9
71
67
111
21
113
10
-10
-9
29
23
23
-1
27
-1
25
12
-38
4
-45
49
-76
-76
-74
-69
-84
-105
-84
-58
-24
-54
-128
-95
-65
-46
-42
-79
-93
-18
-85
-63
-83
-29
-37
41
31
13
15
-46
-36
61
74
80
70
107
60
80
-18
24
58
2
64
25
41
98
50
29
-45
-32
76
62
132
131
155
125
122
101
124
76
96
74
113
102
44
95
101
63
148
166
206
112
136
215
157
229
200
250
286
270
234
198
211
172
198
229
207
189
145
119
46
116
34
137
79
88
81
58
113
110
151
119
69
84
106
119
91
92
75
94
124
69
36
59
74
99
160
138
147
97
79
38
21
57
27
6
-63
-100
-88
-61
-43
-39
-29
-27
-50
10
-39
-64
-40
-38
-15
-56
1
38
-13
-40
9
-43
-58
-76
-39
-62
-41
-23
-49
-45
-50
-39
-14
61
45
59
66
-20
-72
-61
-74
-63
-87
-151
-96
-38
-89
-55
-53
27
-12
-13
-12
-58
-20
0
-28
0
-40
-28
-65
54
-72
-34
-90
10
-79
-46
-72
-31
-91
-146
-80
-76
-115
-136
-83
-60
-79
-116
-157
-123
-175
-154
-147
-193
-177
-201
-175
-199
-185
-249
-221
-265
-216
-255
-149
-223
-166
-222
-184
-168
-183
-200
-162
-192
-138
-124
-78
-102
-113
-157
-91
-204
-154
-103
-77
-76
-169
-184
-155
-147
-131
-115
-187
-116
-207
-203
-193
-188
-173
-140
-148
-174
-200
-196
-202
-162
-131
-169
-158
-209
-223
-278
-282
-239
-271
-238
-225
-224
-244
-337
-241
-253
-247
-268
-256
-229
-240
41
98
50
29
-45
-32
76
62
132
131
155
125
122
101
124
76
96
74
113
102
44
95
101
63
148
166
206
112
136
215
157
229
200
250
286
270
234
198
211
172
198
229
207
189
145
119
46
116
34
137
79
88
81
58
113
110
151
119
69
84
106
119
91
92
75
94
124
69
36
59
74
99
160
138
147
97
79
38
21
57
27
6
-63
-100
-88
-61
-43
-39
-29
-27
-50
10
-39
-64
-40
-38
-15
-56
1
38
-13
-40
9
-43
-58
-76
-39
-62
-41
-23
-49
-45
-50
-39
-14
61
45
59
66
-20
-72
-61
-74
-63
-87
-151
-96
-38
-89
-55
-53
27
-12
-13
-12
-58
-20
0
-28
0
-40
-28
-65
54
-72
-34
-90
10
-79
-46
-72
-31
-91
-146
-80
-76
-115
-136
-83
-60
-79
-116
-157
-123
-175
-154
-147
-193
-177
-201
-175
-199
-185
-249
-221
-265
-216
-255
-149
-223
-166
-222
-184
-168
-183
-200
-162
-192
-138
-124
-78
-102
-113
-157
-91
-204
-154
-103
-77
-76
-169
-184
-155
-147
-131
-115
-187
-116
-207
-203
-193
-188
-173
-140
-148
-174
-200
-196
-202
-162
-131
-169
-158
-209
-223
-278
-282
-239
-271
-238
-225
-224
-244
-337
-241
-253
-247
-268
-256
-229
-240
-295
-252
-235
-257
-209
-206
-237
-235
-168
-186
-222
-160
-176
-185
-202
-150
-180
-156
-174
-137
-179
-150
-69
-82
-30
-12
13
-116
-194
-173
-170
-174
-128
-56
-80
-100
-115
-120
-15
-63
-25
-15
-6
-14
-50
-142
-84
-49
-22
-71
6
11
-18
-39
-68
-38
-109
-92
-172
-117
-129
-131
-93
-167
-94
-166
-184
-203
-177
-184
-125
-196
-173
-244
-231
-293
-295
-218
-299
-285
-264
-252
-334
-316
-357
-266
-299
-272
-232
-218
-181
-192
-224
-183
-164
-153
-102
-106
-198
-209
-212
-166
-171
-179
-125
-123
-120
-154
-181
-80
-80
-134
-140
-80
-133
-131
-154
-149
-79
1
22
-62
23
-91
-25
-134
-75
-7
-79
-77
-76
-130
-67
-24
12
-8
27
29
86
48
51
34
64
39
10
51
56
56
31
-15
8
44
44
11
-10
-38
-19
-92
-55
-24
-5
43
23
-51
-94
-113
-133
-74
-72
-9
-4
41
-33
-24
-20
1
-1
74
55
91
37
50
58
-25
7
-48
18
-9
-36
-44
-33
-20
41
-1
37
124
88
-51
-22
46
92
74
86
145
224
71
51
151
148
188
77
117
85
22
17
80
28
56
69
50
172
135
38
65
51
103
91
139
170
234
152
137
169
152
223
165
150
156
156
67
-240
-295
-252
-235
-257
-209
-206
-237
-235
-168
-186
-222
-160
-176
-185
-202
-150
-180
-156
-174
-137
-179
-150
-69
-82
-30
-12
13
-116
-194
-173
-170
-174
-128
-56
-80
-100
-115
-120
-15
-63
-25
-15
-6
-14
-50
-142
-84
-49
-22
-71
6
11
-18
-39
-68
-38
-109
-92
-172
-117
-129
-131
-93
-167
-94
-166
-184
-203
-177
-184
-125
-196
-173
-244
-231
-293
-295
-218
-299
-285
-264
-252
-334
-316
-357
-266
-299
-272
-232
-218
-181
-192
-224
-183
-164
-153
-102
-106
-198
-209
-212
-166
-171
-179
-125
-123
-120
-154
-181
-80
-80
-134
-140
-80
-133
-131
-154
-149
-79
1
22
-62
23
-91
-25
-134
-75
-7
-79
-77
-76
-130
-67
-24
12
-8
27
29
86
48
51
34
64
39
10
51
56
56
31
-15
8
44
44
11
-10
-38
-19
-92
-55
-24
-5
43
23
-51
-94
-113
-133
-74
-72
-9
-4
41
-33
-24
-20
1
-1
74
55
91
37
50
58
-25
7
-48
18
-9
-36
-44
-33
-20
41
-1
37
124
88
-51
-22
46
92
74
86
145
224
71
51
151
148
188
77
117
85
22
17
80
28
56
69
50
172
135
38
65
51
103
91
139
170
234
152
137
169
152
223
165
150
156
156
67
132
76
121
93
107
190
126
145
216
176
294
235
230
274
329
359
248
260
184
215
234
148
239
179
134
125
90
130
149
128
227
116
168
100
60
115
106
89
82
184
169
126
107
114
132
113
106
153
115
164
166
157
188
181
156
181
235
278
211
248
242
258
183
277
302
263
253
271
312
381
359
409
370
376
349
298
328
294
254
243
4026
243
207
159
129
162
169
96
104
114
116
169
60
155
216
190
147
162
110
218
182
173
175
164
183
165
138
163
121
157
154
159
167
172
57
39
87
71
129
154
147
169
206
204
221
191
187
177
242
196
214
155
185
140
146
100
103
69
106
157
125
90
134
98
138
111
102
87
89
141
155
146
108
70
96
72
5
121
91
79
-9
-25
-39
-8
21
6
5
3
59
1
-15
-16
-37
18
29
4
64
-24
-78
-111
-170
-112
-85
-67
-120
-116
-94
-47
-118
-59
-97
-67
-45
-63
-40
-34
-13
-39
-76
-65
-95
-51
-23
-43
-61
-71
-97
-123
-82
-119
-114
-114
-115
-175
-164
-163
-209
-231
-275
-279
-290
-227
-293
-239
-218
-199
-187
-189
-309
-222
-185
-221
-173
-174
-222
-174
-195
-197
-165
-93
-33
243
207
159
129
162
169
96
104
114
116
169
60
155
216
190
147
162
110
218
182
173
175
164
183
165
138
163
121
157
154
159
167
172
57
39
87
71
129
154
147
169
206
204
221
191
187
177
242
196
214
155
185
140
146
100
103
69
106
157
125
90
134
98
138
111
102
87
89
141
155
146
108
70
96
72
5
121
91
79
-9
-25
-39
-8
21
6
5
3
59
1
-15
-16
-37
18
29
4
64
-24
-78
-111
-170
-112
-85
-67
-120
-116
-94
-47
-118
-59
-97
-67
-45
-63
-40
-34
-13
-39
-76
-65
-95
-51
-23
-43
-61
-71
-97
-123
-82
-119
-114
-114
-115
-175
-164
-163
-209
-231
-275
-279
-290
-227
-293
-239
-218
-199
-187
-189
-309
-222
-185
-221
-173
-174
-222
-174
-195
-197
-165
-93
-33
-76
-58
-80
-22
-50
-15
-26
-12
-27
1
11
32
52
-3
-12
-11
22
-9
-40
-40
-22
-54
-127
-31
-76
-68
-101
-56
-109
-82
-107
-71
-111
-74
-181
-126
-51
11
3
-27
7
5
4
39
102
105
117
107
106
33
56
33
23
67
19
25
-15
4
39
9
-32
8
73
60
58
78
91
44
-83
-45
10
29
-14
-42
-83
-98
-126
-162
-155
-115
-107
-138
-114
-125
-119
-161
-127
-70
-45
-124
-115
-133
-57
-92
-26
36
19
42
36
96
106
129
160
143
194
107
134
128
11
106
82
102
62
85
-11
-50
-48
-10
5
1
13
-42
-49
-24
5
-59
-6
61
88
34
26
58
46
104
44
90
44
92
93
111
119
114
72
105
193
109
173
125
161
84
84
58
99
93
82
73
47
-44
-32
1
26
38
21
49
57
15
-28
-32
20
-32
-12
-28
-43
-12
-16
-56
-24
-58
-14
-62
-5
-25
23
32
70
111
109
33
59
25
58
69
72
100
25
48
52
74
12
51
75
113
95
103
89
61
54
66
62
40
32
43
-21
-46
-83
-45
-51
-44
-69
-28
-25
-89
-75
-110
-31
-60
-73
-96
-125
-170
-222
-190
-191
-179
-119
-138
-135
-186
-216
-237
-33
-76
-58
-80
-22
-50
-15
-26
-12
-27
1
11
32
52
-3
-12
-11
22
-9
-40
-40
-22
-54
-127
-31
-76
-68
-101
-56
-109
-82
-107
-71
-111
-74
-181
-126
-51
11
3
-27
7
5
4
39
102
105
117
107
106
33
56
33
23
67
19
25
-15
4
39
9
-32
8
73
60
58
78
91
44
-83
-45
10
29
-14
-42
-83
-98
-126
-162
-155
-115
-107
-138
-114
-125
-119
-161
-127
-70
-45
-124
-115
-133
-57
-92
-26
36
19
42
36
96
106
129
160
143
194
107
134
128
11
106
82
102
62
85
-11
-50
-48
-10
5
1
13
-42
-49
-24
5
-59
-6
61
88
34
26
58
46
104
44
90
44
92
93
111
119
114
72
105
193
109
173
125
161
84
84
58
99
93
82
73
47
-44
-32
1
26
38
21
49
57
15
-28
-32
20
-32
-12
-28
-43
-12
-16
-56
-24
-58
-14
-62
-5
-25
23
32
70
111
109
33
59
25
58
69
72
100
25
48
52
74
12
51
75
113
95
103
89
61
54
66
62
40
32
43
-21
-46
-83
-45
-51
-44
-69
-28
-25
-89
-75
-110
-31
-60
-73
-96
-125
-170
-222
-190
-191
-179
-119
-138
-135
-186
-216
-237
-173
-146
-91
-130
-111
-76
-158
-156
-167
-126
-82
-73
-75
-66
-33
-77
-92
-96
-89
0
-2
-32
-127
-142
-103
-24
11
20
-16
-28
5
-79
-45
-76
-3
-41
-48
-27
-125
-177
-70
-155
-115
-156
-129
-83
-67
-149
-174
-231
-160
-102
-35
-124
-106
-33
-39
-128
-170
-111
-134
-66
-99
-90
-83
-169
-193
-246
-247
-111
-212
-209
-216
-186
-214
-208
-225
-190
-240
-160
-182
-168
-210
-200
-146
-244
-137
-166
-144
-144
-177
-173
-139
-181
-161
-233
-162
-184
-152
-138
-72
-102
-112
-214
-143
-170
-147
-100
-75
-129
-121
-124
-210
-169
-190
-142
-131
-80
-71
-102
-86
-49
-56
-119
-139
-69
-66
-100
-116
-159
-202
-159
-90
-113
-113
-115
-83
-156
-88
-224
-220
-162
-243
-129
-172
-233
-259
-312
-314
-287
-306
-319
-333
-257
-274
-264
-275
-253
-318
-337
-303
-314
-302
-277
-267
-291
-272
-304
-262
-224
-198
-248
-258
-243
-281
-248
-321
-299
-233
-282
-285
-366
-332
-261
-289
-284
-227
-198
-87
-235
-274
-301
-255
-165
-207
-181
-123
-186
-182
-292
-233
-256
-267
-289
-225
-220
-176
-178
-170
-199
-247
-178
-172
-139
-170
-126
-37
-108
-85
-65
-32
-10
-56
-73
-52
-26
-105
-62
-150
-118
-89
-56
-52
-99
-52
-6
-74
-55
-91
-35
-237
-173
-146
-91
-130
-111
-76
-158
-156
-167
-126
-82
-73
-75
-66
-33
-77
-92
-96
-89
0
-2
-32
-127
-142
-103
-24
11
20
-16
-28
5
-79
-45
-76
-3
-41
-48
-27
-125
-177
-70
-155
-115
-156
-129
-83
-67
-149
-174
-231
-160
-102
-35
-124
-106
-33
-39
-128
-170
-111
-134
-66
-99
-90
-83
-169
-193
-246
-247
-111
-212
-209
-216
-186
-214
-208
-225
-190
-240
-160
-182
-168
-210
-200
-146
-244
-137
-166
-144
-144
-177
-173
-139
-181
-161
-233
-162
-184
-152
-138
-72
-102
-112
-214
-143
-170
-147
-100
-75
-129
-121
-124
-210
-169
-190
-142
-131
-80
-71
-102
-86
-49
-56
-119
-139
-69
-66
-100
-116
-159
-202
-159
-90
-113
-113
-115
-83
-156
-88
-224
-220
-162
-243
-129
-172
-233
-259
-312
-314
-287
-306
-319
-333
-257
-274
-264
-275
-253
-318
-337
-303
-314
-302
-277
-267
-291
-272
-304
-262
-224
-198
-248
-258
-243
-281
-248
-321
-299
-233
-282
-285
-366
-332
-261
-289
-284
-227
-198
-87
-235
-274
-301
-255
-165
-207
-181
-123
-186
-182
-292
-233
-256
-267
-289
-225
-220
-176
-178
-170
-199
-247
-178
-172
-139
-170
-126
-37
-108
-85
-65
-32
-10
-56
-73
-52
-26
-105
-62
-150
-118
-89
-56
-52
-99
-52
-6
-74
-55
-91
-35
-20
15
1
5
12
-166
-155
-132
-194
-102
-44
-35
-77
-120
-105
-79
-17
-1
16
1
26
-20
-31
-6
-16
-19
-15
-9
-18
-33
-43
-146
-175
-51
-39
-83
-73
-24
-54
-39
-66
3
-13
12
-57
44
11
49
20
70
80
39
41
126
184
152
110
133
223
203
269
267
272
129
225
193
180
175
189
187
186
136
10
106
101
157
95
133
156
52
177
196
158
155
187
152
157
139
110
211
183
146
128
122
110
74
74
53
24
7
-7
63
38
36
2
-8
10
-13
-25
0
8
1
-2
-54
-29
-12
-61
-63
-75
-73
-66
-72
-64
-196
-116
-49
-140
-117
-105
-92
-128
-97
-75
-10
-68
-24
5
106
-11
19
30
3
0
83
112
124
132
-12
2
26
14
14
48
21
-42
-48
-129
-89
-76
-78
-85
-71
-66
-38
37
-30
-69
-45
-19
15
12
67
32
86
104
101
76
43
48
70
64
7
19
-9
33
36
50
-8
-1
17
-103
-69
-31
-71
-163
-121
-67
-33
-35
-50
-70
-57
-13
9
-46
-75
-59
-17
-15
-33
2
10
26
-38
-32
-107
-24
-44
0
-43
33
40
36
-11
-7
-16
-97
-49
7
29
-11
48
83
34
27
132
74
76
93
17
-35
-20
15
1
5
12
-166
-155
-132
-194
-102
-44
-35
-77
-120
-105
-79
-17
-1
16
1
26
-20
-31
-6
-16
-19
-15
-9
-18
-33
-43
-146
-175
-51
-39
-83
-73
-24
-54
-39
-66
3
-13
12
-57
44
11
49
20
70
80
39
41
126
184
152
110
133
223
203
269
267
272
129
225
193
180
175
189
187
186
136
10
106
101
157
95
133
156
52
177
196
158
155
187
152
157
139
110
211
183
146
128
122
110
74
74
53
24
7
-7
63
38
36
2
-8
10
-13
-25
0
8
1
-2
-54
-29
-12
-61
-63
-75
-73
-66
-72
-64
-196
-116
-49
-140
-117
-105
-92
-128
-97
-75
-10
-68
-24
5
106
-11
19
30
3
0
83
112
124
132
-12
2
26
14
14
48
21
-42
-48
-129
-89
-76
-78
-85
-71
-66
-38
37
-30
-69
-45
-19
15
12
67
32
86
104
101
76
43
48
70
64
7
19
-9
33
36
50
-8
-1
17
-103
-69
-31
-71
-163
-121
-67
-33
-35
-50
-70
-57
-13
9
-46
-75
-59
-17
-15
-33
2
10
26
-38
-32
-107
-24
-44
0
-43
33
40
36
-11
-7
-16
-97
-49
7
29
-11
48
83
34
27
132
74
76
93
17
5
20
-22
-3
96
26
8
-48
48
51
38
86
15
38
45
27
32
43
28
6
32
62
2
5
-19
32
73
15
36
36
35
-31
-3
-67
-37
-40
-57
-82
-47
-86
-65
-117
-33
-11
76
29
140
98
33
-1
35
-8
-6
35
44
79
74
47
16
-19
-5
33
62
130
88
30
30
-11
15
-50
23
64
8
-14
-34
9
-115
-102
-65
19
49
30
-29
25
-23
-34
-76
-32
-84
-103
-53
-76
-99
-196
-114
-70
-109
-4
-11
67
-6
-134
-116
-60
-83
-69
-44
60
20
58
-21
-102
5
-69
-86
-56
-38
-80
-71
17
-54
-50
-63
-95
-101
-104
-81
-43
-58
-116
-73
-107
-52
-72
-86
-69
-96
-47
-5
42
-17
-56
-50
-99
-56
-124
-44
-98
-95
-139
-57
-61
-97
-194
-74
-66
-117
-100
-93
-79
-158
-163
-171
-157
-114
-77
-60
-78
-92
-69
-123
-187
-208
-224
-162
-182
-207
-220
-199
-204
-283
-336
-299
-200
-149
-156
-196
-201
-267
-225
-115
-122
-148
-153
-132
-174
-236
-176
-178
-211
-254
-123
-216
-158
-174
-228
-198
-159
-180
-135
-97
-186
-168
-186
-85
-98
-86
-80
-59
-24
-35
-72
-26
71
15
-30
12
54
-16
-19
-25
-4
-59
-41
66
0
12
75
62
106
17
5
20
-22
-3
96
26
8
-48
48
51
38
86
15
38
45
27
32
43
28
6
32
62
2
5
-19
32
73
15
36
36
35
-31
-3
-67
-37
-40
-57
-82
-47
-86
-65
-117
-33
-11
76
29
140
98
33
-1
35
-8
-6
35
44
79
74
47
16
-19
-5
33
62
130
88
30
30
-11
15
-50
23
64
8
-14
-34
9
-115
-102
-65
19
49
30
-29
25
-23
-34
-76
-32
-84
-103
-53
-76
-99
-196
-114
-70
-109
-4
-11
67
-6
-134
-116
-60
-83
-69
-44
60
20
58
-21
-102
5
-69
-86
-56
-38
-80
-71
17
-54
-50
-63
-95
-101
-104
-81
-43
-58
-116
-73
-107
-52
-72
-86
-69
-96
-47
-5
42
-17
-56
-50
-99
-56
-124
-44
-98
-95
-139
-57
-61
-97
-194
-74
-66
-117
-100
-93
-79
-158
-163
-171
-157
-114
-77
-60
-78
-92
-69
-123
-187
-208
-224
-162
-182
-207
-220
-199
-204
-283
-336
-299
-200
-149
-156
-196
-201
-267
-225
-115
-122
-148
-153
-132
-174
-236
-176
-178
-211
-254
-123
-216
-158
-174
-228
-198
-159
-180
-135
-97
-186
-168
-186
-85
-98
-86
-80
-59
-24
-35
-72
-26
71
15
-30
12
54
-16
-19
-25
-4
-59
-41
66
0
12
75
62
106
130
139
96
209
194
127
147
129
189
162
191
155
112
75
99
103
86
157
131
195
105
97
134
115
171
121
191
133
106
46
48
120
128
148
128
163
104
80
74
108
186
160
135
132
82
108
88
95
68
165
193
252
190
185
195
120
155
180
247
202
133
169
209
189
112
63
129
93
84
120
108
111
129
36
7
69
118
65
81
130
81
149
100
38
37
114
131
248
168
177
194
153
157
176
248
184
86
135
90
79
84
10
55
66
76
12
68
29
-36
-83
13
-13
-3
38
63
-24
41
17
80
48
85
117
61
146
92
183
158
157
137
127
17
52
70
115
111
162
143
40
30
86
155
158
125
69
67
48
-38
-50
-53
-50
48
46
112
83
103
79
142
162
155
160
184
173
211
193
171
192
229
171
119
209
253
240
237
210
79
143
125
215
224
259
273
189
257
303
289
300
318
303
328
250
273
269
336
263
259
281
256
257
231
222
259
242
187
132
226
160
172
106
106
139
91
11
96
143
182
182
218
208
146
152
203
235
216
202
271
227
183
286
286
279
300
224
240
191
219
264
245
263
249
322
106
130
139
96
209
194
127
147
129
189
162
191
155
112
75
99
103
86
157
131
195
105
97
134
115
171
121
191
133
106
46
48
120
128
148
128
163
104
80
74
108
186
160
135
132
82
108
88
95
68
165
193
252
190
185
195
120
155
180
247
202
133
169
209
189
112
63
129
93
84
120
108
111
129
36
7
69
118
65
81
130
81
149
100
38
37
114
131
248
168
177
194
153
157
176
248
184
86
135
90
79
84
10
55
66
76
12
68
29
-36
-83
13
-13
-3
38
63
-24
41
17
80
48
85
117
61
146
92
183
158
157
137
127
17
52
70
115
111
162
143
40
30
86
155
158
125
69
67
48
-38
-50
-53
-50
48
46
112
83
103
79
142
162
155
160
184
173
211
193
171
192
229
171
119
209
253
240
237
210
79
143
125
215
224
259
273
189
257
303
289
300
318
303
328
250
273
269
336
263
259
281
256
257
231
222
259
242
187
132
226
160
172
106
106
139
91
11
96
143
182
182
218
208
146
152
203
235
216
202
271
227
183
286
286
279
300
224
240
191
219
264
245
263
249
322
303
422
292
298
289
252
294
344
314
360
236
219
253
299
264
225
245
359
268
335
311
303
301
301
342
309
314
351
343
344
354
239
265
249
275
235
224
161
226
225
278
268
218
154
140
92
182
99
179
140
181
223
196
155
150
132
123
107
169
159
113
98
92
89
59
115
176
105
99
178
164
166
180
201
281
294
189
262
200
201
146
184
166
238
175
201
178
170
221
187
140
145
123
117
16
73
28
29
-7
29
71
50
50
14
123
123
193
134
54
43
29
85
167
129
63
1
60
80
63
55
87
57
130
58
58
-14
-77
-64
-66
-14
-26
25
30
-77
-156
-148
-80
-150
-100
-163
-185
-176
-237
-207
-227
-228
-145
-140
-194
-247
-311
-245
-192
-197
-105
-102
-74
-143
-122
-83
-96
-86
-105
10
37
21
-9
-32
1
-88
-36
2
6
14
-41
-52
-33
-61
-187
-53
-55
-63
-133
-86
-110
-189
-134
-206
-179
-125
-187
-226
-179
-152
-142
-182
-113
-152
-231
-212
-216
-243
-245
-279
-186
-210
-172
-218
-207
-239
-203
-201
-181
-186
-166
-184
-197
-178
-168
-221
-208
-167
-202
-229
-250
-243
-214
-157
-139
-163
-200
-140
-168
-277
-235
-151
-119
-102
-97
-53
322
303
422
292
298
289
252
294
344
314
360
236
219
253
299
264
225
245
359
268
335
311
303
301
301
342
309
314
351
343
344
354
239
265
249
275
235
224
161
226
225
278
268
218
154
140
92
182
99
179
140
181
223
196
155
150
132
123
107
169
159
113
98
92
89
59
115
176
105
99
178
164
166
180
201
281
294
189
262
200
201
146
184
166
238
175
201
178
170
221
187
140
145
123
117
16
73
28
29
-7
29
71
50
50
14
123
123
193
134
54
43
29
85
167
129
63
1
60
80
63
55
87
57
130
58
58
-14
-77
-64
-66
-14
-26
25
30
-77
-156
-148
-80
-150
-100
-163
-185
-176
-237
-207
-227
-228
-145
-140
-194
-247
-311
-245
-192
-197
-105
-102
-74
-143
-122
-83
-96
-86
-105
10
37
21
-9
-32
1
-88
-36
2
6
14
-41
-52
-33
-61
-187
-53
-55
-63
-133
-86
-110
-189
-134
-206
-179
-125
-187
-226
-179
-152
-142
-182
-113
-152
-231
-212
-216
-243
-245
-279
-186
-210
-172
-218
-207
-239
-203
-201
-181
-186
-166
-184
-197
-178
-168
-221
-208
-167
-202
-229
-250
-243
-214
-157
-139
-163
-200
-140
-168
-277
-235
-151
-119
-102
-97
-53
-114
-111
-190
-114
-201
-238
-131
-114
-127
-118
-83
-92
-44
-57
-55
-40
-41
-60
-85
-29
-44
-40
75
26
-16
-42
-38
-102
-176
-78
17
48
38
21
-31
-23
-100
-40
-13
70
126
3
-17
-22
-65
-89
-53
-42
-53
-26
45
-29
-6
-43
18
16
-45
-118
-71
-21
-128
-176
-190
-136
-165
-183
-216
-118
-182
-189
-283
-240
-221
-176
-152
-163
-125
-192
-202
-151
-181
-129
-141
-141
-129
-108
-147
-104
-96
-39
-90
-189
-134
-124
-73
-95
-165
-105
-153
-134
-124
-132
-95
-50
-28
-12
-65
-122
-93
-57
4
-33
18
43
47
36
-77
-100
-28
-104
15
-13
51
43
26
28
17
25
-20
37
77
43
85
62
12
-5
22
33
21
93
62
39
-25
73
55
4
-127
-126
-145
-32
-132
19
-46
-35
-109
-121
-131
-105
-54
-70
-80
-102
-184
-186
-129
-183
-156
-147
-142
-123
-90
-124
-160
-101
-31
-88
-60
-99
11
-5
32
77
43
21
52
143
221
180
217
149
234
264
201
222
190
190
176
181
200
267
293
244
223
232
164
164
168
211
198
197
151
237
192
197
82
192
137
158
162
126
102
176
117
46
72
27
40
56
5
0
-97
-208
-138
-177
-122
-98
-126
-137
-142
-234
-53
-114
-111
-190
-114
-201
-238
-131
-114
-127
-118
-83
-92
-44
-57
-55
-40
-41
-60
-85
-29
-44
-40
75
26
-16
-42
-38
-102
-176
-78
17
48
38
21
-31
-23
-100
-40
-13
70
126
3
-17
-22
-65
-89
-53
-42
-53
-26
45
-29
-6
-43
18
16
-45
-118
-71
-21
-128
-176
-190
-136
-165
-183
-216
-118
-182
-189
-283
-240
-221
-176
-152
-163
-125
-192
-202
-151
-181
-129
-141
-141
-129
-108
-147
-104
-96
-39
-90
-189
-134
-124
-73
-95
-165
-105
-153
-134
-124
-132
-95
-50
-28
-12
-65
-122
-93
-57
4
-33
18
43
47
36
-77
-100
-28
-104
15
-13
51
43
26
28
17
25
-20
37
77
43
85
62
12
-5
22
33
21
93
62
39
-25
73
55
4
-127
-126
-145
-32
-132
19
-46
-35
-109
-121
-131
-105
-54
-70
-80
-102
-184
-186
-129
-183
-156
-147
-142
-123
-90
-124
-160
-101
-31
-88
-60
-99
11
-5
32
77
43
21
52
143
221
180
217
149
234
264
201
222
190
190
176
181
200
267
293
244
223
232
164
164
168
211
198
197
151
237
192
197
82
192
137
158
162
126
102
176
117
46
72
27
40
56
5
0
-97
-208
-138
-177
-122
-98
-126
-137
-142
-234
-162
-237
-274
-249
-317
-274
-268
-252
-158
-173
-185
-156
-80
-195
-164
-166
-150
-184
-198
-201
-184
-180
-153
-70
-94
-50
-91
-16
-64
-95
-2
-32
17
1
-38
-76
-42
-38
-31
70
55
36
-28
-83
-109
-89
-131
-67
-31
-38
-64
-171
-212
-149
-91
-83
-9
-16
6
-3
-50
0
-60
-46
1
1
-73
-89
-63
-146
-177
-159
-86
-61
-85
-102
-59
-116
-198
-164
-135
-119
-50
-118
-79
-151
-149
-132
-121
-39
-67
-73
-59
-73
-98
-28
-66
-67
-64
-46
-69
-66
-45
-25
6
10
-38
-17
-32
101
57
85
31
-21
0
53
0
3
-23
-80
-62
-45
-75
-68
-78
-118
-178
-45
-104
-81
-158
-135
-92
-111
-115
-123
-116
-89
-91
-147
-83
-74
-134
-176
-145
-37
-59
-96
-65
-4
-74
-89
-89
-100
-107
-149
-129
-100
-153
-164
-185
-121
-151
-52
-95
-75
-103
-107
-135
-179
-244
-220
-232
-173
-130
-110
-67
-72
-82
-88
-113
-118
-42
-89
-79
-31
-80
-27
-56
-48
-72
-62
-43
-156
-110
-147
-122
-135
-108
-148
-58
-139
-23
-97
-31
-11
-34
-77
-52
-47
-72
-73
59
166
134
134
111
111
53
56
93
173
226
259
80
2
40
-20
5
17
47
-8
-62
-61
-126
-45
3
-42
-24
76
-234
-162
-237
-274
-249
-317
-274
-268
-252
-158
-173
-185
-156
-80
-195
-164
-166
-150
-184
-198
-201
-184
-180
-153
-70
-94
-50
-91
-16
-64
-95
-2
-32
17
1
-38
-76
-42
-38
-31
70
55
36
-28
-83
-109
-89
-131
-67
-31
-38
-64
-171
-212
-149
-91
-83
-9
-16
6
-3
-50
0
-60
-46
1
1
-73
-89
-63
-146
-177
-159
-86
-61
-85
-102
-59
-116
-198
-164
-135
-119
-50
-118
-79
-151
-149
-132
-121
-39
-67
-73
-59
-73
-98
-28
-66
-67
-64
-46
-69
-66
-45
-25
6
10
-38
-17
-32
101
57
85
31
-21
0
53
0
3
-23
-80
-62
-45
-75
-68
-78
-118
-178
-45
-104
-81
-158
-135
-92
-111
-115
-123
-116
-89
-91
-147
-83
-74
-134
-176
-145
-37
-59
-96
-65
-4
-74
-89
-89
-100
-107
-149
-129
-100
-153
-164
-185
-121
-151
-52
-95
-75
-103
-107
-135
-179
-244
-220
-232
-173
-130
-110
-67
-72
-82
-88
-113
-118
-42
-89
-79
-31
-80
-27
-56
-48
-72
-62
-43
-156
-110
-147
-122
-135
-108
-148
-58
-139
-23
-97
-31
-11
-34
-77
-52
-47
-72
-73
59
166
134
134
111
111
53
56
93
173
226
259
80
2
40
-20
5
17
47
-8
-62
-61
-126
-45
3
-42
-24
76
101
45
2
-53
-49
30
12
73
52
11
-46
-48
-82
-83
-88
-56
50
25
-4
-28
92
-27
-88
8
130
98
82
144
91
98
97
99
101
150
176
147
188
150
130
171
147
144
175
140
154
226
159
175
207
264
203
63
102
108
194
203
167
125
140
56
104
112
154
141
78
33
55
64
60
172
186
141
142
129
78
116
100
111
179
166
161
94
95
114
45
128
193
155
146
138
132
167
177
146
156
142
124
137
156
154
106
163
173
129
137
42
95
76
44
88
73
98
82
65
77
19
-40
23
-13
23
-38
27
19
16
45
120
104
102
39
65
207
240
187
127
110
179
95
149
191
196
126
8
58
49
79
47
10
-24
2
8
66
-48
-20
-87
-90
-33
83
18
14
47
23
-62
8
11
59
-37
8
-69
-70
-77
-71
-114
-53
-51
22
53
44
102
67
35
89
30
23
88
109
39
41
39
92
86
146
55
126
207
131
148
150
80
106
61
53
43
44
150
137
198
125
141
96
134
153
121
79
133
94
151
174
156
170
220
143
173
114
146
141
78
34
27
49
153
142
185
193
148
132
28
25
50
89
92
76
101
45
2
-53
-49
30
12
73
52
11
-46
-48
-82
-83
-88
-56
50
25
-4
-28
92
-27
-88
8
130
98
82
144
91
98
97
99
101
150
176
147
188
150
130
171
147
144
175
140
154
226
159
175
207
264
203
63
102
108
194
203
167
125
140
56
104
112
154
141
78
33
55
64
60
172
186
141
142
129
78
116
100
111
179
166
161
94
95
114
45
128
193
155
146
138
132
167
177
146
156
142
124
137
156
154
106
163
173
129
137
42
95
76
44
88
73
98
82
65
77
19
-40
23
-13
23
-38
27
19
16
45
120
104
102
39
65
207
240
187
127
110
179
95
149
191
196
126
8
58
49
79
47
10
-24
2
8
66
-48
-20
-87
-90
-33
83
18
14
47
23
-62
8
11
59
-37
8
-69
-70
-77
-71
-114
53
-53
-51
22
44
102
67
35
89
30
23
88
109
39
41
39
92
86
146
55
126
207
131
148
150
80
106
61
53
43
44
150
137
198
125
141
96
134
153
121
79
133
94
151
174
156
170
220
143
173
114
146
141
78
34
27
49
153
142
185
193
148
132
28
25
50
89
92
97
39
42
-27
21
46
72
61
131
80
3
-2
-11
6
61
104
112
137
52
29
112
121
197
150
146
244
214
103
131
104
122
144
150
184
162
114
112
193
113
75
81
60
-27
4
41
70
59
47
-22
-49
-17
-20
-61
-63
15
-43
-64
-10
-49
-35
-61
-43
-4
-72
-51
-59
-79
-113
-109
-59
-69
-66
-67
-110
-44
-131
-76
-44
-59
-71
-26
-21
58
63
-15
32
66
145
104
60
22
54
52
34
80
122
160
137
56
-11
-39
1
22
68
26
35
8
-12
-75
-27
-59
-11
4
-15
-49
-69
-154
-105
-118
-56
-46
4
-2
-13
-54
-131
-151
-143
-179
-129
-192
-93
-4
-59
-34
-1
32
-8
126
107
68
-40
-13
-47
-83
-47
-35
-35
-99
-61
-103
-69
-20
-78
-45
-22
35
-38
-32
-20
-60
22
-102
-62
-69
-51
-4
-6
3
-2
-161
-125
-171
-111
-68
12
54
19
7
-22
-95
-110
-133
-60
-92
-63
-46
-16
-17
-29
-118
-128
-168
-56
-68
-30
-45
-56
-109
-139
-73
-173
-168
-99
-89
-132
-56
-30
-50
-61
-34
-118
-155
-14
24
1
37
-30
15
-4
42
7
2
0
93
129
90
34
5
2
36
47
-20
7
-62
-5
-9
-73
-40
-35
92
97
39
42
-27
21
46
72
61
131
80
3
-2
-11
6
61
104
112
137
52
29
112
121
197
150
146
244
214
103
131
104
122
144
150
184
162
114
112
193
113
75
81
60
-27
4
41
70
59
47
-22
-49
-17
-20
-61
-63
15
-43
-64
-10
-49
-35
-61
-43
-4
-72
-51
-59
-79
-113
-109
-59
-69
-66
-67
-110
-44
-131
-76
-44
-59
-71
-26
-21
58
63
-15
32
66
145
104
60
22
54
52
34
80
122
160
137
56
-11
-39
1
22
68
26
35
8
-12
-75
-27
-59
-11
4
-15
-49
-69
-154
-105
-118
-56
-46
4
-2
-13
-54
-131
-151
-143
-179
-129
-192
-93
-4
-59
-34
-1
32
-8
126
107
68
-40
-13
-47
-83
-47
-35
-35
-99
-61
-103
-69
-20
-78
-45
-22
35
-38
-32
-20
-60
22
-102
-62
-69
-51
-4
-6
3
-2
-161
-125
-171
-111
-68
12
54
19
7
-22
-95
-110
-133
-60
-92
-63
-46
-16
-17
-29
-118
-128
-168
-56
-68
-30
-45
-56
-109
-139
-73
-173
-168
-99
-89
-132
-56
-30
-50
-61
-34
-118
-155
-14
24
1
37
-30
15
-4
42
7
2
0
93
129
90
34
5
2
36
47
-20
7
-62
-5
-9
-73
-40
-35
-100
-35
-7
-87
-118
-91
-87
-135
-166
-106
-61
-84
-142
-89
-9
-59
-154
-147
-161
-166
-166
-119
-66
-5
-76
-103
3
-34
-18
-110
-90
-81
-9
-15
-16
10
11
20
15
144
121
67
135
92
83
92
65
20
76
49
50
77
125
103
125
130
158
100
106
215
208
181
150
193
183
231
212
199
176
165
145
154
144
150
196
247
227
234
155
62
78
87
69
62
94
194
154
126
128
125
106
112
57
141
167
165
91
146
184
222
234
188
177
187
212
157
114
89
11
-41
-26
-19
3
17
49
7
3
-22
-50
-18
-16
-50
70
23
37
46
143
213
149
215
197
248
250
297
279
222
214
244
222
215
258
247
264
290
240
229
258
273
201
249
279
372
380
381
346
245
295
296
282
411
345
270
240
211
183
154
195
165
166
114
142
174
136
162
112
94
68
105
86
86
157
106
161
187
213
190
232
216
201
195
172
228
247
234
241
285
275
200
211
136
90
74
94
122
177
117
145
133
95
110
102
137
204
165
260
284
233
233
109
192
266
237
266
193
237
168
215
179
209
217
156
126
146
173
68
90
60
114
94
102
-35
-100
-35
-7
-87
-118
-91
-87
-135
-166
-106
-61
-84
-142
-89
-9
-59
-154
-147
-161
-166
-166
-119
-66
-5
-76
-103
3
-34
-18
-110
-90
-81
-9
-15
-16
10
11
20
15
144
121
67
135
92
83
92
65
20
76
49
50
77
125
103
125
130
158
100
106
215
208
181
150
193
183
231
212
199
176
165
145
154
144
150
196
247
227
234
155
62
78
87
69
62
94
194
154
126
128
125
106
112
57
141
167
165
91
146
184
222
234
188
177
187
212
157
114
89
11
-41
-26
-19
3
17
49
7
3
-22
-50
-18
-16
-50
70
23
37
46
143
213
149
215
197
248
250
297
279
222
214
244
222
215
258
247
264
290
240
229
258
273
201
249
279
372
380
381
346
245
295
296
282
411
345
270
240
211
183
154
195
165
166
114
142
174
136
162
112
94
68
105
86
86
157
106
161
187
213
190
232
216
201
195
172
228
247
234
241
285
275
200
211
136
90
74
94
122
177
117
145
133
95
110
102
137
204
165
260
284
233
233
109
192
266
237
266
193
237
168
215
179
209
217
156
126
146
173
68
90
60
114
94
102
144
139
147
124
147
189
175
109
116
90
119
95
5
115
111
11
53
105
46
-25
44
89
82
-29
27
-4
67
71
97
116
103
62
79
30
-21
-50
46
-7
49
3
47
54
85
16
-6
29
48
26
54
71
25
14
-30
14
-40
-30
-10
38
73
-34
-70
-27
-75
-64
-71
-98
-23
-16
-96
-86
-60
-122
-72
-112
25
36
34
87
95
45
18
-20
5
28
15
9
30
20
68
-11
21
40
44
25
43
50
-4
-6
59
39
48
1
62
124
68
56
55
-43
-95
-23
-8
48
11
-22
-36
-63
-122
-85
-80
-69
-57
-13
-13
-42
-185
-112
-119
-44
-46
58
90
149
76
106
99
89
65
83
110
148
116
44
2
-63
-76
-93
-26
-66
-51
-25
-105
-148
-166
-145
-99
-103
-79
15
-14
-52
11
30
21
-57
-9
-64
-56
-35
-66
11
-65
-110
-76
-32
-28
4
-8
-33
-25
-44
-62
-2
-6
93
-22
83
111
79
3
-12
21
-27
-32
-69
-24
64
8
48
14
-85
-13
-38
-53
37
31
54
51
36
26
-73
27
30
72
57
99
62
118
62
45
112
20
50
10
117
115
138
13
26
-23
-24
-62
-38
-30
39
7
-11
-11
-102
-95
-149
102
144
139
147
124
147
189
175
109
116
90
119
95
5
115
111
11
53
105
46
-25
44
89
82
-29
27
-4
67
71
97
116
103
62
79
30
-21
-50
46
-7
49
3
47
54
85
16
-6
29
48
26
54
71
25
14
-30
14
-40
-30
-10
38
73
-34
-70
-27
-75
-64
-71
-98
-23
-16
-96
-86
-60
-122
-72
-112
25
36
34
87
95
45
18
-20
5
28
15
9
30
20
68
-11
21
40
44
25
43
50
-4
-6
59
39
48
1
62
124
68
56
55
-43
-95
-23
-8
48
11
-22
-36
-63
-122
-85
-80
-69
-57
-13
-13
-42
-185
-112
-119
-44
-46
58
90
149
76
106
99
89
65
83
110
148
116
44
2
-63
-76
-93
-26
-66
-51
-25
-105
-148
-166
-145
-99
-103
-79
15
-14
-52
11
30
21
-57
-9
-64
-56
-35
-66
11
-65
-110
-76
-32
-28
4
-8
-33
-25
-44
-62
-2
-6
93
-22
83
111
79
3
-12
21
-27
-32
-69
-24
64
8
48
14
-85
-13
-38
-53
37
31
54
51
36
26
-73
27
30
72
57
99
62
118
62
45
112
20
50
10
117
115
138
13
26
-23
-24
-62
-38
-30
39
7
-11
-11
-102
-95
-149
-106
-74
-46
-23
-53
-87
-104
-105
-102
-102
-87
-111
39
-42
-139
-122
-83
-65
-27
24
101
95
-7
-35
13
44
-11
-25
-53
-50
-86
-59
-89
-149
-210
-145
-226
-253
-215
-258
-186
-204
-195
-275
-359
-277
-274
-202
-181
-93
-91
-163
-239
-214
-195
-273
-227
-177
-135
-93
-97
-144
-151
-149
-141
-108
-116
-36
-169
-134
-130
-116
-80
-71
6
-84
-22
-98
-93
-157
-183
-136
-115
-98
-165
-75
-162
-218
-246
-185
-79
-141
-141
-143
-24
-121
-162
-153
-200
-207
-208
-264
-314
-281
-267
-219
-244
-345
-311
-201
-262
-328
-378
-376
-350
-385
-393
-353
-323
-286
-321
-351
-368
-377
-322
-314
-288
-331
-402
-384
-400
-373
-393
-335
-309
-305
-427
-490
-492
-462
-416
-368
-346
-498
-334
-289
-348
-311
-302
-338
-263
-281
-250
-276
-239
-263
-252
-223
-175
-137
-145
-233
-245
-235
-154
-134
-104
-95
-96
-170
-80
-115
-112
-178
-62
-66
-38
-64
-78
-105
-232
-223
-167
-47
-67
-109
-136
-76
-105
-88
-149
-138
-152
-102
-78
-33
-87
-46
-76
17
18
21
36
31
-12
-22
46
63
10
-5
-8
-79
-94
-108
-11
13
-31
-143
-154
-127
-151
-154
-89
-49
-27
8
-20
-58
-34
-34
18
17
-9
-25
108
94
124
33
35
-11
-149
-106
-74
-46
-23
-53
-87
-104
-105
-102
-102
-87
-111
39
-42
-139
-122
-83
-65
-27
24
101
95
-7
-35
13
44
-11
-25
-53
-50
-86
-59
-89
-149
-210
-145
-226
-253
-215
-258
-186
-204
-195
-275
-359
-277
-274
-202
-181
-93
-91
-163
-239
-214
-195
-273
-227
-177
-135
-93
-97
-144
-151
-149
-141
-108
-116
-36
-169
-134
-130
-116
-80
-71
6
-84
-22
-98
-93
-157
-183
-136
-115
-98
-165
-75
-162
-218
-246
-185
-79
-141
-141
-143
-24
-121
-162
-153
-200
-207
-208
-264
-314
-281
-267
-219
-244
-345
-311
-201
-262
-328
-378
-376
-350
-385
-393
-353
-323
-286
-321
-351
-368
-377
-322
-314
-288
-331
-402
-384
-400
-373
-393
-335
-309
-305
-427
-490
-492
-462
-416
-368
-346
-498
-334
-289
-348
-311
-302
-338
-263
-281
-250
-276
-239
-263
-252
-223
-175
-137
-145
-233
-245
-235
-154
-134
-104
-95
-96
-170
-80
-115
-112
-178
-62
-66
-38
-64
-78
-105
-232
-223
-167
-47
-67
-109
-136
-76
-105
-88
-149
-138
-152
-102
-78
-33
-87
-46
-76
17
18
21
36
31
-12
-22
46
63
10
-5
-8
-79
-94
-108
-11
13
-31
-143
-154
-127
-151
-154
-89
-49
-27
8
-20
-58
-34
-34
18
17
-9
-25
108
94
124
33
35
-11
22
-27
77
94
111
17
-11
82
38
-27
-50
35
65
46
10
50
31
0
-88
-10
-68
-81
-132
-93
-24
-74
-88
-129
-138
-177
-161
-96
-2
-87
-123
-158
-238
-138
-218
-185
-177
-149
-183
-119
-189
-165
-241
-155
-108
-107
-88
-52
-101
-103
-165
-211
-208
-150
-85
-149
-175
-150
-249
-218
-189
-234
-146
-145
-157
-61
-153
-115
-144
-115
-93
-53
-115
-104
-34
-76
-121
-49
-67
-124
-101
-101
-151
-123
-234
-248
-208
-231
-186
-148
-179
-227
-233
-325
-289
-326
-240
-283
-251
-216
-194
-224
-176
-270
-265
-338
-190
-186
-157
-185
-144
-179
-181
-207
-164
-194
-192
-71
-164
-175
-167
-240
-214
-214
-161
-94
-104
-75
-117
-127
-103
-135
-87
-81
-73
-25
-78
-102
-85
-218
-226
-296
-172
-213
-198
-162
-232
-221
-263
-233
-323
-245
-282
-228
-156
-183
-297
-277
-231
-179
-138
-82
-47
-34
3
-111
-119
-81
-75
-83
-35
-16
-18
-15
-75
-178
-162
-146
-98
-92
-125
-152
-127
-195
-142
-240
-121
-77
-137
-107
-106
-100
-169
-112
-176
-116
-79
-107
-101
-210
-165
-164
-188
-177
-123
-158
-150
-191
-95
-129
-159
-133
-270
-199
-210
-195
-274
-178
-179
-206
-219
-189
-123
-57
-144
-119
-103
-85
-64
-7
-96
-38
-60
-19
-112
-4
-11
22
-27
77
94
111
17
-11
82
38
-27
-50
35
65
46
10
50
31
0
-88
-10
-68
-81
-132
-93
-24
-74
-88
-129
-138
-177
-161
-96
-2
-87
-123
-158
-238
-138
-218
-185
-177
-149
-183
-119
-189
-165
-241
-155
-108
-107
-88
-52
-101
-103
-165
-211
-208
-150
-85
-149
-175
-150
-249
-218
-189
-234
-146
-145
-157
-61
-153
-115
-144
-115
-93
-53
-115
-104
-34
-76
-121
-49
-67
-124
-101
-101
-151
-123
-234
-248
-208
-231
-186
-148
-179
-227
-233
-325
-289
-326
-240
-283
-251
-216
-194
-224
-176
-270
-265
-338
-190
-186
-157
-185
-144
-179
-181
-207
-164
-194
-192
-71
-164
-175
-167
-240
-214
-214
-161
-94
-104
-75
-117
-127
-103
-135
-87
-81
-73
-25
-78
-102
-85
-218
-226
-296
-172
-213
-198
-162
-232
-221
-263
-233
-323
-245
-282
-228
-156
-183
-297
-277
-231
-179
-138
-82
-47
-34
3
-111
-119
-81
-75
-83
-35
-16
-18
-15
-75
-178
-162
-146
-98
-92
-125
-152
-127
-195
-142
-240
-121
-77
-137
-107
-106
-100
-169
-112
-176
-116
-79
-107
-101
-210
-165
-164
-188
-177
-123
-158
-150
-191
-95
-129
-159
-133
-270
-199
-210
-195
-274
-178
-179
-206
-219
-189
-123
-57
-144
-119
-103
-85
-64
-7
-96
-38
-60
-19
-112
-4
39
-10
-1
18
-1
-1
-23
57
82
23
34
45
38
-28
25
-8
-6
-60
-37
-59
-38
-4
28
-7
22
-73
-144
-126
-69
-19
-86
-8
33
-36
-60
-93
-37
-108
-156
-60
-10
-36
-36
-68
-31
-48
-160
-89
-43
21
-13
-93
-45
-68
-62
-51
-19
-14
-1
-92
-118
-132
-169
-138
-111
-96
-108
-106
-141
-187
-159
-171
-199
-96
-20
-88
-77
-152
-194
-163
-56
-142
-116
-38
-31
-63
32
27
-32
-65
-34
69
39
102
52
137
124
56
90
154
202
240
208
175
143
235
139
135
245
191
124
105
71
128
105
131
143
111
129
31
76
114
113
92
106
4
-6
-63
-24
4
79
10
33
43
-20
-2
11
-35
-87
-62
-40
-47
-72
-60
-55
-65
-63
-74
-78
-13
-18
73
85
78
126
84
89
73
158
151
144
55
61
171
132
129
127
124
86
85
96
109
122
60
77
110
142
139
192
274
247
314
341
319
243
140
233
245
329
324
283
195
77
80
154
163
190
184
182
132
148
117
101
147
106
174
196
129
138
133
74
134
165
232
148
124
155
43
58
126
75
47
84
132
200
121
157
126
136
144
140
164
225
212
198
164
142
61
-13
76
-4
39
-10
-1
18
-1
-1
-23
57
82
23
34
45
38
-28
25
-8
-6
-60
-37
-59
-38
-4
28
-7
22
-73
-144
-126
-69
-19
-86
-8
33
-36
-60
-93
-37
-108
-156
-60
-10
-36
-36
-68
-31
-48
-160
-89
-43
21
-13
-93
-45
-68
-62
-51
-19
-14
-1
-92
-118
-132
-169
-138
-111
-96
-108
-106
-141
-187
-159
-171
-199
-96
-20
-88
-77
-152
-194
-163
-56
-142
-116
-38
-31
-63
32
27
-32
-65
-34
69
39
102
52
137
124
56
90
154
202
240
208
175
143
235
139
135
245
191
124
105
71
128
105
131
143
111
129
31
76
114
113
92
106
4
-6
-63
-24
4
79
10
33
43
-20
-2
11
-35
-87
-62
-40
-47
-72
-60
-55
-65
-63
-74
-78
-13
-18
73
85
78
126
84
89
73
158
151
144
55
61
171
132
129
127
124
86
85
96
109
122
60
77
110
142
139
192
274
247
314
341
319
243
140
233
245
329
324
283
195
77
80
154
163
190
184
182
132
148
117
101
147
106
174
196
129
138
133
74
134
165
232
148
124
155
43
58
126
75
47
84
132
200
121
157
126
136
144
140
164
225
212
198
164
142
61
-13
76
140
127
146
141
171
126
15
-19
-15
-70
-89
-17
-2
-25
-64
-141
-115
-160
-39
-69
-51
-105
-123
-126
-125
-154
-135
-139
-25
-61
-58
-122
-152
-142
-73
-16
10
-27
30
-4
-25
-45
-90
-80
-65
48
17
20
-6
10
41
57
-55
-49
-72
25
-33
-54
-16
-19
-36
-40
-113
-94
-109
-38
-31
3
17
-64
-26
-42
-41
31
-10
81
-72
-35
-73
-133
-56
-52
-71
-31
-84
-96
-130
-193
-105
-104
-9
-21
-32
-84
-109
-76
-76
-92
-56
-14
-27
-44
-62
-103
-75
-76
-58
-87
-54
-56
-31
-47
-73
-108
-111
-126
-88
-81
-104
-88
-82
-55
-51
-92
-67
-20
-51
-71
-60
0
19
-21
-97
-47
-74
-47
-117
-121
-127
-139
-101
-99
-173
-54
-86
-12
-62
-99
-45
31
21
-65
45
100
47
44
24
-71
29
29
35
55
50
35
-71
-9
5
34
-33
-19
-4
-29
8
-12
-27
-29
-8
-28
33
-9
-60
33
20
-22
15
79
81
71
33
-60
12
12
-40
-62
-79
-103
-74
-5
-47
-20
-60
-75
-29
-26
-21
-112
-7
34
-17
-28
-23
-72
-91
-102
-59
29
23
45
90
53
7
44
29
-3
18
39
75
64
29
59
40
122
125
169
119
150
88
98
65
30
76
140
127
146
141
171
126
15
-19
-15
-70
-89
-17
-2
-25
-64
-141
-115
-160
-39
-69
-51
-105
-123
-126
-125
-154
-135
-139
-25
-61
-58
-122
-152
-142
-73
-16
10
-27
30
-4
-25
-45
-90
-80
-65
48
17
20
-6
10
41
57
-55
-49
-72
25
-33
-54
-16
-19
-36
-40
-113
-94
-109
-38
-31
3
17
-64
-26
-42
-41
31
-10
81
-72
-35
-73
-133
-56
-52
-71
-31
-84
-96
-130
-193
-105
-104
-9
-21
-32
-84
-109
-76
-76
-92
-56
-14
-27
-44
-62
-103
-75
-76
-58
-87
-54
-56
-31
-47
-73
-108
-111
-126
-88
-81
-104
-88
-82
-55
-51
-92
-67
-20
-51
-71
-60
0
19
-21
-97
-47
-74
-47
-117
-121
-127
-139
-101
-99
-173
-54
-86
-12
-62
-99
-45
31
21
-65
45
100
47
44
24
-71
29
29
35
55
50
35
-71
-9
5
34
-33
-19
-4
-29
8
-12
-27
-29
-8
-28
33
-9
-60
33
20
-22
15
79
81
71
33
-60
12
12
-40
-62
-79
-103
-74
-5
-47
-20
-60
-75
-29
-26
-21
-112
-7
34
-17
-28
-23
-72
-91
-102
-59
29
23
45
90
53
7
44
29
-3
18
39
75
64
29
59
40
122
125
169
119
150
88
98
65
30
95
37
31
20
-44
2
-90
-33
-68
-26
-92
-105
-115
-122
-83
-57
-124
-85
-32
-51
-64
-58
-62
-50
-53
-79
-94
-110
-77
-118
-119
-183
-205
-163
-88
-149
-129
-154
-22
-43
21
25
52
20
-24
-8
-46
46
-48
-54
-50
-30
-38
24
22
18
1
-29
25
-23
-73
-75
-26
-82
-160
-138
-140
-123
-157
-140
-134
-127
-139
-149
-121
-88
-11
18
-26
-38
-100
-84
-74
-119
-87
3
18
67
-3
-85
-111
-96
-71
45
53
47
91
73
29
-24
62
64
105
107
118
66
54
46
55
26
12
42
82
126
6
-25
26
3
-4
-15
-26
112
140
133
180
113
72
112
106
98
33
54
158
83
120
133
169
162
142
119
98
97
99
73
64
52
2
104
71
70
69
86
78
68
57
97
119
191
177
166
183
103
70
123
137
212
210
141
39
57
152
179
183
216
232
248
121
189
192
303
315
290
284
319
345
286
243
231
219
177
185
230
217
159
195
149
163
146
234
306
296
269
236
284
326
256
388
251
273
293
317
245
340
231
202
292
335
298
293
333
373
329
258
210
246
190
138
83
106
131
164
104
79
69
132
172
128
135
125
132
30
95
37
31
20
-44
2
-90
-33
-68
-26
-92
-105
-115
-122
-83
-57
-124
-85
-32
-51
-64
-58
-62
-50
-53
-79
-94
-110
-77
-118
-119
-183
-205
-163
-88
-149
-129
-154
-22
-43
21
25
52
20
-24
-8
-46
46
-48
-54
-50
-30
-38
24
22
18
1
-29
25
-23
-73
-75
-26
-82
-160
-138
-140
-123
-157
-140
-134
-127
-139
-149
-121
-88
-11
18
-26
-38
-100
-84
-74
-119
-87
3
18
67
-3
-85
-111
-96
-71
45
53
47
91
73
29
-24
62
64
105
107
118
66
54
46
55
26
12
42
82
126
6
-25
26
3
-4
-15
-26
112
140
133
180
113
72
112
106
98
33
54
158
83
120
133
169
162
142
119
98
97
99
73
64
52
2
104
71
70
69
86
78
68
57
97
119
191
177
166
183
103
70
123
137
212
210
141
39
57
152
179
183
216
232
248
121
189
192
303
315
290
284
319
345
286
243
231
219
177
185
230
217
159
195
149
163
146
234
306
296
269
236
284
326
256
388
251
273
293
317
245
340
231
202
292
335
298
293
333
373
329
258
210
246
190
138
83
106
131
164
104
79
69
132
172
128
135
125
132
133
117
5
55
77
89
117
37
45
-14
-23
12
-17
48
2
21
-61
-46
1
-16
39
74
58
14
56
112
167
163
139
96
59
119
54
49
88
46
8
52
29
16
32
5
58
-18
-23
5
13
-48
7
-21
-74
-94
-57
-69
-131
-74
-157
-160
-173
-130
-100
-70
-54
-24
-144
-162
-114
-131
-153
-111
-123
-81
-111
-68
-95
-40
-91
-92
-124
-113
-34
55
11
18
20
-5
62
27
81
63
76
-12
-69
-53
18
17
-41
-89
-6
-31
-26
28
12
0
-41
-51
4
12
63
38
69
11
44
30
8
-36
-50
-101
-82
3
-50
-99
-94
-80
-101
-92
-90
-106
-130
-129
-108
-78
-144
-178
-94
-80
-85
-121
-186
-270
-240
-274
-242
-166
-159
-253
-272
-127
-103
-58
-26
-63
-43
-127
-75
-93
-168
-182
-170
-134
-168
-160
-204
-169
-126
-135
-182
-145
-25
-49
-103
-129
-117
-127
-102
-146
-156
-114
-189
-188
-188
-252
-284
-230
-212
-94
-202
-225
-247
-240
-278
-281
-275
-300
-253
-270
-270
-277
-207
-282
-197
-162
-287
-238
-162
-196
-156
-212
-164
-193
-145
-96
-76
-73
-68
-99
-123
-161
-151
-110
-55
-42
-23
-23
-53
-112
-122
-138
-134
-55
-82
-93
-48
-115
-130
-150
-57
-11
-96
-33
132
133
117
5
55
77
89
117
37
45
-14
-23
12
-17
48
2
21
-61
-46
1
-16
39
74
58
14
56
112
167
163
139
96
59
119
54
49
88
46
8
52
29
16
32
5
58
-18
-23
5
13
-48
7
-21
-74
-94
-57
-69
-131
-74
-157
-160
-173
-130
-100
-70
-54
-24
-144
-162
-114
-131
-153
-111
-123
-81
-111
-68
-95
-40
-91
-92
-124
-113
-34
55
11
18
20
-5
62
27
81
63
76
-12
-69
-53
18
17
-41
-89
-6
-31
-26
28
12
0
-41
-51
4
12
63
38
69
11
44
30
8
-36
-50
-101
-82
3
-50
-99
-94
-80
-101
-92
-90
-106
-130
-129
-108
-78
-144
-178
-94
-80
-85
-121
-186
-270
-240
-274
-242
-166
-159
-253
-272
-127
-103
-58
-26
-63
-43
-127
-75
-93
-168
-182
-170
-134
-168
-160
-204
-169
-126
-135
-182
-145
-25
-49
-103
-129
-117
-127
-102
-146
-156
-114
-189
-188
-188
-252
-284
-230
-212
-94
-202
-225
-247
-240
-278
-281
-275
-300
-253
-270
-270
-277
-207
-282
-197
-162
-287
-238
-162
-196
-156
-212
-164
-193
-145
-96
-76
-73
-68
-99
-123
-161
-151
-110
-55
-42
-23
-23
-53
-112
-122
-138
-134
-55
-82
-93
-48
-115
-130
-150
-57
-11
-96
-33
-51
-82
-188
-137
-77
-18
-39
-104
-96
-120
-65
-81
-111
-50
-34
-11
-64
-126
-181
-151
-129
-99
-31
-32
-38
-101
-136
-18
-84
-22
-31
21
-13
-19
16
17
24
25
-7
-67
29
28
60
-23
8
42
-6
9
-6
9
38
97
59
62
108
37
11
-61
-15
-10
-28
-63
52
45
120
82
51
127
-14
-30
6
75
39
51
28
1
-70
-46
37
11
41
15
66
149
96
105
115
212
220
199
186
242
198
149
143
218
245
215
144
112
159
130
123
98
68
111
74
40
166
87
124
141
140
88
-10
62
83
76
34
167
99
76
93
121
172
280
234
236
261
298
262
175
209
235
123
49
45
67
83
248
140
157
123
118
88
58
104
156
232
214
177
123
142
107
76
133
165
124
112
143
114
120
95
186
187
255
235
171
218
233
241
245
178
203
164
204
153
77
136
123
99
70
66
33
90
20
41
-7
15
81
72
92
139
113
106
24
37
-21
-2
45
72
47
87
20
30
58
1
59
89
10
14
-90
8
-5
65
-35
-20
-104
-60
-27
-17
75
33
14
-50
-56
-103
-33
41
58
14
-11
-47
-26
-53
-79
-64
-105
-115
-56
-33
-51
-82
-188
-137
-77
-18
-39
-104
-96
-120
-65
-81
-111
-50
-34
-11
-64
-126
-181
-151
-129
-99
-31
-32
-38
-101
-136
-18
-84
-22
-31
21
-13
-19
16
17
24
25
-7
-67
29
28
60
-23
8
42
-6
9
-6
9
38
97
59
62
108
37
11
-61
-15
-10
-28
-63
52
45
120
82
51
127
-14
-30
6
75
39
51
28
1
-70
-46
37
11
41
15
66
149
96
105
115
212
220
199
186
242
198
149
143
218
245
215
144
112
159
130
123
98
68
111
74
40
166
87
124
141
140
88
-10
62
83
76
34
167
99
76
93
121
172
280
234
236
261
298
262
175
209
235
123
49
45
67
83
248
140
157
123
118
88
58
104
156
232
214
177
123
142
107
76
133
165
124
112
143
114
120
95
186
187
255
235
171
218
233
241
245
178
203
164
204
153
77
136
123
99
70
66
33
90
20
41
-7
15
81
72
92
139
113
106
24
37
-21
-2
45
72
47
87
20
30
58
1
59
89
10
14
-90
8
-5
65
-35
-20
-104
-60
-27
-17
75
33
14
-50
-56
-103
-33
41
58
14
-11
-47
-26
-53
-79
-64
-105
-115
-56
-38
-47
-87
-132
-30
-4
6
119
125
181
95
-6
49
76
83
47
124
128
169
200
143
135
96
93
71
77
68
124
159
197
224
186
135
123
178
158
219
189
169
149
174
108
129
58
178
41
-20
66
-25
98
137
89
-43
-60
-82
-55
-63
-87
-74
-113
-130
-212
-186
-176
-82
-67
1
-28
-50
-139
-157
-145
-44
53
88
102
183
95
27
-48
-27
5
34
23
-42
110
-57
-10
21
41
31
12
-34
31
9
-26
18
-12
16
-33
31
103
87
41
82
47
29
94
72
106
179
123
146
75
55
53
71
110
224
268
232
119
101
56
96
76
150
120
118
140
150
128
133
143
105
179
210
232
210
182
179
83
61
143
252
169
146
154
45
101
22
63
14
192
143
78
145
122
93
81
74
65
96
101
105
120
99
147
70
123
132
155
228
171
146
99
-3
51
90
133
80
101
136
-7
2
76
91
114
21
167
95
156
100
94
66
57
77
136
141
113
87
184
103
167
102
163
162
195
195
98
83
49
76
95
101
151
150
208
243
181
158
150
72
82
53
118
175
57
44
-35
-1
-4
-16
-73
-76
-26
-149
-174
-90
-93
-56
-38
-47
-87
-132
-30
-4
6
119
125
181
95
-6
49
76
83
47
124
128
169
200
143
135
96
93
71
77
68
124
159
197
224
186
135
123
178
158
219
189
169
149
174
108
129
58
178
41
-20
66
-25
98
137
89
-43
-60
-82
-55
-63
-87
-74
-113
-130
-212
-186
-176
-82
-67
1
-28
-50
-139
-157
-145
-44
53
88
102
183
95
27
-48
-27
5
34
23
-42
110
-57
-10
21
41
31
12
-34
31
9
-26
18
-12
16
-33
31
103
87
41
82
47
29
94
72
106
179
123
146
75
55
53
71
110
224
268
232
119
101
56
96
76
150
120
118
140
150
128
133
143
105
179
210
232
210
182
179
83
61
143
252
169
146
154
45
101
22
63
14
192
143
78
145
122
93
81
74
65
96
101
105
120
99
147
70
123
132
155
228
171
146
99
-3
51
90
133
80
101
136
-7
2
76
91
114
21
167
95
156
100
94
66
57
77
136
141
113
87
184
103
167
102
163
162
195
195
98
83
49
76
95
101
151
150
208
243
181
158
150
72
82
53
118
175
57
44
-35
-1
-4
-16
-73
-76
-26
-149
-174
-90
-93
-44
-82
-76
17
30
-26
-61
-40
-81
-21
-11
66
64
37
-7
22
-26
16
60
67
-3
58
82
47
51
-18
-11
81
94
139
103
135
175
143
191
157
184
104
205
84
185
134
136
97
73
122
79
73
65
87
51
-10
16
75
79
90
78
106
98
-15
60
98
147
141
173
136
161
135
119
141
131
194
165
234
137
104
109
124
181
113
41
82
137
175
134
149
62
105
-44
-5
16
103
35
48
8
-20
-85
-47
8
34
48
48
7
-18
35
23
131
162
127
96
96
61
37
117
135
119
101
68
177
71
28
46
134
269
204
206
181
199
145
184
136
217
190
178
247
175
145
112
211
136
115
164
150
242
247
218
217
192
196
219
181
209
243
237
262
199
248
191
200
209
188
181
185
205
259
198
175
244
263
301
297
253
220
154
126
130
220
183
159
176
191
172
88
197
134
198
172
253
293
256
272
276
182
185
156
205
242
292
237
173
179
144
58
102
167
160
176
155
232
228
203
229
187
217
84
50
149
85
76
123
137
97
36
6
44
61
60
42
89
-3
32
-54
-32
31
-34
-18
-149
-77
-106
3
-93
-44
-82
-76
17
30
-26
-61
-40
-81
-21
-11
66
64
37
-7
22
-26
16
60
67
-3
58
82
47
51
-18
-11
81
94
139
103
135
175
143
191
157
184
104
205
84
185
134
136
97
73
122
79
73
65
87
51
-10
16
75
79
90
78
106
98
-15
60
98
147
141
173
136
161
135
119
141
131
194
165
234
137
104
109
124
181
113
41
82
137
175
134
149
62
105
-44
-5
16
103
35
48
8
-20
-85
-47
8
34
48
48
7
-18
35
23
131
162
127
96
96
61
37
117
135
119
101
68
177
71
28
46
134
269
204
206
181
199
145
184
136
217
190
178
247
175
145
112
211
136
115
164
150
242
247
218
217
192
196
219
181
209
243
237
262
199
248
191
200
209
188
181
185
205
259
198
175
244
263
301
297
253
220
154
126
130
220
183
159
176
191
172
88
197
134
198
172
253
293
256
272
276
182
185
156
205
242
292
237
173
179
144
58
102
167
160
176
155
232
228
203
229
187
217
84
50
149
85
76
123
137
97
36
6
44
61
60
42
89
-3
32
-54
-32
31
-34
-18
-149
-77
-106
3
69
6
25
4
35
-3
11
-18
-4
97
46
55
-2
-72
-96
-132
-169
-144
-146
-132
-52
-44
-61
-125
-40
-114
-45
-113
-104
-62
-118
-124
-103
-217
-179
-171
-187
-230
-190
-211
-194
-168
-255
-228
-196
-185
-229
-310
-344
-234
-159
-168
-121
-70
-106
-144
-79
-175
-131
-96
-58
-43
-98
-125
-183
-99
-90
-199
-155
-74
-35
-7
-40
-99
-95
-107
-103
-90
-52
-19
-66
-25
-116
-95
-128
-163
-163
-156
-147
-72
-73
-64
-105
-159
-111
-106
-42
-95
-128
-160
-153
-85
-95
-159
-206
-118
-135
-72
-224
-178
-143
-147
-167
-133
-192
-224
-261
-204
-210
-215
-176
-108
-168
-159
-169
-75
-127
-104
-140
-29
31
21
-40
-21
-46
-49
-66
-50
17
-36
0
22
5
16
-78
-99
-13
-60
-25
-7
26
-33
-44
-21
-16
-30
56
-27
24
115
103
3
-34
-2
105
167
199
177
88
-7
-30
-54
82
29
138
119
122
29
-40
32
1
85
60
27
83
106
110
74
131
130
111
149
229
136
120
163
190
144
117
175
109
115
63
165
101
74
63
101
58
63
38
51
97
151
115
13
-27
26
-13
79
38
96
50
90
49
53
138
106
118
25
27
71
152
99
95
77
95
150
203
194
3
69
6
25
4
35
-3
11
-18
-4
97
46
55
-2
-72
-96
-132
-169
-144
-146
-132
-52
-44
-61
-125
-40
-114
-45
-113
-104
-62
-118
-124
-103
-217
-179
-171
-187
-230
-190
-211
-194
-168
-255
-228
-196
-185
-229
-310
-344
-234
-159
-168
-121
-70
-106
-144
-79
-175
-131
-96
-58
-43
-98
-125
-183
-99
-90
-199
-155
-74
-35
-7
-40
-99
-95
-107
-103
-90
-52
-19
-66
-25
-116
-95
-128
-163
-163
-156
-147
-72
-73
-64
-105
-159
-111
-106
-42
-95
-128
-160
-153
-85
-95
-159
-206
-118
-135
-72
-224
-178
-143
-147
-167
-133
-192
-224
-261
-204
-210
-215
-176
-108
-168
-159
-169
-75
-127
-104
-140
-29
31
21
-40
-21
-46
-49
-66
-50
17
-36
0
22
5
16
-78
-99
-13
-60
-25
-7
26
-33
-44
-21
-16
-30
56
-27
24
115
103
3
-34
-2
105
167
199
177
88
-7
-30
-54
82
29
138
119
122
29
-40
32
1
85
60
27
83
106
110
74
131
130
111
149
229
136
120
163
190
144
117
175
109
115
63
165
101
74
63
101
58
63
38
51
97
151
115
13
-27
26
-13
79
38
96
50
90
49
53
138
106
118
25
27
71
152
99
95
77
95
150
203
194
175
222
190
179
126
91
181
122
173
116
164
263
125
121
114
232
253
293
218
196
144
114
177
200
220
172
259
185
214
226
187
185
132
150
170
150
239
272
250
245
194
143
229
247
120
272
276
298
298
280
232
299
256
273
224
221
176
163
205
147
177
218
295
242
225
226
209
186
213
268
286
224
154
189
213
265
229
225
304
313
337
244
218
208
259
202
235
304
352
338
317
268
201
272
202
172
158
209
196
225
210
170
151
113
174
264
254
181
120
88
31
56
129
193
263
265
150
181
176
183
119
127
167
206
138
206
131
95
65
74
109
80
120
138
244
158
86
100
52
114
112
66
213
140
174
43
21
34
-76
-126
40
121
75
135
217
91
26
-34
61
50
94
42
92
142
123
55
59
88
63
60
129
159
75
41
47
12
67
69
104
94
97
62
6
-110
-122
-106
-93
-30
41
-10
-47
-146
-131
-146
-112
-164
-143
-135
-98
-126
-88
-123
-208
-227
-243
-155
-152
-165
-194
-49
-41
-61
-91
-80
-175
-227
-140
-40
-131
-35
-38
-160
-235
-223
-213
-194
-255
-276
-262
-147
-232
-209
-193
-197
-207
-260
-260
-108
-228
-278
194
175
222
190
179
126
91
181
122
173
116
164
263
125
121
114
232
253
293
218
196
144
114
177
200
220
172
259
185
214
226
187
185
132
150
170
150
239
272
250
245
194
143
229
247
120
272
276
298
298
280
232
299
256
273
224
221
176
163
205
147
177
218
295
242
225
226
209
186
213
268
286
224
154
189
213
265
229
225
304
313
337
244
218
208
259
202
235
304
352
338
317
268
201
272
202
172
158
209
196
225
210
170
151
113
174
264
254
181
120
88
31
56
129
193
263
265
150
181
176
183
119
127
167
206
138
206
131
95
65
74
109
80
120
138
244
158
86
100
52
114
112
66
213
140
174
43
21
34
-76
-126
40
121
75
135
217
91
26
-34
61
50
94
42
92
142
123
55
59
88
63
60
129
159
75
41
47
12
67
69
104
94
97
62
6
-110
-122
-106
-93
-30
41
-10
-47
-146
-131
-146
-112
-164
-143
-135
-98
-126
-88
-123
-208
-227
-243
-155
-152
-165
-194
-49
-41
-61
-91
-80
-175
-227
-140
-40
-131
-35
-38
-160
-235
-223
-213
-194
-255
-276
-262
-147
-232
-209
-193
-197
-207
-260
-260
-108
-228
-278
-264
-265
-209
-196
-142
-214
-253
-252
-181
-168
-156
-213
-264
-279
-302
-280
-190
-212
-247
-281
-158
-152
-204
-208
-339
-487
-468
-475
-457
-272
-68
-52
-152
-289
-496
-594
-475
-370
-355
-428
-456
-593
-544
-491
-508
-411
-292
-17
-3
-96
-319
-374
-562
-470
-317
-89
10
36
-63
-196
-254
-263
-88
-122
-202
-178
-82
-14
-110
-34
-106
-121
-198
-286
-390
-345
-345
-207
71
153
198
121
171
232
82
14
-10
0
-5
-101
8
127
104
33
-54
-150
-107
-5
183
247
286
208
213
143
36
75
211
232
281
203
145
116
225
173
157
135
265
293
156
235
149
201
125
132
81
75
-9
41
56
-51
-149
-112
-72
21
189
365
435
433
313
254
165
146
45
34
85
132
136
100
68
60
43
138
136
109
154
135
163
100
29
-8
34
71
51
32
84
222
366
366
302
270
184
201
231
118
187
168
242
196
136
-36
-6
-59
-50
-81
-15
5
30
100
119
97
23
-54
-167
-159
-211
-154
-193
-118
-134
-24
-155
-39
35
82
30
85
104
82
-119
-250
-382
-286
-210
-134
-66
-22
-58
-55
-61
3
-71
12
80
42
79
147
98
70
110
82
137
124
40
-33
-78
-201
-135
-56
-44
-38
-278
-264
-265
-209
-196
-142
-214
-253
-252
-181
-168
-156
-213
-264
-279
-302
-280
-190
-212
-247
-281
-158
-152
-204
-208
-339
-487
-468
-475
-457
-272
-68
-52
-152
-289
-496
-594
-475
-370
-355
-428
-456
-593
-544
-491
-508
-411
-292
-17
-3
-96
-319
-374
-562
-470
-317
-89
10
36
-63
-196
-254
-263
-88
-122
-202
-178
-82
-14
-110
-34
-106
-121
-198
-286
-390
-345
-345
-207
71
153
198
121
171
232
82
14
-10
0
-5
-101
8
127
104
33
-54
-150
-107
-5
183
247
286
208
213
143
36
75
211
232
281
203
145
116
225
173
157
135
265
293
156
235
149
201
125
132
81
75
-9
41
56
-51
-149
-112
-72
21
189
365
435
433
313
254
165
146
45
34
85
132
136
100
68
60
43
138
136
109
154
135
163
100
29
-8
34
71
51
32
84
222
366
366
302
270
184
201
231
118
187
168
242
196
136
-36
-6
-59
-50
-81
-15
5
30
100
119
97
23
-54
-167
-159
-211
-154
-193
-118
-134
-24
-155
-39
35
82
30
85
104
82
-119
-250
-382
-286
-210
-134
-66
-22
-58
-55
-61
3
-71
12
80
42
79
147
98
70
110
82
137
124
40
-33
-78
-201
-135
-56
-44
-38
34
-66
-116
-121
-82
-119
-15
-48
-31
-77
-40
-75
-110
-103
-110
-142
-120
-76
-27
30
52
42
-6
-21
-77
-134
-118
-119
-175
-209
-200
-245
-375
-379
-380
-402
-385
-410
-452
-383
-342
-317
-126
31
87
192
235
292
222
244
349
383
438
411
504
481
385
258
171
145
107
64
-50
-117
-207
-368
-454
-615
-686
-671
-678
-660
-563
-564
-492
-446
-301
-280
-13
130
254
303
196
224
281
478
583
681
686
732
703
724
531
240
0
-102
-234
-325
-521
-619
-696
-662
-597
-443
-253
-215
-214
-242
-431
-431
-470
-523
-632
-748
-802
-752
-666
-658
-512
-278
-195
-22
241
456
786
1087
1265
1175
1010
922
765
702
749
660
501
313
52
-17
-86
-106
8
261
228
-55
-249
-585
-931
-1484
-1792
-1652
-1580
-1762
-1574
-1107
-658
-439
-175
119
304
446
640
982
1438
1882
2046
2270
2464
2500
2251
1790
1384
1021
566
173
50
91
46
-139
-314
-592
-817
-1007
-1261
-1452
-1264
-1258
-1420
-1386
-1479
-1863
-2176
-2107
-2074
-1964
-1256
-335
573
1046
1156
1190
1305
1479
1430
1776
2238
2594
2750
2555
1706
800
208
-382
-526
-646
-438
-218
219
273
-106
-320
-617
-1063
-1915
-2373
-2489
-2588
-2284
-1732
-1223
-966
-828
-414
-202
-197
-206
286
802
1544
2103
2048
-38
34
-66
-116
-121
-82
-119
-15
-48
-31
-77
-40
-75
-110
-103
-110
-142
-120
-76
-27
30
52
42
-6
-21
-77
-134
-118
-119
-175
-209
-200
-245
-375
-379
-380
-402
-385
-410
-452
-383
-342
-317
-126
31
87
192
235
292
222
244
349
383
438
411
504
481
385
258
171
145
107
64
-50
-117
-207
-368
-454
-615
-686
-671
-678
-660
-563
-564
-492
-446
-301
-280
-13
130
254
303
196
224
281
478
583
681
686
732
703
724
531
240
0
-102
-234
-325
-521
-619
-696
-662
-597
-443
-253
-215
-214
-242
-431
-431
-470
-523
-632
-748
-802
-752
-666
-658
-512
-278
-195
-22
241
456
786
1087
1265
1175
1010
922
765
702
749
660
501
313
52
-17
-86
-106
8
261
228
-55
-249
-585
-931
-1484
-1792
-1652
-1580
-1762
-1574
-1107
-658
-439
-175
119
304
446
640
982
1438
1882
2046
2270
2464
2500
2251
1790
1384
1021
566
173
50
91
46
-139
-314
-592
-817
-1007
-1261
-1452
-1264
-1258
-1420
-1386
-1479
-1863
-2176
-2107
-2074
-1964
-1256
-335
573
1046
1156
1190
1305
1479
1430
1776
2238
2594
2750
2555
1706
800
208
-382
-526
-646
-438
-218
219
273
-106
-320
-617
-1063
-1915
-2373
-2489
-2588
-2284
-1732
-1223
-966
-828
-414
-202
-197
-206
286
802
1544
2103
2048
1586
1359
1563
1490
1632
1619
1560
1053
1003
581
32
-349
-348
-737
-1276
-1292
-974
-620
165
772
1026
-91
-1035
-1685
-2387
-2959
-2511
-1042
-279
672
926
102
-1059
-1050
-868
-1044
-600
406
1290
2037
2932
2884
2456
1792
1153
-35
-1216
-1323
-970
12
1078
2064
1958
1289
1236
711
43
-804
-552
-61
157
555
-66
-1360
-2271
-2390
-3132
-3204
-1986
-693
32
627
1031
702
243
23
18
108
1121
2175
3056
3481
3791
3439
901
-1076
-1510
-1096
-651
478
2446
3248
3440
3338
2123
315
-1081
-2123
-3404
-3450
-2663
-1556
-55
1055
1418
680
-164
-1576
-3290
-3961
-3271
-1017
1776
3995
5472
5301
3323
1795
990
-390
-1019
55
1518
1874
2305
1950
693
-58
-722
-1423
-1416
-227
543
1290
2314
1903
464
-1211
-2420
-4029
-4450
-3297
-1401
1153
2386
2551
1962
-99
-2169
-2446
-1454
-236
2070
4544
5319
4855
3305
971
-838
-1727
-2855
-3397
-2684
-1499
-351
1516
2791
3105
3151
2615
763
-1776
-2997
-3358
-3383
-2103
-111
1548
1832
1142
503
-194
-1243
-2351
-1701
-601
961
2623
2973
2327
1731
651
-786
-1473
-1419
-1024
797
2457
2466
1671
440
-1265
-3716
-4795
-3465
-570
3281
6676
7474
4442
-462
-4168
-6242
-6399
-5165
-1567
2825
5361
6502
4664
189
-3395
-5255
-6254
-5393
-2498
393
3429
6265
6586
4877
2327
-283
-3579
-6037
-5181
-2320
611
3109
4595
2048
1586
1359
1563
1490
1632
1619
1560
1053
1003
581
32
-349
-348
-737
-1276
-1292
-974
-620
165
772
1026
-91
-1035
-1685
-2387
-2959
-2511
-1042
-279
672
926
102
-1059
-1050
-868
-1044
-600
406
1290
2037
2932
2884
2456
1792
1153
-35
-1216
-1323
-970
12
1078
2064
1958
1289
1236
711
43
-804
-552
-61
157
555
-66
-1360
-2271
-2390
-3132
-3204
-1986
-693
32
627
1031
702
243
23
18
108
1121
2175
3056
3481
3791
3439
901
-1076
-1510
-1096
-651
478
2446
3248
3440
3338
2123
315
-1081
-2123
-3404
-3450
-2663
-1556
-55
1055
1418
680
-164
-1576
-3290
-3961
-3271
-1017
1776
3995
5472
5301
3323
1795
990
-390
-1019
55
1518
1874
2305
1950
693
-58
-722
-1423
-1416
-227
543
1290
2314
1903
464
-1211
-2420
-4029
-4450
-3297
-1401
1153
2386
2551
1962
-99
-2169
-2446
-1454
-236
2070
4544
5319
4855
3305
971
-838
-1727
-2855
-3397
-2684
-1499
-351
1516
2791
3105
3151
2615
763
-1776
-2997
-3358
-3383
-2103
-111
1548
1832
1142
503
-194
-1243
-2351
-1701
-601
961
2623
2973
2327
1731
651
-786
-1473
-1419
-1024
797
2457
2466
1671
440
-1265
-3716
-4795
-3465
-570
3281
6676
7474
4442
-462
-4168
-6242
-6399
-5165
-1567
2825
5361
6502
4664
189
-3395
-5255
-6254
-5393
-2498
393
3429
6265
6586
4877
2327
-283
-3579
-6037
-5181
-2320
611
3109
4595
3306
-70
-2391
-1585
804
2208
2954
3212
1405
-899
-2406
-3512
-3255
-1283
-474
-506
-198
-1139
-1984
-1117
375
1086
1420
1385
225
-1538
-2095
-468
1377
2660
3461
3119
820
-2091
-3401
-2991
-2039
-1723
85
1805
3448
5153
5440
3825
1535
-1380
-5589
-7706
-7618
-5391
-1357
3221
6334
6714
4064
-939
-5876
-8825
-7490
-3251
2011
5857
6783
4826
1062
-523
-1150
-651
-1234
-454
1232
2330
2817
1470
-238
-2136
-3381
-3813
-2153
601
2402
4312
5102
3040
-344
-3304
-5571
-6394
-5045
-1664
2935
5610
6105
3787
-414
-4690
-5796
-3400
-39
2478
3796
4945
5253
4932
2314
-1060
-2988
-2867
-3342
-3110
-1869
-1178
-1108
-252
17
656
2819
3632
2597
547
-1846
-3951
-4984
-3655
-1777
-762
-92
916
2139
1996
616
-1396
-2145
-1712
581
2150
2076
1147
571
-394
-1473
-1584
-1213
-803
1382
2277
1838
1544
773
-2264
-4732
-4914
-3138
849
5454
8744
7769
2590
-3082
-5941
-7184
-6702
-3768
1423
5671
7852
7216
2776
-2776
-5965
-7341
-6372
-3446
260
2174
4060
5731
4639
3208
914
-2616
-5759
-5367
-3124
-226
2922
5404
3992
-1260
-5900
-5550
-425
3753
6332
7527
5310
590
-3923
-7107
-8146
-5719
-1936
1241
3327
2684
-661
-2141
-1494
-1531
-1124
-85
579
-1222
-1485
-155
1312
2332
3059
2378
-353
-3671
-4695
-1769
1005
1636
1290
1208
1494
3256
4618
4090
3008
-134
-3861
-6450
-7119
-6309
-3444
2462
6247
4595
3306
-70
-2391
-1585
804
2208
2954
3212
1405
-899
-2406
-3512
-3255
-1283
-474
-506
-198
-1139
-1984
-1117
375
1086
1420
1385
225
-1538
-2095
-468
1377
2660
3461
3119
820
-2091
-3401
-2991
-2039
-1723
85
1805
3448
5153
5440
3825
1535
-1380
-5589
-7706
-7618
-5391
-1357
3221
6334
6714
4064
-939
-5876
-8825
-7490
-3251
2011
5857
6783
4826
1062
-523
-1150
-651
-1234
-454
1232
2330
2817
1470
-238
-2136
-3381
-3813
-2153
601
2402
4312
5102
3040
-344
-3304
-5571
-6394
-5045
-1664
2935
5610
6105
3787
-414
-4690
-5796
-3400
-39
2478
3796
4945
5253
4932
2314
-1060
-2988
-2867
-3342
-3110
-1869
-1178
-1108
-252
17
656
2819
3632
2597
547
-1846
-3951
-4984
-3655
-1777
-762
-92
916
2139
1996
616
-1396
-2145
-1712
581
2150
2076
1147
571
-394
-1473
-1584
-1213
-803
1382
2277
1838
1544
773
-2264
-4732
-4914
-3138
849
5454
8744
7769
2590
-3082
-5941
-7184
-6702
-3768
1423
5671
7852
7216
2776
-2776
-5965
-7341
-6372
-3446
260
2174
4060
5731
4639
3208
914
-2616
-5759
-5367
-3124
-226
2922
5404
3992
-1260
-5900
-5550
-425
3753
6332
7527
5310
590
-3923
-7107
-8146
-5719
-1936
1241
3327
2684
-661
-2141
-1494
-1531
-1124
-85
579
-1222
-1485
-155
1312
2332
3059
2378
-353
-3671
-4695
-1769
1005
1636
1290
1208
1494
3256
4618
4090
3008
-134
-3861
-6450
-7119
-6309
-3444
2462
6247
7317
5248
810
-4988
-8072
-7534
-4032
943
5538
6950
3339
-1290
-3532
-1678
1595
2559
1582
1312
1204
1258
278
-1961
-3160
-4154
-4565
-2621
462
3128
4499
5782
2873
-1820
-4739
-5955
-7074
-5492
-1520
2267
4216
4898
3091
-1268
-5372
-7164
-4439
499
4129
5057
4529
3714
3027
1773
-1289
-3461
-3558
-4104
-3132
-1185
18
-124
519
1095
530
1836
3687
3314
1790
-280
-2540
-4622
-3844
-1417
-853
-685
284
2178
3139
2245
546
-238
123
1395
1950
563
-956
-1158
-1539
-1864
-236
910
557
1348
2577
1636
20
-417
-1417
-4556
-5381
-3764
20
4732
9147
8862
3494
-3036
-7464
-8026
-6144
-2826
2891
6974
7624
6064
1974
-3757
-6822
-7191
-5522
-2235
1004
2967
3110
3488
2503
1977
1540
-813
-3964
-5208
-3175
-809
1231
4231
4116
-101
-4729
-5016
-250
5177
7664
7749
5781
1242
-3741
-6431
-6850
-5136
-2080
601
2883
2279
-807
-1576
-231
753
979
976
326
-2023
-3824
-2656
-155
1755
3708
3872
1056
-3090
-5038
-3841
-954
870
1885
2666
2283
2672
4063
4206
3044
-293
-4947
-7489
-8096
-6843
-2851
3175
7031
7155
4536
0
-5331
-8700
-7451
-2944
1727
5415
6368
2763
-1461
-3983
-2668
1240
3595
3645
2594
666
-40
-149
-693
-1543
-2287
-3637
-2305
992
3152
5271
6374
3513
-1323
-5089
-5604
-5762
-4178
-321
3286
3906
3083
1573
-1891
-4827
-5602
-3064
2121
5556
4479
3739
2358
2072
1471
-532
6247
7317
5248
810
-4988
-8072
-7534
-4032
943
5538
6950
3339
-1290
-3532
-1678
1595
2559
1582
1312
1204
1258
278
-1961
-3160
-4154
-4565
-2621
462
3128
4499
5782
2873
-1820
-4739
-5955
-7074
-5492
-1520
2267
4216
4898
3091
-1268
-5372
-7164
-4439
499
4129
5057
4529
3714
3027
1773
-1289
-3461
-3558
-4104
-3132
-1185
18
-124
519
1095
530
1836
3687
3314
1790
-280
-2540
-4622
-3844
-1417
-853
-685
284
2178
3139
2245
546
-238
123
1395
1950
563
-956
-1158
-1539
-1864
-236
910
557
1348
2577
1636
20
-417
-1417
-4556
-5381
-3764
20
4732
9147
8862
3494
-3036
-7464
-8026
-6144
-2826
2891
6974
7624
6064
1974
-3757
-6822
-7191
-5522
-2235
1004
2967
3110
3488
2503
1977
1540
-813
-3964
-5208
-3175
-809
1231
4231
4116
-101
-4729
-5016
-250
5177
7664
7749
5781
1242
-3741
-6431
-6850
-5136
-2080
601
2883
2279
-807
-1576
-231
753
979
976
326
-2023
-3824
-2656
-155
1755
3708
3872
1056
-3090
-5038
-3841
-954
870
1885
2666
2283
2672
4063
4206
3044
-293
-4947
-7489
-8096
-6843
-2851
3175
7031
7155
4536
0
-5331
-8700
-7451
-2944
1727
5415
6368
2763
-1461
-3983
-2668
1240
3595
3645
2594
666
-40
-149
-693
-1543
-2287
-3637
-2305
992
3152
5271
6374
3513
-1323
-5089
-5604
-5762
-4178
-321
3286
3906
3083
1573
-1891
-4827
-5602
-3064
2121
5556
4479
3739
2358
2072
1471
-532
-2038
-1986
-3432
-3915
-2586
-1851
-1464
-264
890
1357
2224
4663
4256
1655
-1922
-4640
-6580
-5657
-1196
713
1741
1762
527
-345
-998
-972
716
2404
3471
3421
1871
-826
-2192
-3661
-4074
-1437
107
568
3275
4942
2668
-832
-2045
-2787
-4926
-5552
-3280
1255
5177
8628
8558
3426
-3365
-8789
-9509
-6049
-1403
4550
8716
8303
5597
793
-4472
-6542
-6785
-5509
-1256
1981
2822
2819
3254
1855
932
471
-907
-2881
-3683
-2719
-1268
-960
1197
1247
-1590
-3882
-3680
468
5668
8168
7154
3999
-454
-4550
-7392
-6566
-2928
1009
1964
2961
873
-3309
-3686
-976
1568
2797
3525
2957
138
-2564
-3518
-1790
-79
1934
3326
2014
-620
-3086
-3247
-1135
137
804
2198
2771
4940
6339
5392
2860
-1717
-6860
-9093
-7520
-5417
-918
5229
8131
6536
2280
-1706
-5442
-7376
-5887
-1061
2718
5307
5469
2175
-1265
-4197
-3801
-702
2340
2958
3594
3042
2195
863
-1625
-3029
-3689
-4786
-3369
1020
3839
6032
6314
2851
-1988
-5344
-5918
-5018
-2296
855
3203
2851
881
631
-1192
-3019
-3140
-1559
2626
5617
4267
3222
1810
2038
1948
-77
-723
-673
-1435
-3249
-2265
-1858
-1941
-367
1414
2527
3237
5064
4810
2112
-2139
-5272
-7199
-5798
-1005
1768
3159
2071
297
-1377
-1773
-1374
393
2176
2565
3515
2125
-140
-1022
-1775
-2644
-1884
-2378
-2936
707
3986
3735
931
-426
-2140
-5511
-6396
-4314
573
4465
8269
9094
3781
-3550
-532
-2038
-1986
-3432
-3915
-2586
-1851
-1464
-264
890
1357
2224
4663
4256
1655
-1922
-4640
-6580
-5657
-1196
713
1741
1762
527
-345
-998
-972
716
2404
3471
3421
1871
-826
-2192
-3661
-4074
-1437
107
568
3275
4942
2668
-832
-2045
-2787
-4926
-5552
-3280
1255
5177
8628
8558
3426
-3365
-8789
-9509
-6049
-1403
4550
8716
8303
5597
793
-4472
-6542
-6785
-5509
-1256
1981
2822
2819
3254
1855
932
471
-907
-2881
-3683
-2719
-1268
-960
1197
1247
-1590
-3882
-3680
468
5668
8168
7154
3999
-454
-4550
-7392
-6566
-2928
1009
1964
2961
873
-3309
-3686
-976
1568
2797
3525
2957
138
-2564
-3518
-1790
-79
1934
3326
2014
-620
-3086
-3247
-1135
137
804
2198
2771
4940
6339
5392
2860
-1717
-6860
-9093
-7520
-5417
-918
5229
8131
6536
2280
-1706
-5442
-7376
-5887
-1061
2718
5307
5469
2175
-1265
-4197
-3801
-702
2340
2958
3594
3042
2195
863
-1625
-3029
-3689
-4786
-3369
1020
3839
6032
6314
2851
-1988
-5344
-5918
-5018
-2296
855
3203
2851
881
631
-1192
-3019
-3140
-1559
2626
5617
4267
3222
1810
2038
1948
-77
-723
-673
-1435
-3249
-2265
-1858
-1941
-367
1414
2527
3237
5064
4810
2112
-2139
-5272
-7199
-5798
-1005
1768
3159
2071
297
-1377
-1773
-1374
393
2176
2565
3515
2125
-140
-1022
-1775
-2644
-1884
-2378
-2936
707
3986
3735
931
-426
-2140
-5511
-6396
-4314
573
4465
8269
9094
3781
-3550
-9516
-10211
-5936
-768
5312
8724
7462
4824
558
-3664
-5715
-5733
-4513
-965
1934
1684
2116
3883
3685
2463
611
-1268
-3087
-3894
-2894
-1577
-76
2129
1963
-1098
-4346
-3739
659
5850
8930
6685
2288
-1786
-4943
-6133
-4717
-1495
2572
2524
1992
-1025
-5138
-4911
-808
2697
3576
3532
2682
278
-2345
-3784
-2617
-1219
1257
3012
1840
-710
-2351
-2662
-1417
-677
-672
156
1640
4465
6882
6693
3649
-143
-5506
-9612
-8766
-6867
-2324
4826
8189
6297
2105
-1237
-4197
-6378
-4620
-1072
2208
4413
4888
2846
-738
-2648
-2385
-290
2233
2392
2805
2190
1389
1625
-462
-2776
-3162
-3294
-2281
1415
3486
4658
4634
2039
-2656
-5801
-5817
-4032
-1084
1320
3209
2124
365
846
-209
-2413
-4014
-2541
1327
4353
4196
3537
2789
2672
2533
769
-1016
-1631
-1742
-3982
-2511
-1853
-2908
-1381
1244
3188
3548
4853
4658
1514
-3160
-6301
-7510
-5494
-628
3072
4568
1982
-506
-2240
-2023
-514
1564
2739
2366
3526
3167
1049
-880
-1397
-2020
-1401
-466
-1553
1001
3552
2706
11
-1033
-1052
-3466
-3580
-2495
1263
3806
6359
7254
2347
-4542
-8922
-8117
-3754
1278
5827
7726
5229
2313
198
-2399
-3885
-3853
-3162
-757
1803
753
586
2740
3651
2968
1314
306
-2045
-3559
-3177
-2125
-578
1123
2262
-134
-3157
-3204
625
5001
7612
5120
1320
-2641
-4719
-4046
-2383
77
2132
1033
-1393
-2556
-4294
-4003
162
3261
3782
2692
961
-3550
-9516
-10211
-5936
-768
5312
8724
7462
4824
558
-3664
-5715
-5733
-4513
-965
1934
1684
2116
3883
3685
2463
611
-1268
-3087
-3894
-2894
-1577
-76
2129
1963
-1098
-4346
-3739
659
5850
8930
6685
2288
-1786
-4943
-6133
-4717
-1495
2572
2524
1992
-1025
-5138
-4911
-808
2697
3576
3532
2682
278
-2345
-3784
-2617
-1219
1257
3012
1840
-710
-2351
-2662
-1417
-677
-672
156
1640
4465
6882
6693
3649
-143
-5506
-9612
-8766
-6867
-2324
4826
8189
6297
2105
-1237
-4197
-6378
-4620
-1072
2208
4413
4888
2846
-738
-2648
-2385
-290
2233
2392
2805
2190
1389
1625
-462
-2776
-3162
-3294
-2281
1415
3486
4658
4634
2039
-2656
-5801
-5817
-4032
-1084
1320
3209
2124
365
846
-209
-2413
-4014
-2541
1327
4353
4196
3537
2789
2672
2533
769
-1016
-1631
-1742
-3982
-2511
-1853
-2908
-1381
1244
3188
3548
4853
4658
1514
-3160
-6301
-7510
-5494
-628
3072
4568
1982
-506
-2240
-2023
-514
1564
2739
2366
3526
3167
1049
-880
-1397
-2020
-1401
-466
-1553
1001
3552
2706
11
-1033
-1052
-3466
-3580
-2495
1263
3806
6359
7254
2347
-4542
-8922
-8117
-3754
1278
5827
7726
5229
2313
198
-2399
-3885
-3853
-3162
-757
1803
753
586
2740
3651
2968
1314
306
-2045
-3559
-3177
-2125
-578
1123
2262
-134
-3157
-3204
625
5001
7612
5120
1320
-2641
-4719
-4046
-2383
77
2132
1033
-1393
-2556
-4294
-4003
162
3261
3782
2692
961
-487
-2558
-2696
-1046
-94
1660
3009
1564
-1758
-4367
-3746
-1756
142
1282
2117
2586
4343
6655
6286
2275
-1982
-6626
-9657
-7792
-4761
-1361
4530
7337
5139
1623
-1029
-3476
-5876
-5343
-1730
2088
3864
4303
2332
-695
-3028
-3180
-568
2975
3642
2735
1180
19
330
-617
-2797
-3062
-2765
-2122
1532
4354
4028
2975
-98
-3344
-5104
-4812
-2806
-1142
131
883
-303
-1062
698
225
-1760
-3979
-3108
106
3108
3750
2923
2019
1512
1381
507
-746
-1282
-1877
-4443
-3861
-2805
-3313
-1604
1451
3908
4537
4941
4257
-53
-4535
-7318
-7453
-4304
707
4387
4180
1156
-2179
-3660
-2900
-597
2500
3520
2498
2836
2512
1075
-1272
-1844
-2475
-2244
-751
-849
1338
3762
2342
-317
-2052
-2777
-3832
-4349
-1910
2504
4493
7065
6492
1051
-5839
-10421
-8706
-3676
2299
7288
8517
4518
410
-1665
-3251
-3759
-2742
-2167
-587
1425
724
197
1722
2205
1967
518
-172
-1224
-2410
-2621
-1711
-933
49
837
-660
-3021
-2598
629
5754
8454
4988
1342
-2463
-4731
-3781
-1911
416
2011
1171
-1677
-2965
-3945
-3423
925
4320
4980
2773
111
-1477
-2941
-3101
-1417
-35
2530
4541
2651
-868
-4403
-5115
-3568
-837
1466
3073
4769
5596
6724
5913
1184
-3788
-7274
-9224
-6486
-2880
147
4699
6631
3508
-334
-2605
-4103
-4472
-2666
63
1990
2427
3415
2376
-1010
-3303
-3824
-698
3751
4671
3565
1602
-153
-601
-1820
-2464
-2725
-977
961
-487
-2558
-2696
-1046
-94
1660
3009
1564
-1758
-4367
-3746
-1756
142
1282
2117
2586
4343
6655
6286
2275
-1982
-6626
-9657
-7792
-4761
-1361
4530
7337
5139
1623
-1029
-3476
-5876
-5343
-1730
2088
3864
4303
2332
-695
-3028
-3180
-568
2975
3642
2735
1180
19
330
-617
-2797
-3062
-2765
-2122
1532
4354
4028
2975
-98
-3344
-5104
-4812
-2806
-1142
131
883
-303
-1062
698
225
-1760
-3979
-3108
106
3108
3750
2923
2019
1512
1381
507
-746
-1282
-1877
-4443
-3861
-2805
-3313
-1604
1451
3908
4537
4941
4257
-53
-4535
-7318
-7453
-4304
707
4387
4180
1156
-2179
-3660
-2900
-597
2500
3520
2498
2836
2512
1075
-1272
-1844
-2475
-2244
-751
-849
1338
3762
2342
-317
-2052
-2777
-3832
-4349
-1910
2504
4493
7065
6492
1051
-5839
-10421
-8706
-3676
2299
7288
8517
4518
410
-1665
-3251
-3759
-2742
-2167
-587
1425
724
197
1722
2205
1967
518
-172
-1224
-2410
-2621
-1711
-933
49
837
-660
-3021
-2598
629
5754
8454
4988
1342
-2463
-4731
-3781
-1911
416
2011
1171
-1677
-2965
-3945
-3423
925
4320
4980
2773
111
-1477
-2941
-3101
-1417
-35
2530
4541
2651
-868
-4403
-5115
-3568
-837
1466
3073
4769
5596
6724
5913
1184
-3788
-7274
-9224
-6486
-2880
147
4699
6631
3508
-334
-2605
-4103
-4472
-2666
63
1990
2427
3415
2376
-1010
-3303
-3824
-698
3751
4671
3565
1602
-153
-601
-1820
-2464
-2725
-977
-92
2435
5022
3733
1461
-1174
-3762
-4812
-4251
-1437
160
907
1130
-679
-1737
192
1043
-386
-3015
-2905
-764
2548
4154
3381
3073
2385
1899
641
-419
-1215
-2044
-4048
-4025
-2781
-2906
-732
2800
4718
4534
3997
3430
-653
-4974
-7314
-6539
-3352
1339
5362
4169
-408
-3733
-4375
-2188
895
3721
4012
2417
2470
1682
139
-1905
-1896
-1886
-2069
-136
471
1683
3076
1150
-801
-2413
-2607
-3147
-3489
-228
3078
4655
6684
6082
782
-5970
-9805
-7137
-2160
2904
6130
6774
3942
1241
-70
-1887
-3291
-2865
-2317
-907
710
1059
276
1550
2288
1701
552
-395
-1273
-2892
-3571
-2425
-1438
175
1577
656
-1582
-1460
986
4612
6172
2227
-771
-3471
-3456
-1089
540
1458
1222
162
-2975
-3368
-3564
-2974
1425
3791
4617
2292
-98
-1281
-2755
-2341
-1172
-299
2162
4573
3351
-881
-4876
-5470
-3533
-359
1265
2918
5116
6125
7805
6544
1146
-4242
-7805
-9308
-6350
-2059
639
4760
6768
3423
-739
-2669
-3812
-4404
-3421
-413
1925
2229
2839
1466
-845
-3010
-3347
-948
2423
2479
850
160
-283
180
-576
-1845
-2369
-652
-283
829
3191
1350
-626
-1758
-3000
-3282
-2731
-623
-324
-958
-975
-1691
-1609
553
1805
735
-1669
-2292
-852
1517
2409
1795
2401
2029
2310
2445
1487
-489
-2621
-4909
-5605
-3707
-3084
-1145
3492
6508
6363
5366
3328
-1808
-6994
-9049
-6861
-2566
2730
6576
4943
-177
-4439
-5273
-3560
-977
-92
2435
5022
3733
1461
-1174
-3762
-4812
-4251
-1437
160
907
1130
-679
-1737
192
1043
-386
-3015
-2905
-764
2548
4154
3381
3073
2385
1899
641
-419
-1215
-2044
-4048
-4025
-2781
-2906
-732
2800
4718
4534
3997
3430
-653
-4974
-7314
-6539
-3352
1339
5362
4169
-408
-3733
-4375
-2188
895
3721
4012
2417
2470
1682
139
-1905
-1896
-1886
-2069
-136
471
1683
3076
1150
-801
-2413
-2607
-3147
-3489
-228
3078
4655
6684
6082
782
-5970
-9805
-7137
-2160
2904
6130
6774
3942
1241
-70
-1887
-3291
-2865
-2317
-907
710
1059
276
1550
2288
1701
552
-395
-1273
-2892
-3571
-2425
-1438
175
1577
656
-1582
-1460
986
4612
6172
2227
-771
-3471
-3456
-1089
540
1458
1222
162
-2975
-3368
-3564
-2974
1425
3791
4617
2292
-98
-1281
-2755
-2341
-1172
-299
2162
4573
3351
-881
-4876
-5470
-3533
-359
1265
2918
5116
6125
7805
6544
1146
-4242
-7805
-9308
-6350
-2059
639
4760
6768
3423
-739
-2669
-3812
-4404
-3421
-413
1925
2229
2839
1466
-845
-3010
-3347
-948
2423
2479
850
160
-283
180
-576
-1845
-2369
-652
-283
829
3191
1350
-626
-1758
-3000
-3282
-2731
-623
-324
-958
-975
-1691
-1609
553
1805
735
-1669
-2292
-852
1517
2409
1795
2401
2029
2310
2445
1487
-489
-2621
-4909
-5605
-3707
-3084
-1145
3492
6508
6363
5366
3328
-1808
-6994
-9049
-6861
-2566
2730
6576
4943
-177
-4439
-5273
-3560
242
3377
4319
3289
2451
2252
332
-2280
-2764
-2786
-2564
-307
853
1273
2284
829
-1094
-3314
-3145
-3351
-3785
-719
2523
4415
6086
5664
494
-6780
-10174
-7261
-2289
3263
5748
5473
2509
-160
-276
-1284
-2249
-1730
-945
-891
-372
-285
-1064
937
3037
3527
2012
896
-198
-2878
-4436
-3573
-2178
-194
1996
1895
573
-114
1742
4969
5692
2034
-1023
-3211
-3184
-362
1760
1850
1378
576
-2347
-3834
-3822
-3172
574
4189
5292
2779
-21
-1410
-2975
-2829
-1576
171
1881
3992
2910
-1049
-4666
-5340
-3653
-896
652
2606
5288
5749
7475
5851
140
-5127
-7848
-7927
-5089
-1144
1185
3772
4782
2180
-171
-1792
-2566
-3231
-2788
-690
1169
1578
2703
2798
1128
-1603
-2673
-135
3353
3488
1414
534
160
651
143
-1107
-1600
454
1194
2697
4957
2380
-807
-2511
-3049
-2304
-1606
876
1303
-156
-920
-1409
-937
1081
2636
1826
-694
-2484
-1957
309
1849
2782
4105
4026
-75
3746
2984
948
-1893
-3514
-5137
-5230
-2812
-2097
-742
3214
5978
6064
5020
2589
-2325
-7020
-8687
-5886
-2010
2521
6079
4589
-371
-4334
-4858
-3465
199
3519
4464
3336
2378
2996
1017
-1511
-1882
-1809
-2427
-1033
646
920
2148
994
-368
-1781
-1969
-2211
-2852
-130
2994
4713
5125
3654
-314
-6286
-9450
-6294
-942
4280
6205
5660
2211
-633
-759
-946
-1540
-1411
-328
-528
-357
-280
-1579
-19
2602
3801
2705
1302
-585
-3447
-4850
3746
2984
948
-1893
-3514
-5137
-5230
-2812
-2097
-742
3214
5978
6064
5020
2589
-2325
-7020
-8687
-5886
-2010
2521
6079
4589
-371
-4334
-4858
-3465
199
3519
4464
3336
2378
2996
1017
-1511
-1882
-1809
-2427
-1033
646
920
2148
994
-368
-1781
-1969
-2211
-2852
-130
2994
4713
5125
3654
-314
-6286
-9450
-6294
-942
4280
6205
5660
2211
-633
-759
-946
-1540
-1411
-328
-528
-357
-280
-1579
-19
2602
3801
2705
1302
-585
-3447
-4850
-3450
-1513
379
1708
1371
114
-1058
517
3138
3830
1026
-1543
-2472
-1817
886
2301
1812
101
-1870
-4239
-4636
-3592
-2187
1136
4307
5021
2300
141
-1349
-3158
-3517
-2642
-435
1962
4621
3834
-236
-4513
-6362
-5094
-2020
1057
3854
6713
7096
7818
5352
-846
-6032
-8660
-8312
-4802
-455
1553
3805
4783
2572
-351
-2312
-2932
-3213
-3249
-602
1017
1429
2151
2076
637
-2178
-3536
-1353
2165
3032
1456
911
390
409
-470
-1709
-2147
18
841
1940
3384
742
-2189
-3117
-2793
-1665
-771
1031
1125
-1545
-2721
-2543
-1545
1029
2995
1819
-1083
-3177
-2270
636
2402
2789
3304
2989
2724
2691
1460
-1175
-2917
-4594
-5131
-3295
-2362
-546
4349
6647
6113
4355
1595
-2311
-7017
-8082
-5112
-1204
2898
6109
4381
-588
-4683
-5429
-3375
770
3367
4603
3764
2001
2290
721
-1352
-1785
-1924
-2667
-1102
738
921
1975
1470
-76
-2266
-2837
-2673
-2932
-431
2765
4436
4201
3451
-701
-6068
-8499
-6221
-1142
3643
5133
4519
2602
-52
-349
-703
-1818
-2017
-806
-775
-422
-168
-1437
152
2652
3413
2558
1313
416
-2971
-5166
-4007
-2568
-899
1195
2645
2728
1598
1938
3089
2517
-343
-2360
-1763
-482
1714
2972
2242
416
-704
-3508
-4342
-3079
-2004
551
4348
5452
2919
118
-721
-2121
-3558
-2857
-727
1363
3910
3882
655
-3240
-5899
-5675
-2440
846
3724
6855
7382
7058
4054
-1934
-6451
-7924
-6523
-3563
191
-4850
-3450
-1513
379
1708
1371
114
-1058
517
3138
3830
1026
-1543
-2472
-1817
886
2301
1812
101
-1870
-4239
-4636
-3592
-2187
1136
4307
5021
2300
141
-1349
-3158
-3517
-2642
-435
1962
4621
3834
-236
-4513
-6362
-5094
-2020
1057
3854
6713
7096
7818
5352
-846
-6032
-8660
-8312
-4802
-455
1553
3805
4783
2572
-351
-2312
-2932
-3213
-3249
-602
1017
1429
2151
2076
637
-2178
-3536
-1353
2165
3032
1456
911
390
409
-470
-1709
-2147
18
841
1940
3384
742
-2189
-3117
-2793
-1665
-771
1031
1125
-1545
-2721
-2543
-1545
1029
2995
1819
-1083
-3177
-2270
636
2402
2789
3304
2989
2724
2691
1460
-1175
-2917
-4594
-5131
-3295
-2362
-546
4349
6647
6113
4355
1595
-2311
-7017
-8082
-5112
-1204
2898
6109
4381
-588
-4683
-5429
-3375
770
3367
4603
3764
2001
2290
721
-1352
-1785
-1924
-2667
-1102
738
921
1975
1470
-76
-2266
-2837
-2673
-2932
-431
2765
4436
4201
3451
-701
-6068
-8499
-6221
-1142
3643
5133
4519
2602
-52
-349
-703
-1818
-2017
-806
-775
-422
-168
-1437
152
2652
3413
2558
1313
416
-2971
-5166
-4007
-2568
-899
1195
2645
2728
1598
1938
3089
2517
-343
-2360
-1763
-482
1714
2972
2242
416
-704
-3508
-4342
-3079
-2004
551
4348
5452
2919
118
-721
-2121
-3558
-2857
-727
1363
3910
3882
655
-3240
-5899
-5675
-2440
846
3724
6855
7382
7058
4054
-1934
-6451
-7924
-6523
-3563
191
2563
3224
3788
1865
-332
-2134
-2297
-1932
-2165
-282
1221
1744
2373
2666
1280
-1599
-3167
-1252
2488
4015
2245
1780
1210
176
-158
-1479
-1045
1376
2254
2755
3045
349
-2494
-2930
-1822
-378
287
1562
1587
-820
-2250
-2240
-1444
780
2913
2222
-4
-2231
-2064
392
2114
2578
3495
3595
3027
3100
1946
-780
-2490
-3819
-4943
-3435
-2153
-546
3893
6482
6580
4311
776
-2958
-7069
-7817
-4830
-910
3014
5740
4510
-365
-4445
-5381
-3649
702
3467
4564
3771
2340
2878
1646
-454
-1465
-1489
-2129
-744
706
505
1488
1254
534
-1219
-2358
-1718
-1229
775
2997
4721
3590
2292
-752
-5312
-7610
-5346
-373
3811
4944
3973
2682
787
1051
674
-1219
-2257
-947
-1239
-343
501
-367
1001
2618
2899
1878
557
-205
-2709
-3973
-3081
-2095
-933
809
2529
2698
1208
1445
2029
1002
-1480
-3270
-1764
-190
2293
3893
2655
0
-1821
-3928
-4757
-2910
-1441
550
3808
4113
1987
-166
-675
-1343
-2561
-2189
-57
1703
3081
2782
338
-3389
-5898
-5190
-1757
1627
4439
7096
7808
7346
4069
-1416
-6682
-8237
-6825
-3677
988
3240
3192
3308
1907
-350
-2083
-2361
-2273
-2405
-1292
191
1536
2665
3475
2005
-1249
-4136
-3211
-376
1243
861
1330
1316
464
198
-645
-900
17
1028
1396
1630
-461
-3814
-3917
-2366
-1088
-361
870
1141
-1438
-2890
-2491
-1758
415
2750
2707
373
-3135
-3024
-705
1877
2866
3172
191
2563
3224
3788
1865
-332
-2134
-2297
-1932
-2165
-282
1221
1744
2373
2666
1280
-1599
-3167
-1252
2488
4015
2245
1780
1210
176
-158
-1479
-1045
1376
2254
2755
3045
349
-2494
-2930
-1822
-378
287
1562
1587
-820
-2250
-2240
-1444
780
2913
2222
-4
-2231
-2064
392
2114
2578
3495
3595
3027
3100
1946
-780
-2490
-3819
-4943
-3435
-2153
-546
3893
6482
6580
4311
776
-2958
-7069
-7817
-4830
-910
3014
5740
4510
-365
-4445
-5381
-3649
702
3467
4564
3771
2340
2878
1646
-454
-1465
-1489
-2129
-744
706
505
1488
1254
534
-1219
-2358
-1718
-1229
775
2997
4721
3590
2292
-752
-5312
-7610
-5346
-373
3811
4944
3973
2682
787
1051
674
-1219
-2257
-947
-1239
-343
501
-367
1001
2618
2899
1878
557
-205
-2709
-3973
-3081
-2095
-933
809
2529
2698
1208
1445
2029
1002
-1480
-3270
-1764
-190
2293
3893
2655
0
-1821
-3928
-4757
-2910
-1441
550
3808
4113
1987
-166
-675
-1343
-2561
-2189
-57
1703
3081
2782
338
-3389
-5898
-5190
-1757
1627
4439
7096
7808
7346
4069
-1416
-6682
-8237
-6825
-3677
988
3240
3192
3308
1907
-350
-2083
-2361
-2273
-2405
-1292
191
1536
2665
3475
2005
-1249
-4136
-3211
-376
1243
861
1330
1316
464
198
-645
-900
17
1028
1396
1630
-461
-3814
-3917
-2366
-1088
-361
870
1141
-1438
-2890
-2491
-1758
415
2750
2707
373
-3135
-3024
-705
1877
2866
3172
3480
2947
3136
1469
-785
-2720
-3913
-5059
-3777
-1627
-158
4071
7150
7766
4504
137
-3527
-7546
-8094
-5119
-379
3220
6013
5034
470
-4343
-5982
-4180
-226
2931
4133
3737
2621
3503
2129
-23
-1631
-2284
-3000
-1760
653
16
487
1185
68
-2000
-3153
-2315
-1429
226
2434
3741
2375
1274
-663
-4440
-7190
-5906
-1269
2519
3735
3345
2598
879
846
995
-776
-2154
-1410
-1424
-793
405
-29
655
2790
3640
2497
378
-547
-2484
-3879
-3285
-2235
-605
893
3672
4400
2310
1584
552
15
-1484
-3325
-1238
812
3353
4322
2851
-133
-2114
-3803
-4879
-2893
-1197
528
3603
4224
2427
100
-415
-764
-2381
-2549
-874
1165
2352
2840
1128
-2296
-5413
-5570
-2747
1062
3876
6320
7125
6003
3218
-1232
-6280
-7580
-5676
-3780
119
2118
1900
1729
1510
177
-1166
-1728
-1908
-2064
-1576
-303
562
1893
3594
3288
267
-2724
-2430
-448
1142
758
1178
1723
1447
1430
540
860
1132
1957
1465
562
-999
-3882
-3517
-818
1008
1509
1605
1281
-1310
-3380
-3027
-1968
260
2776
3625
1879
-2115
-2999
-1385
843
2588
2776
2899
2242
2501
1344
-746
-2471
-3385
-4734
-4263
-1694
-32
3529
6653
7049
2959
-1535
-4293
-7118
-6942
-4547
-221
2623
4421
4242
338
-3463
-5232
-3703
-144
2550
3327
2770
1712
3030
3236
1046
-979
-1457
-2173
-1942
-97
-58
393
1416
1072
-784
-2350
-1092
288
1222
3167
4031
2051
3172
3480
2947
3136
1469
-785
-2720
-3913
-5059
-3777
-1627
-158
4071
7150
7766
4504
137
-3527
-7546
-8094
-5119
-379
3220
6013
5034
470
-4343
-5982
-4180
-226
2931
4133
3737
2621
3503
2129
-23
-1631
-2284
-3000
-1760
653
16
487
1185
68
-2000
-3153
-2315
-1429
226
2434
3741
2375
1274
-663
-4440
-7190
-5906
-1269
2519
3735
3345
2598
879
846
995
-776
-2154
-1410
-1424
-793
405
-29
655
2790
3640
2497
378
-547
-2484
-3879
-3285
-2235
-605
893
3672
4400
2310
1584
552
15
-1484
-3325
-1238
812
3353
4322
2851
-133
-2114
-3803
-4879
-2893
-1197
528
3603
4224
2427
100
-415
-764
-2381
-2549
-874
1165
2352
2840
1128
-2296
-5413
-5570
-2747
1062
3876
6320
7125
6003
3218
-1232
-6280
-7580
-5676
-3780
119
2118
1900
1729
1510
177
-1166
-1728
-1908
-2064
-1576
-303
562
1893
3594
3288
267
-2724
-2430
-448
1142
758
1178
1723
1447
1430
540
860
1132
1957
1465
562
-999
-3882
-3517
-818
1008
1509
1605
1281
-1310
-3380
-3027
-1968
260
2776
3625
1879
-2115
-2999
-1385
843
2588
2776
2899
2242
2501
1344
-746
-2471
-3385
-4734
-4263
-1694
-32
3529
6653
7049
2959
-1535
-4293
-7118
-6942
-4547
-221
2623
4421
4242
338
-3463
-5232
-3703
-144
2550
3327
2770
1712
3030
3236
1046
-979
-1457
-2173
-1942
-97
-58
393
1416
1072
-784
-2350
-1092
288
1222
3167
4031
2051
1078
-526
-2961
-5426
-4560
-249
2582
3840
2390
1772
703
1219
2162
545
-327
-398
-1225
-1701
-609
-127
370
2184
3395
2407
-469
-1148
-2384
-3802
-3404
-2513
-995
-56
2511
3921
2547
2279
927
-519
-2567
-4106
-1855
-33
2476
4292
3400
1017
-1180
-3193
-5346
-3872
-1281
381
3516
4214
2684
426
-192
-66
-2233
-2960
-1425
808
2126
2705
1722
-1864
-5135
-5543
-2141
2159
4790
6617
7740
5770
3216
-1070
-5787
-6722
-5213
-3676
-904
1656
1824
1762
1907
655
-457
-1073
-1010
-1872
-2472
-1538
-153
1300
3635
3852
1347
-2482
-3607
-1764
-154
48
540
1593
737
943
1178
1735
1909
2432
355
-1782
-3322
-5809
-4487
-984
1439
2380
2039
1496
-1906
-4579
-4495
-3347
-537
2485
4624
3110
-1467
-3692
-2694
236
2141
2742
3105
2698
2498
1709
-467
-2599
-3385
-5203
-5062
-1983
546
4022
7299
8043
3897
-884
-3639
-6626
-7284
-5020
-336
2463
4463
4866
1589
-3065
-5562
-4232
-664
3093
3922
3265
1909
2448
2863
1596
-476
-1627
-2509
-2864
-1066
-938
-378
849
860
-45
-1767
-639
610
825
1897
1920
110
-834
-1059
-1694
-4084
-3950
-687
1264
2452
1776
1696
798
688
1747
534
-410
-574
-1215
-2397
-1445
-295
155
2038
3600
3140
707
-1031
-2331
-4180
-4515
-3323
-1169
791
4492
5743
4250
1828
-990
-2251
-3128
-3061
-552
2294
3940
4634
3236
127
-2259
-3906
-5770
-3732
-627
1500
3954
2051
1078
-526
-2961
-5426
-4560
-249
2582
3840
2390
1772
703
1219
2162
545
-327
-398
-1225
-1701
-609
-127
370
2184
3395
2407
-469
-1148
-2384
-3802
-3404
-2513
-995
-56
2511
3921
2547
2279
927
-519
-2567
-4106
-1855
-33
2476
4292
3400
1017
-1180
-3193
-5346
-3872
-1281
381
3516
4214
2684
426
-192
-66
-2233
-2960
-1425
808
2126
2705
1722
-1864
-5135
-5543
-2141
2159
4790
6617
7740
5770
3216
-1070
-5787
-6722
-5213
-3676
-904
1656
1824
1762
1907
655
-457
-1073
-1010
-1872
-2472
-1538
-153
1300
3635
3852
1347
-2482
-3607
-1764
-154
48
540
1593
737
943
1178
1735
1909
2432
355
-1782
-3322
-5809
-4487
-984
1439
2380
2039
1496
-1906
-4579
-4495
-3347
-537
2485
4624
3110
-1467
-3692
-2694
236
2141
2742
3105
2698
2498
1709
-467
-2599
-3385
-5203
-5062
-1983
546
4022
7299
8043
3897
-884
-3639
-6626
-7284
-5020
-336
2463
4463
4866
1589
-3065
-5562
-4232
-664
3093
3922
3265
1909
2448
2863
1596
-476
-1627
-2509
-2864
-1066
-938
-378
849
860
-45
-1767
-639
610
825
1897
1920
110
-834
-1059
-1694
-4084
-3950
-687
1264
2452
1776
1696
798
688
1747
534
-410
-574
-1215
-2397
-1445
-295
155
2038
3600
3140
707
-1031
-2331
-4180
-4515
-3323
-1169
791
4492
5743
4250
1828
-990
-2251
-3128
-3061
-552
2294
3940
4634
3236
127
-2259
-3906
-5770
-3732
-627
1500
3954
4501
2702
363
-425
28
-2163
-3176
-2193
-17
1301
2333
2373
-719
-4332
-6060
-3362
1363
4240
6454
7900
5167
2072
-1688
-5555
-6043
-4389
-2901
-736
1879
1465
1026
1532
487
-239
-821
-402
-963
-2021
-1624
-623
819
3068
3984
2298
-1059
-2535
-1671
-177
319
264
1469
1056
1163
1990
2761
2728
2982
690
-1941
-2744
-4506
-3646
-302
1999
2517
1618
1483
-921
-3573
-4209
-2652
-355
2141
4586
3253
-1020
-3511
-2488
792
3302
3012
2778
2334
1577
1248
49
-1667
-2385
-4260
-5076
-2288
1011
3858
6929
6913
2333
-2261
-4797
-6259
-6473
-4321
207
2762
3845
4155
1586
-2581
-5580
-4758
-1044
3185
3949
3067
1999
1958
3322
2266
191
-916
-1715
-3237
-2317
-852
-328
1252
1472
494
-1570
-754
891
751
2254
2052
602
-1281
-1556
-1786
-3425
-3454
-1035
1478
2644
1641
1104
970
836
1976
1271
609
-184
-1432
-2833
-2224
-407
134
1733
4044
3591
606
-1766
-2265
-4092
-4676
-3500
-1349
833
3796
5580
4503
1609
-1905
-3794
-4333
-3612
-1040
1910
3371
4134
3071
561
-1837
-3823
-5798
-3957
-1162
668
2296
3108
2297
367
-174
99
-1698
-2950
-2046
97
937
1632
1789
-683
-4236
-6203
-3416
2204
5589
6919
7493
4050
1360
-2251
-5787
-5963
-3990
-2121
-498
1912
1228
-61
761
105
86
-955
-521
-441
-1784
-1599
-792
428
2587
3643
2308
-884
-3269
-2598
-915
77
25
726
728
871
3954
4501
2702
363
-425
28
-2163
-3176
-2193
-17
1301
2333
2373
-719
-4332
-6060
-3362
1363
4240
6454
7900
5167
2072
-1688
-5555
-6043
-4389
-2901
-736
1879
1465
1026
1532
487
-239
-821
-402
-963
-2021
-1624
-623
819
3068
3984
2298
-1059
-2535
-1671
-177
319
264
1469
1056
1163
1990
2761
2728
2982
690
-1941
-2744
-4506
-3646
-302
1999
2517
1618
1483
-921
-3573
-4209
-2652
-355
2141
4586
3253
-1020
-3511
-2488
792
3302
3012
2778
2334
1577
1248
49
-1667
-2385
-4260
-5076
-2288
1011
3858
6929
6913
2333
-2261
-4797
-6259
-6473
-4321
207
2762
3845
4155
1586
-2581
-5580
-4758
-1044
3185
3949
3067
1999
1958
3322
2266
191
-916
-1715
-3237
-2317
-852
-328
1252
1472
494
-1570
-754
891
751
2254
2052
602
-1281
-1556
-1786
-3425
-3454
-1035
1478
2644
1641
1104
970
836
1976
1271
609
-184
-1432
-2833
-2224
-407
134
1733
4044
3591
606
-1766
-2265
-4092
-4676
-3500
-1349
833
3796
5580
4503
1609
-1905
-3794
-4333
-3612
-1040
1910
3371
4134
3071
561
-1837
-3823
-5798
-3957
-1162
668
2296
3108
2297
367
-174
99
-1698
-2950
-2046
97
937
1632
1789
-683
-4236
-6203
-3416
2204
5589
6919
7493
4050
1360
-2251
-5787
-5963
-3990
-2121
-498
1912
1228
-61
761
105
86
-955
-521
-441
-1784
-1599
-792
428
2587
3643
2308
-884
-3269
-2598
-915
77
25
726
728
871
2177
2669
2294
2354
-547
-3481
-4049
-5028
-4166
-803
1382
2326
1442
1042
-741
-3734
-4580
-3285
-855
1679
4390
3452
-272
-3313
-2956
101
2886
3278
2894
2378
1481
1063
-17
-1824
-2629
-3940
-4787
-1676
1900
4108
6664
6308
2174
-2121
-4633
-4845
-4839
-3078
116
1805
2794
3558
1941
-1474
-4484
-4522
-1888
2394
3370
2184
810
750
3226
3637
1232
-591
-1183
-3106
-3044
-2525
-2015
-654
745
408
-936
332
1763
1778
1673
673
-1452
-2899
-1448
51
-1617
-2427
-1251
-57
1174
1072
748
452
394
1585
1926
735
-931
-2177
-3802
-3041
-597
-127
1106
3631
3743
688
-1824
-1994
-2879
-4179
-3438
-1582
719
3706
5833
5127
1968
-1611
-3253
-2790
-1111
276
1817
2429
2655
2765
1206
-887
-2203
-3726
-3258
-522
482
493
555
-323
-1185
-451
1236
706
-333
-66
234
-439
-919
-375
-1310
-3594
-4866
-2180
2193
5318
6078
5238
2490
315
-1123
-2571
-3245
-2086
-1200
-793
379
-254
-1271
-200
1010
1264
88
-3
-555
-1568
-2147
-2305
-785
993
2384
1295
-966
-2264
-2109
-885
44
647
1150
938
548
1556
1907
1436
1593
-301
-1140
-847
-1364
-1249
-79
1374
428
-1110
-1100
32
-60
415
1100
1871
1017
378
-1042
-3544
-5087
-4089
-77
3894
5215
3999
2073
-173
-1081
-1866
-2725
-1895
-1831
-2401
-216
1287
1603
2945
2482
408
-1405
-2259
-485
-100
295
932
-174
-1016
-1007
-610
871
2177
2669
2294
2354
-547
-3481
-4049
-5028
-4166
-803
1382
2326
1442
1042
-741
-3734
-4580
-3285
-855
1679
4390
3452
-272
-3313
-2956
101
2886
3278
2894
2378
1481
1063
-17
-1824
-2629
-3940
-4787
-1676
1900
4108
6664
6308
2174
-2121
-4633
-4845
-4839
-3078
116
1805
2794
3558
1941
-1474
-4484
-4522
-1888
2394
3370
2184
810
750
3226
3637
1232
-591
-1183
-3106
-3044
-2525
-2015
-654
745
408
-936
332
1763
1778
1673
673
-1452
-2899
-1448
51
-1617
-2427
-1251
-57
1174
1072
748
452
394
1585
1926
735
-931
-2177
-3802
-3041
-597
-127
1106
3631
3743
688
-1824
-1994
-2879
-4179
-3438
-1582
719
3706
5833
5127
1968
-1611
-3253
-2790
-1111
276
1817
2429
2655
2765
1206
-887
-2203
-3726
-3258
-522
482
493
555
-323
-1185
-451
1236
706
-333
-66
234
-439
-919
-375
-1310
-3594
-4866
-2180
2193
5318
6078
5238
2490
315
-1123
-2571
-3245
-2086
-1200
-793
379
-254
-1271
-200
1010
1264
88
-3
-555
-1568
-2147
-2305
-785
993
2384
1295
-966
-2264
-2109
-885
44
647
1150
938
548
1556
1907
1436
1593
-301
-1140
-847
-1364
-1249
-79
1374
428
-1110
-1100
32
-60
415
1100
1871
1017
378
-1042
-3544
-5087
-4089
-77
3894
5215
3999
2073
-173
-1081
-1866
-2725
-1895
-1831
-2401
-216
1287
1603
2945
2482
408
-1405
-2259
-485
-100
295
932
-174
-1016
-1007
-610
-1649
-2001
-1273
-154
2571
2337
1326
-294
-1397
-214
186
-79
-315
-706
-1933
-1149
-262
-892
-256
384
120
-1372
-1450
403
2300
3079
2637
1894
717
-131
-481
-1455
-2702
-3213
-2917
91
2210
3951
4310
3379
1181
-626
-2844
-3341
-2308
-3187
-1723
555
1098
1327
1629
701
-1858
-3689
-2938
-1468
-60
762
480
1118
789
740
155
-1077
-1754
-1945
564
2931
3953
3156
809
-1663
-2842
-2338
-868
237
312
-228
840
589
-275
-86
-1507
-1698
-1817
-396
1157
1333
2025
877
-197
-808
-1550
-1853
-1914
-2512
-1206
1563
3864
5202
4612
2510
1055
491
-244
-871
-2163
-2693
-3184
-1572
-466
321
2547
2801
1938
-1326
-2608
-2258
-1629
-848
-367
889
1456
1026
-577
-1925
-3612
-3523
-2192
174
2246
2587
1813
817
843
-93
-518
-358
-446
-407
555
1073
831
1519
677
-983
-2874
-3062
-1238
346
1911
2236
1400
813
-369
-1402
-2163
-3285
-2550
-715
1950
3149
2913
1627
-386
-658
-1398
-2073
-2487
-1865
-1945
-52
1376
1296
3001
2732
2077
254
-1406
-567
178
256
-267
-1293
-695
399
364
-17
-1267
-1623
-553
967
1751
2006
874
-213
815
862
-497
-1685
-1623
-1880
-1486
-574
-1009
-189
1150
840
-272
-1037
-502
720
1192
1197
990
1658
2238
1177
12
-2303
-3668
-2814
-95
2129
2987
2769
1127
494
32
-1055
-1220
-1317
-1417
-1381
-110
595
529
1316
911
-254
-610
-1649
-2001
-1273
-154
2571
2337
1326
-294
-1397
-214
186
-79
-315
-706
-1933
-1149
-262
-892
-256
384
120
-1372
-1450
403
2300
3079
2637
1894
717
-131
-481
-1455
-2702
-3213
-2917
91
2210
3951
4310
3379
1181
-626
-2844
-3341
-2308
-3187
-1723
555
1098
1327
1629
701
-1858
-3689
-2938
-1468
-60
762
480
1118
789
740
155
-1077
-1754
-1945
564
2931
3953
3156
809
-1663
-2842
-2338
-868
237
312
-228
840
589
-275
-86
-1507
-1698
-1817
-396
1157
1333
2025
877
-197
-808
-1550
-1853
-1914
-2512
-1206
1563
3864
5202
4612
2510
1055
491
-244
-871
-2163
-2693
-3184
-1572
-466
321
2547
2801
1938
-1326
-2608
-2258
-1629
-848
-367
889
1456
1026
-577
-1925
-3612
-3523
-2192
174
2246
2587
1813
817
843
-93
-518
-358
-446
-407
555
1073
831
1519
677
-983
-2874
-3062
-1238
346
1911
2236
1400
813
-369
-1402
-2163
-3285
-2550
-715
1950
3149
2913
1627
-386
-658
-1398
-2073
-2487
-1865
-1945
-52
1376
1296
3001
2732
2077
254
-1406
-567
178
256
-267
-1293
-695
399
364
-17
-1267
-1623
-553
967
1751
2006
874
-213
815
862
-497
-1685
-1623
-1880
-1486
-574
-1009
-189
1150
840
-272
-1037
-502
720
1192
1197
990
1658
2238
1177
12
-2303
-3668
-2814
-95
2129
2987
2769
1127
494
32
-1055
-1220
-1317
-1417
-1381
-110
595
529
1316
911
-254
-1625
-1670
-773
-93
69
-199
870
1516
1298
1099
101
-291
37
1606
3037
3235
1821
-286
-1203
-673
184
368
109
-558
-1535
-484
313
426
1000
342
58
-748
-670
-133
157
463
-38
-294
274
-308
-1343
-1832
-2656
-1270
1192
3048
3752
2527
766
603
1367
1509
383
-900
-1728
-2712
-1870
143
674
1612
1637
1064
-269
-1453
-633
218
409
677
415
1087
658
-625
-1073
-1931
-1236
-113
1296
2172
1387
-393
-863
331
661
1054
1187
1091
639
347
909
468
103
-146
-429
-1048
-1030
259
971
991
464
-61
221
521
-598
-1827
-2447
-1887
-303
1377
1740
1711
25
-1160
-508
-450
-492
-1086
-1280
-2160
-1746
-46
609
1519
1574
1610
869
322
670
464
-603
-1187
-1730
-704
1235
616
-447
-1830
-2245
-1049
1056
2580
2205
531
-946
-176
910
258
-159
-408
-859
-1386
-708
311
94
40
-327
-592
-637
-212
1178
1541
1320
1308
1187
1991
638
-1218
-3167
-3520
-1951
599
2375
2662
1717
-647
-1471
-483
-185
311
-143
-649
-1211
-439
703
433
339
-422
-726
-971
-481
313
247
-526
-916
-686
500
862
274
-629
-740
169
1955
3226
2750
662
-2083
-2962
-1205
508
1325
848
442
-522
-440
312
-21
-74
-579
-187
367
653
601
267
-340
-929
-850
148
717
-604
-2070
-3085
-2242
-74
2006
3233
2426
820
-164
847
1412
853
-254
-1625
-1670
-773
-93
69
-199
870
1516
1298
1099
101
-291
37
1606
3037
3235
1821
-286
-1203
-673
184
368
109
-558
-1535
-484
313
426
1000
342
58
-748
-670
-133
157
463
-38
-294
274
-308
-1343
-1832
-2656
-1270
1192
3048
3752
2527
766
603
1367
1509
383
-900
-1728
-2712
-1870
143
674
1612
1637
1064
-269
-1453
-633
218
409
677
415
1087
658
-625
-1073
-1931
-1236
-113
1296
2172
1387
-393
-863
331
661
1054
1187
1091
639
347
909
468
103
-146
-429
-1048
-1030
259
971
991
464
-61
221
521
-598
-1827
-2447
-1887
-303
1377
1740
1711
25
-1160
-508
-450
-492
-1086
-1280
-2160
-1746
-46
609
1519
1574
1610
869
322
670
464
-603
-1187
-1730
-704
1235
616
-447
-1830
-2245
-1049
1056
2580
2205
531
-946
-176
910
258
-159
-408
-859
-1386
-708
311
94
40
-327
-592
-637
-212
1178
1541
1320
1308
1187
1991
638
-1218
-3167
-3520
-1951
599
2375
2662
1717
-647
-1471
-483
-185
311
-143
-649
-1211
-439
703
433
339
-422
-726
-971
-481
313
247
-526
-916
-686
500
862
274
-629
-740
169
1955
3226
2750
662
-2083
-2962
-1205
508
1325
848
442
-522
-440
312
-21
-74
-579
-187
367
653
601
267
-340
-929
-850
148
717
-604
-2070
-3085
-2242
-74
2006
3233
2426
820
-164
847
1412
853
-632
-1150
-1682
-1035
753
1137
751
399
-29
-334
-767
-402
-304
-24
349
593
1254
1015
-441
-1881
-3644
-2706
-852
1424
2447
1741
-515
-2108
-1378
-388
861
1051
1119
860
873
1879
1128
-187
-1171
-1711
-1345
-749
18
448
856
576
140
242
545
-89
-1356
-2430
-2007
156
1983
2513
1869
-198
-1769
-1556
-96
788
698
265
-428
-587
117
877
1160
1041
867
507
477
532
-51
-482
-713
-711
-70
958
935
3
-1221
-2317
-1294
385
1457
1325
197
-1006
-404
842
798
382
-372
-974
-1172
-495
603
439
771
77
-522
-958
-1036
-469
-244
813
1244
1751
2682
1595
-433
-2650
-3987
-2672
-142
1979
2619
2105
181
-1013
-794
-543
-281
-356
-259
-264
836
1773
1457
905
-719
-1375
-1384
-640
175
303
443
347
638
927
1215
346
-829
-1260
-433
1613
2688
2246
568
-1692
-2465
-1358
54
495
422
338
11
42
298
-125
-507
-1071
-870
-138
519
356
71
-850
-1271
-1046
279
1154
351
-921
-2386
-1983
-465
1114
1870
1614
798
126
776
1462
494
-825
-1792
-1800
-858
666
1459
1302
1021
253
-236
-907
-1208
-1172
-990
2
905
2643
2604
1393
-351
-2431
-3014
-1710
392
1581
2130
1312
513
647
637
445
-533
-732
-110
789
2328
2454
1376
-231
-1813
-1860
-1573
-568
35
175
416
588
1231
1367
282
-1462
-2317
-2235
853
-632
-1150
-1682
-1035
753
1137
751
399
-29
-334
-767
-402
-304
-24
349
593
1254
1015
-441
-1881
-3644
-2706
-852
1424
2447
1741
-515
-2108
-1378
-388
861
1051
1119
860
873
1879
1128
-187
-1171
-1711
-1345
-749
18
448
856
576
140
242
545
-89
-1356
-2430
-2007
156
1983
2513
1869
-198
-1769
-1556
-96
788
698
265
-428
-587
117
877
1160
1041
867
507
477
532
-51
-482
-713
-711
-70
958
935
3
-1221
-2317
-1294
385
1457
1325
197
-1006
-404
842
798
382
-372
-974
-1172
-495
603
439
771
77
-522
-958
-1036
-469
-244
813
1244
1751
2682
1595
-433
-2650
-3987
-2672
-142
1979
2619
2105
181
-1013
-794
-543
-281
-356
-259
-264
836
1773
1457
905
-719
-1375
-1384
-640
175
303
443
347
638
927
1215
346
-829
-1260
-433
1613
2688
2246
568
-1692
-2465
-1358
54
495
422
338
11
42
298
-125
-507
-1071
-870
-138
519
356
71
-850
-1271
-1046
279
1154
351
-921
-2386
-1983
-465
1114
1870
1614
798
126
776
1462
494
-825
-1792
-1800
-858
666
1459
1302
1021
253
-236
-907
-1208
-1172
-990
2
905
2643
2604
1393
-351
-2431
-3014
-1710
392
1581
2130
1312
513
647
637
445
-533
-732
-110
789
2328
2454
1376
-231
-1813
-1860
-1573
-568
35
175
416
588
1231
1367
282
-1462
-2317
-2235
-396
1643
2440
2312
644
-716
-1182
-710
-542
-769
-635
-467
375
1153
1933
1845
1023
475
26
245
259
-152
-962
-1204
-903
231
1533
1622
734
4
-922
-750
251
780
894
486
-180
197
1168
911
407
-554
-900
-723
0
1034
1172
1032
380
111
-62
-319
-188
-536
182
925
1815
2754
2048
377
-1585
-2767
-2307
-623
1029
1769
1698
850
-158
-232
-583
-1164
-1448
-1311
-886
486
1677
1948
1450
78
-736
-929
-1032
-872
-1125
-1098
-568
488
1642
1962
1052
61
-396
-448
525
1319
1062
409
-851
-1310
-628
27
-36
-495
-663
-588
25
958
1190
876
272
-324
-237
-647
-666
-660
-794
-727
-215
1061
1470
388
-630
-1356
-1366
-608
555
1131
1008
925
761
998
1020
-142
-1394
-2294
-2319
-1286
415
1472
1465
1057
563
-48
-724
-1272
-1581
-1140
-693
141
1129
1281
693
-467
-1153
-1145
-544
577
607
227
-384
-590
-31
161
-98
-519
-543
-281
262
1350
1595
996
-70
-1092
-1312
-1155
-888
-852
-869
-473
-43
658
1261
756
-166
-687
-734
-134
472
712
1062
424
121
322
788
251
-803
-1523
-1683
-915
376
1598
2063
1916
1531
919
213
-553
-1331
-1704
-1550
-976
278
1345
1281
356
-407
-847
-905
-160
232
552
609
242
472
698
105
-631
-1016
-869
-534
494
1447
1555
1052
475
316
-178
-861
-1051
-2235
-396
1643
2440
2312
644
-716
-1182
-710
-542
-769
-635
-467
375
1153
1933
1845
1023
475
26
245
259
-152
-962
-1204
-903
231
1533
1622
734
4
-922
-750
251
780
894
486
-180
197
1168
911
407
-554
-900
-723
0
1034
1172
1032
380
111
-62
-319
-188
-536
182
925
1815
2754
2048
377
-1585
-2767
-2307
-623
1029
1769
1698
850
-158
-232
-583
-1164
-1448
-1311
-886
486
1677
1948
1450
78
-736
-929
-1032
-872
-1125
-1098
-568
488
1642
1962
1052
61
-396
-448
525
1319
1062
409
-851
-1310
-628
27
-36
-495
-663
-588
25
958
1190
876
272
-324
-237
-647
-666
-660
-794
-727
-215
1061
1470
388
-630
-1356
-1366
-608
555
1131
1008
925
761
998
1020
-142
-1394
-2294
-2319
-1286
415
1472
1465
1057
563
-48
-724
-1272
-1581
-1140
-693
141
1129
1281
693
-467
-1153
-1145
-544
577
607
227
-384
-590
-31
161
-98
-519
-543
-281
262
1350
1595
996
-70
-1092
-1312
-1155
-888
-852
-869
-473
-43
658
1261
756
-166
-687
-734
-134
472
712
1062
424
121
322
788
251
-803
-1523
-1683
-915
376
1598
2063
1916
1531
919
213
-553
-1331
-1704
-1550
-976
278
1345
1281
356
-407
-847
-905
-160
232
552
609
242
472
698
105
-631
-1016
-869
-534
494
1447
1555
1052
475
316
-178
-861
-1051
-1020
-159
452
1204
1950
1491
244
-1191
-1972
-1544
-286
521
861
680
222
-234
-80
-310
-771
-647
-481
-268
433
782
1306
1526
1199
877
370
-198
-731
-1206
-1277
-807
-1
967
1569
1093
655
597
600
827
825
387
72
-448
-587
410
806
213
-639
-985
-902
-333
502
1031
1381
1511
1002
367
-595
-1184
-1100
-1200
-606
-102
1039
1385
453
-389
-675
-365
-85
349
375
526
787
871
1228
1338
172
-943
-1480
-1694
-899
591
1710
1991
1533
1075
575
-117
-488
-603
-476
-87
81
401
537
386
76
-161
-177
33
547
221
35
-228
-446
-105
353
219
63
449
563
834
1511
1671
1308
379
-312
-374
-177
-37
-215
-672
-878
-911
-404
467
568
120
-267
-456
-350
-172
-116
-73
23
-252
-171
410
279
-558
-860
-922
-488
416
997
1448
1479
1572
1498
1151
452
-395
-1216
-1347
-863
265
1814
1984
1111
266
-185
-459
-56
386
461
761
491
351
253
-49
-540
-868
-585
-603
135
579
641
500
186
297
58
-361
-658
-751
-285
351
714
1296
874
-199
-1118
-1404
-1073
81
921
883
489
-114
-532
-434
-273
-400
-48
304
174
418
488
638
611
712
610
386
74
-331
-661
-1179
-1002
-764
58
663
721
736
961
870
734
757
318
-92
-563
-892
-121
528
397
-299
-619
-856
-1051
-1020
-159
452
1204
1950
1491
244
-1191
-1972
-1544
-286
521
861
680
222
-234
-80
-310
-771
-647
-481
-268
433
782
1306
1526
1199
877
370
-198
-731
-1206
-1277
-807
-1
967
1569
1093
655
597
600
827
825
387
72
-448
-587
410
806
213
-639
-985
-902
-333
502
1031
1381
1511
1002
367
-595
-1184
-1100
-1200
-606
-102
1039
1385
453
-389
-675
-365
-85
349
375
526
787
871
1228
1338
172
-943
-1480
-1694
-899
591
1710
1991
1533
1075
575
-117
-488
-603
-476
-87
81
401
537
386
76
-161
-177
33
547
221
35
-228
-446
-105
353
219
63
449
563
834
1511
1671
1308
379
-312
-374
-177
-37
-215
-672
-878
-911
-404
467
568
120
-267
-456
-350
-172
-116
-73
23
-252
-171
410
279
-558
-860
-922
-488
416
997
1448
1479
1572
1498
1151
452
-395
-1216
-1347
-863
265
1814
1984
1111
266
-185
-459
-56
386
461
761
491
351
253
-49
-540
-868
-585
-603
135
579
641
500
186
297
58
-361
-658
-751
-285
351
714
1296
874
-199
-1118
-1404
-1073
81
921
883
489
-114
-532
-434
-273
-400
-48
304
174
418
488
638
611
712
610
386
74
-331
-661
-1179
-1002
-764
58
663
721
736
961
870
734
757
318
-92
-563
-892
-121
528
397
-299
-619
-856
-759
-76
435
874
1146
1300
936
0
-500
-586
-644
-368
127
1102
1229
554
-529
-1015
-928
-989
-333
81
577
1174
1105
775
159
-864
-1823
-1904
-1933
-1045
404
1130
1129
560
160
113
-142
-186
-364
-215
124
211
332
249
315
164
478
669
864
942
611
-98
-337
-407
-270
-130
-156
-302
201
263
51
292
243
-442
-1098
-1446
-1053
-474
-50
-143
-780
-1218
-1196
-654
182
480
489
443
571
113
-234
-100
159
593
465
634
731
255
-543
-1154
-1252
-1203
-575
293
759
1265
1482
1443
900
121
-756
-1611
-1761
-1477
-364
720
782
73
-596
-794
-975
-691
-28
355
631
610
331
-340
-1076
-1467
-1068
-273
84
872
1212
776
-187
-702
-682
-586
-934
-1013
-701
-16
558
633
861
351
-736
-1461
-1327
-632
242
485
-82
-386
-709
-762
-333
-68
34
2
167
-320
-652
-582
-344
98
519
957
1337
921
317
-455
-1108
-1006
-802
-88
353
336
564
1076
1060
681
239
-378
-574
-430
-387
315
564
8
-748
-708
-676
-137
637
1154
1496
1362
1068
374
-1006
-1646
-1563
-953
-146
631
1363
1174
23
-1352
-1704
-1476
-1250
-693
-217
380
1185
1244
1036
336
-689
-1785
-1633
-1054
-391
888
1344
1168
456
-90
-150
-124
-148
287
746
997
724
42
-254
-459
-464
-110
446
934
1038
543
-856
-759
-76
435
874
1146
1300
936
0
-500
-586
-644
-368
127
1102
1229
554
-529
-1015
-928
-989
-333
81
577
1174
1105
775
159
-864
-1823
-1904
-1933
-1045
404
1130
1129
560
160
113
-142
-186
-364
-215
124
211
332
249
315
164
478
669
864
942
611
-98
-337
-407
-270
-130
-156
-302
201
263
51
292
243
-442
-1098
-1446
-1053
-474
-50
-143
-780
-1218
-1196
-654
182
480
489
443
571
113
-234
-100
159
593
465
634
731
255
-543
-1154
-1252
-1203
-575
293
759
1265
1482
1443
900
121
-756
-1611
-1761
-1477
-364
720
782
73
-596
-794
-975
-691
-28
355
631
610
331
-340
-1076
-1467
-1068
-273
84
872
1212
776
-187
-702
-682
-586
-934
-1013
-701
-16
558
633
861
351
-736
-1461
-1327
-632
242
485
-82
-386
-709
-762
-333
-68
34
2
167
-320
-652
-582
-344
98
519
957
1337
921
317
-455
-1108
-1006
-802
-88
353
336
564
1076
1060
681
239
-378
-574
-430
-387
315
564
8
-748
-708
-676
-137
637
1154
1496
1362
1068
374
-1006
-1646
-1563
-953
-146
631
1363
1174
23
-1352
-1704
-1476
-1250
-693
-217
380
1185
1244
1036
336
-689
-1785
-1633
-1054
-391
888
1344
1168
456
-90
-150
-124
-148
287
746
997
724
42
-254
-459
-464
-110
446
934
1038
543
-245
-673
-907
-845
-838
-810
-664
26
631
438
505
430
38
-258
-245
197
517
180
-420
-787
-839
-865
-521
262
746
868
545
241
-550
-1192
-1205
-938
12
459
1079
1170
527
-512
-1455
-1531
-1480
-827
251
925
1412
1466
1345
752
-72
-1042
-1326
-892
-128
804
1577
1064
-61
-802
-1011
-743
-86
731
1463
1934
1448
656
-382
-1005
-1219
-899
-61
435
1041
1303
930
342
-227
-279
-431
-764
-879
-372
405
767
798
784
214
-731
-1031
-708
-74
380
482
-157
-672
-704
-706
-294
69
484
698
659
213
-549
-563
-347
317
1115
1539
1891
1305
262
-617
-1160
-1128
-821
-244
374
694
1055
1272
1035
345
-26
-542
-604
-87
262
991
968
137
-854
-1118
-1194
-1084
-267
810
1502
1492
1201
488
-926
-1919
-1991
-1054
-34
890
1584
1451
628
-499
-1049
-898
-783
-70
502
1083
1675
1344
848
208
-460
-929
-681
-292
176
881
1002
506
-181
-507
-408
-319
-229
318
709
946
418
-533
-912
-972
-560
157
1273
1789
1682
1245
212
-490
-959
-756
-256
123
606
1210
1592
928
437
53
-314
-248
-26
843
1280
721
-26
-674
-811
-882
-599
10
729
1040
1035
1121
433
-336
-627
-635
80
611
1328
1706
1367
579
-291
-564
-881
-526
99
932
1454
1413
1389
959
16
-757
-850
-289
377
543
-245
-673
-907
-845
-838
-810
-664
26
631
438
505
430
38
-258
-245
197
517
180
-420
-787
-839
-865
-521
262
746
868
545
241
-550
-1192
-1205
-938
12
459
1079
1170
527
-512
-1455
-1531
-1480
-827
251
925
1412
1466
1345
752
-72
-1042
-1326
-892
-128
804
1577
1064
-61
-802
-1011
-743
-86
731
1463
1934
1448
656
-382
-1005
-1219
-899
-61
435
1041
1303
930
342
-227
-279
-431
-764
-879
-372
405
767
798
784
214
-731
-1031
-708
-74
380
482
-157
-672
-704
-706
-294
69
484
698
659
213
-549
-563
-347
317
1115
1539
1891
1305
262
-617
-1160
-1128
-821
-244
374
694
1055
1272
1035
345
-26
-542
-604
-87
262
991
968
137
-854
-1118
-1194
-1084
-267
810
1502
1492
1201
488
-926
-1919
-1991
-1054
-34
890
1584
1451
628
-499
-1049
-898
-783
-70
502
1083
1675
1344
848
208
-460
-929
-681
-292
176
881
1002
506
-181
-507
-408
-319
-229
318
709
946
418
-533
-912
-972
-560
157
1273
1789
1682
1245
212
-490
-959
-756
-256
123
606
1210
1592
928
437
53
-314
-248
-26
843
1280
721
-26
-674
-811
-882
-599
10
729
1040
1035
1121
433
-336
-627
-635
80
611
1328
1706
1367
579
-291
-564
-881
-526
99
932
1454
1413
1389
959
16
-757
-850
-289
377
1157
1202
490
-512
-1108
-664
-221
269
834
1120
1109
811
156
-584
-1013
-1167
-367
533
1317
1712
1709
1173
175
-468
-599
-296
-482
-300
307
842
939
422
94
-482
-986
-896
-139
782
1140
1077
36
-754
-864
-937
-674
-17
512
923
1209
1007
-134
-588
-596
-206
437
1077
1867
1721
835
-43
-650
-714
-795
-677
-202
160
637
928
857
377
-157
-651
-580
-409
-193
246
430
-112
-736
-529
-112
-9
271
868
1109
982
1066
816
-279
-1058
-1213
-757
48
939
1181
1052
553
-801
-1164
-990
-697
-179
180
305
481
136
-527
-776
-972
-946
-594
460
632
776
616
-154
-431
-596
-346
44
-74
129
273
730
387
-355
-918
-1208
-1029
-360
906
1890
1978
1502
294
-575
-911
-1084
-725
-305
376
947
1519
1025
150
-399
-551
-370
-102
699
1102
527
-239
-887
-719
-567
-430
-319
67
91
-202
-8
-247
-579
-584
-929
-636
-475
68
448
526
356
-22
-1
-365
-524
-341
227
737
737
679
563
-103
-761
-975
-740
-395
55
295
6
-354
-825
-718
-293
-228
75
482
512
570
-89
-838
-1139
-1343
-827
104
936
1226
1292
1012
471
-60
-365
-223
-530
-646
-250
328
579
270
52
-441
-1065
-1457
-790
329
740
457
8
-406
-703
-1063
-1325
-1206
-590
32
731
960
147
-227
-748
377
1157
1202
490
-512
-1108
-664
-221
269
834
1120
1109
811
156
-584
-1013
-1167
-367
533
1317
1712
1709
1173
175
-468
-599
-296
-482
-300
307
842
939
422
94
-482
-986
-896
-139
782
1140
1077
36
-754
-864
-937
-674
-17
512
923
1209
1007
-134
-588
-596
-206
437
1077
1867
1721
835
-43
-650
-714
-795
-677
-202
160
637
928
857
377
-157
-651
-580
-409
-193
246
430
-112
-736
-529
-112
-9
271
868
1109
982
1066
816
-279
-1058
-1213
-757
48
939
1181
1052
553
-801
-1164
-990
-697
-179
180
305
481
136
-527
-776
-972
-946
-594
460
632
776
616
-154
-431
-596
-346
44
-74
129
273
730
387
-355
-918
-1208
-1029
-360
906
1890
1978
1502
294
-575
-911
-1084
-725
-305
376
947
1519
1025
150
-399
-551
-370
-102
699
1102
527
-239
-887
-719
-567
-430
-319
67
91
-202
-8
-247
-579
-584
-929
-636
-475
68
448
526
356
-22
-1
-365
-524
-341
227
737
737
679
563
-103
-761
-975
-740
-395
55
295
6
-354
-825
-718
-293
-228
75
482
512
570
-89
-838
-1139
-1343
-827
104
936
1226
1292
1012
471
-60
-365
-223
-530
-646
-250
328
579
270
52
-441
-1065
-1457
-790
329
740
457
8
-406
-703
-1063
-1325
-1206
-590
32
731
960
147
-227
-748
-718
-358
219
1157
1321
979
325
-69
-305
-664
-312
-76
167
264
553
794
569
-87
-535
-783
-680
-539
-217
-103
-199
-363
-48
163
-238
-615
-403
-119
216
810
908
257
-840
-1348
-1426
-806
19
676
1477
1247
135
-761
-624
-380
-28
337
694
926
800
236
-551
-893
-988
-487
736
1344
1271
1020
646
238
-87
104
338
95
84
-168
531
664
-34
-335
-791
-943
-799
295
1332
1980
1725
872
-70
-673
-1080
-1175
-791
53
1052
1786
1519
298
-593
-955
-674
-234
726
1528
1309
511
-323
-675
-657
-631
-570
-64
308
308
722
686
368
107
-421
-490
-143
248
594
1050
999
682
158
-468
-893
-725
276
1068
1401
1461
1325
229
-958
-1486
-1155
-201
586
1251
1278
769
-17
-302
158
253
366
448
469
922
438
-258
-906
-1197
-906
-62
984
1248
1499
1118
474
9
-489
-354
-217
-344
63
711
933
600
59
-427
-874
-1201
-598
618
1282
1353
674
184
-133
-429
-769
-822
-351
-45
810
1176
637
-26
-510
-587
-402
102
987
1641
1468
650
-268
-712
-950
-914
-608
-77
381
771
1145
757
-34
-916
-1268
-965
-603
-215
146
-8
-290
-35
320
199
-203
-322
-327
-4
473
596
520
-288
-984
-1172
-560
120
730
1041
843
249
-665
-864
-539
-310
238
753
1093
970
-748
-718
-358
219
1157
1321
979
325
-69
-305
-664
-312
-76
167
264
553
794
569
-87
-535
-783
-680
-539
-217
-103
-199
-363
-48
163
-238
-615
-403
-119
216
810
908
257
-840
-1348
-1426
-806
19
676
1477
1247
135
-761
-624
-380
-28
337
694
926
800
236
-551
-893
-988
-487
736
1344
1271
1020
646
238
-87
104
338
95
84
-168
531
664
-34
-335
-791
-943
-799
295
1332
1980
1725
872
-70
-673
-1080
-1175
-791
53
1052
1786
1519
298
-593
-955
-674
-234
726
1528
1309
511
-323
-675
-657
-631
-570
-64
308
308
722
686
368
107
-421
-490
-143
248
594
1050
999
682
158
-468
-893
-725
276
1068
1401
1461
1325
229
-958
-1486
-1155
-201
586
1251
1278
769
-17
-302
158
253
366
448
469
922
438
-258
-906
-1197
-906
-62
984
1248
1499
1118
474
9
-489
-354
-217
-344
63
711
933
600
59
-427
-874
-1201
-598
618
1282
1353
674
184
-133
-429
-769
-822
-351
-45
810
1176
637
-26
-510
-587
-402
102
987
1641
1468
650
-268
-712
-950
-914
-608
-77
381
771
1145
757
-34
-916
-1268
-965
-603
-215
146
-8
-290
-35
320
199
-203
-322
-327
-4
473
596
520
-288
-984
-1172
-560
120
730
1041
843
249
-665
-864
-539
-310
238
753
1093
970
33
-692
-1197
-1095
-597
390
872
774
543
85
-234
-440
-83
176
-27
-90
-307
-199
-369
-684
-726
-857
-945
-907
-212
835
1227
1211
458
-159
-669
-1307
-1498
-1114
-320
451
1288
1209
419
-550
-1169
-1170
-665
263
1104
887
98
-607
-770
-676
-592
-384
-31
43
-213
-201
-11
-78
-214
-389
-504
-285
-41
134
313
289
9
-128
-487
-772
-648
-354
36
363
699
860
128
-740
-1181
-1067
-538
-76
333
187
-118
-570
-621
69
126
166
225
89
210
-370
-737
-913
-1017
-776
-92
638
809
775
481
-290
-726
-833
-492
-162
-238
5
429
706
405
33
-328
-869
-1124
-625
444
1131
956
538
47
-171
-280
-744
-693
-306
-63
283
632
307
-218
-504
-530
-314
150
913
1379
1102
402
-337
-653
-909
-889
-531
-181
417
623
818
618
-56
-603
-946
-508
54
269
168
-314
-514
-386
343
622
255
283
23
-207
-127
165
614
115
-370
-681
-164
275
655
910
910
457
-409
-482
-243
-37
443
966
1569
1576
910
-81
-798
-991
-469
499
1387
1328
900
394
-12
-70
146
658
658
519
297
373
360
13
-22
-418
-688
-844
-213
690
1364
1571
1063
266
-298
-873
-1152
-1049
-595
286
1361
1686
803
-204
-972
-1274
-858
38
1074
1236
475
-352
-567
-286
-22
146
338
970
33
-692
-1197
-1095
-597
390
872
774
543
85
-234
-440
-83
176
-27
-90
-307
-199
-369
-684
-726
-857
-945
-907
-212
835
1227
1211
458
-159
-669
-1307
-1498
-1114
-320
451
1288
1209
419
-550
-1169
-1170
-665
263
1104
887
98
-607
-770
-676
-592
-384
-31
43
-213
-201
-11
-78
-214
-389
-504
-285
-41
134
313
289
9
-128
-487
-772
-648
-354
36
363
699
860
128
-740
-1181
-1067
-538
-76
333
187
-118
-570
-621
69
126
166
225
89
210
-370
-737
-913
-1017
-776
-92
638
809
775
481
-290
-726
-833
-492
-162
-238
5
429
706
405
33
-328
-869
-1124
-625
444
1131
956
538
47
-171
-280
-744
-693
-306
-63
283
632
307
-218
-504
-530
-314
150
913
1379
1102
402
-337
-653
-909
-889
-531
-181
417
623
818
618
-56
-603
-946
-508
54
269
168
-314
-514
-386
343
622
255
283
23
-207
-127
165
614
115
-370
-681
-164
275
655
910
910
457
-409
-482
-243
-37
443
966
1569
1576
910
-81
-798
-991
-469
499
1387
1328
900
394
-12
-70
146
658
658
519
297
373
360
13
-22
-418
-688
-844
-213
690
1364
1571
1063
266
-298
-873
-1152
-1049
-595
286
1361
1686
803
-204
-972
-1274
-858
38
1074
1236
475
-352
-567
-286
-22
146
338
399
120
-186
208
239
175
8
-139
176
200
460
460
237
-60
-166
-142
-402
-395
-213
273
738
857
870
548
-250
-973
-877
15
581
774
456
80
-444
-548
-60
295
446
604
234
410
58
-435
-846
-1242
-1143
-307
560
969
1083
758
294
-260
-618
-443
-212
-91
223
691
1034
933
406
-290
-1037
-1269
-853
294
1026
810
396
-107
-308
-496
-700
-447
-220
38
379
715
481
-174
-588
-663
-607
-327
103
845
1016
418
-506
-918
-955
-930
-692
-316
229
225
340
137
-246
-566
-830
-401
304
453
265
-143
-525
-601
-141
382
427
710
555
246
75
68
360
162
-321
-819
-419
105
506
805
673
198
-850
-1101
-591
-343
178
798
1251
1250
483
-561
-1137
-1381
-862
176
986
1034
575
141
-488
-799
-551
52
514
315
-103
-202
-143
-346
-553
-685
-793
-963
-789
77
726
939
590
-166
-693
-946
-1000
-619
-209
302
745
879
446
-275
-678
-891
-631
-23
786
1005
327
-554
-954
-488
-229
-65
71
-37
-296
-578
-153
-118
-292
-453
-645
-401
37
300
390
55
-364
-803
-894
-730
-459
-107
192
322
394
192
-108
-715
-1017
-861
8
595
653
335
-193
-574
-826
-198
174
391
542
90
91
60
-225
-383
-788
-893
-528
183
822
1067
977
553
-292
-977
338
399
120
-186
208
239
175
8
-139
176
200
460
460
237
-60
-166
-142
-402
-395
-213
273
738
857
870
548
-250
-973
-877
15
581
774
456
80
-444
-548
-60
295
446
604
234
410
58
-435
-846
-1242
-1143
-307
560
969
1083
758
294
-260
-618
-443
-212
-91
223
691
1034
933
406
-290
-1037
-1269
-853
294
1026
810
396
-107
-308
-496
-700
-447
-220
38
379
715
481
-174
-588
-663
-607
-327
103
845
1016
418
-506
-918
-955
-930
-692
-316
229
225
340
137
-246
-566
-830
-401
304
453
265
-143
-525
-601
-141
382
427
710
555
246
75
68
360
162
-321
-819
-419
105
506
805
673
198
-850
-1101
-591
-343
178
798
1251
1250
483
-561
-1137
-1381
-862
176
986
1034
575
141
-488
-799
-551
52
514
315
-103
-202
-143
-346
-553
-685
-793
-963
-789
77
726
939
590
-166
-693
-946
-1000
-619
-209
302
745
879
446
-275
-678
-891
-631
-23
786
1005
327
-554
-954
-488
-229
-65
71
-37
-296
-578
-153
-118
-292
-453
-645
-401
37
300
390
55
-364
-803
-894
-730
-459
-107
192
322
394
192
-108
-715
-1017
-861
8
595
653
335
-193
-574
-826
-198
174
391
542
90
91
60
-225
-383
-788
-893
-528
183
822
1067
977
553
-292
-977
-931
-390
-69
224
342
640
652
95
-405
-854
-1101
-784
1
576
527
229
-236
-459
-294
-288
-216
-82
-258
-226
-45
111
-96
-360
-435
-584
-439
-247
455
797
190
-582
-1140
-1078
-960
-421
-32
238
90
71
-144
-569
-632
-548
-217
268
437
302
-58
-566
-787
-366
143
320
522
324
-32
-270
-172
61
-101
-553
-733
-477
-108
229
562
510
102
-740
-1097
-651
-446
-222
195
569
802
232
-560
-1128
-1302
-907
-7
862
928
535
170
-402
-682
-580
-218
218
178
-207
-345
-264
-220
-219
-248
-296
-283
-362
-14
445
511
622
7
-339
-486
-588
-299
71
522
691
772
314
-323
-601
-620
-404
-106
371
588
241
-415
-653
-493
-173
72
268
314
-43
-253
-187
-76
-63
104
34
98
187
269
251
39
-232
-511
-333
-118
49
294
483
487
308
57
-10
-460
-661
-564
-24
457
383
164
-224
-337
-453
-203
166
179
296
83
-12
78
-13
-117
-337
-473
-127
224
748
920
792
416
-120
-571
-472
-13
295
328
490
536
454
-19
-400
-613
-340
-81
467
669
379
149
-126
-148
-64
34
-79
-206
-483
-496
-144
292
320
128
112
-119
-358
-265
344
596
119
-441
-755
-589
-585
-239
109
531
577
374
149
-238
-541
-502
-199
344
563
395
222
-977
-931
-390
-69
224
342
640
652
95
-405
-854
-1101
-784
1
576
527
229
-236
-459
-294
-288
-216
-82
-258
-226
-45
111
-96
-360
-435
-584
-439
-247
455
797
190
-582
-1140
-1078
-960
-421
-32
238
90
71
-144
-569
-632
-548
-217
268
437
302
-58
-566
-787
-366
143
320
522
324
-32
-270
-172
61
-101
-553
-733
-477
-108
229
562
510
102
-740
-1097
-651
-446
-222
195
569
802
232
-560
-1128
-1302
-907
-7
862
928
535
170
-402
-682
-580
-218
218
178
-207
-345
-264
-220
-219
-248
-296
-283
-362
-14
445
511
622
7
-339
-486
-588
-299
71
522
691
772
314
-323
-601
-620
-404
-106
371
588
241
-415
-653
-493
-173
72
268
314
-43
-253
-187
-76
-63
104
34
98
187
269
251
39
-232
-511
-333
-118
49
294
483
487
308
57
-10
-460
-661
-564
-24
457
383
164
-224
-337
-453
-203
166
179
296
83
-12
78
-13
-117
-337
-473
-127
224
748
920
792
416
-120
-571
-472
-13
295
328
490
536
454
-19
-400
-613
-340
-81
467
669
379
149
-126
-148
-64
34
-79
-206
-483
-496
-144
292
320
128
112
-119
-358
-265
344
596
119
-441
-755
-589
-585
-239
109
531
577
374
149
-238
-541
-502
-199
344
563
395
222
-161
-283
2
601
866
808
778
310
-6
-25
192
239
108
81
230
408
481
647
622
405
-128
-298
-8
335
459
663
890
837
346
-99
-351
-569
-380
139
739
798
533
442
127
116
118
418
607
337
-115
-377
-253
-123
-109
-43
-63
12
-26
212
437
339
144
-167
-404
-400
-627
-536
-364
-29
365
500
487
134
-8
-30
4
297
544
612
332
-135
-140
229
398
306
334
271
249
-34
27
265
309
321
186
67
240
338
150
-213
-428
-568
-393
10
280
440
476
477
427
162
-14
-407
-806
-651
-199
45
-49
4
-240
-244
-47
251
589
545
457
172
5
17
-107
-106
-173
-313
-180
85
575
866
684
260
-140
-286
-409
54
317
213
-111
147
234
-155
-467
-274
-131
103
288
462
322
20
-34
-99
132
112
140
23
-276
-527
-527
-153
112
351
400
160
-83
-51
370
278
-270
-683
-796
-662
-513
-360
-14
260
306
23
31
-78
-111
-99
-109
-38
118
2
-423
-621
-570
-195
442
808
399
120
-442
-569
-534
-212
137
-78
-254
-288
-264
-174
-333
-254
-310
-636
-672
-335
-72
172
173
204
228
-15
-506
-841
-857
-595
-169
174
308
18
-308
-375
-254
17
239
422
219
-101
-479
-651
-546
-353
-25
82
88
55
222
-161
-283
2
601
866
808
778
310
-6
-25
192
239
108
81
230
408
481
647
622
405
-128
-298
-8
335
459
663
890
837
346
-99
-351
-569
-380
139
739
798
533
442
127
116
118
418
607
337
-115
-377
-253
-123
-109
-43
-63
12
-26
212
437
339
144
-167
-404
-400
-627
-536
-364
-29
365
500
487
134
-8
-30
4
297
544
612
332
-135
-140
229
398
306
334
271
249
-34
27
265
309
321
186
67
240
338
150
-213
-428
-568
-393
10
280
440
476
477
427
162
-14
-407
-806
-651
-199
45
-49
4
-240
-244
-47
251
589
545
457
172
5
17
-107
-106
-173
-313
-180
85
575
866
684
260
-140
-286
-409
54
317
213
-111
147
234
-155
-467
-274
-131
103
288
462
322
20
-34
-99
132
112
140
23
-276
-527
-527
-153
112
351
400
160
-83
-51
370
278
-270
-683
-796
-662
-513
-360
-14
260
306
23
31
-78
-111
-99
-109
-38
118
2
-423
-621
-570
-195
442
808
399
120
-442
-569
-534
-212
137
-78
-254
-288
-264
-174
-333
-254
-310
-636
-672
-335
-72
172
173
204
228
-15
-506
-841
-857
-595
-169
174
308
18
-308
-375
-254
17
239
422
219
-101
-479
-651
-546
-353
-25
82
88
55
170
494
423
158
-156
-457
-215
-95
-132
-160
16
120
299
354
207
-94
-179
-114
-96
-211
-29
-196
-482
-592
-219
182
71
-66
-205
-540
-682
-592
-193
24
58
-57
-30
-146
-237
-470
-748
-952
-854
-339
-49
114
156
193
18
-284
-370
-224
-210
-279
-319
-107
-123
-330
-450
-422
-199
-20
293
436
440
223
-205
-468
-567
-324
-237
-322
-396
-486
-193
106
186
45
-265
-520
-770
-606
-176
184
193
-163
-461
-529
-588
-640
-302
-164
-13
-161
-351
-271
-272
-186
-140
17
173
49
-250
-532
-605
-460
-150
186
345
481
176
-153
-313
-34
198
74
-343
-574
-470
-359
-152
292
288
163
89
-98
-135
211
258
19
119
137
-380
-730
-1015
-668
143
606
921
580
84
-280
-500
-368
-65
226
323
407
191
25
45
-63
142
9
-41
-66
124
297
300
521
644
396
98
-327
-279
-115
-60
161
275
257
120
-125
-89
93
185
209
343
352
87
-256
-469
-345
-339
-77
203
190
131
254
206
125
-193
-604
-536
-433
-376
-394
-329
-38
-7
246
288
224
137
144
90
-163
-306
-181
-111
-265
-168
72
252
106
-218
-497
-615
-555
-433
97
319
461
417
215
63
-111
-222
-320
-588
-530
-39
213
367
439
518
526
31
-391
-202
243
55
170
494
423
158
-156
-457
-215
-95
-132
-160
16
120
299
354
207
-94
-179
-114
-96
-211
-29
-196
-482
-592
-219
182
71
-66
-205
-540
-682
-592
-193
24
58
-57
-30
-146
-237
-470
-748
-952
-854
-339
-49
114
156
193
18
-284
-370
-224
-210
-279
-319
-107
-123
-330
-450
-422
-199
-20
293
436
440
223
-205
-468
-567
-324
-237
-322
-396
-486
-193
106
186
45
-265
-520
-770
-606
-176
184
193
-163
-461
-529
-588
-640
-302
-164
-13
-161
-351
-271
-272
-186
-140
17
173
49
-250
-532
-605
-460
-150
186
345
481
176
-153
-313
-34
198
74
-343
-574
-470
-359
-152
292
288
163
89
-98
-135
211
258
19
119
137
-380
-730
-1015
-668
143
606
921
580
84
-280
-500
-368
-65
226
323
407
191
25
45
-63
142
9
-41
-66
124
297
300
521
644
396
98
-327
-279
-115
-60
161
275
257
120
-125
-89
93
185
209
343
352
87
-256
-469
-345
-339
-77
203
190
131
254
206
125
-193
-604
-536
-433
-376
-394
-329
-38
-7
246
288
224
137
144
90
-163
-306
-181
-111
-265
-168
72
252
106
-218
-497
-615
-555
-433
97
319
461
417
215
63
-111
-222
-320
-588
-530
-39
213
367
439
518
526
31
-391
-202
243
332
218
72
101
-260
-481
-500
-171
156
433
602
442
308
-63
-455
-335
-259
-105
-99
-69
-140
-12
97
238
16
-324
-493
-448
-495
-393
169
556
465
60
-309
-409
-402
-275
-86
-57
-118
-85
-203
-303
-219
-256
144
76
-275
-611
-767
-671
-431
-77
37
193
386
126
-161
-254
-93
-40
44
-231
-299
-93
-184
-231
112
221
99
-70
-8
223
394
488
390
119
-125
-578
-579
-469
-148
342
580
654
300
-168
-464
-558
-463
-192
269
406
347
211
-52
-124
-420
-589
-489
-423
-232
-19
56
211
263
77
-290
-415
-582
-502
-401
-301
-16
211
113
-20
-186
-105
80
232
19
-78
-66
-166
-263
-296
-89
-46
52
109
66
-86
12
137
133
-16
-361
-553
-350
-71
-241
-199
-234
-152
-58
19
58
52
125
-44
-219
-314
-228
-206
-86
82
389
432
180
-243
-535
-538
-452
-171
123
349
486
399
61
-107
-291
-552
-666
-733
-495
-18
437
348
12
-35
-144
-335
-474
-188
79
147
141
28
-136
-429
-714
-664
-301
46
362
289
120
-99
-338
-483
-377
-288
-179
-82
-112
40
146
80
-20
-4
-249
-411
-518
-371
-72
152
9
-163
-269
-129
-301
-416
-251
-16
-128
-324
-347
-237
-3
184
217
438
332
-96
-428
-510
-260
30
243
332
218
72
101
-260
-481
-500
-171
156
433
602
442
308
-63
-455
-335
-259
-105
-99
-69
-140
-12
97
238
16
-324
-493
-448
-495
-393
169
556
465
60
-309
-409
-402
-275
-86
-57
-118
-85
-203
-303
-219
-256
144
76
-275
-611
-767
-671
-431
-77
37
193
386
126
-161
-254
-93
-40
44
-231
-299
-93
-184
-231
112
221
99
-70
-8
223
394
488
390
119
-125
-578
-579
-469
-148
342
580
654
300
-168
-464
-558
-463
-192
269
406
347
211
-52
-124
-420
-589
-489
-423
-232
-19
56
211
263
77
-290
-415
-582
-502
-401
-301
-16
211
113
-20
-186
-105
80
232
19
-78
-66
-166
-263
-296
-89
-46
52
109
66
-86
12
137
133
-16
-361
-553
-350
-71
-241
-199
-234
-152
-58
19
58
52
125
-44
-219
-314
-228
-206
-86
82
389
432
180
-243
-535
-538
-452
-171
123
349
486
399
61
-107
-291
-552
-666
-733
-495
-18
437
348
12
-35
-144
-335
-474
-188
79
147
141
28
-136
-429
-714
-664
-301
46
362
289
120
-99
-338
-483
-377
-288
-179
-82
-112
40
146
80
-20
-4
-249
-411
-518
-371
-72
152
9
-163
-269
-129
-301
-416
-251
-16
-128
-324
-347
-237
-3
184
217
438
332
-96
-428
-510
-260
30
399
626
632
528
243
-82
-324
-301
2
-226
-366
-204
85
48
-288
-312
-238
-274
-325
-167
27
170
296
44
-369
-582
-793
-782
-596
-62
516
804
641
401
-127
-502
-532
-203
12
286
580
587
384
102
-209
-232
-519
-565
-460
-441
-62
206
251
187
109
-232
-460
-490
-375
-98
87
225
170
-61
-163
-148
-78
234
216
10
-34
-158
-161
-315
-165
21
16
-11
1
-114
-155
-220
-17
29
-80
-186
-281
-171
-93
-366
-565
-531
-194
41
206
125
71
7
-240
-482
-736
-623
-312
9
345
600
591
207
-336
-664
-586
-323
-41
308
553
776
485
76
-268
-462
-610
-667
-598
-377
108
415
581
331
-90
-355
-370
-375
-28
259
408
363
41
-244
-488
-558
-390
-183
102
393
460
192
-218
-403
-326
-254
-49
145
67
12
11
192
318
383
82
-79
-231
-184
-172
-128
59
225
191
70
6
31
-138
-75
-35
-76
-99
-12
-56
100
218
330
374
276
-126
-380
-544
-345
38
232
540
645
442
93
-87
-149
-255
-101
31
-128
-95
91
147
-169
-350
-363
-343
-204
79
281
251
327
136
-166
-262
-487
-673
-559
-48
409
630
440
120
-343
-559
-517
-475
-200
-7
282
236
45
112
-90
-365
-671
-893
-770
-471
-58
26
-107
30
399
626
632
528
243
-82
-324
-301
2
-226
-366
-204
85
48
-288
-312
-238
-274
-325
-167
27
170
296
44
-369
-582
-793
-782
-596
-62
516
804
641
401
-127
-502
-532
-203
12
286
580
587
384
102
-209
-232
-519
-565
-460
-441
-62
206
251
187
109
-232
-460
-490
-375
-98
87
225
170
-61
-163
-148
-78
234
216
10
-34
-158
-161
-315
-165
21
16
-11
1
-114
-155
-220
-17
29
-80
-186
-281
-171
-93
-366
-565
-531
-194
41
206
125
71
7
-240
-482
-736
-623
-312
9
345
600
591
207
-336
-664
-586
-323
-41
308
553
776
485
76
-268
-462
-610
-667
-598
-377
108
415
581
331
-90
-355
-370
-375
-28
259
408
363
41
-244
-488
-558
-390
-183
102
393
460
192
-218
-403
-326
-254
-49
145
67
12
11
192
318
383
82
-79
-231
-184
-172
-128
59
225
191
70
6
31
-138
-75
-35
-76
-99
-12
-56
100
218
330
374
276
-126
-380
-544
-345
38
232
540
645
442
93
-87
-149
-255
-101
31
-128
-95
91
147
-169
-350
-363
-343
-204
79
281
251
327
136
-166
-262
-487
-673
-559
-48
409
630
440
120
-343
-559
-517
-475
-200
-7
282
236
45
112
-90
-365
-671
-893
-770
-471
-58
26
-107
-137
-131
-331
-594
-645
-723
-624
-356
-207
36
41
-83
-231
-134
-17
37
-127
-198
-176
-142
-235
-76
2
-94
-365
-511
-351
-290
-262
-148
-148
-345
-418
-454
-478
-417
-435
-513
-431
-383
-173
72
96
-19
-195
-305
-447
-689
-745
-575
-262
-110
47
4
-287
-593
-875
-903
-631
-234
35
148
16
-162
-440
-435
-516
-780
-982
-991
-669
-303
80
108
80
-208
-378
-502
-449
-367
-86
224
219
30
-239
-498
-606
-532
-192
151
362
391
90
-35
-224
-126
-122
-61
-74
-244
-291
-111
209
353
285
141
-154
-238
-368
-292
-212
55
168
64
-175
-125
-221
-346
-471
-163
-95
-69
-72
72
141
80
-19
28
-41
-319
-760
-839
-490
-82
100
193
190
67
-257
-452
-302
-224
-158
-239
-245
-235
-25
-42
-186
-237
-206
-259
-154
38
328
351
284
67
-77
-244
-372
-433
-326
-92
257
368
232
-46
-192
-272
-281
-264
-165
-4
207
232
101
-39
-27
-239
-575
-644
-601
-295
-23
333
336
219
-82
-380
-523
-522
-584
-495
-271
-65
1
-145
-230
-183
-210
-17
-3
-74
-184
-243
-254
-239
32
179
134
-270
-488
-340
-122
240
355
159
-122
-357
-438
-322
-174
-251
-247
-149
-191
61
214
165
69
-17
-115
-282
-356
-301
11
271
425
427
-107
-137
-131
-331
-594
-645
-723
-624
-356
-207
36
41
-83
-231
-134
-17
37
-127
-198
-176
-142
-235
-76
2
-94
-365
-511
-351
-290
-262
-148
-148
-345
-418
-454
-478
-417
-435
-513
-431
-383
-173
72
96
-19
-195
-305
-447
-689
-745
-575
-262
-110
47
4
-287
-593
-875
-903
-631
-234
35
148
16
-162
-440
-435
-516
-780
-982
-991
-669
-303
80
108
80
-208
-378
-502
-449
-367
-86
224
219
30
-239
-498
-606
-532
-192
151
362
391
90
-35
-224
-126
-122
-61
-74
-244
-291
-111
209
353
285
141
-154
-238
-368
-292
-212
55
168
64
-175
-125
-221
-346
-471
-163
-95
-69
-72
72
141
80
-19
28
-41
-319
-760
-839
-490
-82
100
193
190
67
-257
-452
-302
-224
-158
-239
-245
-235
-25
-42
-186
-237
-206
-259
-154
38
328
351
284
67
-77
-244
-372
-433
-326
-92
257
368
232
-46
-192
-272
-281
-264
-165
-4
207
232
101
-39
-27
-239
-575
-644
-601
-295
-23
333
336
219
-82
-380
-523
-522
-584
-495
-271
-65
1
-145
-230
-183
-210
-17
-3
-74
-184
-243
-254
-239
32
179
134
-270
-488
-340
-122
240
355
159
-122
-357
-438
-322
-174
-251
-247
-149
-191
61
214
165
69
-17
-115
-282
-356
-301
11
271
425
427
443
71
-372
-555
-476
-170
171
523
573
347
118
-68
-122
-139
-344
-416
-384
-286
-106
203
407
375
78
-248
-345
-292
-282
-151
251
148
-127
-318
-418
-414
-508
-494
-130
280
335
147
-123
-227
-198
-168
-94
-40
-61
28
-50
26
224
185
50
-144
-269
-279
-175
-56
131
262
234
-13
-251
-247
-415
-404
-272
-209
1
140
183
216
324
382
300
38
-148
-414
-411
-235
84
324
478
388
185
-56
-206
-88
-19
-34
-21
6
29
40
65
-106
-264
-132
-179
-20
305
480
405
441
188
-114
-355
-376
-230
-49
169
390
443
304
3
-253
-404
-167
114
92
53
107
90
45
-37
-43
-351
-551
-695
-591
-236
148
397
473
332
-48
-301
-461
-301
-136
-11
118
119
17
-50
-115
76
194
338
318
201
-24
29
159
282
297
234
40
-169
-357
-256
-109
130
277
205
-31
-193
-279
-18
19
-15
-135
-167
-184
-24
149
204
285
265
168
-120
-193
-345
-124
155
376
285
53
-291
-600
-761
-566
-206
153
452
524
315
172
7
-101
-18
-86
-178
-246
-146
131
304
313
182
-5
-222
-384
-403
-199
12
254
308
77
-139
-439
-561
-517
-289
-38
192
113
5
-138
-282
-114
45
113
-29
-148
-288
-182
-72
73
68
-26
427
443
71
-372
-555
-476
-170
171
523
573
347
118
-68
-122
-139
-344
-416
-384
-286
-106
203
407
375
78
-248
-345
-292
-282
-151
251
148
-127
-318
-418
-414
-508
-494
-130
280
335
147
-123
-227
-198
-168
-94
-40
-61
28
-50
26
224
185
50
-144
-269
-279
-175
-56
131
262
234
-13
-251
-247
-415
-404
-272
-209
1
140
183
216
324
382
300
38
-148
-414
-411
-235
84
324
478
388
185
-56
-206
-88
-19
-34
-21
6
29
40
65
-106
-264
-132
-179
-20
305
480
405
441
188
-114
-355
-376
-230
-49
169
390
443
304
3
-253
-404
-167
114
92
53
107
90
45
-37
-43
-351
-551
-695
-591
-236
148
397
473
332
-48
-301
-461
-301
-136
-11
118
119
17
-50
-115
76
194
338
318
201
-24
29
159
282
297
234
40
-169
-357
-256
-109
130
277
205
-31
-193
-279
-18
19
-15
-135
-167
-184
-24
149
204
285
265
168
-120
-193
-345
-124
155
376
285
53
-291
-600
-761
-566
-206
153
452
524
315
172
7
-101
-18
-86
-178
-246
-146
131
304
313
182
-5
-222
-384
-403
-199
12
254
308
77
-139
-439
-561
-517
-289
-38
192
113
5
-138
-282
-114
45
113
-29
-148
-288
-182
-72
73
68
-26
-167
-333
-366
-241
-78
127
127
72
79
50
-175
-148
-270
-345
-221
-62
85
345
323
411
267
269
105
-18
-158
-226
-141
0
157
259
266
186
120
-59
-171
-166
-201
-133
-253
-209
23
144
67
-91
-272
-266
-199
22
435
508
312
145
-103
-220
-249
-58
91
251
220
179
76
-117
-100
-69
52
165
220
220
110
185
221
261
229
-64
-332
-497
-475
-151
312
652
791
508
271
29
-36
-163
-129
12
142
254
276
161
52
148
290
298
286
212
117
-2
50
346
454
491
352
-56
-222
-191
1
311
489
413
239
81
10
-13
115
154
118
108
8
41
224
251
442
412
277
70
-62
-47
28
229
449
716
704
372
-120
-392
-429
-94
278
807
862
629
456
294
133
226
168
54
-50
-68
87
304
415
447
391
120
-2
-93
-60
140
320
465
357
140
-116
-127
-205
-209
-20
269
483
395
168
-27
-12
51
27
93
77
-75
-137
-42
126
110
152
30
-155
-280
-93
33
134
170
17
-7
-38
-71
-76
-121
-152
-129
-119
-74
18
178
285
358
296
107
-55
-182
-124
-67
80
302
380
244
132
159
171
153
21
-44
-73
-46
-138
-27
86
241
206
-22
-133
10
3
126
362
485
310
61
-26
-167
-333
-366
-241
-78
127
127
72
79
50
-175
-148
-270
-345
-221
-62
85
345
323
411
267
269
105
-18
-158
-226
-141
0
157
259
266
186
120
-59
-171
-166
-201
-133
-253
-209
23
144
67
-91
-272
-266
-199
22
435
508
312
145
-103
-220
-249
-58
91
251
220
179
76
-117
-100
-69
52
165
220
220
110
185
221
261
229
-64
-332
-497
-475
-151
312
652
791
508
271
29
-36
-163
-129
12
142
254
276
161
52
148
290
298
286
212
117
-2
50
346
454
491
352
-56
-222
-191
1
311
489
413
239
81
10
-13
115
154
118
108
8
41
224
251
442
412
277
70
-62
-47
28
229
449
716
704
372
-120
-392
-429
-94
278
807
862
629
456
294
133
226
168
54
-50
-68
87
304
415
447
391
120
-2
-93
-60
140
320
465
357
140
-116
-127
-205
-209
-20
269
483
395
168
-27
-12
51
27
93
77
-75
-137
-42
126
110
152
30
-155
-280
-93
33
134
170
17
-7
-38
-71
-76
-121
-152
-129
-119
-74
18
178
285
358
296
107
-55
-182
-124
-67
80
302
380
244
132
159
171
153
21
-44
-73
-46
-138
-27
86
241
206
-22
-133
10
3
126
362
485
310
61
71
35
56
47
-5
147
233
154
-100
-52
111
241
219
345
128
51
-32
175
269
324
112
-245
-524
-558
-302
18
294
472
349
111
-159
-339
-272
-86
72
18
-128
-191
-173
-146
1
144
227
164
59
-113
-27
-39
232
333
355
225
22
-243
-266
-83
296
488
444
249
115
166
209
132
262
184
158
42
75
129
146
380
476
384
229
116
85
191
245
317
375
494
249
-129
-300
-220
13
228
335
321
190
204
190
191
236
152
-198
-198
-306
-248
60
175
310
275
-12
-139
-206
-68
104
54
24
-2
-68
-203
-170
-258
-218
-96
-26
33
132
-18
95
246
343
304
247
126
67
11
-49
111
253
92
99
18
72
20
114
190
238
264
164
129
93
169
89
43
-12
-4
89
355
428
469
556
428
289
80
-14
-80
-32
113
383
490
264
147
108
96
210
269
204
96
37
153
208
269
210
147
76
92
110
161
455
497
377
262
186
96
145
223
372
388
186
58
7
66
67
215
389
466
588
320
283
133
224
362
437
342
-5
-228
-304
-212
-20
205
484
495
331
58
-16
-23
9
-111
-34
-42
-10
-36
-7
123
213
190
-9
-7
-181
-125
-65
177
349
502
255
-47
61
71
35
56
47
-5
147
233
154
-100
-52
111
241
219
345
128
51
-32
175
269
324
112
-245
-524
-558
-302
18
294
472
349
111
-159
-339
-272
-86
72
18
-128
-191
-173
-146
1
144
227
164
59
-113
-27
-39
232
333
355
225
22
-243
-266
-83
296
488
444
249
115
166
209
132
262
184
158
42
75
129
146
380
476
384
229
116
85
191
245
317
375
494
249
-129
-300
-220
13
228
335
321
190
204
190
191
236
152
-198
-198
-306
-248
60
175
310
275
-12
-139
-206
-68
104
54
24
-2
-68
-203
-170
-258
-218
-96
-26
33
132
-18
95
246
343
304
247
126
67
11
-49
111
253
92
99
18
72
20
114
190
238
264
164
129
93
169
89
43
-12
-4
89
355
428
469
556
428
289
80
-14
-80
-32
113
383
490
264
147
108
96
210
269
204
96
37
153
208
269
210
147
76
92
110
161
455
497
377
262
186
96
145
223
372
388
186
58
7
66
67
215
389
466
588
320
283
133
224
362
437
342
-5
-228
-304
-212
-20
205
484
495
331
58
-16
-23
9
-111
-34
-42
-10
-36
-7
123
213
190
-9
-7
-181
-125
-65
177
349
502
255
-47
-233
-213
-9
168
348
356
235
79
62
48
61
277
399
254
101
149
221
236
182
227
115
154
105
153
180
207
256
326
263
130
-25
-109
-42
6
103
207
302
164
136
159
153
218
232
45
-70
-234
-234
-52
211
195
159
95
19
-89
-86
56
51
107
130
126
149
55
40
51
62
72
97
174
201
150
208
213
187
37
-155
-23
71
183
306
265
105
-30
-135
-121
-49
13
239
315
273
217
245
190
196
81
-7
-47
-12
53
215
394
412
441
256
86
-27
-87
-51
73
213
239
278
164
147
349
385
314
365
351
222
23
-6
90
183
195
99
43
81
90
36
2
192
156
103
-15
9
-11
110
169
333
352
219
23
-129
-5
140
266
296
397
324
153
114
166
350
404
146
-10
-270
-324
-338
-158
144
299
295
107
18
-62
-81
-82
2
-104
-131
-261
-218
-236
-179
35
104
49
-169
-316
-295
-228
-173
-119
-138
-145
-352
-417
-328
-165
-77
38
8
-168
-297
-158
-102
6
0
129
128
92
-8
-53
71
313
323
217
166
16
-39
114
191
139
207
135
55
-106
-40
2
28
19
20
86
44
-57
-152
-8
138
17
-199
-230
-235
-181
-72
-115
15
41
-50
-255
-47
-233
-213
-9
168
348
356
235
79
62
48
61
277
399
254
101
149
221
236
182
227
115
154
105
153
180
207
256
326
263
130
-25
-109
-42
6
103
207
302
164
136
159
153
218
232
45
-70
-234
-234
-52
211
195
159
95
19
-89
-86
56
51
107
130
126
149
55
40
51
62
72
97
174
201
150
208
213
187
37
-155
-23
71
183
306
265
105
-30
-135
-121
-49
13
239
315
273
217
245
190
196
81
-7
-47
-12
53
215
394
412
441
256
86
-27
-87
-51
73
213
239
278
164
147
349
385
314
365
351
222
23
-6
90
183
195
99
43
81
90
36
2
192
156
103
-15
9
-11
110
169
333
352
219
23
-129
-5
140
266
296
397
324
153
114
166
350
404
146
-10
-270
-324
-338
-158
144
299
295
107
18
-62
-81
-82
2
-104
-131
-261
-218
-236
-179
35
104
49
-169
-316
-295
-228
-173
-119
-138
-145
-352
-417
-328
-165
-77
38
8
-168
-297
-158
-102
6
0
129
128
92
-8
-53
71
313
323
217
166
16
-39
114
191
139
207
135
55
-106
-40
2
28
19
20
86
44
-57
-152
-8
138
17
-199
-230
-235
-181
-72
-115
15
41
-50
-255
-187
-29
-31
-20
-78
-76
-130
-177
-107
16
250
293
229
129
55
4
-32
119
296
131
117
-11
4
-47
32
83
93
39
-102
-154
-124
-89
78
127
220
140
138
90
83
53
113
116
-10
67
26
56
-16
25
40
99
-130
-154
-189
-94
-169
-120
-78
-27
-39
7
197
253
209
230
89
-37
-191
-217
-139
132
117
57
11
54
-26
-121
6
71
11
-79
-119
-165
-151
-126
21
19
-20
-117
-164
-278
-226
-84
-34
-5
-31
-92
-245
-214
-147
58
131
-13
-218
-416
-447
-292
-240
-93
116
3
-157
-196
-167
-144
-177
-37
2
-106
-310
-295
-202
-44
-7
-9
86
52
-91
-214
-155
-202
-189
-160
-194
-92
-58
98
77
82
-22
3
-104
-228
-107
-105
58
-3
5
-51
-134
-109
-39
60
64
34
-16
-201
-215
-173
-181
-144
-83
20
37
2
-66
-114
-160
-116
-202
-173
-176
-67
-92
-38
-8
47
-28
-124
-368
-500
-346
-244
-143
-57
-90
-125
-170
-253
-195
-100
-58
-232
-274
-294
-233
-186
-177
-142
-60
-43
-150
-134
-125
-95
-272
-161
-145
-110
-85
-22
3
-53
-149
-160
-264
-355
-189
-118
51
55
-96
-106
-190
-282
-262
-225
-182
-126
-114
-125
-198
-268
-198
-242
-207
-186
-167
-210
-175
-245
-255
-187
-29
-31
-20
-78
-76
-130
-177
-107
16
250
293
229
129
55
4
-32
119
296
131
117
-11
4
-47
32
83
93
39
-102
-154
-124
-89
78
127
220
140
138
90
83
53
113
116
-10
67
26
56
-16
25
40
99
-130
-154
-189
-94
-169
-120
-78
-27
-39
7
197
253
209
230
89
-37
-191
-217
-139
132
117
57
11
54
-26
-121
6
71
11
-79
-119
-165
-151
-126
21
19
-20
-117
-164
-278
-226
-84
-34
-5
-31
-92
-245
-214
-147
58
131
-13
-218
-416
-447
-292
-240
-93
116
3
-157
-196
-167
-144
-177
-37
2
-106
-310
-295
-202
-44
-7
-9
86
52
-91
-214
-155
-202
-189
-160
-194
-92
-58
98
77
82
-22
3
-104
-228
-107
-105
58
-3
5
-51
-134
-109
-39
60
64
34
-16
-201
-215
-173
-181
-144
-83
20
37
2
-66
-114
-160
-116
-202
-173
-176
-67
-92
-38
-8
47
-28
-124
-368
-500
-346
-244
-143
-57
-90
-125
-170
-253
-195
-100
-58
-232
-274
-294
-233
-186
-177
-142
-60
-43
-150
-134
-125
-95
-272
-161
-145
-110
-85
-22
3
-53
-149
-160
-264
-355
-189
-118
51
55
-96
-106
-190
-282
-262
-225
-182
-126
-114
-125
-198
-268
-198
-242
-207
-186
-167
-210
-175
-245
-178
-121
-156
-119
-136
-244
-205
-103
55
100
88
-123
-249
-368
-242
-130
24
134
152
47
17
-154
-220
-81
8
97
125
-60
-234
-205
-169
-198
-81
-60
69
62
-151
-233
-136
-193
-192
-265
-177
-121
-168
-146
-227
-192
-229
-219
-280
-216
-182
-89
78
-64
-123
-183
-218
-157
-25
79
123
74
-72
-240
-128
52
111
245
268
172
94
38
-20
18
-6
-54
-107
-24
-35
136
207
179
248
163
54
-38
-5
109
201
236
145
108
103
-5
-118
-196
-62
22
-45
-88
-132
-174
-98
-81
-45
47
117
128
71
59
108
20
63
14
12
11
133
170
-57
-56
37
-34
-95
-99
104
-36
-43
25
76
125
95
64
201
416
417
287
65
-62
-108
-136
-38
174
202
230
192
97
-23
-108
-160
-222
-197
-45
39
152
238
222
174
47
-101
-227
-205
-75
55
110
248
119
6
-169
-56
-61
-62
7
76
108
-56
-105
-337
-362
-180
-154
-122
-99
-210
-251
-245
-259
-319
-258
-328
-155
-228
-56
86
221
157
84
-51
-244
-269
-163
-110
-93
10
25
-83
-248
-295
-217
-87
26
76
24
-5
-166
-131
-87
86
167
165
31
91
49
-24
-35
-13
-55
17
89
113
184
360
363
250
-10
-54
-61
-54
-43
-245
-178
-121
-156
-119
-136
-244
-205
-103
55
100
88
-123
-249
-368
-242
-130
24
134
152
47
17
-154
-220
-81
8
97
125
-60
-234
-205
-169
-198
-81
-60
69
62
-151
-233
-136
-193
-192
-265
-177
-121
-168
-146
-227
-192
-229
-219
-280
-216
-182
-89
78
-64
-123
-183
-218
-157
-25
79
123
74
-72
-240
-128
52
111
245
268
172
94
38
-20
18
-6
-54
-107
-24
-35
136
207
179
248
163
54
-38
-5
109
201
236
145
108
103
-5
-118
-196
-62
22
-45
-88
-132
-174
-98
-81
-45
47
117
128
71
59
108
20
63
14
12
11
133
170
-57
-56
37
-34
-95
-99
104
-36
-43
25
76
125
95
64
201
416
417
287
65
-62
-108
-136
-38
174
202
230
192
97
-23
-108
-160
-222
-197
-45
39
152
238
222
174
47
-101
-227
-205
-75
55
110
248
119
6
-169
-56
-61
-62
7
76
108
-56
-105
-337
-362
-180
-154
-122
-99
-210
-251
-245
-259
-319
-258
-328
-155
-228
-56
86
221
157
84
-51
-244
-269
-163
-110
-93
10
25
-83
-248
-295
-217
-87
26
76
24
-5
-166
-131
-87
86
167
165
31
91
49
-24
-35
-13
-55
17
89
113
184
360
363
250
-10
-54
-61
-54
-43
28
44
85
-46
-249
-113
-130
-28
93
238
253
266
111
14
26
146
224
303
356
337
238
81
-7
-9
-14
59
56
55
127
198
180
171
127
59
-98
-149
-199
-115
43
91
132
52
-66
-65
-130
-7
20
10
-20
-50
46
-17
71
42
145
221
300
175
124
151
229
180
177
114
124
298
390
347
270
195
176
-49
-19
1
124
124
26
-10
-31
-83
18
118
197
144
86
98
-66
-136
-132
-81
-27
148
138
135
141
41
-6
-81
-49
-87
-61
17
76
235
218
33
-71
-174
-173
-119
-24
15
32
134
126
36
-44
-77
34
135
292
300
198
71
3
40
141
261
270
271
305
129
143
91
103
124
118
100
165
193
211
299
316
335
280
126
-44
-27
136
261
260
141
177
105
12
158
187
312
286
263
145
-16
-73
-140
-24
7
43
90
80
93
-56
-83
-110
-90
-55
-62
-16
24
-1
9
-77
-92
-140
-142
-67
58
242
356
321
331
240
50
19
53
267
225
284
165
-20
-127
-291
-103
-53
120
153
218
136
10
-75
-81
-68
-94
-137
-65
3
86
71
109
194
65
-213
-230
-100
78
148
88
101
107
131
56
51
188
238
124
-43
33
36
-88
-96
7
-43
28
44
85
-46
-249
-113
-130
-28
93
238
253
266
111
14
26
146
224
303
356
337
238
81
-7
-9
-14
59
56
55
127
198
180
171
127
59
-98
-149
-199
-115
43
91
132
52
-66
-65
-130
-7
20
10
-20
-50
46
-17
71
42
145
221
300
175
124
151
229
180
177
114
124
298
390
347
270
195
176
-49
-19
1
124
124
26
-10
-31
-83
18
118
197
144
86
98
-66
-136
-132
-81
-27
148
138
135
141
41
-6
-81
-49
-87
-61
17
76
235
218
33
-71
-174
-173
-119
-24
15
32
134
126
36
-44
-77
34
135
292
300
198
71
3
40
141
261
270
271
305
129
143
91
103
124
118
100
165
193
211
299
316
335
280
126
-44
-27
136
261
260
141
177
105
12
158
187
312
286
263
145
-16
-73
-140
-24
7
43
90
80
93
-56
-83
-110
-90
-55
-62
-16
24
-1
9
-77
-92
-140
-142
-67
58
242
356
321
331
240
50
19
53
267
225
284
165
-20
-127
-291
-103
-53
120
153
218
136
10
-75
-81
-68
-94
-137
-65
3
86
71
109
194
65
-213
-230
-100
78
148
88
101
107
131
56
51
188
238
124
-43
33
36
-88
-96
7
80
123
140
94
-45
-182
-254
-234
-129
-129
-65
135
217
247
148
-81
-151
-227
-384
-280
-53
140
194
30
-56
-239
-171
-164
-46
169
222
168
191
70
-136
-202
-164
-109
24
74
229
284
276
157
10
-206
-66
-40
4
54
217
335
328
198
-24
-122
-146
-49
149
337
503
450
309
176
125
150
227
338
539
369
249
167
203
174
129
197
399
488
452
288
147
178
155
137
177
203
225
314
347
309
134
1
-10
82
-41
135
271
318
194
-19
-125
-91
61
214
349
394
269
62
-93
-143
-135
-89
107
407
446
371
163
176
165
71
97
129
358
429
434
404
193
78
-24
-41
-36
13
140
319
398
203
38
30
10
195
322
568
610
592
482
281
160
-15
10
144
251
450
431
364
285
184
18
-31
-73
14
89
171
60
85
71
48
-62
-225
-197
-97
-84
-31
93
88
66
-38
-110
-147
-105
-92
-133
-178
-176
-199
-196
-186
-42
-21
28
-47
-100
-157
-155
-183
-201
-222
6
159
344
198
84
48
-27
-111
-195
-60
184
301
246
190
-18
-128
-318
-173
33
328
421
402
208
28
-218
-373
-347
-168
-4
236
299
245
207
18
6
-168
-200
-167
19
204
315
379
286
149
7
80
123
140
94
-45
-182
-254
-234
-129
-129
-65
135
217
247
148
-81
-151
-227
-384
-280
-53
140
194
30
-56
-239
-171
-164
-46
169
222
168
191
70
-136
-202
-164
-109
24
74
229
284
276
157
10
-206
-66
-40
4
54
217
335
328
198
-24
-122
-146
-49
149
337
503
450
309
176
125
150
227
338
539
369
249
167
203
174
129
197
399
488
452
288
147
178
155
137
177
203
225
314
347
309
134
1
-10
82
-41
135
271
318
194
-19
-125
-91
61
214
349
394
269
62
-93
-143
-135
-89
107
407
446
371
163
176
165
71
97
129
358
429
434
404
193
78
-24
-41
-36
13
140
319
398
203
38
30
10
195
322
568
610
592
482
281
160
-15
10
144
251
450
431
364
285
184
18
-31
-73
14
89
171
60
85
71
48
-62
-225
-197
-97
-84
-31
93
88
66
-38
-110
-147
-105
-92
-133
-178
-176
-199
-196
-186
-42
-21
28
-47
-100
-157
-155
-183
-201
-222
6
159
344
198
84
48
-27
-111
-195
-60
184
301
246
190
-18
-128
-318
-173
33
328
421
402
208
28
-218
-373
-347
-168
-4
236
299
245
207
18
6
-168
-200
-167
19
204
315
379
286
149
-45
-227
-270
-185
-14
36
94
75
27
-133
-315
-294
-204
-118
-7
-10
-144
-136
-208
-135
-151
-80
43
42
1
-32
59
26
-96
-227
-213
-89
-65
-27
18
88
58
-113
-250
-287
-236
-52
-47
-13
-115
-188
-285
-453
-345
-122
49
185
183
84
-212
-437
-431
-351
-262
-81
64
186
178
108
-141
-358
-439
-305
-167
26
233
364
413
257
97
-68
-135
-61
-46
57
207
298
329
231
2
-140
-40
28
201
240
263
191
30
-4
-90
-91
-101
-72
50
124
219
176
46
-6
-157
-210
-75
175
253
219
199
223
92
-35
-114
-105
-9
97
154
265
190
57
-19
-43
-47
2
102
155
74
-60
-209
-176
-141
-60
-22
27
65
20
-19
-46
-77
-178
-169
-43
123
270
432
345
259
101
33
43
44
213
269
281
196
16
30
-51
-66
-82
170
313
403
338
107
-2
-48
-148
-20
84
248
309
241
208
50
10
-61
-154
-84
-134
-15
74
100
92
-47
-62
-136
-181
-295
-288
-62
10
77
-22
-225
-184
-176
-129
-203
-94
15
-45
-101
-3
-48
-31
14
153
174
61
-14
84
95
-47
-139
-132
-23
57
137
134
150
147
76
-65
-25
47
126
67
78
-26
-128
-147
-29
71
45
66
162
103
149
-45
-227
-270
-185
-14
36
94
75
27
-133
-315
-294
-204
-118
-7
-10
-144
-136
-208
-135
-151
-80
43
42
1
-32
59
26
-96
-227
-213
-89
-65
-27
18
88
58
-113
-250
-287
-236
-52
-47
-13
-115
-188
-285
-453
-345
-122
49
185
183
84
-212
-437
-431
-351
-262
-81
64
186
178
108
-141
-358
-439
-305
-167
26
233
364
413
257
97
-68
-135
-61
-46
57
207
298
329
231
2
-140
-40
28
201
240
263
191
30
-4
-90
-91
-101
-72
50
124
219
176
46
-6
-157
-210
-75
175
253
219
199
223
92
-35
-114
-105
-9
97
154
265
190
57
-19
-43
-47
2
102
155
74
-60
-209
-176
-141
-60
-22
27
65
20
-19
-46
-77
-178
-169
-43
123
270
432
345
259
101
33
43
44
213
269
281
196
16
30
-51
-66
-82
170
313
403
338
107
-2
-48
-148
-20
84
248
309
241
208
50
10
-61
-154
-84
-134
-15
74
100
92
-47
-62
-136
-181
-295
-288
-62
10
77
-22
-225
-184
-176
-129
-203
-94
15
-45
-101
-3
-48
-31
14
153
174
61
-14
84
95
-47
-139
-132
-23
57
137
134
150
147
76
-65
-25
47
126
67
78
-26
-128
-147
-29
71
45
66
162
103
9
-52
-240
-248
-98
-139
-29
51
65
14
-110
-235
-395
-425
-334
-224
-118
-93
27
31
-67
-312
-471
-572
-448
-274
-55
-8
-38
63
-43
-128
-252
-138
14
237
295
130
-19
-110
-104
-115
-36
56
37
172
94
56
42
15
-4
-141
-265
-304
-225
-29
75
114
128
-6
59
-59
-39
-43
-45
57
48
87
101
51
37
116
126
62
-137
-158
-207
-115
-37
81
256
294
260
93
-91
-199
-201
-196
-124
-79
137
180
245
84
62
-26
-171
-181
-312
-240
-127
-108
-51
-75
-196
-432
-485
-470
-283
-217
-174
-142
-9
-138
-422
-491
-448
-322
-210
-142
-69
-72
-54
-244
-276
-370
-491
-395
-172
-61
-73
50
-50
-50
-292
-440
-504
-301
-289
-228
-45
-94
-30
-41
-5
-18
70
-39
-91
-127
-253
-255
-198
-63
-190
-11
94
109
150
-91
-134
-279
-216
-231
-121
-120
-112
3
-54
28
-285
-227
-344
-155
-94
16
27
-52
-191
-438
-576
-496
-300
-101
6
-43
-115
-152
-458
-464
-528
-391
-279
-145
-99
-142
-155
-346
-435
-560
-602
-597
-439
-267
-15
46
94
-55
-149
-386
-437
-475
-321
-237
-128
-165
-222
-261
-254
-135
-112
-18
25
-99
-208
-327
-237
-160
85
38
136
-13
88
40
48
-111
-78
-12
-26
-75
103
9
-52
-240
-248
-98
-139
-29
51
65
14
-110
-235
-395
-425
-334
-224
-118
-93
27
31
-67
-312
-471
-572
-448
-274
-55
-8
-38
63
-43
-128
-252
-138
14
237
295
130
-19
-110
-104
-115
-36
56
37
172
94
56
42
15
-4
-141
-265
-304
-225
-29
75
114
128
-6
59
-59
-39
-43
-45
57
48
87
101
51
37
116
126
62
-137
-158
-207
-115
-37
81
256
294
260
93
-91
-199
-201
-196
-124
-79
137
180
245
84
62
-26
-171
-181
-312
-240
-127
-108
-51
-75
-196
-432
-485
-470
-283
-217
-174
-142
-9
-138
-422
-491
-448
-322
-210
-142
-69
-72
-54
-244
-276
-370
-491
-395
-172
-61
-73
50
-50
-50
-292
-440
-504
-301
-289
-228
-45
-94
-30
-41
-5
-18
70
-39
-91
-127
-253
-255
-198
-63
-190
-11
94
109
150
-91
-134
-279
-216
-231
-121
-120
-112
3
-54
28
-285
-227
-344
-155
-94
16
27
-52
-191
-438
-576
-496
-300
-101
6
-43
-115
-152
-458
-464
-528
-391
-279
-145
-99
-142
-155
-346
-435
-560
-602
-597
-439
-267
-15
46
94
-55
-149
-386
-437
-475
-321
-237
-128
-165
-222
-261
-254
-135
-112
-18
25
-99
-208
-327
-237
-160
85
38
136
-13
88
40
48
-111
-78
-12
-26
-75
Name:Birds | Val: 0.000000
Name:Car horn | Val: 0.000000
Name:Crying Baby | Val: 0.996094
Name:Rain | Val: 0.000000
Name:Silence | Val: 0.000000

-2
-117
-60
-63
-126
-110
-125
-136
-95
-2
-89
-119
-147
-257
-293
-228
-246
-313
-319
-143
-47
-86
-230
-388
-447
-427
-322
-245
-90
-28
28
-26
-284
-340
-419
-385
-413
-404
-399
-115
-22
44
-39
-139
-310
-417
-301
-314
-202
-113
-42
46
-48
-105
-185
-223
-119
107
191
217
102
118
-7
-43
-237
-144
-25
63
152
95
156
113
9
-183
-410
-137
-6
306
293
250
109
14
-15
-79
15
61
179
277
285
155
29
114
253
259
222
129
189
124
-72
-193
-83
66
115
190
110
44
-43
-39
-132
-150
-188
-123
-29
123
112
52
-73
-155
-176
-328
-230
-168
-118
-45
-162
-138
-464
-539
-597
-450
-381
-221
-88
101
-17
-180
-312
-358
-225
-71
27
103
181
253
201
-34
-262
-157
-165
-50
-41
95
260
290
202
15
-123
-263
-239
-75
33
114
-6
47
27
-138
-196
-115
-110
67
84
62
-47
-75
-54
-55
-209
-237
-112
13
71
-35
-108
29
66
-5
-84
-133
-48
75
220
57
-42
5
65
45
97
167
139
45
-56
-42
1
-27
31
-21
22
51
34
-169
-269
-190
-169
-111
-14
45
23
-8
-101
-178
-190
-107
-50
-119
-88
-68
66
101
66
-36
-40
-78
-179
-236
-250
-170
-163
-218
-181
-171
-118
-117
-60
-63
-126
-110
-125
-136
-95
-2
-89
-119
-147
-257
-293
-228
-246
-313
-319
-143
-47
-86
-230
-388
-447
-427
-322
-245
-90
-28
28
-26
-284
-340
-419
-385
-413
-404
-399
-115
-22
44
-39
-139
-310
-417
-301
-314
-202
-113
-42
46
-48
-105
-185
-223
-119
107
191
217
102
118
-7
-43
-237
-144
-25
63
152
95
156
113
9
-183
-410
-137
-6
306
293
250
109
14
-15
-79
15
61
179
277
285
155
29
114
253
259
222
129
189
124
-72
-193
-83
66
115
190
110
44
-43
-39
-132
-150
-188
-123
-29
123
112
52
-73
-155
-176
-328
-230
-168
-118
-45
-162
-138
-464
-539
-597
-450
-381
-221
-88
101
-17
-180
-312
-358
-225
-71
27
103
181
253
201
-34
-262
-157
-165
-50
-41
95
260
290
202
15
-123
-263
-239
-75
33
114
-6
47
27
-138
-196
-115
-110
67
84
62
-47
-75
-54
-55
-209
-237
-112
13
71
-35
-108
29
66
-5
-84
-133
-48
75
220
57
-42
5
65
45
97
167
139
45
-56
-42
1
-27
31
-21
22
51
34
-169
-269
-190
-169
-111
-14
45
23
-8
-101
-178
-190
-107
-50
-119
-88
-68
66
101
66
-36
-40
-78
-179
-236
-250
-170
-163
-218
-181
-171
-118
-53
5
-1
94
55
10
11
-64
-106
-155
-192
-137
-134
-115
-9
63
102
125
76
-93
-151
-139
-33
-34
145
238
198
59
-135
-238
-286
-300
-204
-196
-61
31
108
92
-21
-95
-67
-16
8
-15
-86
-82
-53
28
17
129
29
4
-83
-196
-194
-198
-140
-113
-140
-204
-51
2
30
-19
-50
-51
-138
-162
-150
-110
-123
-138
-87
-139
-183
-200
-250
-236
-133
-72
-109
-146
-257
-260
-186
-206
-71
-75
-75
-113
-131
-164
-163
-201
-230
-220
-244
-201
-209
-46
46
-24
-202
-334
-395
-413
-476
-326
-292
-240
-227
-240
-172
-150
-199
-193
-178
-135
-213
-273
-282
-142
-113
-175
-145
-170
-112
-63
-102
-67
-107
-173
-396
-313
-357
-288
-264
-325
-305
-320
-333
-308
-290
-188
-216
-213
-251
-394
-205
-288
-246
-220
-165
-256
-335
-433
-509
-543
-420
-314
-130
-98
-77
-261
-321
-365
-324
-327
-144
-214
-280
-162
-166
-5
-81
-177
-272
-327
-340
-293
-303
-211
-238
-239
-226
-265
-291
-335
-412
-451
-337
-253
-296
-226
-230
-279
-350
-507
-483
-319
-279
-275
-279
-162
-254
-339
-329
-327
-207
-172
39
52
51
-50
-73
-62
-145
-185
-104
-77
-49
-87
-104
-131
-135
-170
-168
-91
-55
-187
-188
-251
-201
-200
-158
-101
-70
12
-101
-238
-118
-53
5
-1
94
55
10
11
-64
-106
-155
-192
-137
-134
-115
-9
63
102
125
76
-93
-151
-139
-33
-34
145
238
198
59
-135
-238
-286
-300
-204
-196
-61
31
108
92
-21
-95
-67
-16
8
-15
-86
-82
-53
28
17
129
29
4
-83
-196
-194
-198
-140
-113
-140
-204
-51
2
30
-19
-50
-51
-138
-162
-150
-110
-123
-138
-87
-139
-183
-200
-250
-236
-133
-72
-109
-146
-257
-260
-186
-206
-71
-75
-75
-113
-131
-164
-163
-201
-230
-220
-244
-201
-209
-46
46
-24
-202
-334
-395
-413
-476
-326
-292
-240
-227
-240
-172
-150
-199
-193
-178
-135
-213
-273
-282
-142
-113
-175
-145
-170
-112
-63
-102
-67
-107
-173
-396
-313
-357
-288
-264
-325
-305
-320
-333
-308
-290
-188
-216
-213
-251
-394
-205
-288
-246
-220
-165
-256
-335
-433
-509
-543
-420
-314
-130
-98
-77
-261
-321
-365
-324
-327
-144
-214
-280
-162
-166
-5
-81
-177
-272
-327
-340
-293
-303
-211
-238
-239
-226
-265
-291
-335
-412
-451
-337
-253
-296
-226
-230
-279
-350
-507
-483
-319
-279
-275
-279
-162
-254
-339
-329
-327
-207
-172
39
52
51
-50
-73
-62
-145
-185
-104
-77
-49
-87
-104
-131
-135
-170
-168
-91
-55
-187
-188
-251
-201
-200
-158
-101
-70
12
-101
-238
-271
-233
-115
-185
-173
-145
-14
-56
-61
-55
-177
-193
-215
-131
-136
-66
82
182
100
-126
-78
-169
-128
-66
-27
146
108
65
22
-83
-222
-197
-60
98
118
47
1
-152
-122
-179
-131
-145
-124
-108
33
-98
-8
87
9
-37
-102
-164
-100
-153
12
-83
-41
-11
43
20
104
19
20
67
-22
-103
-117
-98
-28
-6
83
56
169
94
26
109
150
165
208
255
81
164
260
352
302
281
186
173
203
156
251
307
205
99
51
138
104
223
217
245
210
154
86
40
86
93
70
163
265
200
261
221
140
89
21
14
73
3
61
186
135
119
204
76
58
-16
-5
89
119
131
68
156
245
220
238
283
322
293
160
-22
-111
-59
-18
91
96
181
123
72
-52
4
50
105
200
55
66
128
158
306
250
302
330
351
416
312
171
345
277
364
405
408
527
471
420
363
442
439
401
286
179
249
292
525
498
535
479
341
254
264
351
446
343
371
295
267
308
315
307
217
166
188
179
197
207
216
224
158
106
107
147
190
239
314
349
323
251
154
265
312
291
313
415
383
327
214
177
270
220
166
173
140
236
242
241
303
262
162
156
214
143
89
-238
-271
-233
-115
-185
-173
-145
-14
-56
-61
-55
-177
-193
-215
-131
-136
-66
82
182
100
-126
-78
-169
-128
-66
-27
146
108
65
22
-83
-222
-197
-60
98
118
47
1
-152
-122
-179
-131
-145
-124
-108
33
-98
-8
87
9
-37
-102
-164
-100
-153
12
-83
-41
-11
43
20
104
19
20
67
-22
-103
-117
-98
-28
-6
83
56
169
94
26
109
150
165
208
255
81
164
260
352
302
281
186
173
203
156
251
307
205
99
51
138
104
223
217
245
210
154
86
40
86
93
70
163
265
200
261
221
140
89
21
14
73
3
61
186
135
119
204
76
58
-16
-5
89
119
131
68
156
245
220
238
283
322
293
160
-22
-111
-59
-18
91
96
181
123
72
-52
4
50
105
200
55
66
128
158
306
250
302
330
351
416
312
171
345
277
364
405
408
527
471
420
363
442
439
401
286
179
249
292
525
498
535
479
341
254
264
351
446
343
371
295
267
308
315
307
217
166
188
179
197
207
216
224
158
106
107
147
190
239
314
349
323
251
154
265
312
291
313
415
383
327
214
177
270
220
166
173
140
236
242
241
303
262
162
156
214
143
89
174
186
255
175
95
197
254
328
430
468
364
152
59
8
166
321
439
435
387
297
137
124
231
317
435
428
440
426
469
422
324
301
263
246
317
265
143
219
179
135
129
53
133
210
150
115
190
158
36
-157
-114
-178
-77
-118
1
33
54
24
-163
-157
-228
-164
-96
-11
-26
40
93
111
119
181
156
112
-48
43
50
204
174
173
210
290
289
230
185
244
316
407
361
356
360
272
191
118
137
53
171
151
351
336
363
177
93
-17
-72
33
141
204
165
23
0
30
7
36
51
39
-33
-63
-94
-18
70
10
87
93
17
-187
-200
-210
-97
-7
42
156
166
130
26
-26
-85
-166
-154
-122
-35
3
126
78
26
-114
-281
-242
-132
-88
-101
-112
53
-31
-69
-87
-205
-95
-90
-20
-110
-23
28
-141
-210
-252
-156
-168
-4
92
160
32
-26
-37
-118
-76
-129
-61
-28
-10
-49
-51
-53
-126
-172
-269
-192
-133
-145
-124
-109
-112
-95
-53
93
122
98
8
-144
-176
-197
-190
-127
-57
-29
34
-55
-24
-83
-166
-248
-158
-94
-112
-31
-48
-172
-172
-254
-220
-168
-177
-114
-172
-67
-25
3
-103
-81
-109
-9
-38
27
51
218
223
94
31
55
75
59
-76
89
174
186
255
175
95
197
254
328
430
468
364
152
59
8
166
321
439
435
387
297
137
124
231
317
435
428
440
426
469
422
324
301
263
246
317
265
143
219
179
135
129
53
133
210
150
115
190
158
36
-157
-114
-178
-77
-118
1
33
54
24
-163
-157
-228
-164
-96
-11
-26
40
93
111
119
181
156
112
-48
43
50
204
174
173
210
290
289
230
185
244
316
407
361
356
360
272
191
118
137
53
171
151
351
336
363
177
93
-17
-72
33
141
204
165
23
0
30
7
36
51
39
-33
-63
-94
-18
70
10
87
93
17
-187
-200
-210
-97
-7
42
156
166
130
26
-26
-85
-166
-154
-122
-35
3
126
78
26
-114
-281
-242
-132
-88
-101
-112
53
-31
-69
-87
-205
-95
-90
-20
-110
-23
28
-141
-210
-252
-156
-168
-4
92
160
32
-26
-37
-118
-76
-129
-61
-28
-10
-49
-51
-53
-126
-172
-269
-192
-133
-145
-124
-109
-112
-95
-53
93
122
98
8
-144
-176
-197
-190
-127
-57
-29
34
-55
-24
-83
-166
-248
-158
-94
-112
-31
-48
-172
-172
-254
-220
-168
-177
-114
-172
-67
-25
3
-103
-81
-109
-9
-38
27
51
218
223
94
31
55
75
59
-76
22
126
221
281
289
296
115
-67
-150
-118
-70
138
234
324
147
112
142
13
-1
-26
131
188
227
125
192
349
363
246
68
156
180
218
260
248
188
121
61
88
157
302
283
147
24
4
20
142
132
146
117
133
227
277
303
249
131
108
-4
44
220
350
369
214
40
31
80
77
167
251
214
106
70
30
26
-58
-25
-60
50
122
236
242
194
11
88
217
258
258
393
368
363
217
168
102
93
-53
-57
-110
-116
13
50
218
105
12
-36
-19
65
177
252
188
286
126
38
10
139
204
349
368
291
370
243
203
112
128
174
324
432
409
310
277
355
302
303
262
320
402
334
356
358
408
419
409
327
316
279
271
180
150
78
-44
-25
-21
-17
-54
80
138
-60
-156
-206
-94
5
7
87
172
224
120
-31
-96
30
99
89
234
178
176
236
263
203
151
154
381
429
533
422
516
370
345
196
256
209
307
317
480
489
387
262
196
240
183
147
170
279
260
255
295
231
169
176
-18
-18
-10
71
168
342
403
295
224
229
155
165
193
295
281
226
119
134
196
176
186
188
165
130
34
97
-13
-115
-173
-133
-29
45
11
22
-34
-76
22
126
221
281
289
296
115
-67
-150
-118
-70
138
234
324
147
112
142
13
-1
-26
131
188
227
125
192
349
363
246
68
156
180
218
260
248
188
121
61
88
157
302
283
147
24
4
20
142
132
146
117
133
227
277
303
249
131
108
-4
44
220
350
369
214
40
31
80
77
167
251
214
106
70
30
26
-58
-25
-60
50
122
236
242
194
11
88
217
258
258
393
368
363
217
168
102
93
-53
-57
-110
-116
13
50
218
105
12
-36
-19
65
177
252
188
286
126
38
10
139
204
349
368
291
370
243
203
112
128
174
324
432
409
310
277
355
302
303
262
320
402
334
356
358
408
419
409
327
316
279
271
180
150
78
-44
-25
-21
-17
-54
80
138
-60
-156
-206
-94
5
7
87
172
224
120
-31
-96
30
99
89
234
178
176
236
263
203
151
154
381
429
533
422
516
370
345
196
256
209
307
317
480
489
387
262
196
240
183
147
170
279
260
255
295
231
169
176
-18
-18
-10
71
168
342
403
295
224
229
155
165
193
295
281
226
119
134
196
176
186
188
165
130
34
97
-13
-115
-173
-133
-29
45
11
22
-34
-79
-98
-11
54
8
45
-25
-5
-17
-18
-60
-81
-57
-14
11
60
126
-69
-180
-213
-120
-66
71
139
146
-3
-64
-91
-85
-69
-17
16
61
-32
-16
24
75
-8
-51
-157
-172
-33
-15
31
119
64
126
92
16
-10
52
142
160
175
126
47
-152
-134
-157
-136
-141
-62
104
38
-66
-262
-136
-165
-108
-109
-77
-164
-203
-134
-144
-207
-307
-240
-206
-191
-200
-55
11
-75
-120
-241
-162
-195
-99
-76
-117
-155
-142
-102
-14
-86
-174
-64
-73
44
91
98
-43
-19
-92
-86
-57
88
131
230
101
-70
-55
-15
16
-18
-65
-14
-21
107
116
119
-30
-104
-133
6
96
74
192
21
-151
-246
-169
6
18
33
-23
-43
-111
-204
-173
-176
-279
-353
-284
-289
-202
-199
-43
-158
-248
-313
-131
-241
-292
-327
-190
-268
-260
-331
-274
-278
-227
-282
-300
-272
-191
-234
-328
-318
-305
-231
-141
-195
-4
2
4
-112
-216
-237
-149
-46
67
71
9
-88
-189
-227
-272
-191
-55
62
20
-75
-9
34
-35
-91
-186
-159
12
151
143
77
-135
-170
-112
-94
-115
-73
-61
1
20
-41
-113
-219
-182
-178
-138
-137
55
58
63
15
-164
-80
-203
-110
-48
87
79
14
62
-8
-63
-129
55
172
181
138
-34
-79
-98
-11
54
8
45
-25
-5
-17
-18
-60
-81
-57
-14
11
60
126
-69
-180
-213
-120
-66
71
139
146
-3
-64
-91
-85
-69
-17
16
61
-32
-16
24
75
-8
-51
-157
-172
-33
-15
31
119
64
126
92
16
-10
52
142
160
175
126
47
-152
-134
-157
-136
-141
-62
104
38
-66
-262
-136
-165
-108
-109
-77
-164
-203
-134
-144
-207
-307
-240
-206
-191
-200
-55
11
-75
-120
-241
-162
-195
-99
-76
-117
-155
-142
-102
-14
-86
-174
-64
-73
44
91
98
-43
-19
-92
-86
-57
88
131
230
101
-70
-55
-15
16
-18
-65
-14
-21
107
116
119
-30
-104
-133
6
96
74
192
21
-151
-246
-169
6
18
33
-23
-43
-111
-204
-173
-176
-279
-353
-284
-289
-202
-199
-43
-131
-241
-292
-327
-190
-268
-260
-331
-274
-158
-248
-313
-278
-227
-282
-300
-272
-191
-234
-328
-318
-305
-231
-141
-195
-4
2
4
-112
-216
-237
-149
-46
67
71
9
-88
-189
-227
-272
-191
-55
62
20
-75
-9
34
-35
-91
-186
-159
12
151
143
77
-135
-170
-112
-94
-115
-73
-61
1
20
-41
-113
-219
-182
-178
-138
-137
55
58
63
15
-164
-80
-203
-110
-48
87
79
14
62
-8
-63
-129
55
172
181
138
108
162
122
107
114
178
276
192
118
57
44
125
185
152
187
170
114
128
38
-69
-32
5
107
61
117
293
286
304
119
59
-2
93
191
198
145
231
254
245
162
9
-69
-6
12
18
140
225
200
130
39
-55
-16
89
155
242
260
268
127
25
-70
-76
20
146
128
158
89
19
48
37
35
-44
-28
-88
16
110
178
55
43
20
-35
16
-42
-7
62
82
110
105
77
49
-74
-103
-129
-72
83
151
118
101
-34
78
121
174
124
134
121
121
208
196
155
153
120
132
156
94
-8
-5
-47
88
96
94
71
-36
-170
-222
-157
-128
1
2
101
4
50
3
-43
-91
-87
-127
-171
-118
19
101
-29
-153
-190
-208
-245
-263
-119
-57
-27
-87
-54
-71
-65
-96
-231
-202
-161
-166
-245
-156
-128
-146
-179
-171
-17
-73
-119
-194
-164
-6
-93
-151
-86
14
-140
-243
-223
-183
-207
-138
92
106
108
-31
-35
19
127
99
130
118
108
77
71
93
125
137
-33
-151
-45
-60
-5
-85
-29
85
114
44
48
4
-144
-114
-153
-73
-31
113
92
-38
-147
-99
-120
-63
16
81
57
144
129
164
38
-67
-152
-105
-20
41
144
202
128
44
-99
-16
106
33
-66
27
138
108
162
122
107
114
178
276
192
118
57
44
125
185
152
187
170
114
128
38
-69
-32
5
107
61
117
293
286
304
119
59
-2
93
191
198
145
231
254
245
162
9
-69
-6
12
18
140
225
200
130
39
-55
-16
89
155
242
260
268
127
25
-70
-76
20
146
128
158
89
19
48
37
35
-44
-28
-88
16
110
178
55
43
20
-35
16
-42
-7
62
82
110
105
77
49
-74
-103
-129
-72
83
151
118
101
-34
78
121
174
124
134
121
121
208
196
155
153
120
132
156
94
-8
-5
-47
88
96
94
71
-36
-170
-222
-157
-128
1
2
101
4
50
3
-43
-91
-87
-127
-171
-118
19
101
-29
-153
-190
-208
-245
-263
-119
-57
-27
-87
-54
-71
-65
-96
-231
-202
-161
-166
-245
-156
-128
-146
-179
-171
-17
-73
-119
-194
-164
-6
-93
-151
-86
14
-140
-243
-223
-183
-207
-138
92
106
108
-31
-35
19
127
99
130
118
108
77
71
93
125
137
-33
-151
-45
-60
-5
-85
-29
85
114
44
48
4
-144
-114
-153
-73
-31
113
92
-38
-147
-99
-120
-63
16
81
57
144
129
164
38
-67
-152
-105
-20
41
144
202
128
44
-99
-16
106
33
-66
27
96
-2
-81
-119
-81
-115
-157
-212
-129
-185
-203
-246
-103
-83
-132
-150
-211
-185
-204
-178
-149
-115
-73
-43
-109
-84
-173
-237
-166
-251
-168
-97
-103
-149
-152
-79
-126
-133
-178
-97
-104
-57
-63
5
29
-86
-163
-167
-177
-156
-48
60
-12
-35
-86
31
132
198
71
41
15
12
-77
-32
31
69
-13
-103
-103
-106
-16
-246
-216
-165
-106
-135
-73
-97
-87
-168
-285
-310
-217
-173
-170
-226
-67
-112
-133
-83
-118
-106
-23
-67
29
186
261
217
123
67
86
96
64
66
88
63
35
50
-19
-59
-92
20
16
-25
-111
-88
-147
-102
-140
-85
-23
120
74
8
-60
-128
0
-156
-200
-137
-121
-21
-146
-155
-204
-103
-68
-162
-204
-226
-218
-259
-193
-210
-254
-324
-283
-221
-140
-130
-131
-152
-266
-324
-345
-251
-170
-135
-100
-89
-211
-280
-338
-297
-273
-334
-358
-232
-199
-174
-265
-323
-272
-331
-327
-191
-191
-84
-230
-283
-235
-174
-238
-259
-282
-245
-239
-249
-217
-144
-191
-336
-451
-418
-388
-369
-356
-318
-239
-182
-221
-167
-247
-291
-319
-306
-191
-159
-132
-74
-52
-45
-15
-59
-81
-24
65
121
139
69
163
171
80
119
138
87
138
81
193
41
86
61
168
108
2
10
37
65
63
38
27
96
-2
-81
-119
-81
-115
-157
-212
-129
-185
-203
-246
-103
-83
-132
-150
-211
-185
-204
-178
-149
-115
-73
-43
-109
-84
-173
-237
-166
-251
-168
-97
-103
-149
-152
-79
-126
-133
-178
-97
-104
-57
-63
5
29
-86
-163
-167
-177
-156
-48
60
-12
-35
-86
31
132
198
71
41
15
12
-77
-32
31
69
-13
-103
-103
-106
-16
-246
-216
-165
-106
-135
-73
-97
-87
-168
-285
-310
-217
-173
-170
-226
-67
-112
-133
-83
-118
-106
-23
-67
29
186
261
217
123
67
86
96
64
66
88
63
35
50
-19
-59
-92
20
16
-25
-111
-88
-147
-102
-140
-85
-23
120
74
8
-60
-128
0
-156
-200
-137
-121
-21
-146
-155
-204
-103
-68
-162
-204
-226
-218
-259
-193
-210
-254
-324
-283
-221
-140
-130
-131
-152
-266
-324
-345
-251
-170
-135
-100
-89
-211
-280
-338
-297
-273
-334
-358
-232
-199
-174
-265
-323
-272
-331
-327
-191
-191
-84
-230
-283
-235
-174
-238
-259
-282
-245
-239
-249
-217
-144
-191
-336
-451
-418
-388
-369
-356
-318
-239
-182
-221
-167
-247
-291
-319
-306
-191
-159
-132
-74
-52
-45
-15
-59
-81
-24
65
121
139
69
163
171
80
119
138
87
138
81
193
41
86
61
168
108
2
10
37
65
63
38
118
83
29
20
98
47
-7
-136
-71
-16
62
21
118
121
-13
49
63
36
51
146
182
264
262
292
343
283
152
50
4
21
65
122
60
26
125
-11
-91
-137
-225
-125
-122
20
-12
-6
-11
-119
-107
-13
13
-53
-125
-7
23
-24
-89
-86
-15
-90
48
148
186
143
18
-32
-47
-3
45
53
42
48
68
-2
113
63
-80
-155
-100
-41
-8
90
49
27
-145
-173
-176
-178
-50
-82
-106
-18
-39
-43
-122
-98
-44
-51
-78
-71
15
97
51
6
-37
-48
-9
-2
70
111
113
71
-35
-44
-74
-135
-64
-77
-4
41
105
121
117
46
-113
-87
-48
55
-26
-28
127
206
96
95
96
104
63
-74
-45
-9
2
-31
18
-21
13
6
86
119
117
137
35
21
93
46
-18
79
75
17
-68
-85
85
116
55
-140
-152
-176
-168
-122
-8
17
-74
-156
-21
107
125
27
0
-2
-67
-99
-69
74
140
27
-171
-185
-119
-148
-54
-98
-18
-85
-33
-64
58
-18
-84
-117
-41
-103
-154
-190
-193
-156
-196
-177
-189
30
55
-4
41
-24
70
-50
-22
-86
-130
-115
-95
-57
-35
-30
-33
35
85
-2
-57
-91
-38
45
43
17
57
150
28
-15
-48
45
73
54
60
57
38
118
83
29
20
98
47
-7
-136
-71
-16
62
21
118
121
-13
49
63
36
51
146
182
264
262
292
343
283
152
50
4
21
65
122
60
26
125
-11
-91
-137
-225
-125
-122
20
-12
-6
-11
-119
-107
-13
13
-53
-125
-7
23
-24
-89
-86
-15
-90
48
148
186
143
18
-32
-47
-3
45
53
42
48
68
-2
113
63
-80
-155
-100
-41
-8
90
49
27
-145
-173
-176
-178
-50
-82
-106
-18
-39
-43
-122
-98
-44
-51
-78
-71
15
97
51
6
-37
-48
-9
-2
70
111
113
71
-35
-44
-74
-135
-64
-77
-4
41
105
121
117
46
-113
-87
-48
55
-26
-28
127
206
96
95
96
104
63
-74
-45
-9
2
-31
18
-21
13
6
86
119
117
137
35
21
93
46
-18
79
75
17
-68
-85
85
116
55
-140
-152
-176
-168
-122
-8
17
-74
-156
-21
107
125
27
0
-2
-67
-99
-69
74
140
27
-171
-185
-119
-148
-54
-98
-18
-85
-33
-64
58
-18
-84
-117
-41
-103
-154
-190
-193
-156
-196
-177
-189
30
55
-4
41
-24
70
-50
-22
-86
-130
-115
-95
-57
-35
-30
-33
35
85
-2
-57
-91
-38
45
43
17
57
150
28
-15
-48
45
73
54
60
57
38
-39
-46
95
128
151
61
68
72
24
83
100
142
115
-62
-4
-33
57
91
99
183
235
251
-14
61
113
131
159
167
122
190
96
72
93
164
135
17
-11
6
41
-13
128
236
313
203
43
68
163
235
215
97
135
170
87
69
70
182
125
92
15
4
-5
47
78
155
48
53
22
54
57
82
-1
71
162
66
-18
-24
142
198
79
26
184
279
227
-25
-127
-30
-26
11
104
232
213
130
63
117
155
32
-53
133
289
208
194
209
354
163
26
102
167
190
154
164
265
190
93
56
156
105
121
114
167
244
260
146
188
299
314
210
72
165
320
291
244
216
256
234
189
200
241
355
259
201
116
268
264
225
284
280
364
217
65
163
321
171
145
272
334
179
70
108
145
-17
-31
-1
107
82
27
62
87
110
11
-33
93
15
-4
-76
41
115
161
148
54
172
32
-148
-96
30
209
57
26
20
134
-107
-126
-56
83
68
95
167
126
118
118
123
143
50
129
142
156
141
136
171
83
151
45
99
137
165
162
192
149
141
254
291
190
117
58
128
65
115
99
176
227
250
203
202
175
135
65
98
103
86
121
57
38
-39
-46
95
128
151
61
68
72
24
83
100
142
115
-62
-4
-33
57
91
99
183
235
251
-14
61
113
131
159
167
122
190
96
72
93
164
135
17
-11
6
41
-13
128
236
313
203
43
68
163
235
215
97
135
170
87
69
70
182
125
92
15
4
-5
47
78
155
48
53
22
54
57
82
-1
71
162
66
-18
-24
142
198
79
26
184
279
227
-25
-127
-30
-26
11
104
232
213
130
63
117
155
32
-53
133
289
208
194
209
354
163
26
102
167
190
154
164
265
190
93
56
156
105
121
114
167
244
260
146
188
299
314
210
72
165
320
291
244
216
256
234
189
200
241
355
259
201
116
268
264
225
284
280
364
217
65
163
321
171
145
272
334
179
70
108
145
-17
-31
-1
107
82
27
62
87
110
11
-33
93
15
-4
-76
41
115
161
148
54
172
32
-148
-96
30
209
57
26
20
134
-107
-126
-56
83
68
95
167
126
118
118
123
143
50
129
142
156
141
136
171
83
151
45
99
137
165
162
192
149
141
254
291
190
117
58
128
65
115
99
176
227
250
203
202
175
135
65
98
103
86
121
254
198
137
-8
-102
-102
-199
-146
-27
15
86
84
41
22
-30
-50
39
-79
-41
-23
60
24
-52
-63
-126
-44
-57
-7
-63
-86
-124
-137
-67
-99
-148
-141
-120
-183
-124
-14
-2
-60
-89
71
75
68
110
86
132
-9
-100
-14
104
95
74
125
236
135
13
-36
-23
-26
-4
85
170
102
31
-79
-101
-49
-124
-129
-56
-26
-6
-23
-39
89
143
85
-129
3
112
-12
-76
4
217
137
32
-86
7
-6
38
-74
42
110
0
-187
-169
-50
-57
-101
-89
-39
1
-93
-193
-33
-56
-109
-51
64
107
-29
-218
-107
120
48
-120
-76
-3
13
-44
25
225
341
103
67
81
86
18
11
19
174
295
83
-12
85
157
243
141
239
245
209
14
-42
61
116
132
109
155
278
183
93
186
193
225
157
201
391
279
137
99
77
154
111
54
113
255
164
96
10
80
90
-34
7
151
170
180
63
38
40
22
9
-59
49
103
132
182
156
149
-11
12
22
3
-42
-48
54
15
42
-64
-72
-53
-50
-11
-82
-45
29
-33
-135
-155
-50
15
-27
-55
13
142
42
16
80
132
-48
-108
-44
58
1
-39
-44
-22
-60
-82
-87
-66
-137
-139
-110
-117
-88
-50
-131
121
254
198
137
-8
-102
-102
-199
-146
-27
15
86
84
41
22
-30
-50
39
-79
-41
-23
60
24
-52
-63
-126
-44
-57
-7
-63
-86
-124
-137
-67
-99
-148
-141
-120
-183
-124
-14
-2
-60
-89
71
75
68
110
86
132
-9
-100
-14
104
95
74
125
236
135
13
-36
-23
-26
-4
85
170
102
31
-79
-101
-49
-124
-129
-56
-26
-6
-23
-39
89
143
85
-129
3
112
-12
-76
4
217
137
32
-86
7
-6
38
-74
42
110
0
-187
-169
-50
-57
-101
-89
-39
1
-93
-193
-33
-56
-109
-51
64
107
-29
-218
-107
120
48
-120
-76
-3
13
-44
25
225
341
103
67
81
86
18
11
19
174
295
83
-12
85
157
243
141
239
245
209
14
-42
61
116
132
109
155
278
183
93
186
193
225
157
201
391
279
137
99
77
154
111
54
113
255
164
96
10
80
90
-34
7
151
170
180
63
38
40
22
9
-59
49
103
132
182
156
149
-11
12
22
3
-42
-48
54
15
42
-64
-72
-53
-50
-11
-82
-45
29
-33
-135
-155
-50
15
-27
-55
13
142
42
16
80
132
-48
-108
-44
58
1
-39
-44
-22
-60
-82
-87
-66
-137
-139
-110
-117
-88
-50
-131
-200
-276
-187
-219
-192
-95
-33
-103
-137
-35
99
64
68
-29
130
241
151
100
139
196
192
88
122
214
182
81
22
68
-16
-45
-123
73
212
158
103
67
6
-25
-114
-52
51
33
111
62
-7
-46
-155
-153
-115
-49
-99
-88
-148
-173
-293
-301
-279
-316
-419
-368
-377
-248
-105
-91
-147
-286
-276
-295
-209
-206
-120
-83
14
67
70
-25
-120
-189
-100
7
-113
-31
70
8
54
-84
-47
-17
21
-133
-131
-148
-128
-47
-14
-58
-14
-58
-107
-29
53
23
-48
54
120
9
-116
-28
45
20
-159
-44
37
56
-144
-104
-24
91
8
53
5
29
30
24
-53
27
6
-82
-172
-166
6
17
55
54
70
63
87
-99
-108
-94
-59
-98
-132
-47
10
-14
-60
-15
-57
-91
9
-55
-93
-247
-287
-181
-99
-48
-101
-58
95
18
-62
-58
-67
-73
-156
-84
95
185
163
-5
127
84
5
71
181
289
101
-39
-7
141
130
8
184
318
129
-54
29
273
253
17
-15
89
158
95
114
324
273
214
165
290
302
175
184
236
151
113
173
386
381
312
351
301
239
279
394
310
147
141
147
150
118
157
200
161
177
357
366
307
101
93
93
97
69
130
191
178
15
-13
-131
-200
-276
-187
-219
-192
-95
-33
-103
-137
-35
99
64
68
-29
130
241
151
100
139
196
192
88
122
214
182
81
22
68
-16
-45
-123
73
212
158
103
67
6
-25
-114
-52
51
33
111
62
-7
-46
-155
-153
-115
-49
-99
-88
-148
-173
-293
-301
-279
-316
-419
-368
-377
-248
-105
-91
-147
-286
-276
-295
-209
-206
-120
-83
14
67
70
-25
-120
-189
-100
7
-113
-31
70
8
54
-84
-47
-17
21
-133
-131
-148
-128
-47
-14
-58
-14
-58
-107
-29
53
23
-48
54
120
9
-116
-28
45
20
-159
-44
37
56
-144
-104
-24
91
8
53
5
29
30
24
-53
27
6
-82
-172
-166
6
17
55
54
70
63
87
-99
-108
-94
-59
-98
-132
-47
10
-14
-60
-15
-57
-91
9
-55
-93
-247
-287
-181
-99
-48
-101
-58
95
18
-62
-58
-67
-73
-156
-84
95
185
163
-5
127
84
5
71
181
289
101
-39
-7
141
130
8
184
318
129
-54
29
273
253
17
-15
89
158
95
114
324
273
214
165
290
302
175
184
236
151
113
173
386
381
312
351
301
239
279
394
310
147
141
147
150
118
157
200
161
177
357
366
307
101
93
93
97
69
130
191
178
15
-13
50
47
-49
-84
90
47
72
76
247
331
93
92
131
278
305
329
353
303
303
177
104
-46
3
119
196
219
199
153
207
80
57
-30
34
108
213
148
108
124
177
97
119
182
249
199
81
85
169
146
194
224
255
170
20
-18
74
204
101
-11
204
240
107
-81
4
188
45
-64
79
186
35
-73
-7
-2
-9
-114
-130
-123
-220
-339
-192
-16
28
-177
-214
-203
-356
-474
-442
-242
-83
-44
-102
-184
-313
-152
-233
-256
-183
119
139
-57
-16
73
43
-107
-41
45
104
45
20
167
199
0
-41
22
69
-32
6
158
284
113
39
38
24
-21
-1
96
153
120
62
84
102
111
193
190
228
309
317
270
193
227
187
311
459
384
410
302
247
174
239
195
127
229
257
228
164
155
141
98
97
122
83
-11
13
23
24
54
-21
-10
52
-7
-20
46
71
71
-30
-68
-54
-110
-101
-35
85
35
-19
92
2
-100
-147
-79
-78
-175
-98
70
42
147
59
-14
-35
39
82
101
160
243
281
169
117
178
106
75
49
56
80
140
65
96
42
34
10
63
102
69
50
-2
-22
-43
-58
-92
25
1
31
16
81
36
12
-10
-7
148
227
215
184
264
-13
50
47
-49
-84
90
47
72
76
247
331
93
92
131
278
305
329
353
303
303
177
104
-46
3
119
196
219
199
153
207
80
57
-30
34
108
213
148
108
124
177
97
119
182
249
199
81
85
169
146
194
224
255
170
20
-18
74
204
101
-11
204
240
107
-81
4
188
45
-64
79
186
35
-73
-7
-2
-9
-114
-130
-123
-220
-339
-192
-16
28
-177
-214
-203
-356
-474
-442
-242
-83
-44
-102
-184
-313
-152
-233
-256
-183
119
139
-57
-16
73
43
-107
-41
45
104
45
20
167
199
0
-41
22
69
-32
6
158
284
113
39
38
24
-21
-1
96
153
120
62
84
102
111
193
190
228
309
317
270
193
227
187
311
459
384
410
302
247
174
239
195
127
229
257
228
164
155
141
98
97
122
83
-11
13
23
24
54
-21
-10
52
-7
-20
46
71
71
-30
-68
-54
-110
-101
-35
85
35
-19
92
2
-100
-147
-79
-78
-175
-98
70
42
147
59
-14
-35
39
82
101
160
243
281
169
117
178
106
75
49
56
80
140
65
96
42
34
10
63
102
69
50
-2
-22
-43
-58
-92
25
1
31
16
81
36
12
-10
-7
148
227
215
184
264
228
146
11
63
102
215
216
197
177
42
-87
-54
-16
82
159
167
105
149
102
-5
-117
-47
-60
-86
-73
-55
71
88
-106
-17
24
58
-64
-95
-50
-24
-26
-14
1
22
49
2
-60
41
104
65
3
-9
14
42
56
151
271
257
134
-6
105
-1
156
113
226
209
105
25
-26
58
121
91
168
59
-7
-47
-69
-27
-72
10
141
124
187
103
34
34
-22
-63
-65
-47
-87
-10
78
130
89
149
98
59
-65
-187
-71
113
103
59
184
134
22
-54
25
59
124
145
80
23
126
122
136
134
117
84
110
166
142
183
155
80
81
77
65
-42
-109
-69
116
35
-28
60
131
83
-50
20
76
29
-70
150
229
190
145
199
139
57
-112
12
39
42
-64
30
144
92
-34
-106
-24
17
-91
-8
5
-82
-186
-138
-31
-78
-90
-106
41
-1
-71
-88
92
82
41
71
156
195
115
136
120
128
75
80
194
192
100
102
193
76
-47
18
98
232
150
109
-12
10
-24
-10
76
145
192
141
-73
-44
-99
-6
-206
-140
-50
-74
-249
-148
-71
-26
-99
-205
-141
-117
-205
-247
-141
24
22
-169
-26
-5
-23
-149
-139
-26
-104
-202
-135
-33
-68
-109
-78
-49
264
228
146
11
63
102
215
216
197
177
42
-87
-54
-16
82
159
167
105
149
102
-5
-117
-47
-60
-86
-73
-55
71
88
-106
-17
24
58
-64
-95
-50
-24
-26
-14
1
22
49
2
-60
41
104
65
3
-9
14
42
56
151
271
257
134
-6
105
-1
156
113
226
209
105
25
-26
58
121
91
168
59
-7
-47
-69
-27
-72
10
141
124
187
103
34
34
-22
-63
-65
-47
-87
-10
78
130
89
149
98
59
-65
-187
-71
113
103
59
184
134
22
-54
25
59
124
145
80
23
126
122
136
134
117
84
110
166
142
183
155
80
81
77
65
-42
-109
-69
116
35
-28
60
131
83
-50
20
76
29
-70
150
229
190
145
199
139
57
-112
12
39
42
-64
30
144
92
-34
-106
-24
17
-91
-8
5
-82
-186
-138
-31
-78
-90
-106
41
-1
-71
-88
92
82
41
71
156
195
115
136
120
128
75
80
194
192
100
102
193
76
-47
18
98
232
150
109
-12
10
-24
-10
76
145
192
141
-73
-44
-99
-6
-206
-140
-50
-74
-249
-148
-71
-26
-99
-205
-141
-117
-205
-247
-141
24
22
-169
-26
-5
-23
-149
-139
-26
-104
-202
-135
-33
-68
-109
-78
-49
-73
-166
-251
-234
-177
-173
-151
-110
-95
-110
-176
-262
-143
-73
-27
-42
-36
-13
-60
-206
-265
-64
-52
-138
-157
45
72
-95
-202
-37
28
-190
-316
-172
36
-76
-277
-40
-52
-61
-153
-130
-2
-77
-175
-182
-43
48
49
55
172
174
150
77
66
138
224
164
93
124
185
197
80
102
89
83
15
26
118
-13
-114
-215
-129
-156
-261
-279
-136
-48
-206
-165
-197
-160
-302
-250
-204
-142
-154
-65
-51
-71
-122
-191
-91
-92
-101
-124
-116
-145
-117
-46
-27
-49
-113
-95
-3
0
-35
-24
31
101
-89
31
225
270
110
126
262
201
103
23
193
190
170
121
215
245
93
-46
54
333
279
185
180
279
92
-94
-32
131
195
40
71
183
117
-47
-89
10
55
180
198
213
246
133
117
36
136
90
110
176
127
55
58
154
190
222
184
183
145
156
130
102
17
100
201
279
186
158
283
330
198
137
306
280
86
34
296
460
339
273
190
313
189
35
125
350
386
183
218
343
314
108
39
52
207
160
125
182
181
39
-51
-40
77
186
211
159
269
372
281
199
178
153
128
29
175
261
302
182
200
202
192
137
209
204
251
139
194
161
189
115
142
137
-49
-73
-166
-251
-234
-177
-173
-151
-110
-95
-110
-176
-262
-143
-73
-27
-42
-36
-13
-60
-206
-265
-64
-52
-138
-157
45
72
-95
-202
-37
28
-190
-316
-172
36
-76
-277
-40
-52
-61
-153
-130
-2
-77
-175
-182
-43
48
49
55
172
174
150
77
66
138
224
164
93
124
185
197
80
102
89
83
15
26
118
-13
-114
-215
-129
-156
-261
-279
-136
-48
-206
-165
-197
-160
-302
-250
-204
-142
-154
-65
-51
-71
-122
-191
-91
-92
-101
-124
-116
-145
-117
-46
-27
-49
-113
-95
-3
0
-35
-24
31
101
-89
31
225
270
110
126
262
201
103
23
193
190
170
121
215
245
93
-46
54
333
279
185
180
279
92
-94
-32
131
195
40
71
183
117
-47
-89
10
55
180
198
213
246
133
117
36
136
90
110
176
127
55
58
154
190
222
184
183
145
156
130
102
17
100
201
279
186
158
283
330
198
137
306
280
86
34
296
460
339
273
190
313
189
35
125
350
386
183
218
343
314
108
39
52
207
160
125
182
181
39
-51
-40
77
186
211
159
269
372
281
199
178
153
128
29
175
261
302
182
200
202
192
137
209
204
251
139
194
161
189
115
142
137
167
124
223
275
210
315
261
187
77
161
187
96
76
221
412
271
210
175
303
239
169
248
297
179
-21
11
42
59
-106
8
96
139
27
-28
56
22
-91
-81
15
71
36
30
18
11
-39
23
30
57
85
73
9
72
133
106
4
40
206
85
174
158
191
-7
-76
-38
13
55
17
81
148
131
195
142
232
49
41
-21
11
219
213
256
65
117
-8
77
133
251
312
256
133
34
45
-22
-3
10
128
245
75
104
61
62
-121
-29
-37
40
28
126
54
-16
-10
89
190
61
63
13
48
86
103
104
45
148
83
-10
-1
25
109
22
19
-21
12
-87
-58
-67
35
26
-66
29
48
-17
-160
-180
-102
6
37
40
105
87
77
19
-80
-97
-9
142
191
105
120
108
124
18
24
124
116
75
83
35
-24
-62
-156
-73
-63
-45
9
113
60
18
9
-80
-198
-379
-300
-229
-310
-229
-142
-177
-226
-323
-157
-179
-236
-289
-143
-94
-133
-121
-123
-148
-111
-146
-151
-118
-11
-46
-127
-55
-91
-98
-26
-44
37
103
146
75
18
0
-22
-49
-46
111
170
190
267
213
203
196
182
73
137
165
184
-66
-76
-25
43
-86
-25
137
157
27
-104
-4
137
167
124
223
275
210
315
261
187
77
161
187
96
76
221
412
271
210
175
303
239
169
248
297
179
-21
11
42
59
-106
8
96
139
27
-28
56
22
-91
-81
15
71
36
30
18
11
-39
23
30
57
85
73
9
72
133
106
4
40
206
85
174
158
191
-7
-76
-38
13
55
17
81
148
131
195
142
232
49
41
-21
11
219
213
256
65
117
-8
77
133
251
312
256
133
34
45
-22
-3
10
128
245
75
104
61
62
-121
-29
-37
40
28
126
54
-16
-10
89
190
61
63
13
48
86
103
104
45
148
83
-10
-1
25
109
22
19
-21
12
-87
-58
-67
35
26
-66
29
48
-17
-160
-180
-102
6
37
40
105
87
77
19
-80
-97
-9
142
191
105
120
108
124
18
24
124
116
75
83
35
-24
-62
-156
-73
-63
-45
9
113
60
18
9
-80
-198
-379
-300
-229
-310
-229
-142
-177
-226
-323
-157
-179
-236
-289
-143
-94
-133
-121
-123
-148
-111
-146
-151
-118
-11
-46
-127
-55
-91
-98
-26
-44
37
103
146
75
18
0
-22
-49
-46
111
170
190
267
213
203
196
182
73
137
165
184
-66
-76
-25
43
-86
-25
137
157
27
-104
-4
12
-37
-90
-105
-104
-109
-93
-35
10
-68
-102
-137
-54
7
-67
-59
-59
-26
-151
-145
-82
-85
-136
-156
-203
-133
-170
-108
0
-54
-96
-40
11
53
1
-73
-47
19
91
125
227
234
303
254
310
233
248
203
158
87
66
117
155
131
158
149
249
131
220
232
265
117
159
230
231
99
58
-38
-31
-56
-17
39
70
35
39
10
-43
-114
-143
-194
-187
-75
-200
-169
-236
-151
-93
21
-220
-175
3
-63
-156
-170
18
-24
-200
-143
-42
-167
-345
-240
-169
-203
-338
-286
-29
-9
-101
-99
-2
-43
-115
-53
-22
-95
-195
23
115
96
-3
10
35
-75
-149
-135
63
55
2
26
38
-173
-288
-239
-164
-143
-278
-150
-135
-38
-154
-202
-212
-213
-229
-249
-10
-139
-138
-100
-56
-98
-254
-184
-55
17
-50
-153
7
36
-100
-220
-214
-45
-85
-217
-110
-37
-82
-237
-283
-89
-157
-152
-115
-41
-123
-237
-224
-106
-87
-78
3
9
-13
-113
-42
-59
-28
-42
36
126
158
112
-58
-109
-133
-227
-282
-295
-233
-182
-208
-191
-128
-100
-181
-141
-70
-32
-123
-82
-2
60
-51
-105
-104
-60
-166
-160
-5
83
4
-29
-77
-131
-178
-197
-100
-60
-31
14
94
83
-56
-131
-36
-36
-29
31
-4
12
-37
-90
-105
-104
-109
-93
-35
10
-68
-102
-137
-54
7
-67
-59
-59
-26
-151
-145
-82
-85
-136
-156
-203
-133
-170
-108
0
-54
-96
-40
11
53
1
-73
-47
19
91
125
227
234
303
254
310
233
248
203
158
87
66
117
155
131
158
149
249
131
220
232
265
117
159
230
231
99
58
-38
-31
-56
-17
39
70
35
39
10
-43
-114
-143
-194
-187
-75
-200
-169
-236
-151
-93
21
-220
-175
3
-63
-156
-170
18
-24
-200
-143
-42
-167
-345
-240
-169
-203
-338
-286
-29
-9
-101
-99
-2
-43
-115
-53
-22
-95
-195
23
115
96
-3
10
35
-75
-149
-135
63
55
2
26
38
-173
-288
-239
-164
-143
-278
-150
-135
-38
-154
-202
-212
-213
-229
-249
-10
-139
-138
-100
-56
-98
-254
-184
-55
17
-50
-153
7
36
-100
-220
-214
-45
-85
-217
-110
-37
-82
-237
-283
-89
-157
-152
-115
-41
-123
-237
-224
-106
-87
-78
3
9
-13
-113
-42
-59
-28
-42
36
126
158
112
-58
-109
-133
-227
-282
-295
-233
-182
-208
-191
-128
-100
-181
-141
-70
-32
-123
-82
-2
60
-51
-105
-104
-60
-166
-160
-5
83
4
-29
-77
-131
-178
-197
-100
-60
-31
14
94
83
-56
-131
-36
-36
-29
31
197
91
30
17
148
118
70
58
107
35
-99
-70
-13
20
-56
87
148
61
-51
-18
-84
-128
-244
-153
-59
17
-18
-55
-21
-147
-124
-133
-195
-161
-149
11
-9
-116
-123
-188
-100
-141
-124
-55
60
18
-97
-158
-90
-32
-14
-117
-34
-21
-33
-64
18
-51
-188
-204
-235
-200
-165
-151
-140
-209
-330
-293
-219
-95
-163
-148
-116
-120
-222
-309
-249
-164
-222
-239
-140
-66
-79
-211
-272
-176
-45
-9
-37
-7
75
25
13
48
71
50
-25
-53
-10
22
51
55
26
13
-54
-44
-56
-52
62
33
-51
47
127
137
33
81
144
142
217
189
322
332
142
86
117
201
105
35
52
19
-20
-98
12
88
62
13
48
152
162
149
136
108
111
83
8
122
119
126
154
160
202
83
0
24
73
83
-1
-7
17
49
37
10
20
90
-54
-88
-126
-43
28
-54
-65
-1
-9
-13
-5
100
83
18
-47
-60
-40
-62
4
79
-58
-112
56
1
-40
-49
-42
-112
-69
-42
10
38
-39
-87
-64
-36
-45
-2
6
3
-63
-45
1
-36
-79
-17
138
107
126
188
335
269
156
228
203
232
135
178
284
221
144
77
108
-11
-11
26
-38
-4
35
81
40
-22
-68
12
62
2
31
197
91
30
17
148
118
70
58
107
35
-99
-70
-13
20
-56
87
148
61
-51
-18
-84
-128
-244
-153
-59
17
-18
-55
-21
-147
-124
-133
-195
-161
-149
11
-9
-116
-123
-188
-100
-141
-124
-55
60
18
-97
-158
-90
-32
-14
-117
-34
-21
-33
-64
18
-51
-188
-204
-235
-200
-165
-151
-140
-209
-330
-293
-219
-95
-163
-148
-116
-120
-222
-309
-249
-164
-222
-239
-140
-66
-79
-211
-272
-176
-45
-9
-37
-7
75
25
13
48
71
50
-25
-53
-10
22
51
55
26
13
-54
-44
-56
-52
62
33
-51
47
127
137
33
81
144
142
217
189
322
332
142
86
117
201
105
35
52
19
-20
-98
12
88
62
13
48
152
162
149
136
108
111
83
8
122
119
126
154
160
202
83
0
24
73
83
-1
-7
17
49
37
10
20
90
-54
-88
-126
-43
28
-54
-65
-1
-9
-13
-5
100
83
18
-47
-60
-40
-62
4
79
-58
-112
56
1
-40
-49
-42
-112
-69
-42
10
38
-39
-87
-64
-36
-45
-2
6
3
-63
-45
1
-36
-79
-17
138
107
126
188
335
269
156
228
203
232
135
178
284
221
144
77
108
-11
-11
26
-38
-4
35
81
40
-22
-68
12
62
2
15
141
233
120
105
207
175
153
21
27
-86
-116
-157
-109
12
-16
-88
-173
-104
-45
-142
-153
-32
86
32
96
76
122
29
-68
69
58
10
28
58
15
-15
-165
-50
-31
18
-80
-175
-173
-230
-315
-248
-130
-44
-154
-85
-52
12
-67
-134
-80
-77
-191
-239
-186
-55
-139
-204
-135
-94
-138
-154
-222
-131
-237
-321
-354
-337
-238
-153
-92
-72
-14
-61
-62
-165
-146
-245
-152
-70
-64
10
-22
-158
-275
-236
-222
-177
-226
-189
-116
-35
-191
-132
33
-92
-181
-200
-95
-189
-183
-114
-19
-83
-157
-153
-44
-162
-245
-47
-15
-25
-93
-53
46
40
75
84
72
61
-117
13
5
17
-3
85
147
99
106
106
115
196
103
136
281
300
278
297
191
122
128
198
170
102
154
158
187
78
166
209
291
145
200
224
133
112
203
379
290
173
225
312
212
166
204
305
266
181
262
297
145
50
211
218
224
207
234
246
236
227
161
204
201
75
55
93
182
137
289
227
193
194
224
288
361
357
407
331
268
221
306
388
369
365
470
432
334
270
275
232
283
310
413
354
346
339
440
417
306
385
461
434
308
281
404
294
139
161
245
140
141
211
264
117
25
2
15
141
233
120
105
207
175
153
21
27
-86
-116
-157
-109
12
-16
-88
-173
-104
-45
-142
-153
-32
86
32
96
76
122
29
-68
69
58
10
28
58
15
-15
-165
-50
-31
18
-80
-175
-173
-230
-315
-248
-130
-44
-154
-85
-52
12
-67
-134
-80
-77
-191
-239
-186
-55
-139
-204
-135
-94
-138
-154
-222
-131
-237
-321
-354
-337
-238
-153
-92
-72
-14
-61
-62
-165
-146
-245
-152
-70
-64
10
-22
-158
-275
-236
-222
-177
-226
-189
-116
-35
-191
-132
33
-92
-181
-200
-95
-189
-183
-114
-19
-83
-157
-153
-44
-162
-245
-47
-15
-25
-93
-53
46
40
75
84
72
61
-117
13
5
17
-3
85
147
99
106
106
115
196
103
136
281
300
278
297
191
122
128
198
170
102
154
158
187
78
166
209
291
145
200
224
133
112
203
379
290
173
225
312
212
166
204
305
266
181
262
297
145
50
211
218
224
207
234
246
236
227
161
204
201
75
55
93
182
137
289
227
193
194
224
288
361
357
407
331
268
221
306
388
369
365
470
432
334
270
275
232
283
310
413
354
346
339
440
417
306
385
461
434
308
281
404
294
139
161
245
140
141
211
264
117
25
124
219
64
-12
189
204
191
41
223
175
68
7
125
222
71
-47
54
95
59
-79
7
75
111
13
45
-79
-151
-142
-67
36
-53
-91
-47
91
61
59
3
99
158
124
75
131
164
102
55
-59
32
42
49
48
-10
-29
33
10
-6
-24
-18
73
98
171
143
122
78
167
36
-33
-51
6
33
-23
-23
-46
-91
-77
-53
-20
-35
-27
-11
17
36
48
31
77
-22
29
157
109
64
144
84
-68
-169
-180
-69
-83
-49
-8
40
48
-174
-207
-237
-195
-237
-217
-22
82
-48
15
-55
-58
-234
-373
-212
-125
-59
-22
-3
-57
-97
-166
-84
-93
-99
-90
-102
-135
-210
-297
-278
-177
-276
-170
-151
-98
-148
-90
-180
-217
-223
-235
-173
-229
-197
-97
-155
-130
-178
-260
-326
-379
-299
-221
-99
-191
-154
-183
-175
-193
-189
-175
-112
-170
-132
-85
-88
-126
-168
-128
-75
-170
-106
-69
3
-128
-160
-220
-182
-237
-285
-290
-303
-236
-232
-71
-141
-177
-192
-231
-165
-341
-276
-313
-188
-226
-177
-147
-19
-7
-16
40
-23
-12
-83
-39
84
-21
-13
46
72
9
-48
-102
-114
-210
-249
-169
-80
-49
-52
-76
-105
-140
-209
-147
-152
-135
-91
-71
-113
-124
-47
-42
-22
-69
-84
-96
-112
-116
25
124
219
64
-12
189
204
191
41
223
175
68
7
125
222
71
-47
54
95
59
-79
7
75
111
13
45
-79
-151
-142
-67
36
-53
-91
-47
91
61
59
3
99
158
124
75
131
164
102
55
-59
32
42
49
48
-10
-29
33
10
-6
-24
-18
73
98
171
143
122
78
167
36
-33
-51
6
33
-23
-23
-46
-91
-77
-53
-20
-35
-27
-11
17
36
48
31
48
-174
-207
77
-22
29
157
109
64
144
84
-68
-169
-180
-69
-83
-49
-8
40
-237
-195
-237
-217
-22
82
-48
15
-55
-58
-234
-373
-212
-125
-59
-22
-3
-57
-97
-166
-84
-93
-99
-90
-102
-135
-210
-297
-278
-177
-276
-170
-151
-98
-148
-90
-180
-217
-223
-235
-173
-229
-197
-97
-155
-130
-178
-260
-326
-379
-299
-221
-99
-191
-154
-183
-175
-193
-189
-175
-112
-170
-132
-85
-88
-126
-168
-128
-75
-170
-106
-69
3
-128
-160
-220
-182
-237
-285
-290
-303
-236
-232
-71
-141
-177
-192
-231
-165
-341
-276
-313
-188
-226
-177
-147
-19
-7
-16
40
-23
-12
-83
-39
84
-21
-13
46
72
9
-48
-102
-114
-210
-249
-169
-80
-49
-52
-76
-105
-140
-209
-147
-152
-135
-91
-71
-113
-124
-47
-42
-22
-69
-84
-96
-112
-116
23
-38
-123
-211
-136
-93
-124
-24
-35
-31
-137
31
-58
-113
-77
20
-10
-85
-11
-32
-33
-166
-127
-205
-168
-127
-40
-35
-11
-138
-119
-160
-89
-202
-93
-21
-93
-103
-130
-210
-199
-241
-176
-132
-199
-152
-174
-60
-188
-218
-271
-185
-76
-125
-111
-78
7
-72
-80
47
25
88
-11
-19
14
25
-50
58
34
28
-75
36
40
-9
-8
34
168
63
-34
36
88
109
95
1
98
-48
-74
-2
-79
36
33
146
115
20
5
-36
-61
-154
-28
-34
-8
147
200
61
-7
-24
45
-33
-39
-37
11
61
-32
-39
-99
-190
-192
-201
-42
-93
-185
-188
-151
-165
-261
-173
-33
-23
-80
27
-49
-50
-20
-61
-30
-79
-126
-25
-36
-81
-110
-56
-97
-54
10
70
46
137
79
159
72
-78
-15
150
34
-40
89
280
150
67
114
224
188
126
210
195
114
100
158
162
78
50
32
167
182
-22
28
49
75
74
36
156
162
181
135
151
165
220
155
192
259
218
206
194
126
201
54
112
201
245
179
190
243
227
214
159
142
48
126
100
148
146
145
54
-4
40
-58
-72
-82
54
36
4
61
58
-49
-183
-123
-100
-68
15
81
12
42
-78
-98
-153
-141
14
19
-95
-116
23
-38
-123
-211
-136
-93
-124
-24
-35
-31
-137
31
-58
-113
-77
20
-10
-85
-11
-32
-33
-166
-127
-205
-168
-127
-40
-35
-11
-138
-119
-160
-89
-202
-93
-21
-93
-103
-130
-210
-199
-241
-176
-132
-199
-152
-174
-60
-188
-218
-271
-185
-76
-125
-111
-78
7
-72
-80
47
25
88
-11
-19
14
25
-50
58
34
28
-75
36
40
-9
-8
34
168
63
-34
36
88
109
95
1
98
-48
-74
-2
-79
36
33
146
115
20
5
-36
-61
-154
-28
-34
-8
147
200
61
-7
-24
45
-33
-39
-37
11
61
-32
-39
-99
-190
-192
-201
-42
-93
-185
-188
-151
-165
-261
-173
-33
-23
-80
27
-49
-50
-20
-61
-30
-79
-126
-25
-36
-81
-110
-56
-97
-54
10
70
46
137
79
159
72
-78
-15
150
34
-40
89
280
150
67
114
224
188
126
210
195
114
100
158
162
78
50
32
167
182
-22
28
49
75
74
36
156
162
181
135
151
165
220
155
192
259
218
206
194
126
201
54
112
201
245
179
190
243
227
214
159
142
48
126
100
148
146
145
54
-4
40
-58
-72
-82
54
36
4
61
58
-49
-183
-123
-100
-68
15
81
12
42
-78
-98
-153
-141
14
19
-95
-119
-74
-124
-177
-82
-62
-107
-208
-212
-89
-93
-168
-59
-57
-67
-154
-187
-83
31
-97
-37
-20
27
-146
-117
-42
15
-94
-51
-1
33
-50
-50
16
76
19
49
43
-38
-53
1
61
-6
-35
-52
73
-9
-41
4
-66
-18
-33
-4
-19
16
28
-5
13
12
-92
-154
-151
-78
-66
34
68
95
28
-72
-131
-117
-59
-100
1
32
61
77
87
-13
-48
30
-38
18
108
152
72
-24
58
-57
-37
-19
91
100
23
-8
111
19
-59
-52
-91
-146
-142
-51
-29
-68
-60
-139
-160
-206
-244
-187
-70
-54
-92
-57
28
10
-17
10
14
21
-114
-19
66
-65
-22
-29
169
93
63
166
201
161
4
88
154
127
36
142
117
56
-3
-9
68
36
-110
-110
-87
-174
-107
-66
-107
-38
-170
-229
-275
-281
-258
-182
-93
-33
-63
-162
-252
-257
-167
-214
-154
-28
-16
-113
-229
-178
-293
-229
-171
-136
-167
-149
-117
-184
-177
-381
-432
-312
-161
-225
-246
-289
-317
-343
-261
-210
-246
-383
-337
-236
-244
-292
-236
-199
-250
-297
-277
-134
-139
-139
-220
-220
-203
-272
-316
-146
-44
-116
-196
-92
7
-135
-182
-209
-94
-132
-160
-84
-40
-145
-164
-220
-186
-303
-361
-308
-237
-174
-266
-321
-249
-268
-287
-95
-119
-74
-124
-177
-82
-62
-107
-208
-212
-89
-93
-168
-59
-57
-67
-154
-187
-83
31
-97
-37
-20
27
-146
-117
-42
15
-94
-51
-1
33
-50
-50
16
76
19
49
43
-38
-53
1
61
-6
-35
-52
73
-9
-41
4
-66
-18
-33
-4
-19
16
28
-5
13
12
-92
-154
-151
-78
-66
34
68
95
28
-72
-131
-117
-59
-100
1
32
61
77
87
-13
-48
30
-38
18
108
152
72
-24
58
-57
-37
-19
91
100
23
-8
111
19
-59
-52
-91
-146
-142
-51
-29
-68
-60
-139
-160
-206
-244
-187
-70
-54
-92
-57
28
10
-17
10
14
21
-114
-19
66
-65
-22
-29
169
93
63
166
201
161
4
88
154
127
36
142
117
56
-3
-9
68
36
-110
-110
-87
-174
-107
-66
-107
-38
-170
-229
-275
-281
-258
-182
-93
-33
-63
-162
-252
-257
-167
-214
-154
-28
-16
-113
-229
-178
-293
-229
-171
-136
-167
-149
-117
-184
-177
-381
-432
-312
-161
-225
-246
-289
-317
-343
-261
-210
-246
-383
-337
-236
-244
-292
-236
-199
-250
-297
-277
-134
-139
-139
-220
-220
-203
-272
-316
-146
-44
-116
-196
-92
7
-135
-182
-209
-94
-132
-160
-84
-40
-145
-164
-220
-186
-303
-361
-308
-237
-174
-266
-321
-249
-268
-287
-165
-137
-179
-254
-265
-182
-146
-206
-204
-17
-22
-60
-125
-52
-25
-89
-144
-144
-173
-86
-118
-17
-38
-26
-24
-73
-76
-161
-158
-73
-36
-33
35
39
-168
-230
-182
-107
-77
-45
67
-33
-94
-122
-181
-221
-157
-138
-2
35
-8
25
15
-10
-96
-195
-153
-92
-86
-111
-125
-120
-73
-11
35
-5
-127
-117
-112
-117
-129
-142
-152
-132
-139
-45
52
-44
-36
16
-1
-2
0
48
48
-27
-26
120
110
48
-74
-30
-113
-159
-130
-25
8
-108
-63
-73
-134
-68
-6
30
49
-14
-33
-16
-72
-59
28
32
61
25
-27
30
-47
-39
64
111
156
0
-49
-35
-20
-60
15
61
48
-33
22
15
-17
33
-22
110
69
50
74
160
65
137
117
127
130
112
95
103
100
156
98
107
169
114
179
42
65
39
47
88
20
103
85
-11
60
-36
2
-57
-41
6
119
122
83
-63
12
-48
-73
-67
-13
56
84
92
60
-4
79
88
182
233
153
119
186
224
113
187
104
63
-2
67
-24
21
77
-5
41
-37
23
29
42
-8
-38
-3
90
29
7
-1
15
25
129
164
138
112
86
76
-6
30
103
152
140
98
100
6
50
42
73
105
67
73
63
94
73
99
-287
-165
-137
-179
-254
-265
-182
-146
-206
-204
-17
-22
-60
-125
-52
-25
-89
-144
-144
-173
-86
-118
-17
-38
-26
-24
-73
-76
-161
-158
-73
-36
-33
35
39
-168
-230
-182
-107
-77
-45
67
-33
-94
-122
-181
-221
-157
-138
-2
35
-8
25
15
-10
-96
-195
-153
-92
-86
-111
-125
-120
-73
-11
35
-5
-127
-117
-112
-117
-129
-142
-152
-132
-139
-45
52
-44
-36
16
-1
-2
0
48
48
-27
-26
120
110
48
-74
-30
-113
-159
-130
-25
8
-108
-63
-73
-134
-68
-6
30
49
-14
-33
-16
-72
-59
28
32
61
25
-27
30
-47
-39
64
111
156
0
-49
-35
-20
-60
15
61
48
-33
22
15
-17
33
-22
110
69
50
74
160
65
137
117
127
130
112
95
103
100
156
98
107
169
114
179
42
65
39
47
88
20
103
85
-11
60
-36
2
-57
-41
6
119
122
83
-63
12
-48
-73
-67
-13
56
84
92
60
-4
79
88
182
233
153
119
186
224
113
187
104
63
-2
67
-24
21
77
-5
41
-37
23
29
42
-8
-38
-3
90
29
7
-1
15
25
129
164
138
112
86
76
-6
30
103
152
140
98
100
6
50
42
73
105
67
73
63
94
73
99
-21
50
52
-13
-53
3
56
6
-5
-97
-131
-203
-172
-61
-47
-90
-135
-137
-166
-197
-178
-90
-95
4
-53
-8
-71
-118
-150
-217
-193
-127
-61
-33
-51
-50
-136
-53
-79
-93
-116
-96
9
-12
-45
-85
-7
10
-44
-98
-25
-11
-74
-107
-47
33
39
83
179
136
107
114
-24
-11
-4
-19
0
53
60
26
-60
70
122
45
6
78
-8
-19
-195
-65
32
26
-32
-32
63
94
17
-9
54
-47
-85
-98
-106
-179
-110
-96
-98
-147
-152
-134
-85
-140
-81
-82
6
-9
-11
-66
-13
-42
-28
-70
-67
-12
27
46
72
78
58
46
4
49
58
75
88
92
34
-51
58
-3
0
-35
-82
-47
-53
-32
-24
-12
-8
-41
25
-20
-42
-30
-59
-37
-26
28
-26
14
-81
7
-63
-57
-91
-159
-39
-47
26
115
73
22
-9
-90
-150
-128
-12
40
47
-49
57
60
44
-30
-28
-23
-106
-49
-14
-58
-24
-15
73
-2
-36
-55
88
-8
-102
-133
-12
-87
-41
-39
-72
-72
-108
-69
-64
-95
-119
-97
-7
-29
-81
-1
-93
-155
-244
-137
-92
-58
-85
-60
-117
-264
-254
-168
-118
-143
-111
-85
-61
-103
-191
-119
-128
-146
-161
-62
12
-21
23
26
-14
27
39
-28
11
-66
99
-21
50
52
-13
-53
3
56
6
-5
-97
-131
-203
-172
-61
-47
-90
-135
-137
-166
-197
-178
-90
-95
4
-53
-8
-71
-118
-150
-217
-193
-127
-61
-33
-51
-50
-136
-53
-79
-93
-116
-96
9
-12
-45
-85
-7
10
-44
-98
-25
-11
-74
-107
-47
33
39
83
179
136
107
114
-24
-11
-4
-19
0
53
60
26
-60
70
122
45
6
78
-8
-19
-195
-65
32
26
-32
-32
63
94
17
-9
54
-47
-85
-98
-106
-179
-110
-96
-98
-147
-152
-134
-85
-140
-81
-82
6
-9
-11
-66
-13
-42
-28
-70
-67
-12
27
46
72
78
58
46
4
49
58
75
88
92
34
-51
58
-3
0
-35
-82
-47
-53
-32
-24
-12
-8
-41
25
-20
-42
-30
-59
-37
-26
28
-26
14
-81
7
-63
-57
-91
-159
-39
-47
26
115
73
22
-9
-90
-150
-128
-12
40
47
-49
57
60
44
-30
-28
-23
-106
-49
-14
-58
-24
-15
73
-2
-36
-55
88
-8
-102
-133
-12
-87
-41
-39
-72
-72
-108
-69
-64
-95
-119
-97
-7
-29
-81
-1
-93
-155
-244
-137
-92
-58
-85
-60
-117
-264
-254
-168
-118
-143
-111
-85
-61
-103
-191
-119
-128
-146
-161
-62
12
-21
23
26
-14
27
39
-28
11
-66
101
81
106
3
28
25
9
70
91
64
4
-29
25
14
32
-22
-11
-36
-172
-122
-96
-88
-56
-95
-45
-48
-95
-59
-101
-61
-69
-77
-28
-28
-36
-60
-94
-50
-134
-123
-133
-211
-183
-160
-53
-65
-49
-9
21
39
-72
57
36
-58
-49
-19
4
70
0
29
15
-8
-90
-97
-30
-117
-147
-98
-18
-37
-74
-27
-127
-119
-272
-301
-184
-195
-148
-100
-84
-109
-94
-108
-136
-343
-269
-261
-300
-250
-259
-143
-131
-210
-259
-318
-341
-304
-220
-262
-177
-208
-115
-224
-215
-205
-198
-214
-160
-279
-194
-249
-236
-279
-270
-210
-258
-250
-323
-328
-394
-372
-246
-213
-218
-279
-244
-218
-232
-346
-185
-110
-126
-252
-171
-58
-109
-153
-84
-115
-70
-161
-143
-201
-236
-247
-224
-142
-213
-197
-202
-249
-255
-324
-291
-162
-145
-166
-93
-101
-209
-223
-205
-288
-288
-232
-154
-131
-165
-137
-133
-182
-287
-307
-237
-242
-286
-319
-194
-200
-281
-245
-199
-206
-254
-279
-172
-215
-241
-151
-149
-166
-210
-161
-203
-217
-260
-210
-150
-192
-222
-206
-217
-199
-189
-162
-221
-285
-240
-219
-236
-251
-196
-131
-146
-87
-213
-176
-63
-191
-150
-61
55
52
-59
-2
-41
-56
-8
106
146
96
118
159
132
54
41
55
1
-3
-66
101
81
106
3
28
25
9
70
91
64
4
-29
25
14
32
-22
-11
-36
-172
-122
-96
-88
-56
-95
-45
-48
-95
-59
-101
-61
-69
-77
-28
-28
-36
-60
-94
-50
-134
-123
-133
-211
-183
-160
-53
-65
-49
-9
21
39
-72
57
36
-58
-49
-19
4
70
0
29
15
-8
-90
-97
-30
-117
-147
-98
-18
-37
-74
-27
-127
-119
-272
-301
-184
-195
-148
-100
-84
-109
-94
-108
-136
-343
-269
-261
-300
-250
-259
-143
-131
-210
-259
-318
-341
-304
-220
-262
-177
-208
-115
-224
-215
-205
-198
-214
-160
-279
-194
-249
-236
-279
-270
-210
-258
-250
-323
-328
-394
-372
-246
-213
-218
-279
-244
-218
-232
-346
-185
-110
-126
-252
-171
-58
-109
-153
-84
-115
-70
-161
-143
-201
-236
-247
-224
-142
-213
-197
-202
-249
-255
-324
-291
-162
-145
-166
-93
-101
-209
-223
-205
-288
-288
-232
-154
-131
-165
-137
-133
-182
-287
-307
-237
-242
-286
