// 'ehe', 240x240px
 const unsigned short int epd_bitmap_ehe []  = {
	0xc613, 0xce13, 0xce13, 0xce12, 0xcdf1, 0xcdf1, 0xcdf1, 0xd612, 0xd612, 0xd632, 0xd632, 0xd632, 0xd632, 0xde52, 0xde52, 0xe693, 
	0xe6b4, 0xe6b4, 0xe6b5, 0xe6b4, 0xe6b4, 0xe6b4, 0xe6b4, 0xe6b4, 0xe6b4, 0xe6b4, 0xe6b4, 0xe6d4, 0xe6b5, 0xe6b5, 0xe6b5, 0xe6b4, 
	0xde93, 0xde93, 0xde73, 0xde73, 0xde73, 0xde72, 0xde72, 0xde72, 0xde52, 0xde52, 0xde52, 0xde52, 0xde52, 0xde52, 0xde52, 0xd631, 
	0xd631, 0xd611, 0xd611, 0xd611, 0xd610, 0xd610, 0xd610, 0xd610, 0xd610, 0xd610, 0xd610, 0xde10, 0xd610, 0xd610, 0xd630, 0xce0f, 
	0xce0f, 0xcdce, 0xcdcd, 0xcdcd, 0xcded, 0xcdee, 0xcdee, 0xd62f, 0xde50, 0xde50, 0xde72, 0xe693, 0xe693, 0xe6b3, 0xe6b4, 0xe6b4, 
	0xe6b5, 0xeeb5, 0xde51, 0xde51, 0xd5cd, 0xd5cc, 0xd5cc, 0xd5cc, 0xddcc, 0xddcc, 0xddcc, 0xdded, 0xdded, 0xdded, 0xddec, 0xddec, 
	0xddec, 0xdded, 0xdded, 0xde0e, 0xddf1, 0xddf1, 0xc591, 0xbd71, 0xbd71, 0xc5b3, 0xce15, 0xce15, 0xce15, 0xd635, 0xd656, 0xd656, 
	0xd657, 0xd677, 0xd677, 0xde98, 0xe6fa, 0xe6fa, 0xe73c, 0xef5c, 0xef5c, 0xef5d, 0xef5d, 0xef5d, 0xef5d, 0xef5d, 0xef5d, 0xef5d, 
	0xef5d, 0xef5d, 0xef5d, 0xef5d, 0xef5d, 0xef5d, 0xef5d, 0xef5d, 0xef5d, 0xef5d, 0xef5d, 0xef5d, 0xef5d, 0xef5d, 0xef5d, 0xef5d, 
	0xef5d, 0xef5d, 0xef5d, 0xef5d, 0xef5d, 0xef5d, 0xef7d, 0xef7d, 0xef7d, 0xef7d, 0xef7d, 0xef5d, 0xef5d, 0xef5d, 0xef5d, 0xef5d, 
	0xef5d, 0xef5d, 0xef5d, 0xef5d, 0xef5d, 0xef7d, 0xef7d, 0xef7d, 0xef7d, 0xef7d, 0xef7d, 0xef7d, 0xef7d, 0xef7d, 0xef5d, 0xef5d, 
	0xef5d, 0xef7d, 0xef7d, 0xef7d, 0xef5d, 0xef5d, 0xef5d, 0xef5d, 0xef5d, 0xef5d, 0xef5d, 0xef5d, 0xef5d, 0xef5d, 0xef5d, 0xef5d, 
	0xef5d, 0xef5d, 0xef5d, 0xef5d, 0xef5d, 0xef5d, 0xef5d, 0xef5d, 0xef5d, 0xef5d, 0xef5d, 0xef5d, 0xef5d, 0xef5d, 0xef5d, 0xef5d, 
	0xef5d, 0xef5d, 0xef5d, 0xef5d, 0xef5d, 0xef5d, 0xef5d, 0xef5d, 0xef5d, 0xef5d, 0xef5d, 0xef5d, 0xef5d, 0xef5c, 0xef5c, 0xef5c, 
	0xef5c, 0xef5c, 0xef5c, 0xef5d, 0xef5d, 0xef5d, 0xef5c, 0xef5c, 0xef5c, 0xef5c, 0xef5c, 0xef5c, 0xef5c, 0xef5c, 0xef5c, 0xef5c, 
	0xc613, 0xce13, 0xce13, 0xce12, 0xcdf1, 0xcdf1, 0xcdf1, 0xd612, 0xd612, 0xd632, 0xd632, 0xd632, 0xd632, 0xde52, 0xde52, 0xe693, 
	0xe6b4, 0xe6b4, 0xe6b5, 0xe6b4, 0xe6b4, 0xe6b4, 0xe6b4, 0xe6b4, 0xe6b4, 0xe6b4, 0xe6b4, 0xe6d4, 0xe6b5, 0xe6b5, 0xe6b5, 0xe6b4, 
	0xde93, 0xde93, 0xde73, 0xde73, 0xde73, 0xde72, 0xde72, 0xde72, 0xde52, 0xde52, 0xde52, 0xde52, 0xde52, 0xde52, 0xde52, 0xd631, 
	0xd631, 0xd611, 0xd611, 0xd611, 0xd610, 0xd610, 0xd610, 0xd610, 0xd610, 0xd610, 0xd610, 0xde10, 0xd610, 0xd610, 0xd630, 0xce0f, 
	0xce0f, 0xcdce, 0xcdcd, 0xcdcd, 0xcded, 0xcdee, 0xcdee, 0xd62f, 0xde50, 0xde50, 0xde72, 0xe693, 0xe693, 0xe6b3, 0xe6b4, 0xe6b4, 
	0xe6b5, 0xeeb5, 0xde51, 0xde51, 0xd5cd, 0xd5cc, 0xd5cc, 0xd5cc, 0xddcc, 0xddcc, 0xddcc, 0xdded, 0xdded, 0xdded, 0xddec, 0xddec, 
	0xddec, 0xdded, 0xdded, 0xde0e, 0xddf1, 0xddf1, 0xc591, 0xbd71, 0xbd71, 0xc5b3, 0xce15, 0xce15, 0xce15, 0xd635, 0xd656, 0xd656, 
	0xd657, 0xd677, 0xd677, 0xde98, 0xe6fa, 0xe6fa, 0xe73c, 0xef5c, 0xef5c, 0xef5d, 0xef5d, 0xef5d, 0xef5d, 0xef5d, 0xef5d, 0xef5d, 
	0xef5d, 0xef5d, 0xef5d, 0xef5d, 0xef5d, 0xef5d, 0xef5d, 0xef5d, 0xef5d, 0xef5d, 0xef5d, 0xef5d, 0xef5d, 0xef5d, 0xef5d, 0xef5d, 
	0xef5d, 0xef5d, 0xef5d, 0xef5d, 0xef5d, 0xef5d, 0xef7d, 0xef7d, 0xef7d, 0xef7d, 0xef7d, 0xef5d, 0xef5d, 0xef5d, 0xef5d, 0xef5d, 
	0xef5d, 0xef5d, 0xef5d, 0xef5d, 0xef5d, 0xef7d, 0xef7d, 0xef7d, 0xef7d, 0xef7d, 0xef7d, 0xef7d, 0xef7d, 0xef7d, 0xef5d, 0xef5d, 
	0xef5d, 0xef7d, 0xef7d, 0xef7d, 0xef5d, 0xef5d, 0xef5d, 0xef5d, 0xef5d, 0xef5d, 0xef5d, 0xef5d, 0xef5d, 0xef5d, 0xef5d, 0xef5d, 
	0xef5d, 0xef5d, 0xef5d, 0xef5d, 0xef5d, 0xef5d, 0xef5d, 0xef5d, 0xef5d, 0xef5d, 0xef5d, 0xef5d, 0xef5d, 0xef5d, 0xef5d, 0xef5d, 
	0xef5d, 0xef5d, 0xef5d, 0xef5d, 0xef5d, 0xef5d, 0xef5d, 0xef5d, 0xef5d, 0xef5d, 0xef5d, 0xef5d, 0xef5d, 0xef5c, 0xef5c, 0xef5c, 
	0xef5c, 0xef5c, 0xef5c, 0xef5d, 0xef5d, 0xef5d, 0xef5c, 0xef5c, 0xef5c, 0xef5c, 0xef5c, 0xef5c, 0xef5c, 0xef5c, 0xef5c, 0xef5c, 
	0xc612, 0xc612, 0xc612, 0xc5d1, 0xc5d0, 0xc5d0, 0xcdd0, 0xcdf1, 0xcdf1, 0xcdf1, 0xcdd0, 0xcdd0, 0xcdd1, 0xd632, 0xd632, 0xde73, 
	0xe694, 0xe694, 0xe6b4, 0xe6b4, 0xe6b4, 0xe6b4, 0xe6b4, 0xe6b4, 0xe6b4, 0xe6b4, 0xe6b4, 0xe6b4, 0xe6b4, 0xe6b4, 0xe6b4, 0xe694, 
	0xde73, 0xde73, 0xde73, 0xde72, 0xde72, 0xde52, 0xde52, 0xde52, 0xde52, 0xde52, 0xde52, 0xd631, 0xd631, 0xd631, 0xd631, 0xd631, 
	0xd631, 0xd610, 0xd610, 0xd610, 0xd610, 0xd610, 0xd610, 0xd610, 0xd610, 0xd610, 0xd610, 0xd610, 0xd610, 0xd610, 0xd610, 0xce0f, 
	0xce0f, 0xd5ee, 0xd5ee, 0xd5ee, 0xd5ed, 0xd60f, 0xd60f, 0xd630, 0xde51, 0xde51, 0xde72, 0xe693, 0xe693, 0xe693, 0xe693, 0xe693, 
	0xde93, 0xe673, 0xd60f, 0xd60f, 0xcd8c, 0xd5aa, 0xd5aa, 0xd5ab, 0xddcc, 0xddcc, 0xddec, 0xddcc, 0xddcc, 0xddcc, 0xddec, 0xddec, 
	0xddcc, 0xdded, 0xdded, 0xe60f, 0xe611, 0xe611, 0xcdb1, 0xc591, 0xc591, 0xc5b2, 0xcdf4, 0xce15, 0xce15, 0xd635, 0xd656, 0xd656, 
	0xd657, 0xd677, 0xd677, 0xde98, 0xe6fa, 0xe6fa, 0xe73c, 0xef5c, 0xef5c, 0xef5d, 0xef5d, 0xef5d, 0xef5d, 0xef5d, 0xef5d, 0xef5d, 
	0xef5d, 0xef5d, 0xef5d, 0xef5d, 0xef5d, 0xef5d, 0xef5d, 0xef5d, 0xef5d, 0xef5d, 0xef5d, 0xef5d, 0xef5d, 0xef5d, 0xef5d, 0xef5d, 
	0xef5d, 0xef5d, 0xef5d, 0xef5d, 0xef5d, 0xef5d, 0xef7d, 0xef7d, 0xef7d, 0xef7d, 0xef7d, 0xef5d, 0xef5d, 0xef5d, 0xef5d, 0xef5d, 
	0xef5d, 0xef5d, 0xef5d, 0xef5d, 0xef5d, 0xef7d, 0xef7d, 0xef7d, 0xef7d, 0xef7d, 0xef7d, 0xef7d, 0xef7d, 0xef7d, 0xef5d, 0xef5d, 
	0xef5d, 0xef7d, 0xef7d, 0xef7d, 0xef5d, 0xef5d, 0xef5d, 0xef5d, 0xef5d, 0xef5d, 0xef5d, 0xef5d, 0xef5d, 0xef5d, 0xef5d, 0xef5d, 
	0xef5d, 0xef5d, 0xef5d, 0xef5d, 0xef5d, 0xef5d, 0xef5d, 0xef5d, 0xef5d, 0xef5d, 0xef5d, 0xef5d, 0xef5d, 0xef5d, 0xef5d, 0xef5d, 
	0xef5d, 0xef5d, 0xef5d, 0xef5d, 0xef5d, 0xef5d, 0xef5d, 0xef5d, 0xef5d, 0xef5d, 0xef5d, 0xef5d, 0xef5d, 0xef5c, 0xef5c, 0xef5c, 
	0xef5c, 0xef5c, 0xef5c, 0xef5c, 0xef5c, 0xef5c, 0xef5c, 0xef5c, 0xef5c, 0xef5c, 0xef5c, 0xef5c, 0xef5c, 0xef5c, 0xef5c, 0xef5c, 
	0xc612, 0xc612, 0xc612, 0xc5d1, 0xc5d0, 0xc5d0, 0xcdd0, 0xcdf1, 0xcdf1, 0xcdf1, 0xcdd0, 0xcdd0, 0xcdd1, 0xd632, 0xd632, 0xde73, 
	0xe694, 0xe694, 0xe6b4, 0xe6b4, 0xe6b4, 0xe6b4, 0xe6b4, 0xe6b4, 0xe6b4, 0xe6b4, 0xe6b4, 0xe6b4, 0xe6b4, 0xe6b4, 0xe6b4, 0xe694, 
	0xde73, 0xde73, 0xde73, 0xde72, 0xde72, 0xde52, 0xde52, 0xde52, 0xde52, 0xde52, 0xde52, 0xd631, 0xd631, 0xd631, 0xd631, 0xd631, 
	0xd631, 0xd610, 0xd610, 0xd610, 0xd610, 0xd610, 0xd610, 0xd610, 0xd610, 0xd610, 0xd610, 0xd610, 0xd610, 0xd610, 0xd610, 0xce0f, 
	0xce0f, 0xd5ee, 0xd5ee, 0xd5ee, 0xd5ed, 0xd60f, 0xd60f, 0xd630, 0xde51, 0xde51, 0xde72, 0xe693, 0xe693, 0xe693, 0xe693, 0xe693, 
	0xde93, 0xe673, 0xd60f, 0xd60f, 0xcd8c, 0xd5aa, 0xd5aa, 0xd5ab, 0xddcc, 0xddcc, 0xddec, 0xddcc, 0xddcc, 0xddcc, 0xddec, 0xddec, 
	0xddcc, 0xdded, 0xdded, 0xe60f, 0xe611, 0xe611, 0xcdb1, 0xc591, 0xc591, 0xc5b2, 0xcdf4, 0xce15, 0xce15, 0xd635, 0xd656, 0xd656, 
	0xd657, 0xd677, 0xd677, 0xde98, 0xe6fa, 0xe6fa, 0xe73c, 0xef5c, 0xef5c, 0xef5d, 0xef5d, 0xef5d, 0xef5d, 0xef5d, 0xef5d, 0xef5d, 
	0xef5d, 0xef5d, 0xef5d, 0xef5d, 0xef5d, 0xef5d, 0xef5d, 0xef5d, 0xef5d, 0xef5d, 0xef5d, 0xef5d, 0xef5d, 0xef5d, 0xef5d, 0xef5d, 
	0xef5d, 0xef5d, 0xef5d, 0xef5d, 0xef5d, 0xef5d, 0xef7d, 0xef7d, 0xef7d, 0xef7d, 0xef7d, 0xef5d, 0xef5d, 0xef5d, 0xef5d, 0xef5d, 
	0xef5d, 0xef5d, 0xef5d, 0xef5d, 0xef5d, 0xef7d, 0xef7d, 0xef7d, 0xef7d, 0xef7d, 0xef7d, 0xef7d, 0xef7d, 0xef7d, 0xef5d, 0xef5d, 
	0xef5d, 0xef7d, 0xef7d, 0xef7d, 0xef5d, 0xef5d, 0xef5d, 0xef5d, 0xef5d, 0xef5d, 0xef5d, 0xef5d, 0xef5d, 0xef5d, 0xef5d, 0xef5d, 
	0xef5d, 0xef5d, 0xef5d, 0xef5d, 0xef5d, 0xef5d, 0xef5d, 0xef5d, 0xef5d, 0xef5d, 0xef5d, 0xef5d, 0xef5d, 0xef5d, 0xef5d, 0xef5d, 
	0xef5d, 0xef5d, 0xef5d, 0xef5d, 0xef5d, 0xef5d, 0xef5d, 0xef5d, 0xef5d, 0xef5d, 0xef5d, 0xef5d, 0xef5d, 0xef5c, 0xef5c, 0xef5c, 
	0xef5c, 0xef5c, 0xef5c, 0xef5c, 0xef5c, 0xef5c, 0xef5c, 0xef5c, 0xef5c, 0xef5c, 0xef5c, 0xef5c, 0xef5c, 0xef5c, 0xef5c, 0xef5c, 
	0xc612, 0xc5f2, 0xc5f2, 0xbdb0, 0xbd8f, 0xbd8f, 0xc58f, 0xc590, 0xc590, 0xc590, 0xc58f, 0xc58f, 0xc5b0, 0xd611, 0xd611, 0xde52, 
	0xe693, 0xe693, 0xe694, 0xe6b4, 0xe6b4, 0xe6b4, 0xe6b4, 0xe6b4, 0xe693, 0xe693, 0xe693, 0xe693, 0xe694, 0xde94, 0xde94, 0xde73, 
	0xde52, 0xde52, 0xde52, 0xde52, 0xde52, 0xde52, 0xd632, 0xd632, 0xd632, 0xd611, 0xd611, 0xd611, 0xd630, 0xd630, 0xd630, 0xd610, 
	0xd610, 0xd60f, 0xd60f, 0xd60f, 0xd610, 0xd610, 0xd610, 0xd610, 0xd610, 0xd610, 0xd610, 0xde10, 0xd611, 0xd611, 0xd631, 0xd62f, 
	0xd62f, 0xd60f, 0xd60f, 0xd60f, 0xd60f, 0xd610, 0xd610, 0xde51, 0xde52, 0xde52, 0xde73, 0xe693, 0xe693, 0xe693, 0xde92, 0xde92, 
	0xde73, 0xde72, 0xd5ee, 0xd5ee, 0xcd6a, 0xd58a, 0xd58a, 0xd5ab, 0xddec, 0xddec, 0xddec, 0xddcc, 0xddcc, 0xddcb, 0xddcc, 0xddcc, 
	0xddcc, 0xdded, 0xdded, 0xe610, 0xe611, 0xe611, 0xde11, 0xcdd1, 0xcdd1, 0xcdd3, 0xcdf4, 0xce15, 0xce15, 0xd635, 0xd656, 0xd656, 
	0xd657, 0xd677, 0xd677, 0xde98, 0xe6fa, 0xe6fa, 0xe73c, 0xef5c, 0xef5c, 0xef5d, 0xef5d, 0xef5d, 0xef5d, 0xef5d, 0xef5d, 0xef5d, 
	0xef5d, 0xef5d, 0xef5d, 0xef5d, 0xef5d, 0xef5d, 0xef5d, 0xef5d, 0xef5d, 0xef5d, 0xef5d, 0xef5d, 0xef5d, 0xef5d, 0xef5d, 0xef5d, 
	0xef5d, 0xef5d, 0xef5d, 0xef5d, 0xef5d, 0xef5d, 0xef7d, 0xef7d, 0xef7d, 0xef7d, 0xef7d, 0xef5d, 0xef5d, 0xef5d, 0xef5d, 0xef5d, 
	0xef5d, 0xef5d, 0xef5d, 0xef5d, 0xef5d, 0xef7d, 0xef7d, 0xef7d, 0xef7d, 0xef7d, 0xef7d, 0xef7d, 0xef7d, 0xef7d, 0xef5d, 0xef5d, 
	0xef5d, 0xef7d, 0xef7d, 0xef7d, 0xef5d, 0xef5d, 0xef5d, 0xef5d, 0xef5d, 0xef5d, 0xef5d, 0xef5d, 0xef5d, 0xef5d, 0xef5d, 0xef5d, 
	0xef5d, 0xef5d, 0xef5d, 0xef5d, 0xef5d, 0xef5d, 0xef5d, 0xef5d, 0xef5d, 0xef5d, 0xef5d, 0xef5d, 0xef5d, 0xef5d, 0xef5d, 0xef5d, 
	0xef5d, 0xef5d, 0xef5d, 0xef5d, 0xef5d, 0xef5d, 0xef5d, 0xef5d, 0xef5d, 0xef5d, 0xef5d, 0xef5d, 0xef5d, 0xef5c, 0xef5c, 0xef5c, 
	0xef5c, 0xef5c, 0xef5c, 0xef5c, 0xef5c, 0xef5c, 0xef5c, 0xef5c, 0xef5c, 0xef5c, 0xe75c, 0xe75c, 0xe73c, 0xe73c, 0xe73c, 0xef5c, 
	0xce12, 0xc612, 0xc612, 0xc5d0, 0xc58f, 0xc58f, 0xc58f, 0xbd6f, 0xbd6f, 0xbd6e, 0xbd6e, 0xbd6e, 0xc5af, 0xcdf0, 0xcdf0, 0xd631, 
	0xde52, 0xde52, 0xde73, 0xe693, 0xe693, 0xe694, 0xde73, 0xde73, 0xde73, 0xde73, 0xde73, 0xde73, 0xde53, 0xde53, 0xde53, 0xd652, 
	0xd632, 0xd632, 0xd631, 0xd631, 0xd631, 0xd631, 0xd631, 0xd631, 0xd631, 0xd611, 0xd611, 0xd611, 0xd610, 0xd610, 0xd610, 0xd60f, 
	0xd60f, 0xd60f, 0xd60f, 0xd60f, 0xd60f, 0xd610, 0xd610, 0xd610, 0xd610, 0xd610, 0xd610, 0xde10, 0xd611, 0xd611, 0xd631, 0xd631, 
	0xd631, 0xde30, 0xde30, 0xde30, 0xde30, 0xde11, 0xde11, 0xde51, 0xde52, 0xde52, 0xde72, 0xde73, 0xde73, 0xde92, 0xd671, 0xd671, 
	0xde72, 0xde51, 0xd5cd, 0xd5cd, 0xcd8a, 0xd58b, 0xd58b, 0xd5ab, 0xddec, 0xddec, 0xddec, 0xddcb, 0xddcb, 0xddcb, 0xddcc, 0xddcc, 
	0xd5cc, 0xddee, 0xddee, 0xe610, 0xd5b0, 0xd5b0, 0xd58e, 0xcd8f, 0xcd8f, 0xd5f2, 0xd614, 0xd615, 0xd615, 0xd656, 0xd656, 0xd656, 
	0xd656, 0xd676, 0xd676, 0xde98, 0xe6da, 0xe6da, 0xe73c, 0xef5d, 0xef5d, 0xef5d, 0xef5d, 0xef5d, 0xef5d, 0xef5d, 0xef5d, 0xef5d, 
	0xef5d, 0xef5d, 0xef5d, 0xef5d, 0xef5d, 0xef5d, 0xef5d, 0xef5d, 0xef5d, 0xef7d, 0xef7d, 0xef7d, 0xef7d, 0xef5d, 0xef5d, 0xef5d, 
	0xef5d, 0xef5d, 0xef5d, 0xef7d, 0xef7d, 0xef7d, 0xef7d, 0xef7d, 0xef7d, 0xef7d, 0xef7d, 0xef7d, 0xef5d, 0xef5d, 0xef5d, 0xef5d, 
	0xef5d, 0xef5d, 0xef5d, 0xef5d, 0xef5d, 0xef5d, 0xef5d, 0xef5d, 0xef7d, 0xef7e, 0xef7e, 0xef7d, 0xef7d, 0xef7d, 0xef7d, 0xef7d, 
	0xef7d, 0xef5d, 0xef5d, 0xef5d, 0xef5d, 0xef5d, 0xef5d, 0xef5d, 0xef5d, 0xef5d, 0xef5d, 0xef5d, 0xef5d, 0xef5d, 0xef5d, 0xef5d, 
	0xef5d, 0xef5d, 0xef5d, 0xef5d, 0xef5d, 0xef5d, 0xef5d, 0xef5d, 0xef5d, 0xef5d, 0xef5d, 0xef5d, 0xef5d, 0xef5d, 0xef5d, 0xef5d, 
	0xef5d, 0xef5d, 0xef5d, 0xef5d, 0xef5d, 0xef5d, 0xef5d, 0xef5d, 0xef5c, 0xef5c, 0xef5c, 0xef5d, 0xef5d, 0xef5c, 0xef5c, 0xef5c, 
	0xef5c, 0xef5d, 0xef5d, 0xef5c, 0xe73c, 0xe73c, 0xe73c, 0xe73c, 0xe73c, 0xe73c, 0xe73c, 0xe73c, 0xe73c, 0xe73c, 0xe73c, 0xe75c, 
	0xce12, 0xc612, 0xc612, 0xc5d0, 0xc58f, 0xc58f, 0xc58f, 0xbd6f, 0xbd6f, 0xbd6e, 0xbd6e, 0xbd6e, 0xc5af, 0xcdf0, 0xcdf0, 0xd631, 
	0xde52, 0xde52, 0xde73, 0xe693, 0xe693, 0xe694, 0xde73, 0xde73, 0xde73, 0xde73, 0xde73, 0xde73, 0xde53, 0xde53, 0xde53, 0xd652, 
	0xd632, 0xd632, 0xd631, 0xd631, 0xd631, 0xd631, 0xd631, 0xd631, 0xd631, 0xd611, 0xd611, 0xd611, 0xd610, 0xd610, 0xd610, 0xd60f, 
	0xd60f, 0xd60f, 0xd60f, 0xd60f, 0xd60f, 0xd610, 0xd610, 0xd610, 0xd610, 0xd610, 0xd610, 0xde10, 0xd611, 0xd611, 0xd631, 0xd631, 
	0xd631, 0xde30, 0xde30, 0xde30, 0xde30, 0xde11, 0xde11, 0xde51, 0xde52, 0xde52, 0xde72, 0xde73, 0xde73, 0xde92, 0xd671, 0xd671, 
	0xde72, 0xde51, 0xd5cd, 0xd5cd, 0xcd8a, 0xd58b, 0xd58b, 0xd5ab, 0xddec, 0xddec, 0xddec, 0xddcb, 0xddcb, 0xddcb, 0xddcc, 0xddcc, 
	0xd5cc, 0xddee, 0xddee, 0xe610, 0xd5b0, 0xd5b0, 0xd58e, 0xcd8f, 0xcd8f, 0xd5f2, 0xd614, 0xd615, 0xd615, 0xd656, 0xd656, 0xd656, 
	0xd656, 0xd676, 0xd676, 0xde98, 0xe6da, 0xe6da, 0xe73c, 0xef5d, 0xef5d, 0xef5d, 0xef5d, 0xef5d, 0xef5d, 0xef5d, 0xef5d, 0xef5d, 
	0xef5d, 0xef5d, 0xef5d, 0xef5d, 0xef5d, 0xef5d, 0xef5d, 0xef5d, 0xef5d, 0xef7d, 0xef7d, 0xef7d, 0xef7d, 0xef5d, 0xef5d, 0xef5d, 
	0xef5d, 0xef5d, 0xef5d, 0xef7d, 0xef7d, 0xef7d, 0xef7d, 0xef7d, 0xef7d, 0xef7d, 0xef7d, 0xef7d, 0xef5d, 0xef5d, 0xef5d, 0xef5d, 
	0xef5d, 0xef5d, 0xef5d, 0xef5d, 0xef5d, 0xef5d, 0xef5d, 0xef5d, 0xef7d, 0xef7e, 0xef7e, 0xef7d, 0xef7d, 0xef7d, 0xef7d, 0xef7d, 
	0xef7d, 0xef5d, 0xef5d, 0xef5d, 0xef5d, 0xef5d, 0xef5d, 0xef5d, 0xef5d, 0xef5d, 0xef5d, 0xef5d, 0xef5d, 0xef5d, 0xef5d, 0xef5d, 
	0xef5d, 0xef5d, 0xef5d, 0xef5d, 0xef5d, 0xef5d, 0xef5d, 0xef5d, 0xef5d, 0xef5d, 0xef5d, 0xef5d, 0xef5d, 0xef5d, 0xef5d, 0xef5d, 
	0xef5d, 0xef5d, 0xef5d, 0xef5d, 0xef5d, 0xef5d, 0xef5d, 0xef5d, 0xef5c, 0xef5c, 0xef5c, 0xef5d, 0xef5d, 0xef5c, 0xef5c, 0xef5c, 
	0xef5c, 0xef5d, 0xef5d, 0xef5c, 0xe73c, 0xe73c, 0xe73c, 0xe73c, 0xe73c, 0xe73c, 0xe73c, 0xe73c, 0xe73c, 0xe73c, 0xe73c, 0xe75c, 
	0xce12, 0xce32, 0xce32, 0xce11, 0xcdd0, 0xcdd0, 0xc58f, 0xbd6e, 0xbd6e, 0xbd6e, 0xbd6f, 0xbd6f, 0xc58f, 0xc5af, 0xc5af, 0xcdd0, 
	0xcdf1, 0xcdf1, 0xd632, 0xde53, 0xde53, 0xde73, 0xde73, 0xde73, 0xde53, 0xd632, 0xd632, 0xd632, 0xd632, 0xd632, 0xd632, 0xd632, 
	0xd632, 0xd632, 0xd631, 0xd630, 0xd630, 0xd610, 0xd610, 0xd610, 0xd610, 0xd610, 0xd610, 0xd611, 0xd611, 0xd611, 0xd610, 0xd60f, 
	0xd60f, 0xd60f, 0xd60f, 0xd60f, 0xd610, 0xd610, 0xd610, 0xd610, 0xde30, 0xd610, 0xd610, 0xd610, 0xd610, 0xd610, 0xd631, 0xde51, 
	0xde51, 0xde31, 0xde30, 0xde30, 0xde31, 0xde31, 0xde31, 0xde51, 0xde52, 0xde52, 0xde72, 0xde71, 0xde71, 0xde50, 0xd60f, 0xd60f, 
	0xd631, 0xd611, 0xcd8d, 0xcd8d, 0xcd8b, 0xd5cc, 0xd5cc, 0xdded, 0xdded, 0xdded, 0xdded, 0xd5cc, 0xd5cc, 0xddec, 0xde0d, 0xde0d, 
	0xde0f, 0xe631, 0xe631, 0xe5f1, 0xd56f, 0xd56f, 0xcd4d, 0xc54d, 0xc54d, 0xcdb0, 0xd613, 0xd615, 0xd615, 0xd656, 0xd656, 0xd656, 
	0xd656, 0xd676, 0xd676, 0xde98, 0xe6fb, 0xe6fb, 0xe73c, 0xef5d, 0xef5d, 0xef5d, 0xef5d, 0xef5d, 0xef5d, 0xef5d, 0xef5d, 0xef5d, 
	0xef5d, 0xef5d, 0xef5d, 0xef5d, 0xef5d, 0xef7d, 0xef7d, 0xef7d, 0xef7d, 0xef7d, 0xef7d, 0xef7d, 0xef7d, 0xef5d, 0xef5d, 0xef5d, 
	0xef5d, 0xef5d, 0xef5d, 0xef5d, 0xef5d, 0xef5d, 0xef7d, 0xef7d, 0xef7d, 0xef7d, 0xef7d, 0xef7d, 0xef5d, 0xef5d, 0xef5d, 0xef5d, 
	0xef5d, 0xef5d, 0xef5d, 0xef5d, 0xef5d, 0xef5d, 0xef5d, 0xef5d, 0xef7d, 0xef7d, 0xef7d, 0xef7c, 0xef7c, 0xef7c, 0xef7c, 0xe77c, 
	0xe77c, 0xef5d, 0xef5d, 0xef5d, 0xef5d, 0xef5d, 0xef5d, 0xef5d, 0xef5d, 0xef5d, 0xef5d, 0xef5d, 0xef5d, 0xef5d, 0xef5d, 0xef5d, 
	0xef5d, 0xef5d, 0xef5d, 0xef5d, 0xef5d, 0xef5d, 0xef5d, 0xef5d, 0xef5d, 0xef5d, 0xef5d, 0xef5d, 0xef5d, 0xef5d, 0xef5d, 0xef5d, 
	0xef5d, 0xef5d, 0xef5d, 0xef5d, 0xef5d, 0xef5c, 0xef5c, 0xef5c, 0xef5d, 0xef5d, 0xef5d, 0xef5d, 0xef5d, 0xef5c, 0xef5c, 0xef5c, 
	0xef5c, 0xef5d, 0xef5d, 0xef5c, 0xe75c, 0xe75c, 0xe75c, 0xe75c, 0xe75c, 0xe75c, 0xe73c, 0xe73c, 0xe73c, 0xe73c, 0xe73c, 0xe75c, 
	0xce12, 0xce32, 0xce32, 0xce11, 0xcdd0, 0xcdd0, 0xc58f, 0xbd6e, 0xbd6e, 0xbd6e, 0xbd6f, 0xbd6f, 0xc58f, 0xc5af, 0xc5af, 0xcdd0, 
	0xcdf1, 0xcdf1, 0xd632, 0xde53, 0xde53, 0xde73, 0xde73, 0xde73, 0xde53, 0xd632, 0xd632, 0xd632, 0xd632, 0xd632, 0xd632, 0xd632, 
	0xd632, 0xd632, 0xd631, 0xd630, 0xd630, 0xd610, 0xd610, 0xd610, 0xd610, 0xd610, 0xd610, 0xd611, 0xd611, 0xd611, 0xd610, 0xd60f, 
	0xd60f, 0xd60f, 0xd60f, 0xd60f, 0xd610, 0xd610, 0xd610, 0xd610, 0xde30, 0xd610, 0xd610, 0xd610, 0xd610, 0xd610, 0xd631, 0xde51, 
	0xde51, 0xde31, 0xde30, 0xde30, 0xde31, 0xde31, 0xde31, 0xde51, 0xde52, 0xde52, 0xde72, 0xde71, 0xde71, 0xde50, 0xd60f, 0xd60f, 
	0xd631, 0xd611, 0xcd8d, 0xcd8d, 0xcd8b, 0xd5cc, 0xd5cc, 0xdded, 0xdded, 0xdded, 0xdded, 0xd5cc, 0xd5cc, 0xddec, 0xde0d, 0xde0d, 
	0xde0f, 0xe631, 0xe631, 0xe5f1, 0xd56f, 0xd56f, 0xcd4d, 0xc54d, 0xc54d, 0xcdb0, 0xd613, 0xd615, 0xd615, 0xd656, 0xd656, 0xd656, 
	0xd656, 0xd676, 0xd676, 0xde98, 0xe6fb, 0xe6fb, 0xe73c, 0xef5d, 0xef5d, 0xef5d, 0xef5d, 0xef5d, 0xef5d, 0xef5d, 0xef5d, 0xef5d, 
	0xef5d, 0xef5d, 0xef5d, 0xef5d, 0xef5d, 0xef7d, 0xef7d, 0xef7d, 0xef7d, 0xef7d, 0xef7d, 0xef7d, 0xef7d, 0xef5d, 0xef5d, 0xef5d, 
	0xef5d, 0xef5d, 0xef5d, 0xef5d, 0xef5d, 0xef5d, 0xef7d, 0xef7d, 0xef7d, 0xef7d, 0xef7d, 0xef7d, 0xef5d, 0xef5d, 0xef5d, 0xef5d, 
	0xef5d, 0xef5d, 0xef5d, 0xef5d, 0xef5d, 0xef5d, 0xef5d, 0xef5d, 0xef7d, 0xef7d, 0xef7d, 0xef7c, 0xef7c, 0xef7c, 0xef7c, 0xe77c, 
	0xe77c, 0xef5d, 0xef5d, 0xef5d, 0xef5d, 0xef5d, 0xef5d, 0xef5d, 0xef5d, 0xef5d, 0xef5d, 0xef5d, 0xef5d, 0xef5d, 0xef5d, 0xef5d, 
	0xef5d, 0xef5d, 0xef5d, 0xef5d, 0xef5d, 0xef5d, 0xef5d, 0xef5d, 0xef5d, 0xef5d, 0xef5d, 0xef5d, 0xef5d, 0xef5d, 0xef5d, 0xef5d, 
	0xef5d, 0xef5d, 0xef5d, 0xef5d, 0xef5d, 0xef5c, 0xef5c, 0xef5c, 0xef5d, 0xef5d, 0xef5d, 0xef5d, 0xef5d, 0xef5c, 0xef5c, 0xef5c, 
	0xef5c, 0xef5d, 0xef5d, 0xef5c, 0xe75c, 0xe75c, 0xe75c, 0xe75c, 0xe75c, 0xe75c, 0xe73c, 0xe73c, 0xe73c, 0xe73c, 0xe73c, 0xe75c, 
	0xce12, 0xce32, 0xce32, 0xce12, 0xcdf0, 0xcdf0, 0xc58f, 0xbd6e, 0xbd6e, 0xbd6e, 0xbd4e, 0xbd4e, 0xbd4e, 0xbd4e, 0xbd4e, 0xbd6e, 
	0xc58f, 0xc58f, 0xcdb0, 0xd611, 0xd611, 0xd632, 0xd632, 0xd632, 0xd632, 0xd632, 0xd632, 0xd612, 0xd612, 0xd612, 0xd612, 0xd612, 
	0xce11, 0xce11, 0xd611, 0xd610, 0xd610, 0xd60f, 0xd60f, 0xd60f, 0xd60f, 0xd610, 0xd610, 0xd612, 0xd611, 0xd611, 0xd611, 0xd610, 
	0xd610, 0xd60f, 0xd60f, 0xd60f, 0xd610, 0xd610, 0xd610, 0xd610, 0xde30, 0xd610, 0xd610, 0xd610, 0xd611, 0xd611, 0xd631, 0xde52, 
	0xde52, 0xde31, 0xde30, 0xde30, 0xde30, 0xde31, 0xde31, 0xde51, 0xde51, 0xde51, 0xde51, 0xde50, 0xde50, 0xd60e, 0xcdee, 0xcdee, 
	0xd631, 0xde31, 0xcdae, 0xcdae, 0xd5ed, 0xde2e, 0xde2e, 0xde4f, 0xde2e, 0xde2e, 0xde2e, 0xe64e, 0xe64e, 0xee8f, 0xeeb1, 0xeeb1, 
	0xeeb3, 0xee73, 0xee73, 0xe612, 0xddb0, 0xddb0, 0xc50c, 0xbccb, 0xbccb, 0xc52d, 0xcdf2, 0xd634, 0xd634, 0xd656, 0xd656, 0xd656, 
	0xd656, 0xd677, 0xd677, 0xdeb8, 0xe6fb, 0xe6fb, 0xe73c, 0xef5d, 0xef5d, 0xef5d, 0xef5d, 0xef5d, 0xef5d, 0xef5d, 0xef5d, 0xef5d, 
	0xef5d, 0xef5d, 0xef5d, 0xef5d, 0xef5d, 0xef7d, 0xef7d, 0xef7d, 0xef7d, 0xef7d, 0xef7d, 0xef7d, 0xef7d, 0xef5d, 0xef5d, 0xef5d, 
	0xef5d, 0xef5d, 0xef5d, 0xef5d, 0xef5d, 0xef5d, 0xef7d, 0xef7d, 0xef7d, 0xef7d, 0xef7d, 0xef7d, 0xef5d, 0xef5d, 0xef5d, 0xef5d, 
	0xef5d, 0xef5d, 0xef5d, 0xef5d, 0xef5d, 0xef5d, 0xef5d, 0xef5d, 0xef5c, 0xf77b, 0xf77b, 0xf77b, 0xef5b, 0xef5b, 0xf75b, 0xf75c, 
	0xf75c, 0xef5d, 0xef5d, 0xef5d, 0xef5d, 0xef5d, 0xef5d, 0xef5d, 0xef5d, 0xef5d, 0xef5d, 0xef5d, 0xef5d, 0xef5d, 0xef5d, 0xef5d, 
	0xef5d, 0xef5d, 0xef5d, 0xef5d, 0xef5d, 0xef5d, 0xef5d, 0xef5d, 0xef5d, 0xef5d, 0xef5d, 0xef5d, 0xef5d, 0xef5d, 0xef5d, 0xef5d, 
	0xef5d, 0xef5d, 0xef5d, 0xef5d, 0xef5d, 0xef5c, 0xef5c, 0xef5c, 0xef5d, 0xef5d, 0xef5d, 0xef5d, 0xef5d, 0xef5c, 0xef5c, 0xef5c, 
	0xef5c, 0xef5d, 0xef5d, 0xef5c, 0xef5c, 0xef5c, 0xef5c, 0xef5c, 0xef5c, 0xef5c, 0xef5c, 0xef5c, 0xef5c, 0xef5c, 0xef5c, 0xe75c, 
	0xce12, 0xce32, 0xce32, 0xce12, 0xcdf0, 0xcdf0, 0xc58f, 0xbd6e, 0xbd6e, 0xbd6e, 0xbd4e, 0xbd4e, 0xbd4e, 0xbd4e, 0xbd4e, 0xbd6e, 
	0xc58f, 0xc58f, 0xcdb0, 0xd611, 0xd611, 0xd632, 0xd632, 0xd632, 0xd632, 0xd632, 0xd632, 0xd612, 0xd612, 0xd612, 0xd612, 0xd612, 
	0xce11, 0xce11, 0xd611, 0xd610, 0xd610, 0xd60f, 0xd60f, 0xd60f, 0xd60f, 0xd610, 0xd610, 0xd612, 0xd611, 0xd611, 0xd611, 0xd610, 
	0xd610, 0xd60f, 0xd60f, 0xd60f, 0xd610, 0xd610, 0xd610, 0xd610, 0xde30, 0xd610, 0xd610, 0xd610, 0xd611, 0xd611, 0xd631, 0xde52, 
	0xde52, 0xde31, 0xde30, 0xde30, 0xde30, 0xde31, 0xde31, 0xde51, 0xde51, 0xde51, 0xde51, 0xde50, 0xde50, 0xd60e, 0xcdee, 0xcdee, 
	0xd631, 0xde31, 0xcdae, 0xcdae, 0xd5ed, 0xde2e, 0xde2e, 0xde4f, 0xde2e, 0xde2e, 0xde2e, 0xe64e, 0xe64e, 0xee8f, 0xeeb1, 0xeeb1, 
	0xeeb3, 0xee73, 0xee73, 0xe612, 0xddb0, 0xddb0, 0xc50c, 0xbccb, 0xbccb, 0xc52d, 0xcdf2, 0xd634, 0xd634, 0xd656, 0xd656, 0xd656, 
	0xd656, 0xd677, 0xd677, 0xdeb8, 0xe6fb, 0xe6fb, 0xe73c, 0xef5d, 0xef5d, 0xef5d, 0xef5d, 0xef5d, 0xef5d, 0xef5d, 0xef5d, 0xef5d, 
	0xef5d, 0xef5d, 0xef5d, 0xef5d, 0xef5d, 0xef7d, 0xef7d, 0xef7d, 0xef7d, 0xef7d, 0xef7d, 0xef7d, 0xef7d, 0xef5d, 0xef5d, 0xef5d, 
	0xef5d, 0xef5d, 0xef5d, 0xef5d, 0xef5d, 0xef5d, 0xef7d, 0xef7d, 0xef7d, 0xef7d, 0xef7d, 0xef7d, 0xef5d, 0xef5d, 0xef5d, 0xef5d, 
	0xef5d, 0xef5d, 0xef5d, 0xef5d, 0xef5d, 0xef5d, 0xef5d, 0xef5d, 0xef5c, 0xf77b, 0xf77b, 0xf77b, 0xef5b, 0xef5b, 0xf75b, 0xf75c, 
	0xf75c, 0xef5d, 0xef5d, 0xef5d, 0xef5d, 0xef5d, 0xef5d, 0xef5d, 0xef5d, 0xef5d, 0xef5d, 0xef5d, 0xef5d, 0xef5d, 0xef5d, 0xef5d, 
	0xef5d, 0xef5d, 0xef5d, 0xef5d, 0xef5d, 0xef5d, 0xef5d, 0xef5d, 0xef5d, 0xef5d, 0xef5d, 0xef5d, 0xef5d, 0xef5d, 0xef5d, 0xef5d, 
	0xef5d, 0xef5d, 0xef5d, 0xef5d, 0xef5d, 0xef5c, 0xef5c, 0xef5c, 0xef5d, 0xef5d, 0xef5d, 0xef5d, 0xef5d, 0xef5c, 0xef5c, 0xef5c, 
	0xef5c, 0xef5d, 0xef5d, 0xef5c, 0xef5c, 0xef5c, 0xef5c, 0xef5c, 0xef5c, 0xef5c, 0xef5c, 0xef5c, 0xef5c, 0xef5c, 0xef5c, 0xe75c, 
	0xce12, 0xce12, 0xce12, 0xcdf2, 0xc5b0, 0xc5b0, 0xc58f, 0xbd6e, 0xbd6e, 0xbd6d, 0xbd4c, 0xbd4c, 0xb52c, 0xbd4c, 0xbd4c, 0xbd4c, 
	0xbd4d, 0xbd4d, 0xc58e, 0xcdcf, 0xcdcf, 0xd5f1, 0xd612, 0xd612, 0xd611, 0xd611, 0xd611, 0xcdf1, 0xcdf1, 0xcdf0, 0xcdf0, 0xce10, 
	0xcdf0, 0xcdf0, 0xcdf0, 0xd5ef, 0xd5ef, 0xd60f, 0xd60f, 0xd60f, 0xd60f, 0xce10, 0xce10, 0xd611, 0xd611, 0xd611, 0xd611, 0xd610, 
	0xd610, 0xd630, 0xd62f, 0xd62f, 0xd62f, 0xd62f, 0xd62f, 0xd62f, 0xde30, 0xde30, 0xde30, 0xde30, 0xde31, 0xde31, 0xde11, 0xde31, 
	0xde31, 0xde30, 0xd60f, 0xd60f, 0xd60f, 0xd60f, 0xd60f, 0xde50, 0xde50, 0xde50, 0xde30, 0xd62f, 0xd62f, 0xd5ed, 0xcdce, 0xcdce, 
	0xde31, 0xde52, 0xd610, 0xd610, 0xde51, 0xeeb0, 0xeeb0, 0xee90, 0xe670, 0xe670, 0xeeb1, 0xeed1, 0xeed1, 0xf712, 0xf713, 0xf713, 
	0xf715, 0xe6b4, 0xe6b4, 0xe653, 0xddb0, 0xddb0, 0xcd0c, 0xbc8a, 0xbc8a, 0xbc8b, 0xcd8f, 0xd634, 0xd634, 0xd636, 0xd657, 0xd657, 
	0xd656, 0xd677, 0xd677, 0xdeb9, 0xe6fb, 0xe6fb, 0xe73c, 0xef5d, 0xef5d, 0xef5d, 0xef5d, 0xef5d, 0xef5d, 0xef5d, 0xef5d, 0xef5d, 
	0xef5d, 0xef5d, 0xef5d, 0xef5d, 0xef5d, 0xef5d, 0xef5d, 0xef5d, 0xef5d, 0xef7d, 0xef7d, 0xef7d, 0xef5d, 0xef5d, 0xef5d, 0xef7d, 
	0xef7d, 0xef7d, 0xef5d, 0xef5d, 0xef5d, 0xef5d, 0xef5d, 0xef5d, 0xef7d, 0xef7e, 0xef7e, 0xef7e, 0xef7d, 0xef7d, 0xef5d, 0xef5d, 
	0xef5d, 0xef5d, 0xf77d, 0xef5d, 0xef5d, 0xef5c, 0xef5b, 0xef5b, 0xef19, 0xe6b7, 0xe6b7, 0xde56, 0xde54, 0xde54, 0xde55, 0xef18, 
	0xef18, 0xf77b, 0xf77d, 0xf77d, 0xef5d, 0xef5d, 0xef5d, 0xef5d, 0xef5d, 0xef5d, 0xef5d, 0xef5d, 0xef5d, 0xef5d, 0xef5d, 0xef5d, 
	0xef5d, 0xef5d, 0xef5d, 0xef5d, 0xef5d, 0xef5d, 0xef5d, 0xef5d, 0xef5d, 0xef5d, 0xef5d, 0xef5d, 0xef5d, 0xef5d, 0xef5d, 0xef5d, 
	0xef5d, 0xef5d, 0xef5d, 0xef5d, 0xef5d, 0xef5c, 0xef5c, 0xef5d, 0xef5c, 0xef5c, 0xef5c, 0xef5c, 0xef5c, 0xef5c, 0xef5c, 0xef5c, 
	0xef5c, 0xef5c, 0xef5c, 0xef5c, 0xef5c, 0xef5c, 0xef5c, 0xef5c, 0xef5c, 0xef5c, 0xef5d, 0xef5d, 0xef5c, 0xef5c, 0xef5c, 0xef5c, 
	0xbdb0, 0xbd8f, 0xbd8f, 0xbd8f, 0xbd6e, 0xbd6e, 0xbd6e, 0xbd4e, 0xbd4e, 0xb52d, 0xb52c, 0xb52c, 0xb52b, 0xb52b, 0xb52b, 0xb52b, 
	0xb52c, 0xb52c, 0xbd4d, 0xc5ae, 0xc5ae, 0xcdf0, 0xce10, 0xce10, 0xce10, 0xd610, 0xd610, 0xcdf0, 0xcdf0, 0xcdf0, 0xcdf0, 0xcdef, 
	0xcdef, 0xcdef, 0xcdef, 0xcdef, 0xcdef, 0xd5ef, 0xd5ef, 0xd5ef, 0xce0f, 0xce0f, 0xce0f, 0xcdf0, 0xd611, 0xd611, 0xd611, 0xd631, 
	0xd631, 0xd630, 0xd62f, 0xd62f, 0xd62f, 0xd62f, 0xd62f, 0xd62f, 0xd610, 0xde30, 0xde30, 0xde30, 0xde30, 0xde30, 0xd611, 0xd610, 
	0xd610, 0xd60e, 0xd60d, 0xd60d, 0xd60d, 0xd62e, 0xd62e, 0xde2f, 0xde30, 0xde30, 0xd62f, 0xd60e, 0xd60e, 0xd5ac, 0xcdce, 0xcdce, 
	0xde31, 0xde52, 0xe672, 0xe672, 0xeeb2, 0xeed2, 0xeed2, 0xeeb0, 0xeeb1, 0xeeb1, 0xf6f2, 0xf733, 0xf733, 0xff34, 0xff55, 0xff55, 
	0xf736, 0xe6d5, 0xe6d5, 0xde33, 0xd56f, 0xd56f, 0xc4cb, 0xbc69, 0xbc69, 0xb429, 0xc52d, 0xd613, 0xd613, 0xd636, 0xd657, 0xd657, 
	0xd677, 0xd677, 0xd677, 0xdeb9, 0xe71b, 0xe71b, 0xe73c, 0xef5d, 0xef5d, 0xef5d, 0xef5d, 0xef5d, 0xef5d, 0xef5d, 0xef5d, 0xef5d, 
	0xef5d, 0xef5d, 0xef5d, 0xef5d, 0xef5d, 0xef5d, 0xef5d, 0xef5d, 0xef5d, 0xef5d, 0xef5d, 0xef5d, 0xef5d, 0xef5d, 0xef5d, 0xef5d, 
	0xef5d, 0xef5d, 0xef5d, 0xef5d, 0xef5d, 0xef5d, 0xef5d, 0xef5d, 0xef7d, 0xef7e, 0xef7e, 0xef7e, 0xef7d, 0xef7d, 0xef5d, 0xef5d, 
	0xef5d, 0xef5d, 0xef7c, 0xef7c, 0xef7c, 0xef3a, 0xdeb7, 0xdeb7, 0xd634, 0xcdd1, 0xcdd1, 0xcd6f, 0xc54e, 0xc54e, 0xbcee, 0xd5d2, 
	0xd5d2, 0xef19, 0xf75c, 0xf75c, 0xef5d, 0xef5d, 0xef5d, 0xef5d, 0xef5d, 0xef5d, 0xef5d, 0xef5d, 0xef7d, 0xef7d, 0xef5d, 0xef5d, 
	0xef5d, 0xef5d, 0xef5d, 0xef5d, 0xef5d, 0xef5d, 0xef5d, 0xef5d, 0xef5d, 0xef5d, 0xef5d, 0xef5d, 0xef5d, 0xef5d, 0xef5d, 0xef5d, 
	0xef5d, 0xef5d, 0xef5d, 0xef5d, 0xef5d, 0xef5d, 0xef5d, 0xef5d, 0xef5d, 0xef5d, 0xef5c, 0xef5c, 0xef5c, 0xef5c, 0xef5c, 0xef5c, 
	0xef5c, 0xef5c, 0xef5c, 0xef5c, 0xef5c, 0xef5c, 0xef5c, 0xef5c, 0xef5c, 0xef5c, 0xef5c, 0xef5c, 0xef5c, 0xef5c, 0xef5c, 0xe75c, 
	0xbdb0, 0xbd8f, 0xbd8f, 0xbd8f, 0xbd6e, 0xbd6e, 0xbd6e, 0xbd4e, 0xbd4e, 0xb52d, 0xb52c, 0xb52c, 0xb52b, 0xb52b, 0xb52b, 0xb52b, 
	0xb52c, 0xb52c, 0xbd4d, 0xc5ae, 0xc5ae, 0xcdf0, 0xce10, 0xce10, 0xce10, 0xd610, 0xd610, 0xcdf0, 0xcdf0, 0xcdf0, 0xcdf0, 0xcdef, 
	0xcdef, 0xcdef, 0xcdef, 0xcdef, 0xcdef, 0xd5ef, 0xd5ef, 0xd5ef, 0xce0f, 0xce0f, 0xce0f, 0xcdf0, 0xd611, 0xd611, 0xd611, 0xd631, 
	0xd631, 0xd630, 0xd62f, 0xd62f, 0xd62f, 0xd62f, 0xd62f, 0xd62f, 0xd610, 0xde30, 0xde30, 0xde30, 0xde30, 0xde30, 0xd611, 0xd610, 
	0xd610, 0xd60e, 0xd60d, 0xd60d, 0xd60d, 0xd62e, 0xd62e, 0xde2f, 0xde30, 0xde30, 0xd62f, 0xd60e, 0xd60e, 0xd5ac, 0xcdce, 0xcdce, 
	0xde31, 0xde52, 0xe672, 0xe672, 0xeeb2, 0xeed2, 0xeed2, 0xeeb0, 0xeeb1, 0xeeb1, 0xf6f2, 0xf733, 0xf733, 0xff34, 0xff55, 0xff55, 
	0xf736, 0xe6d5, 0xe6d5, 0xde33, 0xd56f, 0xd56f, 0xc4cb, 0xbc69, 0xbc69, 0xb429, 0xc52d, 0xd613, 0xd613, 0xd636, 0xd657, 0xd657, 
	0xd677, 0xd677, 0xd677, 0xdeb9, 0xe71b, 0xe71b, 0xe73c, 0xef5d, 0xef5d, 0xef5d, 0xef5d, 0xef5d, 0xef5d, 0xef5d, 0xef5d, 0xef5d, 
	0xef5d, 0xef5d, 0xef5d, 0xef5d, 0xef5d, 0xef5d, 0xef5d, 0xef5d, 0xef5d, 0xef5d, 0xef5d, 0xef5d, 0xef5d, 0xef5d, 0xef5d, 0xef5d, 
	0xef5d, 0xef5d, 0xef5d, 0xef5d, 0xef5d, 0xef5d, 0xef5d, 0xef5d, 0xef7d, 0xef7e, 0xef7e, 0xef7e, 0xef7d, 0xef7d, 0xef5d, 0xef5d, 
	0xef5d, 0xef5d, 0xef7c, 0xef7c, 0xef7c, 0xef3a, 0xdeb7, 0xdeb7, 0xd634, 0xcdd1, 0xcdd1, 0xcd6f, 0xc54e, 0xc54e, 0xbcee, 0xd5d2, 
	0xd5d2, 0xef19, 0xf75c, 0xf75c, 0xef5d, 0xef5d, 0xef5d, 0xef5d, 0xef5d, 0xef5d, 0xef5d, 0xef5d, 0xef7d, 0xef7d, 0xef5d, 0xef5d, 
	0xef5d, 0xef5d, 0xef5d, 0xef5d, 0xef5d, 0xef5d, 0xef5d, 0xef5d, 0xef5d, 0xef5d, 0xef5d, 0xef5d, 0xef5d, 0xef5d, 0xef5d, 0xef5d, 
	0xef5d, 0xef5d, 0xef5d, 0xef5d, 0xef5d, 0xef5d, 0xef5d, 0xef5d, 0xef5d, 0xef5d, 0xef5c, 0xef5c, 0xef5c, 0xef5c, 0xef5c, 0xef5c, 
	0xef5c, 0xef5c, 0xef5c, 0xef5c, 0xef5c, 0xef5c, 0xef5c, 0xef5c, 0xef5c, 0xef5c, 0xef5c, 0xef5c, 0xef5c, 0xef5c, 0xef5c, 0xe75c, 
	0xb52d, 0xb52d, 0xb52d, 0xad2d, 0xb52d, 0xb52d, 0xb50d, 0xb50c, 0xb50c, 0xacec, 0xb4eb, 0xb4eb, 0xb50a, 0xb50a, 0xb50a, 0xb50a, 
	0xb50b, 0xb50b, 0xbd4c, 0xc58e, 0xc58e, 0xcdcf, 0xcdf0, 0xcdf0, 0xcdef, 0xcdcf, 0xcdcf, 0xcdcf, 0xcdcf, 0xcdcf, 0xcdcf, 0xcdce, 
	0xcdce, 0xcdce, 0xcdce, 0xcdce, 0xcdce, 0xcdce, 0xcdcf, 0xcdcf, 0xcdee, 0xce0e, 0xce0e, 0xcdef, 0xcdf0, 0xcdf0, 0xd611, 0xd630, 
	0xd630, 0xd630, 0xd62f, 0xd62f, 0xd62f, 0xd62f, 0xd62f, 0xd62f, 0xd610, 0xde30, 0xde30, 0xd60f, 0xd60f, 0xd60f, 0xd610, 0xd60f, 
	0xd60f, 0xd60d, 0xd60c, 0xd60c, 0xd60c, 0xd60d, 0xd60d, 0xd62e, 0xd62e, 0xd62e, 0xd60e, 0xd5cd, 0xd5cd, 0xd5ac, 0xd5ee, 0xd5ee, 
	0xde52, 0xe672, 0xe693, 0xe693, 0xeeb3, 0xeed2, 0xeed2, 0xeeb0, 0xeed1, 0xeed1, 0xf713, 0xff34, 0xff34, 0xff55, 0xff35, 0xff35, 
	0xf736, 0xe6d5, 0xe6d5, 0xde34, 0xddd1, 0xddd1, 0xc4ec, 0xb429, 0xb429, 0xabe8, 0xb48a, 0xd5d2, 0xd5d2, 0xde35, 0xd656, 0xd656, 
	0xd677, 0xde98, 0xde98, 0xdeda, 0xef3b, 0xef3b, 0xef5c, 0xef5d, 0xef5d, 0xef5d, 0xef5d, 0xef5d, 0xef5d, 0xef5d, 0xef5d, 0xef5d, 
	0xef5d, 0xef5d, 0xef5d, 0xef5d, 0xef5d, 0xef5d, 0xef7d, 0xef7d, 0xef7d, 0xef7d, 0xef7d, 0xef7d, 0xef7d, 0xef5d, 0xef5d, 0xef5d, 
	0xef5d, 0xef5d, 0xef5d, 0xef5d, 0xef5d, 0xef5d, 0xef5d, 0xef5d, 0xef7d, 0xef7e, 0xef7e, 0xef7e, 0xef7d, 0xef7d, 0xef5d, 0xef5d, 
	0xef5d, 0xef5d, 0xf77c, 0xf77b, 0xf77b, 0xde96, 0xc571, 0xc571, 0xbd4f, 0xc52e, 0xc52e, 0xbcec, 0xb48b, 0xb48b, 0xac2a, 0xb48c, 
	0xb48c, 0xde35, 0xf75b, 0xf75b, 0xef7d, 0xef7d, 0xef7d, 0xef7d, 0xef5d, 0xef5d, 0xef5d, 0xef5d, 0xef7d, 0xef7d, 0xef5d, 0xef5d, 
	0xef5d, 0xef5d, 0xef5d, 0xef5d, 0xef5d, 0xef5d, 0xef5d, 0xef5d, 0xef5d, 0xef5d, 0xef5d, 0xef5d, 0xef5d, 0xef5d, 0xef5d, 0xef5d, 
	0xef5d, 0xef5d, 0xef5d, 0xef5d, 0xef5d, 0xef5d, 0xef5d, 0xef5d, 0xef5d, 0xef5d, 0xef5d, 0xef5c, 0xef5c, 0xef5c, 0xef5c, 0xef5c, 
	0xef5c, 0xef5c, 0xef5c, 0xef5c, 0xef5c, 0xef5c, 0xef5c, 0xef5c, 0xef5c, 0xef5c, 0xef5c, 0xef5c, 0xef5c, 0xef5c, 0xef5c, 0xe75c, 
	0xb52d, 0xb52d, 0xb52d, 0xad2d, 0xb52d, 0xb52d, 0xb50d, 0xb50c, 0xb50c, 0xacec, 0xb4eb, 0xb4eb, 0xb50a, 0xb50a, 0xb50a, 0xb50a, 
	0xb50b, 0xb50b, 0xbd4c, 0xc58e, 0xc58e, 0xcdcf, 0xcdf0, 0xcdf0, 0xcdef, 0xcdcf, 0xcdcf, 0xcdcf, 0xcdcf, 0xcdcf, 0xcdcf, 0xcdce, 
	0xcdce, 0xcdce, 0xcdce, 0xcdce, 0xcdce, 0xcdce, 0xcdcf, 0xcdcf, 0xcdee, 0xce0e, 0xce0e, 0xcdef, 0xcdf0, 0xcdf0, 0xd611, 0xd630, 
	0xd630, 0xd630, 0xd62f, 0xd62f, 0xd62f, 0xd62f, 0xd62f, 0xd62f, 0xd610, 0xde30, 0xde30, 0xd60f, 0xd60f, 0xd60f, 0xd610, 0xd60f, 
	0xd60f, 0xd60d, 0xd60c, 0xd60c, 0xd60c, 0xd60d, 0xd60d, 0xd62e, 0xd62e, 0xd62e, 0xd60e, 0xd5cd, 0xd5cd, 0xd5ac, 0xd5ee, 0xd5ee, 
	0xde52, 0xe672, 0xe693, 0xe693, 0xeeb3, 0xeed2, 0xeed2, 0xeeb0, 0xeed1, 0xeed1, 0xf713, 0xff34, 0xff34, 0xff55, 0xff35, 0xff35, 
	0xf736, 0xe6d5, 0xe6d5, 0xde34, 0xddd1, 0xddd1, 0xc4ec, 0xb429, 0xb429, 0xabe8, 0xb48a, 0xd5d2, 0xd5d2, 0xde35, 0xd656, 0xd656, 
	0xd677, 0xde98, 0xde98, 0xdeda, 0xef3b, 0xef3b, 0xef5c, 0xef5d, 0xef5d, 0xef5d, 0xef5d, 0xef5d, 0xef5d, 0xef5d, 0xef5d, 0xef5d, 
	0xef5d, 0xef5d, 0xef5d, 0xef5d, 0xef5d, 0xef5d, 0xef7d, 0xef7d, 0xef7d, 0xef7d, 0xef7d, 0xef7d, 0xef7d, 0xef5d, 0xef5d, 0xef5d, 
	0xef5d, 0xef5d, 0xef5d, 0xef5d, 0xef5d, 0xef5d, 0xef5d, 0xef5d, 0xef7d, 0xef7e, 0xef7e, 0xef7e, 0xef7d, 0xef7d, 0xef5d, 0xef5d, 
	0xef5d, 0xef5d, 0xf77c, 0xf77b, 0xf77b, 0xde96, 0xc571, 0xc571, 0xbd4f, 0xc52e, 0xc52e, 0xbcec, 0xb48b, 0xb48b, 0xac2a, 0xb48c, 
	0xb48c, 0xde35, 0xf75b, 0xf75b, 0xef7d, 0xef7d, 0xef7d, 0xef7d, 0xef5d, 0xef5d, 0xef5d, 0xef5d, 0xef7d, 0xef7d, 0xef5d, 0xef5d, 
	0xef5d, 0xef5d, 0xef5d, 0xef5d, 0xef5d, 0xef5d, 0xef5d, 0xef5d, 0xef5d, 0xef5d, 0xef5d, 0xef5d, 0xef5d, 0xef5d, 0xef5d, 0xef5d, 
	0xef5d, 0xef5d, 0xef5d, 0xef5d, 0xef5d, 0xef5d, 0xef5d, 0xef5d, 0xef5d, 0xef5d, 0xef5d, 0xef5c, 0xef5c, 0xef5c, 0xef5c, 0xef5c, 
	0xef5c, 0xef5c, 0xef5c, 0xef5c, 0xef5c, 0xef5c, 0xef5c, 0xef5c, 0xef5c, 0xef5c, 0xef5c, 0xef5c, 0xef5c, 0xef5c, 0xef5c, 0xe75c, 
	0xacec, 0xaceb, 0xaceb, 0xaccb, 0xaccb, 0xaccb, 0xb4ec, 0xacec, 0xacec, 0xaccb, 0xacca, 0xacca, 0xb4ea, 0xb4ea, 0xb4ea, 0xb4ea, 
	0xb4eb, 0xb4eb, 0xb50c, 0xbd4d, 0xbd4d, 0xc58e, 0xcdae, 0xcdae, 0xcdae, 0xcdce, 0xcdce, 0xcdce, 0xcdce, 0xcdce, 0xcdce, 0xcdce, 
	0xcdae, 0xcdae, 0xcdce, 0xcdce, 0xcdce, 0xcdce, 0xcdce, 0xcdce, 0xcdce, 0xcdee, 0xcdee, 0xcdce, 0xcdcf, 0xcdcf, 0xd5ef, 0xd60f, 
	0xd60f, 0xd60f, 0xd60f, 0xd60f, 0xd610, 0xd610, 0xd610, 0xd610, 0xd62f, 0xd60f, 0xd60f, 0xd5ef, 0xddee, 0xddee, 0xddee, 0xd5ee, 
	0xd5ee, 0xd60d, 0xd5eb, 0xd5eb, 0xd60c, 0xd60d, 0xd60d, 0xd60e, 0xd60e, 0xd60e, 0xd60d, 0xd5ed, 0xd5ed, 0xddcd, 0xde30, 0xde30, 
	0xe693, 0xe6b3, 0xe6b4, 0xe6b4, 0xeed3, 0xf6d2, 0xf6d2, 0xf6b2, 0xeef3, 0xeef3, 0xf734, 0xff55, 0xff55, 0xff56, 0xff55, 0xff55, 
	0xf736, 0xe6d5, 0xe6d5, 0xde55, 0xddd1, 0xddd1, 0xcd0d, 0xbc6a, 0xbc6a, 0xb409, 0xb449, 0xcd70, 0xcd70, 0xde14, 0xde55, 0xde55, 
	0xde76, 0xdeb8, 0xdeb8, 0xe6fa, 0xef3c, 0xef3c, 0xef5d, 0xef5d, 0xef5d, 0xef5d, 0xef5d, 0xef5d, 0xef5d, 0xef5d, 0xef5d, 0xef5d, 
	0xef5d, 0xef5d, 0xef5d, 0xef5d, 0xef5d, 0xef7d, 0xef7d, 0xef7d, 0xef7d, 0xef7d, 0xef7d, 0xef7d, 0xef7d, 0xef7d, 0xef7d, 0xef7d, 
	0xef5d, 0xef5d, 0xef5d, 0xef5d, 0xef5d, 0xef5d, 0xef5d, 0xef5d, 0xef5d, 0xef7d, 0xef7d, 0xef7d, 0xef7d, 0xef7d, 0xef5d, 0xef5d, 
	0xef7d, 0xef7d, 0xf75c, 0xeed8, 0xeed8, 0xd5d2, 0xb4ed, 0xb4ed, 0xac6b, 0xac6b, 0xac6b, 0xac4a, 0xa409, 0xa409, 0x9ba8, 0x9ba9, 
	0x9ba9, 0xbd30, 0xef3a, 0xef3a, 0xef7c, 0xef7d, 0xef7d, 0xef7d, 0xef5d, 0xef5d, 0xef5d, 0xef5d, 0xef7d, 0xef7d, 0xef7d, 0xef5d, 
	0xef5d, 0xef5d, 0xef5d, 0xef5d, 0xef5d, 0xef5d, 0xef5d, 0xef5d, 0xef5d, 0xef5d, 0xef5d, 0xef5d, 0xef5d, 0xef5d, 0xef5d, 0xef5d, 
	0xef5d, 0xef5d, 0xef5d, 0xef5d, 0xef5d, 0xef5d, 0xef5d, 0xef5d, 0xef5d, 0xef5d, 0xef5d, 0xef5d, 0xef5d, 0xef5d, 0xef5d, 0xef5d, 
	0xef5d, 0xef5d, 0xef5d, 0xef5c, 0xef5c, 0xef5c, 0xef5c, 0xef5c, 0xef5c, 0xef5c, 0xef5c, 0xef5c, 0xef5c, 0xef5c, 0xef5c, 0xef5c, 
	0xacec, 0xaceb, 0xaceb, 0xaccb, 0xaccb, 0xaccb, 0xb4ec, 0xacec, 0xacec, 0xaccb, 0xacca, 0xacca, 0xb4ea, 0xb4ea, 0xb4ea, 0xb4ea, 
	0xb4eb, 0xb4eb, 0xb50c, 0xbd4d, 0xbd4d, 0xc58e, 0xcdae, 0xcdae, 0xcdae, 0xcdce, 0xcdce, 0xcdce, 0xcdce, 0xcdce, 0xcdce, 0xcdce, 
	0xcdae, 0xcdae, 0xcdce, 0xcdce, 0xcdce, 0xcdce, 0xcdce, 0xcdce, 0xcdce, 0xcdee, 0xcdee, 0xcdce, 0xcdcf, 0xcdcf, 0xd5ef, 0xd60f, 
	0xd60f, 0xd60f, 0xd60f, 0xd60f, 0xd610, 0xd610, 0xd610, 0xd610, 0xd62f, 0xd60f, 0xd60f, 0xd5ef, 0xddee, 0xddee, 0xddee, 0xd5ee, 
	0xd5ee, 0xd60d, 0xd5eb, 0xd5eb, 0xd60c, 0xd60d, 0xd60d, 0xd60e, 0xd60e, 0xd60e, 0xd60d, 0xd5ed, 0xd5ed, 0xddcd, 0xde30, 0xde30, 
	0xe693, 0xe6b3, 0xe6b4, 0xe6b4, 0xeed3, 0xf6d2, 0xf6d2, 0xf6b2, 0xeef3, 0xeef3, 0xf734, 0xff55, 0xff55, 0xff56, 0xff55, 0xff55, 
	0xf736, 0xe6d5, 0xe6d5, 0xde55, 0xddd1, 0xddd1, 0xcd0d, 0xbc6a, 0xbc6a, 0xb409, 0xb449, 0xcd70, 0xcd70, 0xde14, 0xde55, 0xde55, 
	0xde76, 0xdeb8, 0xdeb8, 0xe6fa, 0xef3c, 0xef3c, 0xef5d, 0xef5d, 0xef5d, 0xef5d, 0xef5d, 0xef5d, 0xef5d, 0xef5d, 0xef5d, 0xef5d, 
	0xef5d, 0xef5d, 0xef5d, 0xef5d, 0xef5d, 0xef7d, 0xef7d, 0xef7d, 0xef7d, 0xef7d, 0xef7d, 0xef7d, 0xef7d, 0xef7d, 0xef7d, 0xef7d, 
	0xef5d, 0xef5d, 0xef5d, 0xef5d, 0xef5d, 0xef5d, 0xef5d, 0xef5d, 0xef5d, 0xef7d, 0xef7d, 0xef7d, 0xef7d, 0xef7d, 0xef5d, 0xef5d, 
	0xef7d, 0xef7d, 0xf75c, 0xeed8, 0xeed8, 0xd5d2, 0xb4ed, 0xb4ed, 0xac6b, 0xac6b, 0xac6b, 0xac4a, 0xa409, 0xa409, 0x9ba8, 0x9ba9, 
	0x9ba9, 0xbd30, 0xef3a, 0xef3a, 0xef7c, 0xef7d, 0xef7d, 0xef7d, 0xef5d, 0xef5d, 0xef5d, 0xef5d, 0xef7d, 0xef7d, 0xef7d, 0xef5d, 
	0xef5d, 0xef5d, 0xef5d, 0xef5d, 0xef5d, 0xef5d, 0xef5d, 0xef5d, 0xef5d, 0xef5d, 0xef5d, 0xef5d, 0xef5d, 0xef5d, 0xef5d, 0xef5d, 
	0xef5d, 0xef5d, 0xef5d, 0xef5d, 0xef5d, 0xef5d, 0xef5d, 0xef5d, 0xef5d, 0xef5d, 0xef5d, 0xef5d, 0xef5d, 0xef5d, 0xef5d, 0xef5d, 
	0xef5d, 0xef5d, 0xef5d, 0xef5c, 0xef5c, 0xef5c, 0xef5c, 0xef5c, 0xef5c, 0xef5c, 0xef5c, 0xef5c, 0xef5c, 0xef5c, 0xef5c, 0xef5c, 
	0xa4ab, 0xa4ab, 0xa4ab, 0xa4ab, 0xa4ab, 0xa4ab, 0xaccb, 0xaccb, 0xaccb, 0xacca, 0xacca, 0xacca, 0xb4ea, 0xb4ca, 0xb4ca, 0xb4ea, 
	0xb4eb, 0xb4eb, 0xb50b, 0xbd2c, 0xbd2c, 0xbd4c, 0xc56d, 0xc56d, 0xc58d, 0xc5ad, 0xc5ad, 0xcdad, 0xcdad, 0xcdcd, 0xcdcd, 0xcdce, 
	0xcdce, 0xcdce, 0xcdce, 0xcdcd, 0xcdcd, 0xcdcd, 0xcdcd, 0xcdcd, 0xcdcd, 0xcdcd, 0xcdcd, 0xcdcd, 0xcdce, 0xcdce, 0xcdee, 0xd5ee, 
	0xd5ee, 0xd5ee, 0xd60e, 0xd60e, 0xd60f, 0xd60f, 0xd60f, 0xd60f, 0xd62f, 0xd60e, 0xd60e, 0xd5ee, 0xd5ee, 0xd5ee, 0xd5ed, 0xd5ed, 
	0xd5ed, 0xd5ed, 0xd5ed, 0xd5ed, 0xd60d, 0xd60e, 0xd60e, 0xd60e, 0xd60e, 0xd60e, 0xd60e, 0xd60e, 0xd60e, 0xde0e, 0xe651, 0xe651, 
	0xe6b3, 0xe6d4, 0xe6d4, 0xe6d4, 0xeed3, 0xeed2, 0xeed2, 0xeeb2, 0xf6f4, 0xf6f4, 0xff55, 0xff55, 0xff55, 0xff75, 0xff75, 0xff75, 
	0xff56, 0xeef6, 0xeef6, 0xde34, 0xd5d1, 0xd5d1, 0xcd0d, 0xbc6a, 0xbc6a, 0xb409, 0xb408, 0xbcac, 0xbcac, 0xd5d2, 0xde55, 0xde55, 
	0xde76, 0xdeb8, 0xdeb8, 0xe71a, 0xef5c, 0xef5c, 0xef7d, 0xef5d, 0xef5d, 0xef5d, 0xef5d, 0xef5d, 0xef5d, 0xef5d, 0xef5d, 0xef5d, 
	0xef5d, 0xef5d, 0xef5d, 0xef5d, 0xef5d, 0xef7d, 0xef7d, 0xef7d, 0xef7d, 0xef7d, 0xef7d, 0xef7d, 0xef7d, 0xef7d, 0xef7d, 0xef7d, 
	0xef5d, 0xef5d, 0xef7d, 0xef7d, 0xef7d, 0xef7d, 0xef7d, 0xef7d, 0xef7d, 0xef5d, 0xef5d, 0xef5d, 0xef7d, 0xef7d, 0xf77d, 0xf77d, 
	0xf75d, 0xf75d, 0xef1a, 0xd615, 0xd615, 0xcd91, 0xb4cd, 0xb4cd, 0xa42a, 0xa42a, 0xa42a, 0xac4b, 0xa3ea, 0xa3ea, 0x9389, 0x9349, 
	0x9349, 0xa44c, 0xe6d8, 0xe6d8, 0xef7c, 0xef7d, 0xef7d, 0xef7d, 0xef5d, 0xef5d, 0xef5d, 0xef5d, 0xef7d, 0xef7d, 0xef7d, 0xef7d, 
	0xef7d, 0xef5d, 0xef5d, 0xef5d, 0xef5d, 0xef5d, 0xef5d, 0xef5d, 0xef5d, 0xef5d, 0xef5d, 0xef5d, 0xef5d, 0xef5d, 0xef5d, 0xef5d, 
	0xef5d, 0xef5d, 0xef5d, 0xef5d, 0xef5d, 0xef5d, 0xef5d, 0xef5d, 0xef5d, 0xef5d, 0xef5d, 0xef5d, 0xef5d, 0xef5d, 0xef5d, 0xef5d, 
	0xef5d, 0xef5d, 0xef5d, 0xef5c, 0xef5c, 0xef5c, 0xef5c, 0xef5c, 0xef5c, 0xef5c, 0xef5c, 0xef5c, 0xef5c, 0xef5c, 0xef5c, 0xef5c, 
	0x9c6b, 0xa48b, 0xa48b, 0x9c8a, 0x9c6a, 0x9c6a, 0xa48a, 0xa48a, 0xa48a, 0xa489, 0xaca9, 0xaca9, 0xacc9, 0xb4ca, 0xb4ca, 0xb4ca, 
	0xb4eb, 0xb4eb, 0xb4eb, 0xb50c, 0xb50c, 0xbd2b, 0xbd6c, 0xbd6c, 0xc56c, 0xc58c, 0xc58c, 0xc58c, 0xc58c, 0xcdad, 0xcdad, 0xcdad, 
	0xcdad, 0xcdad, 0xcdad, 0xcdac, 0xcdac, 0xcdac, 0xcdcc, 0xcdcc, 0xcdcc, 0xcdcc, 0xcdcc, 0xcdcc, 0xcded, 0xcded, 0xcded, 0xd5ed, 
	0xd5ed, 0xd5ed, 0xd60e, 0xd60e, 0xd60e, 0xd60e, 0xd60e, 0xd60e, 0xd62e, 0xd60d, 0xd60d, 0xd5ed, 0xd5ed, 0xd5ed, 0xd5ed, 0xd5cd, 
	0xd5cd, 0xd5cd, 0xd5ee, 0xd5ee, 0xde2e, 0xde50, 0xde50, 0xde50, 0xde50, 0xde50, 0xde2f, 0xde4f, 0xde4f, 0xe670, 0xeeb3, 0xeeb3, 
	0xeed4, 0xeef4, 0xeed4, 0xeed4, 0xeed3, 0xeed2, 0xeed2, 0xf6d3, 0xf715, 0xf715, 0xff56, 0xff76, 0xff76, 0xff75, 0xff55, 0xff55, 
	0xff36, 0xeed6, 0xeed6, 0xde14, 0xd5b0, 0xd5b0, 0xc50c, 0xbc6a, 0xbc6a, 0xb409, 0xabe7, 0xb44a, 0xb44a, 0xc52f, 0xde14, 0xde14, 
	0xde76, 0xdeb8, 0xdeb8, 0xe71a, 0xef5c, 0xef5c, 0xef7d, 0xef5d, 0xef5d, 0xef5d, 0xef5d, 0xef5d, 0xef5d, 0xef5d, 0xef5d, 0xef5d, 
	0xef5d, 0xef5d, 0xef5d, 0xef5d, 0xef5d, 0xef7d, 0xef7d, 0xef7d, 0xef7d, 0xef7d, 0xef7d, 0xef7d, 0xef7d, 0xef7d, 0xef7d, 0xef7d, 
	0xef7d, 0xef7d, 0xef7d, 0xef7d, 0xef7d, 0xef7d, 0xef7d, 0xef7d, 0xef7d, 0xef7d, 0xef7d, 0xef7d, 0xef7d, 0xef7d, 0xef7c, 0xf77c, 
	0xef3b, 0xef3b, 0xd615, 0xcdb2, 0xcdb2, 0xbd2f, 0xacac, 0xacac, 0xac8c, 0xb48c, 0xb48c, 0xa40a, 0x8b27, 0x8b27, 0x82c6, 0x8ae7, 
	0x8ae7, 0x93a9, 0xd614, 0xd614, 0xf77c, 0xef7d, 0xef7d, 0xef7d, 0xef5d, 0xef5d, 0xef5d, 0xef5d, 0xef7d, 0xef7d, 0xef7d, 0xef7d, 
	0xef7d, 0xef5d, 0xef5d, 0xef5d, 0xef5d, 0xef5d, 0xef5d, 0xef5d, 0xef5d, 0xef5d, 0xef5d, 0xef5d, 0xef5d, 0xef5d, 0xef5d, 0xef5d, 
	0xef5d, 0xef5d, 0xef5d, 0xef5d, 0xef5d, 0xef5d, 0xef5d, 0xef5d, 0xef5d, 0xef5d, 0xef5d, 0xef5d, 0xef5d, 0xef5d, 0xef5d, 0xef5d, 
	0xef5d, 0xef5d, 0xef5d, 0xef5c, 0xef5c, 0xef5c, 0xef5c, 0xef5c, 0xef5c, 0xef5c, 0xef5c, 0xef5c, 0xef5c, 0xef5c, 0xef5c, 0xef5c, 
	0x9c6b, 0xa48b, 0xa48b, 0x9c8a, 0x9c6a, 0x9c6a, 0xa48a, 0xa48a, 0xa48a, 0xa489, 0xaca9, 0xaca9, 0xacc9, 0xb4ca, 0xb4ca, 0xb4ca, 
	0xb4eb, 0xb4eb, 0xb4eb, 0xb50c, 0xb50c, 0xbd2b, 0xbd6c, 0xbd6c, 0xc56c, 0xc58c, 0xc58c, 0xc58c, 0xc58c, 0xcdad, 0xcdad, 0xcdad, 
	0xcdad, 0xcdad, 0xcdad, 0xcdac, 0xcdac, 0xcdac, 0xcdcc, 0xcdcc, 0xcdcc, 0xcdcc, 0xcdcc, 0xcdcc, 0xcded, 0xcded, 0xcded, 0xd5ed, 
	0xd5ed, 0xd5ed, 0xd60e, 0xd60e, 0xd60e, 0xd60e, 0xd60e, 0xd60e, 0xd62e, 0xd60d, 0xd60d, 0xd5ed, 0xd5ed, 0xd5ed, 0xd5ed, 0xd5cd, 
	0xd5cd, 0xd5cd, 0xd5ee, 0xd5ee, 0xde2e, 0xde50, 0xde50, 0xde50, 0xde50, 0xde50, 0xde2f, 0xde4f, 0xde4f, 0xe670, 0xeeb3, 0xeeb3, 
	0xeed4, 0xeef4, 0xeed4, 0xeed4, 0xeed3, 0xeed2, 0xeed2, 0xf6d3, 0xf715, 0xf715, 0xff56, 0xff76, 0xff76, 0xff75, 0xff55, 0xff55, 
	0xff36, 0xeed6, 0xeed6, 0xde14, 0xd5b0, 0xd5b0, 0xc50c, 0xbc6a, 0xbc6a, 0xb409, 0xabe7, 0xb44a, 0xb44a, 0xc52f, 0xde14, 0xde14, 
	0xde76, 0xdeb8, 0xdeb8, 0xe71a, 0xef5c, 0xef5c, 0xef7d, 0xef5d, 0xef5d, 0xef5d, 0xef5d, 0xef5d, 0xef5d, 0xef5d, 0xef5d, 0xef5d, 
	0xef5d, 0xef5d, 0xef5d, 0xef5d, 0xef5d, 0xef7d, 0xef7d, 0xef7d, 0xef7d, 0xef7d, 0xef7d, 0xef7d, 0xef7d, 0xef7d, 0xef7d, 0xef7d, 
	0xef7d, 0xef7d, 0xef7d, 0xef7d, 0xef7d, 0xef7d, 0xef7d, 0xef7d, 0xef7d, 0xef7d, 0xef7d, 0xef7d, 0xef7d, 0xef7d, 0xef7c, 0xf77c, 
	0xef3b, 0xef3b, 0xd615, 0xcdb2, 0xcdb2, 0xbd2f, 0xacac, 0xacac, 0xac8c, 0xb48c, 0xb48c, 0xa40a, 0x8b27, 0x8b27, 0x82c6, 0x8ae7, 
	0x8ae7, 0x93a9, 0xd614, 0xd614, 0xf77c, 0xef7d, 0xef7d, 0xef7d, 0xef5d, 0xef5d, 0xef5d, 0xef5d, 0xef7d, 0xef7d, 0xef7d, 0xef7d, 
	0xef7d, 0xef5d, 0xef5d, 0xef5d, 0xef5d, 0xef5d, 0xef5d, 0xef5d, 0xef5d, 0xef5d, 0xef5d, 0xef5d, 0xef5d, 0xef5d, 0xef5d, 0xef5d, 
	0xef5d, 0xef5d, 0xef5d, 0xef5d, 0xef5d, 0xef5d, 0xef5d, 0xef5d, 0xef5d, 0xef5d, 0xef5d, 0xef5d, 0xef5d, 0xef5d, 0xef5d, 0xef5d, 
	0xef5d, 0xef5d, 0xef5d, 0xef5c, 0xef5c, 0xef5c, 0xef5c, 0xef5c, 0xef5c, 0xef5c, 0xef5c, 0xef5c, 0xef5c, 0xef5c, 0xef5c, 0xef5c, 
	0x942b, 0x9c4a, 0x9c4a, 0x9c4a, 0x9c4a, 0x9c4a, 0x9c49, 0xa469, 0xa469, 0xa469, 0xac89, 0xac89, 0xaca9, 0xb4c9, 0xb4c9, 0xb4c9, 
	0xb4ca, 0xb4ca, 0xb4ca, 0xb4ca, 0xb4ca, 0xb50a, 0xbd4b, 0xbd4b, 0xbd4b, 0xc56b, 0xc56b, 0xc56c, 0xc56c, 0xc58c, 0xc58c, 0xc58c, 
	0xcd8c, 0xcd8c, 0xcdac, 0xcdac, 0xcdac, 0xcdac, 0xcdac, 0xcdac, 0xcdcc, 0xcdcc, 0xcdcc, 0xcdcc, 0xcded, 0xcded, 0xcded, 0xd5ed, 
	0xd5ed, 0xd5ee, 0xd60e, 0xd60e, 0xd60d, 0xd60d, 0xd60d, 0xd60d, 0xd60d, 0xd60d, 0xd60d, 0xd60d, 0xd5ed, 0xd5ed, 0xd5ed, 0xddee, 
	0xddee, 0xde2f, 0xe650, 0xe650, 0xe671, 0xee92, 0xee92, 0xee92, 0xee92, 0xee92, 0xeeb2, 0xeeb1, 0xeeb1, 0xeed3, 0xf6f5, 0xf6f5, 
	0xf6f5, 0xf715, 0xf714, 0xf714, 0xf713, 0xf713, 0xf713, 0xf734, 0xff55, 0xff55, 0xff76, 0xf776, 0xf776, 0xff75, 0xf734, 0xf734, 
	0xf715, 0xeeb5, 0xeeb5, 0xde12, 0xd5af, 0xd5af, 0xc4eb, 0xb429, 0xb429, 0xb409, 0xac08, 0xac48, 0xac48, 0xb48b, 0xd5b2, 0xd5b2, 
	0xde76, 0xded9, 0xded9, 0xef3b, 0xef5c, 0xef5c, 0xef7c, 0xef5d, 0xef5d, 0xef5d, 0xef5d, 0xef5d, 0xef5d, 0xef5d, 0xef5d, 0xef5d, 
	0xef5d, 0xef5d, 0xef5d, 0xef7d, 0xef7d, 0xef7d, 0xef7d, 0xef7d, 0xef7d, 0xef7d, 0xef7d, 0xef7d, 0xef7d, 0xef7d, 0xef7d, 0xef7d, 
	0xef7d, 0xef7d, 0xef7d, 0xf79d, 0xf79d, 0xf79d, 0xef7d, 0xef7d, 0xef7d, 0xef7d, 0xef7d, 0xef7d, 0xef7d, 0xef7d, 0xef5c, 0xef3a, 
	0xd655, 0xd655, 0xc5b2, 0xbd2f, 0xbd2f, 0xb4ed, 0xb4cd, 0xb4cd, 0xacac, 0xac2a, 0xac2a, 0x9ba9, 0x8ae6, 0x8ae6, 0x82c6, 0x8ac6, 
	0x8ac6, 0x9347, 0xbd30, 0xbd30, 0xf75b, 0xef9d, 0xef9d, 0xef7d, 0xef5d, 0xef5d, 0xef5d, 0xef5d, 0xef7d, 0xef7d, 0xef7d, 0xef7d, 
	0xef7d, 0xef7d, 0xef5d, 0xef5d, 0xef5d, 0xef5d, 0xef5d, 0xef5d, 0xef5d, 0xef5d, 0xef5d, 0xef5d, 0xef5d, 0xef5d, 0xef5d, 0xef5d, 
	0xef5d, 0xef5d, 0xef5d, 0xef5d, 0xef5d, 0xef5d, 0xef5d, 0xef5d, 0xef5d, 0xef5d, 0xef5d, 0xef5d, 0xef5d, 0xef5d, 0xef5d, 0xef5d, 
	0xef5d, 0xef5d, 0xef5d, 0xef5c, 0xef5c, 0xef5c, 0xef5c, 0xef5c, 0xef5c, 0xef5c, 0xef5c, 0xef5c, 0xef5c, 0xef5c, 0xef5c, 0xef5c, 
	0x942b, 0x9c4a, 0x9c4a, 0x9c4a, 0x9c4a, 0x9c4a, 0x9c49, 0xa469, 0xa469, 0xa469, 0xac89, 0xac89, 0xaca9, 0xb4c9, 0xb4c9, 0xb4c9, 
	0xb4ca, 0xb4ca, 0xb4ca, 0xb4ca, 0xb4ca, 0xb50a, 0xbd4b, 0xbd4b, 0xbd4b, 0xc56b, 0xc56b, 0xc56c, 0xc56c, 0xc58c, 0xc58c, 0xc58c, 
	0xcd8c, 0xcd8c, 0xcdac, 0xcdac, 0xcdac, 0xcdac, 0xcdac, 0xcdac, 0xcdcc, 0xcdcc, 0xcdcc, 0xcdcc, 0xcded, 0xcded, 0xcded, 0xd5ed, 
	0xd5ed, 0xd5ee, 0xd60e, 0xd60e, 0xd60d, 0xd60d, 0xd60d, 0xd60d, 0xd60d, 0xd60d, 0xd60d, 0xd60d, 0xd5ed, 0xd5ed, 0xd5ed, 0xddee, 
	0xddee, 0xde2f, 0xe650, 0xe650, 0xe671, 0xee92, 0xee92, 0xee92, 0xee92, 0xee92, 0xeeb2, 0xeeb1, 0xeeb1, 0xeed3, 0xf6f5, 0xf6f5, 
	0xf6f5, 0xf715, 0xf714, 0xf714, 0xf713, 0xf713, 0xf713, 0xf734, 0xff55, 0xff55, 0xff76, 0xf776, 0xf776, 0xff75, 0xf734, 0xf734, 
	0xf715, 0xeeb5, 0xeeb5, 0xde12, 0xd5af, 0xd5af, 0xc4eb, 0xb429, 0xb429, 0xb409, 0xac08, 0xac48, 0xac48, 0xb48b, 0xd5b2, 0xd5b2, 
	0xde76, 0xded9, 0xded9, 0xef3b, 0xef5c, 0xef5c, 0xef7c, 0xef5d, 0xef5d, 0xef5d, 0xef5d, 0xef5d, 0xef5d, 0xef5d, 0xef5d, 0xef5d, 
	0xef5d, 0xef5d, 0xef5d, 0xef7d, 0xef7d, 0xef7d, 0xef7d, 0xef7d, 0xef7d, 0xef7d, 0xef7d, 0xef7d, 0xef7d, 0xef7d, 0xef7d, 0xef7d, 
	0xef7d, 0xef7d, 0xef7d, 0xf79d, 0xf79d, 0xf79d, 0xef7d, 0xef7d, 0xef7d, 0xef7d, 0xef7d, 0xef7d, 0xef7d, 0xef7d, 0xef5c, 0xef3a, 
	0xd655, 0xd655, 0xc5b2, 0xbd2f, 0xbd2f, 0xb4ed, 0xb4cd, 0xb4cd, 0xacac, 0xac2a, 0xac2a, 0x9ba9, 0x8ae6, 0x8ae6, 0x82c6, 0x8ac6, 
	0x8ac6, 0x9347, 0xbd30, 0xbd30, 0xf75b, 0xef9d, 0xef9d, 0xef7d, 0xef5d, 0xef5d, 0xef5d, 0xef5d, 0xef7d, 0xef7d, 0xef7d, 0xef7d, 
	0xef7d, 0xef7d, 0xef5d, 0xef5d, 0xef5d, 0xef5d, 0xef5d, 0xef5d, 0xef5d, 0xef5d, 0xef5d, 0xef5d, 0xef5d, 0xef5d, 0xef5d, 0xef5d, 
	0xef5d, 0xef5d, 0xef5d, 0xef5d, 0xef5d, 0xef5d, 0xef5d, 0xef5d, 0xef5d, 0xef5d, 0xef5d, 0xef5d, 0xef5d, 0xef5d, 0xef5d, 0xef5d, 
	0xef5d, 0xef5d, 0xef5d, 0xef5c, 0xef5c, 0xef5c, 0xef5c, 0xef5c, 0xef5c, 0xef5c, 0xef5c, 0xef5c, 0xef5c, 0xef5c, 0xef5c, 0xef5c, 
	0x93ea, 0x9c09, 0x9c09, 0x9c29, 0x9c09, 0x9c09, 0x9c29, 0x9c29, 0x9c29, 0xa449, 0xac68, 0xac68, 0xac88, 0xaca9, 0xaca9, 0xb4a9, 
	0xaca9, 0xaca9, 0xacc9, 0xb4e9, 0xb4e9, 0xb50a, 0xb52a, 0xb52a, 0xbd4b, 0xbd4b, 0xbd4b, 0xbd4b, 0xc56b, 0xc56c, 0xc56c, 0xc56c, 
	0xcd8c, 0xcd8c, 0xcdac, 0xcdac, 0xcdac, 0xcdac, 0xcdac, 0xcdac, 0xcdcc, 0xcdcc, 0xcdcc, 0xcdcc, 0xcded, 0xcded, 0xd60d, 0xd60e, 
	0xd60e, 0xd60f, 0xd60e, 0xd60e, 0xd60e, 0xd60e, 0xd62e, 0xd62e, 0xd60d, 0xd60e, 0xd60e, 0xd62e, 0xde2f, 0xde2f, 0xde4f, 0xe671, 
	0xe671, 0xe691, 0xeeb2, 0xeeb2, 0xeeb2, 0xeed3, 0xeed3, 0xf6f3, 0xf6f3, 0xf6f3, 0xf713, 0xf713, 0xf713, 0xf715, 0xff16, 0xff16, 
	0xff16, 0xff15, 0xff35, 0xff35, 0xff34, 0xff34, 0xff34, 0xff55, 0xff56, 0xff56, 0xf776, 0xf776, 0xf776, 0xff54, 0xf733, 0xf733, 
	0xf714, 0xeeb4, 0xeeb4, 0xde12, 0xd58f, 0xd58f, 0xc4ec, 0xac09, 0xac09, 0xb409, 0xb409, 0xb428, 0xb428, 0xb46a, 0xc54f, 0xc54f, 
	0xde75, 0xe6f9, 0xe6f9, 0xef3b, 0xf75c, 0xf75c, 0xef5c, 0xef5d, 0xef5d, 0xef5d, 0xef5e, 0xef5e, 0xef5e, 0xef5d, 0xef5d, 0xef5d, 
	0xef7d, 0xef7d, 0xef7d, 0xef7d, 0xef7d, 0xef7d, 0xef7d, 0xef7d, 0xef7d, 0xef7d, 0xef7d, 0xef7d, 0xef7d, 0xef7d, 0xef7d, 0xef7d, 
	0xef7d, 0xef7d, 0xef7d, 0xef7d, 0xef7d, 0xef7d, 0xef7d, 0xef7d, 0xef7d, 0xef7d, 0xef7d, 0xef7d, 0xf77c, 0xf77c, 0xef3a, 0xe697, 
	0xcdd2, 0xcdd2, 0xbd2e, 0xaced, 0xaced, 0xacee, 0xacee, 0xacee, 0xacad, 0xac6b, 0xac6b, 0x9389, 0x8b07, 0x8b07, 0x82c6, 0x9328, 
	0x9328, 0x9327, 0xac8d, 0xac8d, 0xf71a, 0xef7c, 0xef7c, 0xef7d, 0xf75d, 0xf75d, 0xef5d, 0xef5d, 0xef7d, 0xef7d, 0xef7d, 0xef7d, 
	0xef7d, 0xef7d, 0xef5d, 0xef5d, 0xef5d, 0xef5d, 0xef5d, 0xef5d, 0xef5d, 0xef5d, 0xef5d, 0xef5d, 0xef5d, 0xef5d, 0xef5d, 0xef5d, 
	0xef5d, 0xef5d, 0xef5d, 0xef5d, 0xef5d, 0xef5d, 0xef5d, 0xef5d, 0xef5d, 0xef5d, 0xef5d, 0xef5d, 0xef5d, 0xef5d, 0xef5d, 0xef5d, 
	0xef5d, 0xef5d, 0xef5d, 0xef5c, 0xef5c, 0xef5c, 0xef5c, 0xef5c, 0xef5c, 0xef5c, 0xef5c, 0xef5c, 0xef5c, 0xef5c, 0xef5c, 0xef5c, 
	0x93ea, 0x9c09, 0x9c09, 0x9c29, 0x9c09, 0x9c09, 0x9c29, 0x9c29, 0x9c29, 0xa449, 0xac68, 0xac68, 0xac88, 0xaca9, 0xaca9, 0xb4a9, 
	0xaca9, 0xaca9, 0xacc9, 0xb4e9, 0xb4e9, 0xb50a, 0xb52a, 0xb52a, 0xbd4b, 0xbd4b, 0xbd4b, 0xbd4b, 0xc56b, 0xc56c, 0xc56c, 0xc56c, 
	0xcd8c, 0xcd8c, 0xcdac, 0xcdac, 0xcdac, 0xcdac, 0xcdac, 0xcdac, 0xcdcc, 0xcdcc, 0xcdcc, 0xcdcc, 0xcded, 0xcded, 0xd60d, 0xd60e, 
	0xd60e, 0xd60f, 0xd60e, 0xd60e, 0xd60e, 0xd60e, 0xd62e, 0xd62e, 0xd60d, 0xd60e, 0xd60e, 0xd62e, 0xde2f, 0xde2f, 0xde4f, 0xe671, 
	0xe671, 0xe691, 0xeeb2, 0xeeb2, 0xeeb2, 0xeed3, 0xeed3, 0xf6f3, 0xf6f3, 0xf6f3, 0xf713, 0xf713, 0xf713, 0xf715, 0xff16, 0xff16, 
	0xff16, 0xff15, 0xff35, 0xff35, 0xff34, 0xff34, 0xff34, 0xff55, 0xff56, 0xff56, 0xf776, 0xf776, 0xf776, 0xff54, 0xf733, 0xf733, 
	0xf714, 0xeeb4, 0xeeb4, 0xde12, 0xd58f, 0xd58f, 0xc4ec, 0xac09, 0xac09, 0xb409, 0xb409, 0xb428, 0xb428, 0xb46a, 0xc54f, 0xc54f, 
	0xde75, 0xe6f9, 0xe6f9, 0xef3b, 0xf75c, 0xf75c, 0xef5c, 0xef5d, 0xef5d, 0xef5d, 0xef5e, 0xef5e, 0xef5e, 0xef5d, 0xef5d, 0xef5d, 
	0xef7d, 0xef7d, 0xef7d, 0xef7d, 0xef7d, 0xef7d, 0xef7d, 0xef7d, 0xef7d, 0xef7d, 0xef7d, 0xef7d, 0xef7d, 0xef7d, 0xef7d, 0xef7d, 
	0xef7d, 0xef7d, 0xef7d, 0xef7d, 0xef7d, 0xef7d, 0xef7d, 0xef7d, 0xef7d, 0xef7d, 0xef7d, 0xef7d, 0xf77c, 0xf77c, 0xef3a, 0xe697, 
	0xcdd2, 0xcdd2, 0xbd2e, 0xaced, 0xaced, 0xacee, 0xacee, 0xacee, 0xacad, 0xac6b, 0xac6b, 0x9389, 0x8b07, 0x8b07, 0x82c6, 0x9328, 
	0x9328, 0x9327, 0xac8d, 0xac8d, 0xf71a, 0xef7c, 0xef7c, 0xef7d, 0xf75d, 0xf75d, 0xef5d, 0xef5d, 0xef7d, 0xef7d, 0xef7d, 0xef7d, 
	0xef7d, 0xef7d, 0xef5d, 0xef5d, 0xef5d, 0xef5d, 0xef5d, 0xef5d, 0xef5d, 0xef5d, 0xef5d, 0xef5d, 0xef5d, 0xef5d, 0xef5d, 0xef5d, 
	0xef5d, 0xef5d, 0xef5d, 0xef5d, 0xef5d, 0xef5d, 0xef5d, 0xef5d, 0xef5d, 0xef5d, 0xef5d, 0xef5d, 0xef5d, 0xef5d, 0xef5d, 0xef5d, 
	0xef5d, 0xef5d, 0xef5d, 0xef5c, 0xef5c, 0xef5c, 0xef5c, 0xef5c, 0xef5c, 0xef5c, 0xef5c, 0xef5c, 0xef5c, 0xef5c, 0xef5c, 0xef5c, 
	0x93c9, 0x9bc9, 0x9bc9, 0x9be9, 0x9c09, 0x9c09, 0x9c09, 0xa429, 0xa429, 0xa428, 0xa448, 0xa448, 0xa468, 0xac88, 0xac88, 0xaca9, 
	0xaca9, 0xaca9, 0xacc9, 0xb4ea, 0xb4ea, 0xb50a, 0xb52a, 0xb52a, 0xbd4a, 0xbd4b, 0xbd4b, 0xbd4b, 0xbd6b, 0xc56c, 0xc56c, 0xc58c, 
	0xcd8d, 0xcd8d, 0xcdac, 0xcdac, 0xcdac, 0xcdac, 0xcdcc, 0xcdcc, 0xcdcd, 0xcded, 0xcded, 0xcded, 0xd60d, 0xd60d, 0xd60e, 0xd60e, 
	0xd60e, 0xd60f, 0xde2f, 0xde2f, 0xde2f, 0xde2f, 0xde4f, 0xde4f, 0xde4f, 0xe670, 0xe670, 0xe691, 0xe6b1, 0xe6b1, 0xeed2, 0xeed3, 
	0xeed3, 0xeef3, 0xf714, 0xf714, 0xf714, 0xf714, 0xf714, 0xff34, 0xff34, 0xff34, 0xff34, 0xff54, 0xff54, 0xff36, 0xff16, 0xff16, 
	0xf716, 0xf715, 0xff35, 0xff35, 0xff55, 0xff55, 0xff55, 0xff56, 0xff56, 0xff56, 0xf756, 0xf755, 0xf755, 0xf734, 0xf713, 0xf713, 
	0xf6f4, 0xee93, 0xee93, 0xde12, 0xddb0, 0xddb0, 0xc4ec, 0xb429, 0xb429, 0xb3e9, 0xb3e9, 0xb429, 0xb429, 0xb449, 0xbcab, 0xbcab, 
	0xcdd2, 0xe6f8, 0xe6f8, 0xef3b, 0xef5c, 0xef5c, 0xef7c, 0xef5d, 0xef5d, 0xef7d, 0xef5d, 0xef5d, 0xef5d, 0xef7d, 0xef7d, 0xef5d, 
	0xef5d, 0xef5d, 0xef5d, 0xef7d, 0xef7d, 0xef7d, 0xef7d, 0xef7d, 0xef7d, 0xef7d, 0xef7d, 0xef7d, 0xef7d, 0xef7d, 0xef7d, 0xef7d, 
	0xef7d, 0xef7d, 0xef7d, 0xef7d, 0xef7d, 0xef7d, 0xef7d, 0xef7d, 0xef7d, 0xef7d, 0xef7d, 0xef7d, 0xef3b, 0xef3b, 0xde56, 0xd5f3, 
	0xc551, 0xc551, 0xacad, 0xacac, 0xacac, 0xa4ad, 0xacee, 0xacee, 0xacce, 0xac8c, 0xac8c, 0x9bea, 0x9389, 0x9389, 0x9349, 0x8ae7, 
	0x8ae7, 0x8ae7, 0x9bca, 0x9bca, 0xe697, 0xf77c, 0xf77c, 0xf75d, 0xef5d, 0xef5d, 0xef5d, 0xef5d, 0xef7d, 0xef7d, 0xef7d, 0xef7d, 
	0xef7d, 0xef7d, 0xef5d, 0xef5d, 0xef5d, 0xef5d, 0xef5d, 0xef5d, 0xef5d, 0xef5d, 0xef5d, 0xef5d, 0xef5d, 0xef5d, 0xef5d, 0xef5d, 
	0xef5d, 0xef5d, 0xef5d, 0xef5d, 0xef5d, 0xef5d, 0xef5d, 0xef5d, 0xef5d, 0xef5d, 0xef5d, 0xef5d, 0xef5d, 0xef5d, 0xef5d, 0xef5d, 
	0xef5d, 0xef5d, 0xef5d, 0xef5c, 0xef5c, 0xef5c, 0xef5c, 0xef5c, 0xef5c, 0xef5c, 0xef5c, 0xef5c, 0xef5c, 0xef5c, 0xef5c, 0xef5c, 
	0x93a9, 0x93c9, 0x93c9, 0x9be8, 0x9bc8, 0x9bc8, 0x9c09, 0x9c09, 0x9c09, 0x9c28, 0x9c49, 0x9c49, 0xa469, 0xac88, 0xac88, 0xaca9, 
	0xacc9, 0xacc9, 0xb4e9, 0xb50a, 0xb50a, 0xb52a, 0xbd4b, 0xbd4b, 0xbd6b, 0xbd6b, 0xbd6b, 0xbd6b, 0xc58c, 0xc5ad, 0xc5ad, 0xcdad, 
	0xcdce, 0xcdce, 0xcdce, 0xcdce, 0xcdce, 0xcded, 0xcded, 0xcded, 0xd5ee, 0xd60f, 0xd60f, 0xd60e, 0xde2f, 0xde2f, 0xde2f, 0xde30, 
	0xde30, 0xde51, 0xde71, 0xde71, 0xe671, 0xe691, 0xeeb2, 0xeeb2, 0xeed2, 0xeed3, 0xeed3, 0xf6f4, 0xf714, 0xf714, 0xf714, 0xf715, 
	0xf715, 0xf735, 0xf735, 0xf735, 0xf735, 0xf755, 0xf755, 0xff55, 0xff55, 0xff55, 0xf754, 0xff34, 0xff34, 0xff15, 0xf716, 0xf716, 
	0xf6f5, 0xf715, 0xff35, 0xff35, 0xff55, 0xff56, 0xff56, 0xff56, 0xff36, 0xff36, 0xff36, 0xff35, 0xff35, 0xf713, 0xf6f3, 0xf6f3, 
	0xf6d4, 0xe673, 0xe673, 0xd5f1, 0xd5af, 0xd5af, 0xc4ec, 0xb429, 0xb429, 0xaba8, 0xb3e9, 0xb429, 0xb429, 0xbc49, 0xbc89, 0xbc89, 
	0xbd0e, 0xde75, 0xde75, 0xef3a, 0xef5d, 0xef5d, 0xe77d, 0xef7d, 0xef7d, 0xef7d, 0xef5d, 0xef5d, 0xef5d, 0xef7d, 0xef7d, 0xef5d, 
	0xef5d, 0xef5d, 0xef5d, 0xef7d, 0xef7d, 0xef7d, 0xef7d, 0xef7d, 0xef7d, 0xef7d, 0xef7d, 0xef7d, 0xef7d, 0xef7d, 0xef7d, 0xef7d, 
	0xef7d, 0xef7d, 0xef7d, 0xef7d, 0xef7d, 0xef7d, 0xef7d, 0xef7d, 0xef9d, 0xef7d, 0xef7d, 0xf75c, 0xe677, 0xe677, 0xddd2, 0xd591, 
	0xb4ad, 0xb4ad, 0xac8d, 0xacad, 0xacad, 0xa4ad, 0xa4ae, 0xa4ae, 0xa48d, 0xa44c, 0xa44c, 0x9bea, 0x9baa, 0x9baa, 0x8b48, 0x8ae7, 
	0x8ae7, 0x82e7, 0x9369, 0x9369, 0xde35, 0xf77c, 0xf77c, 0xef7d, 0xef7d, 0xef7d, 0xef7d, 0xef7d, 0xef7d, 0xef7d, 0xef7d, 0xef7d, 
	0xef7d, 0xef7d, 0xef7d, 0xef7d, 0xef5d, 0xef5d, 0xef5d, 0xef5d, 0xef5d, 0xef5d, 0xef5d, 0xef5d, 0xef5d, 0xef5d, 0xef5d, 0xef5d, 
	0xef5d, 0xef5d, 0xef5d, 0xef5d, 0xef5d, 0xef5d, 0xef5d, 0xef5d, 0xef5d, 0xef5d, 0xef5d, 0xef5d, 0xef5d, 0xef5d, 0xef5d, 0xef5d, 
	0xef5d, 0xef5d, 0xef5d, 0xef5c, 0xef5c, 0xef5c, 0xef5c, 0xef5d, 0xef5d, 0xef5c, 0xef5c, 0xef5c, 0xef5c, 0xef5c, 0xef5c, 0xef5c, 
	0x93a9, 0x93c9, 0x93c9, 0x9be8, 0x9bc8, 0x9bc8, 0x9c09, 0x9c09, 0x9c09, 0x9c28, 0x9c49, 0x9c49, 0xa469, 0xac88, 0xac88, 0xaca9, 
	0xacc9, 0xacc9, 0xb4e9, 0xb50a, 0xb50a, 0xb52a, 0xbd4b, 0xbd4b, 0xbd6b, 0xbd6b, 0xbd6b, 0xbd6b, 0xc58c, 0xc5ad, 0xc5ad, 0xcdad, 
	0xcdce, 0xcdce, 0xcdce, 0xcdce, 0xcdce, 0xcded, 0xcded, 0xcded, 0xd5ee, 0xd60f, 0xd60f, 0xd60e, 0xde2f, 0xde2f, 0xde2f, 0xde30, 
	0xde30, 0xde51, 0xde71, 0xde71, 0xe671, 0xe691, 0xeeb2, 0xeeb2, 0xeed2, 0xeed3, 0xeed3, 0xf6f4, 0xf714, 0xf714, 0xf714, 0xf715, 
	0xf715, 0xf735, 0xf735, 0xf735, 0xf735, 0xf755, 0xf755, 0xff55, 0xff55, 0xff55, 0xf754, 0xff34, 0xff34, 0xff15, 0xf716, 0xf716, 
	0xf6f5, 0xf715, 0xff35, 0xff35, 0xff55, 0xff56, 0xff56, 0xff56, 0xff36, 0xff36, 0xff36, 0xff35, 0xff35, 0xf713, 0xf6f3, 0xf6f3, 
	0xf6d4, 0xe673, 0xe673, 0xd5f1, 0xd5af, 0xd5af, 0xc4ec, 0xb429, 0xb429, 0xaba8, 0xb3e9, 0xb429, 0xb429, 0xbc49, 0xbc89, 0xbc89, 
	0xbd0e, 0xde75, 0xde75, 0xef3a, 0xef5d, 0xef5d, 0xe77d, 0xef7d, 0xef7d, 0xef7d, 0xef5d, 0xef5d, 0xef5d, 0xef7d, 0xef7d, 0xef5d, 
	0xef5d, 0xef5d, 0xef5d, 0xef7d, 0xef7d, 0xef7d, 0xef7d, 0xef7d, 0xef7d, 0xef7d, 0xef7d, 0xef7d, 0xef7d, 0xef7d, 0xef7d, 0xef7d, 
	0xef7d, 0xef7d, 0xef7d, 0xef7d, 0xef7d, 0xef7d, 0xef7d, 0xef7d, 0xef9d, 0xef7d, 0xef7d, 0xf75c, 0xe677, 0xe677, 0xddd2, 0xd591, 
	0xb4ad, 0xb4ad, 0xac8d, 0xacad, 0xacad, 0xa4ad, 0xa4ae, 0xa4ae, 0xa48d, 0xa44c, 0xa44c, 0x9bea, 0x9baa, 0x9baa, 0x8b48, 0x8ae7, 
	0x8ae7, 0x82e7, 0x9369, 0x9369, 0xde35, 0xf77c, 0xf77c, 0xef7d, 0xef7d, 0xef7d, 0xef7d, 0xef7d, 0xef7d, 0xef7d, 0xef7d, 0xef7d, 
	0xef7d, 0xef7d, 0xef7d, 0xef7d, 0xef5d, 0xef5d, 0xef5d, 0xef5d, 0xef5d, 0xef5d, 0xef5d, 0xef5d, 0xef5d, 0xef5d, 0xef5d, 0xef5d, 
	0xef5d, 0xef5d, 0xef5d, 0xef5d, 0xef5d, 0xef5d, 0xef5d, 0xef5d, 0xef5d, 0xef5d, 0xef5d, 0xef5d, 0xef5d, 0xef5d, 0xef5d, 0xef5d, 
	0xef5d, 0xef5d, 0xef5d, 0xef5c, 0xef5c, 0xef5c, 0xef5c, 0xef5d, 0xef5d, 0xef5c, 0xef5c, 0xef5c, 0xef5c, 0xef5c, 0xef5c, 0xef5c, 
	0x93a9, 0x93a9, 0x93a9, 0x9bc8, 0x9bc8, 0x9bc8, 0x9c09, 0x9c09, 0x9c09, 0x9c28, 0xa449, 0xa449, 0xa469, 0xa488, 0xa488, 0xaca9, 
	0xb4ea, 0xb4ea, 0xb50b, 0xbd4b, 0xbd4b, 0xbd6c, 0xc58d, 0xc58d, 0xc5ad, 0xc58d, 0xc58d, 0xc5ad, 0xcdce, 0xcdce, 0xcdce, 0xd5ef, 
	0xd5ef, 0xd5ef, 0xd60f, 0xd60f, 0xd60f, 0xd60f, 0xd62f, 0xd62f, 0xde30, 0xde50, 0xde50, 0xe670, 0xe691, 0xe691, 0xe692, 0xe692, 
	0xe692, 0xe693, 0xeed3, 0xeed3, 0xeef3, 0xeef3, 0xf714, 0xf714, 0xf714, 0xf735, 0xf735, 0xff35, 0xff35, 0xff35, 0xff35, 0xf756, 
	0xf756, 0xff56, 0xff56, 0xff56, 0xff76, 0xff56, 0xff56, 0xf755, 0xf734, 0xf734, 0xef13, 0xeef3, 0xeef3, 0xeed4, 0xeed5, 0xeed5, 
	0xeed5, 0xf6f4, 0xf714, 0xf714, 0xff35, 0xff36, 0xff36, 0xff36, 0xff35, 0xff35, 0xf715, 0xf714, 0xf714, 0xf713, 0xf6f3, 0xf6f3, 
	0xeeb3, 0xde52, 0xde52, 0xd5d0, 0xd56e, 0xd56e, 0xc4ec, 0xb449, 0xb449, 0xaba8, 0xabc9, 0xb3e9, 0xb3e9, 0xbc29, 0xbc69, 0xbc69, 
	0xbccb, 0xcd91, 0xcd91, 0xeed8, 0xef3b, 0xef3b, 0xef5c, 0xef7d, 0xef7d, 0xf75e, 0xf77d, 0xf77d, 0xf77d, 0xef7d, 0xef7d, 0xef7d, 
	0xef5d, 0xef5d, 0xef5d, 0xef5d, 0xef5d, 0xef5d, 0xef5d, 0xef5d, 0xef5d, 0xef7d, 0xef7d, 0xef7d, 0xef7d, 0xef7d, 0xef7d, 0xef7d, 
	0xef7d, 0xef7d, 0xef7d, 0xef7d, 0xef7d, 0xef7d, 0xef7d, 0xef7d, 0xef7d, 0xf75b, 0xf75b, 0xe6b7, 0xd5d2, 0xd5d2, 0xd5d1, 0xbced, 
	0xac6c, 0xac6c, 0xac6c, 0xac8d, 0xac8d, 0xa48d, 0x9c4c, 0x9c4c, 0x9c2c, 0x9c0c, 0x9c0c, 0x9beb, 0x93aa, 0x93aa, 0x9349, 0x8b08, 
	0x8b08, 0x8ae7, 0x8b08, 0x8b08, 0xcd92, 0xef5b, 0xef5b, 0xef7c, 0xef7d, 0xef7d, 0xef7d, 0xef5d, 0xef5d, 0xef5d, 0xef7d, 0xef7d, 
	0xef7d, 0xef7d, 0xef5d, 0xef5d, 0xef5d, 0xef5d, 0xef5d, 0xef5d, 0xef5d, 0xef5d, 0xef5d, 0xef5d, 0xef5d, 0xef5d, 0xef5d, 0xef5d, 
	0xef5d, 0xef5d, 0xef5d, 0xef5d, 0xef5d, 0xef5d, 0xef5d, 0xef5d, 0xef5d, 0xef5d, 0xef5d, 0xef5d, 0xef5d, 0xef5d, 0xef5d, 0xef5d, 
	0xef5d, 0xef5c, 0xef5c, 0xef5c, 0xef5c, 0xef5c, 0xef5c, 0xef5c, 0xef5c, 0xef5c, 0xef5c, 0xef5c, 0xef5c, 0xef5c, 0xef5c, 0xef5c, 
	0x93a9, 0x93a9, 0x93a9, 0x9bc8, 0x9bc8, 0x9bc8, 0x9c09, 0x9c09, 0x9c09, 0x9c28, 0xa449, 0xa449, 0xa469, 0xa488, 0xa488, 0xaca9, 
	0xb4ea, 0xb4ea, 0xb50b, 0xbd4b, 0xbd4b, 0xbd6c, 0xc58d, 0xc58d, 0xc5ad, 0xc58d, 0xc58d, 0xc5ad, 0xcdce, 0xcdce, 0xcdce, 0xd5ef, 
	0xd5ef, 0xd5ef, 0xd60f, 0xd60f, 0xd60f, 0xd60f, 0xd62f, 0xd62f, 0xde30, 0xde50, 0xde50, 0xe670, 0xe691, 0xe691, 0xe692, 0xe692, 
	0xe692, 0xe693, 0xeed3, 0xeed3, 0xeef3, 0xeef3, 0xf714, 0xf714, 0xf714, 0xf735, 0xf735, 0xff35, 0xff35, 0xff35, 0xff35, 0xf756, 
	0xf756, 0xff56, 0xff56, 0xff56, 0xff76, 0xff56, 0xff56, 0xf755, 0xf734, 0xf734, 0xef13, 0xeef3, 0xeef3, 0xeed4, 0xeed5, 0xeed5, 
	0xeed5, 0xf6f4, 0xf714, 0xf714, 0xff35, 0xff36, 0xff36, 0xff36, 0xff35, 0xff35, 0xf715, 0xf714, 0xf714, 0xf713, 0xf6f3, 0xf6f3, 
	0xeeb3, 0xde52, 0xde52, 0xd5d0, 0xd56e, 0xd56e, 0xc4ec, 0xb449, 0xb449, 0xaba8, 0xabc9, 0xb3e9, 0xb3e9, 0xbc29, 0xbc69, 0xbc69, 
	0xbccb, 0xcd91, 0xcd91, 0xeed8, 0xef3b, 0xef3b, 0xef5c, 0xef7d, 0xef7d, 0xf75e, 0xf77d, 0xf77d, 0xf77d, 0xef7d, 0xef7d, 0xef7d, 
	0xef5d, 0xef5d, 0xef5d, 0xef5d, 0xef5d, 0xef5d, 0xef5d, 0xef5d, 0xef5d, 0xef7d, 0xef7d, 0xef7d, 0xef7d, 0xef7d, 0xef7d, 0xef7d, 
	0xef7d, 0xef7d, 0xef7d, 0xef7d, 0xef7d, 0xef7d, 0xef7d, 0xef7d, 0xef7d, 0xf75b, 0xf75b, 0xe6b7, 0xd5d2, 0xd5d2, 0xd5d1, 0xbced, 
	0xac6c, 0xac6c, 0xac6c, 0xac8d, 0xac8d, 0xa48d, 0x9c4c, 0x9c4c, 0x9c2c, 0x9c0c, 0x9c0c, 0x9beb, 0x93aa, 0x93aa, 0x9349, 0x8b08, 
	0x8b08, 0x8ae7, 0x8b08, 0x8b08, 0xcd92, 0xef5b, 0xef5b, 0xef7c, 0xef7d, 0xef7d, 0xef7d, 0xef5d, 0xef5d, 0xef5d, 0xef7d, 0xef7d, 
	0xef7d, 0xef7d, 0xef5d, 0xef5d, 0xef5d, 0xef5d, 0xef5d, 0xef5d, 0xef5d, 0xef5d, 0xef5d, 0xef5d, 0xef5d, 0xef5d, 0xef5d, 0xef5d, 
	0xef5d, 0xef5d, 0xef5d, 0xef5d, 0xef5d, 0xef5d, 0xef5d, 0xef5d, 0xef5d, 0xef5d, 0xef5d, 0xef5d, 0xef5d, 0xef5d, 0xef5d, 0xef5d, 
	0xef5d, 0xef5c, 0xef5c, 0xef5c, 0xef5c, 0xef5c, 0xef5c, 0xef5c, 0xef5c, 0xef5c, 0xef5c, 0xef5c, 0xef5c, 0xef5c, 0xef5c, 0xef5c, 
	0x8ba9, 0x93a8, 0x93a8, 0x93c8, 0x9bc8, 0x9bc8, 0x9c09, 0x9c09, 0x9c09, 0x9c49, 0xa469, 0xa469, 0xa489, 0xaca9, 0xaca9, 0xb4ea, 
	0xbd2b, 0xbd2b, 0xbd4c, 0xc58d, 0xc58d, 0xcdae, 0xcdcf, 0xcdcf, 0xd5ef, 0xd60f, 0xd60f, 0xd610, 0xde30, 0xde31, 0xde31, 0xde51, 
	0xde51, 0xde51, 0xde51, 0xde51, 0xde51, 0xde71, 0xe671, 0xe671, 0xe672, 0xee92, 0xee92, 0xeeb2, 0xeef3, 0xeef3, 0xeef4, 0xf6f4, 
	0xf6f4, 0xf714, 0xf735, 0xf735, 0xf735, 0xf734, 0xf755, 0xf755, 0xf755, 0xff56, 0xff56, 0xff56, 0xff56, 0xff56, 0xff56, 0xff56, 
	0xff56, 0xff56, 0xff56, 0xff56, 0xff55, 0xf735, 0xf735, 0xf734, 0xef13, 0xef13, 0xe6d2, 0xeeb2, 0xeeb2, 0xeeb3, 0xee94, 0xee94, 
	0xe694, 0xeeb3, 0xf6f3, 0xf6f3, 0xf714, 0xff15, 0xff15, 0xf715, 0xf714, 0xf714, 0xf6f4, 0xf6f3, 0xf6f3, 0xf6f3, 0xf714, 0xf714, 
	0xee93, 0xde31, 0xde31, 0xd5af, 0xd56d, 0xd56d, 0xc4eb, 0xbc6a, 0xbc6a, 0xabe9, 0xaba8, 0xabc8, 0xabc8, 0xb409, 0xbc49, 0xbc49, 
	0xc48a, 0xc4cc, 0xc4cc, 0xddd2, 0xeed8, 0xeed8, 0xef3b, 0xf75c, 0xf75c, 0xf75c, 0xef5d, 0xef5d, 0xef7d, 0xef7d, 0xef7d, 0xef7d, 
	0xef5d, 0xef5d, 0xef5d, 0xef5d, 0xef5d, 0xef5d, 0xef5d, 0xef5d, 0xef5d, 0xef7d, 0xef7d, 0xef7d, 0xef7d, 0xef7d, 0xef7d, 0xef7d, 
	0xef7d, 0xef7d, 0xef7d, 0xef7d, 0xef7d, 0xef7d, 0xef5d, 0xef5d, 0xf75c, 0xe6b7, 0xe6b7, 0xcd91, 0xcd70, 0xcd70, 0xbced, 0xa40b, 
	0xac4c, 0xac4c, 0xb4ad, 0xacad, 0xacad, 0xa46c, 0x9beb, 0x9beb, 0x93cb, 0x93cb, 0x93cb, 0x93ab, 0x938a, 0x938a, 0x9349, 0x9328, 
	0x9328, 0x9328, 0x9328, 0x9328, 0xc510, 0xf75a, 0xf75a, 0xef9c, 0xef7d, 0xef7d, 0xef7d, 0xef5d, 0xef5d, 0xef5d, 0xef7d, 0xef7d, 
	0xef7d, 0xef7d, 0xef5d, 0xef5d, 0xef5d, 0xef7d, 0xef7d, 0xef7d, 0xef7d, 0xef7d, 0xef5d, 0xef5d, 0xef5d, 0xef5d, 0xef5d, 0xef5d, 
	0xef5d, 0xef5d, 0xef5d, 0xef5d, 0xef5d, 0xef5d, 0xef5d, 0xef5d, 0xef5d, 0xef5d, 0xef5d, 0xef5d, 0xef5d, 0xef5d, 0xef5d, 0xef5d, 
	0xef5d, 0xef5c, 0xef5c, 0xef5c, 0xef5c, 0xef5c, 0xef5c, 0xef5c, 0xef5c, 0xef5c, 0xef5c, 0xef5c, 0xef5c, 0xef5c, 0xef5c, 0xef5c, 
	0x8ba9, 0x93a8, 0x93a8, 0x93c8, 0x9bc8, 0x9bc8, 0x9c09, 0x9c09, 0x9c09, 0x9c49, 0xa469, 0xa469, 0xa489, 0xaca9, 0xaca9, 0xb4ea, 
	0xbd2b, 0xbd2b, 0xbd4c, 0xc58d, 0xc58d, 0xcdae, 0xcdcf, 0xcdcf, 0xd5ef, 0xd60f, 0xd60f, 0xd610, 0xde30, 0xde31, 0xde31, 0xde51, 
	0xde51, 0xde51, 0xde51, 0xde51, 0xde51, 0xde71, 0xe671, 0xe671, 0xe672, 0xee92, 0xee92, 0xeeb2, 0xeef3, 0xeef3, 0xeef4, 0xf6f4, 
	0xf6f4, 0xf714, 0xf735, 0xf735, 0xf735, 0xf734, 0xf755, 0xf755, 0xf755, 0xff56, 0xff56, 0xff56, 0xff56, 0xff56, 0xff56, 0xff56, 
	0xff56, 0xff56, 0xff56, 0xff56, 0xff55, 0xf735, 0xf735, 0xf734, 0xef13, 0xef13, 0xe6d2, 0xeeb2, 0xeeb2, 0xeeb3, 0xee94, 0xee94, 
	0xe694, 0xeeb3, 0xf6f3, 0xf6f3, 0xf714, 0xff15, 0xff15, 0xf715, 0xf714, 0xf714, 0xf6f4, 0xf6f3, 0xf6f3, 0xf6f3, 0xf714, 0xf714, 
	0xee93, 0xde31, 0xde31, 0xd5af, 0xd56d, 0xd56d, 0xc4eb, 0xbc6a, 0xbc6a, 0xabe9, 0xaba8, 0xabc8, 0xabc8, 0xb409, 0xbc49, 0xbc49, 
	0xc48a, 0xc4cc, 0xc4cc, 0xddd2, 0xeed8, 0xeed8, 0xef3b, 0xf75c, 0xf75c, 0xf75c, 0xef5d, 0xef5d, 0xef7d, 0xef7d, 0xef7d, 0xef7d, 
	0xef5d, 0xef5d, 0xef5d, 0xef5d, 0xef5d, 0xef5d, 0xef5d, 0xef5d, 0xef5d, 0xef7d, 0xef7d, 0xef7d, 0xef7d, 0xef7d, 0xef7d, 0xef7d, 
	0xef7d, 0xef7d, 0xef7d, 0xef7d, 0xef7d, 0xef7d, 0xef5d, 0xef5d, 0xf75c, 0xe6b7, 0xe6b7, 0xcd91, 0xcd70, 0xcd70, 0xbced, 0xa40b, 
	0xac4c, 0xac4c, 0xb4ad, 0xacad, 0xacad, 0xa46c, 0x9beb, 0x9beb, 0x93cb, 0x93cb, 0x93cb, 0x93ab, 0x938a, 0x938a, 0x9349, 0x9328, 
	0x9328, 0x9328, 0x9328, 0x9328, 0xc510, 0xf75a, 0xf75a, 0xef9c, 0xef7d, 0xef7d, 0xef7d, 0xef5d, 0xef5d, 0xef5d, 0xef7d, 0xef7d, 
	0xef7d, 0xef7d, 0xef5d, 0xef5d, 0xef5d, 0xef7d, 0xef7d, 0xef7d, 0xef7d, 0xef7d, 0xef5d, 0xef5d, 0xef5d, 0xef5d, 0xef5d, 0xef5d, 
	0xef5d, 0xef5d, 0xef5d, 0xef5d, 0xef5d, 0xef5d, 0xef5d, 0xef5d, 0xef5d, 0xef5d, 0xef5d, 0xef5d, 0xef5d, 0xef5d, 0xef5d, 0xef5d, 
	0xef5d, 0xef5c, 0xef5c, 0xef5c, 0xef5c, 0xef5c, 0xef5c, 0xef5c, 0xef5c, 0xef5c, 0xef5c, 0xef5c, 0xef5c, 0xef5c, 0xef5c, 0xef5c, 
	0x8ba9, 0x93c8, 0x93c8, 0x93e8, 0x9408, 0x9408, 0x9c29, 0x9c49, 0x9c49, 0xa469, 0xa48a, 0xa48a, 0xacca, 0xb4eb, 0xb4eb, 0xb52b, 
	0xbd4d, 0xbd4d, 0xc58e, 0xcdaf, 0xcdaf, 0xcdd0, 0xd610, 0xd610, 0xde31, 0xde52, 0xde52, 0xde72, 0xde92, 0xe692, 0xe692, 0xe693, 
	0xe6b3, 0xe6b3, 0xe6b3, 0xe6b3, 0xe6b3, 0xe6b3, 0xeed3, 0xeed3, 0xeef3, 0xf6f4, 0xf6f4, 0xf6f4, 0xf714, 0xf714, 0xf715, 0xf735, 
	0xf735, 0xf735, 0xf756, 0xf756, 0xff55, 0xf755, 0xff55, 0xff55, 0xff75, 0xff75, 0xff75, 0xff56, 0xff56, 0xff56, 0xff56, 0xff55, 
	0xff55, 0xff35, 0xff35, 0xff35, 0xf715, 0xf714, 0xf714, 0xeef3, 0xeed2, 0xeed2, 0xeed2, 0xeed2, 0xeed2, 0xf6d4, 0xeed5, 0xeed5, 
	0xe6b4, 0xeed3, 0xeef3, 0xeef3, 0xeed3, 0xeed3, 0xeed3, 0xeed2, 0xe692, 0xe692, 0xe671, 0xe671, 0xe671, 0xeed2, 0xf6d4, 0xf6d4, 
	0xe653, 0xd5d0, 0xd5d0, 0xcd6e, 0xcd2c, 0xcd2c, 0xcd0b, 0xc4ca, 0xc4ca, 0xb44a, 0xabc8, 0xabc8, 0xabc8, 0xabe9, 0xb449, 0xb449, 
	0xbc69, 0xbc69, 0xbc69, 0xbccc, 0xd5b2, 0xd5b2, 0xe676, 0xf719, 0xf719, 0xef3a, 0xf75b, 0xf75b, 0xef7c, 0xef7c, 0xef7c, 0xef7d, 
	0xef5d, 0xef5d, 0xef7d, 0xf77d, 0xf77d, 0xef5d, 0xef5d, 0xef5d, 0xef5d, 0xef7d, 0xef7d, 0xef7d, 0xef7d, 0xef7d, 0xef7d, 0xf75d, 
	0xf77d, 0xf77d, 0xf77d, 0xef5d, 0xef5d, 0xef5d, 0xef3b, 0xef3b, 0xe6b7, 0xc571, 0xc571, 0xc52e, 0xb4ad, 0xb4ad, 0x93a9, 0x93a9, 
	0xac8d, 0xac8d, 0xac6d, 0xa44c, 0xa44c, 0x93aa, 0x8b8a, 0x8b8a, 0x8b6a, 0x93cb, 0x93cb, 0x938a, 0x8b6a, 0x8b6a, 0x9b8a, 0x9369, 
	0x9369, 0x9307, 0x9327, 0x9327, 0xb4ae, 0xef3a, 0xef3a, 0xef7c, 0xef7d, 0xef7d, 0xef7d, 0xef5d, 0xef5d, 0xef5d, 0xef7d, 0xef7d, 
	0xef7d, 0xef7d, 0xef5d, 0xef5d, 0xef5d, 0xef7d, 0xef7d, 0xef7d, 0xef7d, 0xef7d, 0xef5d, 0xef5d, 0xef5d, 0xef5d, 0xef5d, 0xef5d, 
	0xef5d, 0xef5d, 0xef5d, 0xef5d, 0xef5d, 0xef5d, 0xef5d, 0xef5d, 0xef5d, 0xef5d, 0xef5d, 0xef5d, 0xef5d, 0xef5d, 0xef5d, 0xef5d, 
	0xef5d, 0xef5c, 0xef5c, 0xef5c, 0xef5c, 0xef5c, 0xef5c, 0xef5c, 0xef5c, 0xef5c, 0xef5c, 0xef5c, 0xef5d, 0xef5d, 0xef5d, 0xef5d, 
	0x8ba9, 0x93c8, 0x93c8, 0x93e8, 0x9408, 0x9408, 0x9c29, 0x9c49, 0x9c49, 0xa469, 0xa48a, 0xa48a, 0xacca, 0xb4eb, 0xb4eb, 0xb52b, 
	0xbd4d, 0xbd4d, 0xc58e, 0xcdaf, 0xcdaf, 0xcdd0, 0xd610, 0xd610, 0xde31, 0xde52, 0xde52, 0xde72, 0xde92, 0xe692, 0xe692, 0xe693, 
	0xe6b3, 0xe6b3, 0xe6b3, 0xe6b3, 0xe6b3, 0xe6b3, 0xeed3, 0xeed3, 0xeef3, 0xf6f4, 0xf6f4, 0xf6f4, 0xf714, 0xf714, 0xf715, 0xf735, 
	0xf735, 0xf735, 0xf756, 0xf756, 0xff55, 0xf755, 0xff55, 0xff55, 0xff75, 0xff75, 0xff75, 0xff56, 0xff56, 0xff56, 0xff56, 0xff55, 
	0xff55, 0xff35, 0xff35, 0xff35, 0xf715, 0xf714, 0xf714, 0xeef3, 0xeed2, 0xeed2, 0xeed2, 0xeed2, 0xeed2, 0xf6d4, 0xeed5, 0xeed5, 
	0xe6b4, 0xeed3, 0xeef3, 0xeef3, 0xeed3, 0xeed3, 0xeed3, 0xeed2, 0xe692, 0xe692, 0xe671, 0xe671, 0xe671, 0xeed2, 0xf6d4, 0xf6d4, 
	0xe653, 0xd5d0, 0xd5d0, 0xcd6e, 0xcd2c, 0xcd2c, 0xcd0b, 0xc4ca, 0xc4ca, 0xb44a, 0xabc8, 0xabc8, 0xabc8, 0xabe9, 0xb449, 0xb449, 
	0xbc69, 0xbc69, 0xbc69, 0xbccc, 0xd5b2, 0xd5b2, 0xe676, 0xf719, 0xf719, 0xef3a, 0xf75b, 0xf75b, 0xef7c, 0xef7c, 0xef7c, 0xef7d, 
	0xef5d, 0xef5d, 0xef7d, 0xf77d, 0xf77d, 0xef5d, 0xef5d, 0xef5d, 0xef5d, 0xef7d, 0xef7d, 0xef7d, 0xef7d, 0xef7d, 0xef7d, 0xf75d, 
	0xf77d, 0xf77d, 0xf77d, 0xef5d, 0xef5d, 0xef5d, 0xef3b, 0xef3b, 0xe6b7, 0xc571, 0xc571, 0xc52e, 0xb4ad, 0xb4ad, 0x93a9, 0x93a9, 
	0xac8d, 0xac8d, 0xac6d, 0xa44c, 0xa44c, 0x93aa, 0x8b8a, 0x8b8a, 0x8b6a, 0x93cb, 0x93cb, 0x938a, 0x8b6a, 0x8b6a, 0x9b8a, 0x9369, 
	0x9369, 0x9307, 0x9327, 0x9327, 0xb4ae, 0xef3a, 0xef3a, 0xef7c, 0xef7d, 0xef7d, 0xef7d, 0xef5d, 0xef5d, 0xef5d, 0xef7d, 0xef7d, 
	0xef7d, 0xef7d, 0xef5d, 0xef5d, 0xef5d, 0xef7d, 0xef7d, 0xef7d, 0xef7d, 0xef7d, 0xef5d, 0xef5d, 0xef5d, 0xef5d, 0xef5d, 0xef5d, 
	0xef5d, 0xef5d, 0xef5d, 0xef5d, 0xef5d, 0xef5d, 0xef5d, 0xef5d, 0xef5d, 0xef5d, 0xef5d, 0xef5d, 0xef5d, 0xef5d, 0xef5d, 0xef5d, 
	0xef5d, 0xef5c, 0xef5c, 0xef5c, 0xef5c, 0xef5c, 0xef5c, 0xef5c, 0xef5c, 0xef5c, 0xef5c, 0xef5c, 0xef5d, 0xef5d, 0xef5d, 0xef5d, 
	0x8ba9, 0x93c9, 0x93c9, 0x93e9, 0x9c29, 0x9c29, 0x9c49, 0xa46a, 0xa46a, 0xa48a, 0xacab, 0xacab, 0xb4eb, 0xbd2c, 0xbd2c, 0xbd4c, 
	0xc56e, 0xc56e, 0xcdcf, 0xd5f0, 0xd5f0, 0xd610, 0xde31, 0xde31, 0xde52, 0xde92, 0xde92, 0xe6b3, 0xe6d3, 0xe6d3, 0xe6d3, 0xeed3, 
	0xeef4, 0xeef4, 0xeef4, 0xeef4, 0xeef4, 0xef14, 0xf714, 0xf714, 0xf715, 0xf735, 0xf735, 0xf735, 0xf756, 0xf756, 0xff56, 0xff56, 
	0xff56, 0xff56, 0xff56, 0xff56, 0xff76, 0xff76, 0xff56, 0xff56, 0xff56, 0xff56, 0xff56, 0xff56, 0xf755, 0xf755, 0xf755, 0xff35, 
	0xff35, 0xf714, 0xf6f4, 0xf6f4, 0xf6f4, 0xeed3, 0xeed3, 0xeed2, 0xeed2, 0xeed2, 0xeed2, 0xeed3, 0xeed3, 0xeed4, 0xeeb5, 0xeeb5, 
	0xe6b4, 0xe6b3, 0xe691, 0xe691, 0xde70, 0xde50, 0xde50, 0xd62f, 0xd5ee, 0xd5ee, 0xcdcd, 0xd5ce, 0xd5ce, 0xde31, 0xe673, 0xe673, 
	0xe632, 0xddd0, 0xddd0, 0xcd0c, 0xc4aa, 0xc4aa, 0xbc69, 0xbc8a, 0xbc8a, 0xc4ab, 0xbc8a, 0xc4aa, 0xc4aa, 0xc4cb, 0xc4cb, 0xc4cb, 
	0xbcca, 0xc4eb, 0xc4eb, 0xcd0c, 0xd54e, 0xd54e, 0xd570, 0xd5d2, 0xd5d2, 0xde13, 0xde76, 0xde76, 0xe6d7, 0xef39, 0xef39, 0xef5a, 
	0xf75b, 0xf75b, 0xf75b, 0xf75b, 0xf75b, 0xf75b, 0xf75b, 0xf75b, 0xf75b, 0xf75c, 0xf77c, 0xf77c, 0xf75c, 0xf75c, 0xf75c, 0xf75d, 
	0xf77c, 0xf77c, 0xf77c, 0xf75c, 0xf75c, 0xf75b, 0xde97, 0xde97, 0xc550, 0xb4ed, 0xb4ed, 0xbccc, 0xa42b, 0xa42b, 0x8b47, 0x9bc9, 
	0xac6c, 0xac6c, 0xa44c, 0x9beb, 0x9beb, 0x93aa, 0x8b6a, 0x8b6a, 0x8b4a, 0x8329, 0x8329, 0x8b4a, 0x8b4a, 0x8b4a, 0x938a, 0x9baa, 
	0x9baa, 0x9b69, 0x9327, 0x9327, 0xac4d, 0xef19, 0xef19, 0xef7c, 0xef7d, 0xef7d, 0xef7d, 0xef5d, 0xef5d, 0xef5d, 0xef7d, 0xef5d, 
	0xef5d, 0xef5d, 0xef7d, 0xef7d, 0xef7d, 0xef7d, 0xef7d, 0xef7d, 0xef7d, 0xef7d, 0xef5d, 0xef5d, 0xef5d, 0xef5d, 0xef5d, 0xef5d, 
	0xef5d, 0xef5d, 0xef5d, 0xef5d, 0xef5d, 0xef5d, 0xef5d, 0xef5d, 0xef5d, 0xef5d, 0xef5d, 0xef5d, 0xef5d, 0xef5d, 0xef5d, 0xef5d, 
	0xef5d, 0xef5c, 0xef5c, 0xef5c, 0xef5c, 0xef5c, 0xef5c, 0xef5c, 0xef5c, 0xef5c, 0xef5c, 0xef5c, 0xef5c, 0xef5c, 0xef5c, 0xef5c, 
	0x8ba9, 0x93c9, 0x93c9, 0x940a, 0x9c49, 0x9c49, 0x9c8a, 0xa4aa, 0xa4aa, 0xaccb, 0xb50c, 0xb50c, 0xb52c, 0xbd4c, 0xbd4c, 0xbd4c, 
	0xc58f, 0xc58f, 0xd5d0, 0xd611, 0xd611, 0xde11, 0xde31, 0xde31, 0xde72, 0xe6b3, 0xe6b3, 0xeed3, 0xeef4, 0xeef4, 0xeef4, 0xef14, 
	0xf715, 0xf715, 0xf715, 0xf735, 0xf735, 0xf735, 0xf755, 0xf755, 0xf756, 0xf756, 0xf756, 0xff56, 0xff76, 0xff76, 0xff76, 0xff76, 
	0xff76, 0xff76, 0xff76, 0xff76, 0xff56, 0xff56, 0xf756, 0xf756, 0xf756, 0xf756, 0xf756, 0xff56, 0xf735, 0xf735, 0xf714, 0xf714, 
	0xf714, 0xf6f3, 0xeed3, 0xeed3, 0xeeb2, 0xe692, 0xe692, 0xeeb2, 0xeeb2, 0xeeb2, 0xe6b1, 0xe692, 0xe692, 0xde52, 0xde33, 0xde33, 
	0xde53, 0xd631, 0xcdee, 0xcdee, 0xcdad, 0xc58d, 0xc58d, 0xc56d, 0xc54c, 0xc54c, 0xbd2c, 0xbd4c, 0xbd4c, 0xc58e, 0xcdb0, 0xcdb0, 
	0xddf1, 0xd5af, 0xd5af, 0xbc8a, 0xabe8, 0xabe8, 0xb428, 0xc4cb, 0xc4cb, 0xd52c, 0xd54d, 0xdd8e, 0xdd8e, 0xdd8e, 0xd56e, 0xd56e, 
	0xd56d, 0xd56d, 0xd56d, 0xd54d, 0xd54d, 0xd54d, 0xd54e, 0xcd4e, 0xcd4e, 0xcd4e, 0xc54e, 0xc54e, 0xc56f, 0xcdb1, 0xcdb1, 0xd5f2, 
	0xde33, 0xde33, 0xde34, 0xde34, 0xde34, 0xde34, 0xde14, 0xde34, 0xde34, 0xe676, 0xeeb7, 0xeeb7, 0xeeb7, 0xeef8, 0xeef8, 0xef19, 
	0xf719, 0xf719, 0xf719, 0xf73a, 0xf73a, 0xeed8, 0xcd91, 0xcd91, 0xb4cd, 0xb4cc, 0xb4cc, 0xb48b, 0x9389, 0x9389, 0x9369, 0xa42b, 
	0xac4b, 0xac4b, 0xa40b, 0x93ca, 0x93ca, 0x938b, 0x8b6a, 0x8b6a, 0x82e9, 0x7aa8, 0x7aa8, 0x8309, 0x8329, 0x8329, 0x938a, 0x9bcb, 
	0x9bcb, 0x9b89, 0x9368, 0x9368, 0xac6d, 0xef19, 0xef19, 0xef7c, 0xef7d, 0xef7d, 0xef5d, 0xef5d, 0xef7d, 0xef7d, 0xef5d, 0xef5d, 
	0xef5d, 0xef5d, 0xef7d, 0xef7d, 0xef7d, 0xef5d, 0xef5d, 0xef5d, 0xef5d, 0xef5d, 0xef5d, 0xef5d, 0xef5d, 0xef5d, 0xef5d, 0xef5d, 
	0xef5d, 0xef5d, 0xef5d, 0xef5d, 0xef5d, 0xef5d, 0xef5d, 0xef5d, 0xef5d, 0xef5d, 0xef5d, 0xef5d, 0xef5d, 0xef5d, 0xef5d, 0xef5d, 
	0xef5d, 0xef5c, 0xef5c, 0xef5c, 0xef5c, 0xef5c, 0xef5c, 0xef5c, 0xef5c, 0xef5c, 0xef5c, 0xef5c, 0xef5c, 0xef5c, 0xef5c, 0xef5c, 
	0x8ba9, 0x93c9, 0x93c9, 0x940a, 0x9c49, 0x9c49, 0x9c8a, 0xa4aa, 0xa4aa, 0xaccb, 0xb50c, 0xb50c, 0xb52c, 0xbd4c, 0xbd4c, 0xbd4c, 
	0xc58f, 0xc58f, 0xd5d0, 0xd611, 0xd611, 0xde11, 0xde31, 0xde31, 0xde72, 0xe6b3, 0xe6b3, 0xeed3, 0xeef4, 0xeef4, 0xeef4, 0xef14, 
	0xf715, 0xf715, 0xf715, 0xf735, 0xf735, 0xf735, 0xf755, 0xf755, 0xf756, 0xf756, 0xf756, 0xff56, 0xff76, 0xff76, 0xff76, 0xff76, 
	0xff76, 0xff76, 0xff76, 0xff76, 0xff56, 0xff56, 0xf756, 0xf756, 0xf756, 0xf756, 0xf756, 0xff56, 0xf735, 0xf735, 0xf714, 0xf714, 
	0xf714, 0xf6f3, 0xeed3, 0xeed3, 0xeeb2, 0xe692, 0xe692, 0xeeb2, 0xeeb2, 0xeeb2, 0xe6b1, 0xe692, 0xe692, 0xde52, 0xde33, 0xde33, 
	0xde53, 0xd631, 0xcdee, 0xcdee, 0xcdad, 0xc58d, 0xc58d, 0xc56d, 0xc54c, 0xc54c, 0xbd2c, 0xbd4c, 0xbd4c, 0xc58e, 0xcdb0, 0xcdb0, 
	0xddf1, 0xd5af, 0xd5af, 0xbc8a, 0xabe8, 0xabe8, 0xb428, 0xc4cb, 0xc4cb, 0xd52c, 0xd54d, 0xdd8e, 0xdd8e, 0xdd8e, 0xd56e, 0xd56e, 
	0xd56d, 0xd56d, 0xd56d, 0xd54d, 0xd54d, 0xd54d, 0xd54e, 0xcd4e, 0xcd4e, 0xcd4e, 0xc54e, 0xc54e, 0xc56f, 0xcdb1, 0xcdb1, 0xd5f2, 
	0xde33, 0xde33, 0xde34, 0xde34, 0xde34, 0xde34, 0xde14, 0xde34, 0xde34, 0xe676, 0xeeb7, 0xeeb7, 0xeeb7, 0xeef8, 0xeef8, 0xef19, 
	0xf719, 0xf719, 0xf719, 0xf73a, 0xf73a, 0xeed8, 0xcd91, 0xcd91, 0xb4cd, 0xb4cc, 0xb4cc, 0xb48b, 0x9389, 0x9389, 0x9369, 0xa42b, 
	0xac4b, 0xac4b, 0xa40b, 0x93ca, 0x93ca, 0x938b, 0x8b6a, 0x8b6a, 0x82e9, 0x7aa8, 0x7aa8, 0x8309, 0x8329, 0x8329, 0x938a, 0x9bcb, 
	0x9bcb, 0x9b89, 0x9368, 0x9368, 0xac6d, 0xef19, 0xef19, 0xef7c, 0xef7d, 0xef7d, 0xef5d, 0xef5d, 0xef7d, 0xef7d, 0xef5d, 0xef5d, 
	0xef5d, 0xef5d, 0xef7d, 0xef7d, 0xef7d, 0xef5d, 0xef5d, 0xef5d, 0xef5d, 0xef5d, 0xef5d, 0xef5d, 0xef5d, 0xef5d, 0xef5d, 0xef5d, 
	0xef5d, 0xef5d, 0xef5d, 0xef5d, 0xef5d, 0xef5d, 0xef5d, 0xef5d, 0xef5d, 0xef5d, 0xef5d, 0xef5d, 0xef5d, 0xef5d, 0xef5d, 0xef5d, 
	0xef5d, 0xef5c, 0xef5c, 0xef5c, 0xef5c, 0xef5c, 0xef5c, 0xef5c, 0xef5c, 0xef5c, 0xef5c, 0xef5c, 0xef5c, 0xef5c, 0xef5c, 0xef5c, 
	0x940a, 0x9c2a, 0x9c2a, 0x9c6a, 0xa48a, 0xa48a, 0xaccb, 0xaceb, 0xaceb, 0xb50c, 0xb52c, 0xb52c, 0xbd2c, 0xbd4c, 0xbd4c, 0xc56d, 
	0xcdaf, 0xcdaf, 0xd5f1, 0xde32, 0xde32, 0xde52, 0xe672, 0xe672, 0xe693, 0xe6d3, 0xe6d3, 0xeef4, 0xef14, 0xf715, 0xf715, 0xf735, 
	0xf735, 0xf735, 0xf755, 0xf755, 0xf755, 0xff55, 0xf755, 0xf755, 0xff56, 0xff56, 0xff56, 0xff76, 0xff56, 0xff56, 0xff56, 0xff56, 
	0xff56, 0xff76, 0xf755, 0xf755, 0xf756, 0xf735, 0xf735, 0xf735, 0xf736, 0xf715, 0xf715, 0xf715, 0xeef3, 0xeef3, 0xeed2, 0xeeb2, 
	0xeeb2, 0xe691, 0xe670, 0xe670, 0xde70, 0xde4f, 0xde4f, 0xde30, 0xd62f, 0xd62f, 0xd5ef, 0xcdae, 0xcdae, 0xc5af, 0xc5b1, 0xc5b1, 
	0xc590, 0xbd6e, 0xb52c, 0xb52c, 0xb4ec, 0xb4ec, 0xb4ec, 0xb4ec, 0xb4cb, 0xb4cb, 0xb4cb, 0xb4ec, 0xb4ec, 0xb50c, 0xbd2e, 0xbd2e, 
	0xd5d1, 0xd56e, 0xd56e, 0xbc6a, 0xabe8, 0xabe8, 0xc4ab, 0xd56e, 0xd56e, 0xd56e, 0xddaf, 0xddaf, 0xddaf, 0xd58e, 0xd56e, 0xd56e, 
	0xd56e, 0xd54d, 0xd54d, 0xd54d, 0xd54d, 0xd54d, 0xd54d, 0xd54d, 0xd54d, 0xd54d, 0xcd2c, 0xcd2c, 0xcd2c, 0xcd2d, 0xcd2d, 0xcd4d, 
	0xd56e, 0xd56e, 0xd54e, 0xcd2e, 0xcd2e, 0xcd0d, 0xc50d, 0xc50d, 0xc50d, 0xcd0d, 0xcd2e, 0xcd2e, 0xcd4e, 0xcd6f, 0xcd6f, 0xcd90, 
	0xcd91, 0xcd91, 0xd5b2, 0xd5b2, 0xd5b2, 0xcd90, 0xc50e, 0xc50e, 0xb4ab, 0xac6b, 0xac6b, 0xa40a, 0x8306, 0x8306, 0x9bca, 0xac4c, 
	0xa42a, 0xa42a, 0x93a9, 0x936a, 0x936a, 0x8b6b, 0x8b4a, 0x8b4a, 0x832a, 0x7ae9, 0x7ae9, 0x8309, 0x8309, 0x8309, 0x936a, 0x9baa, 
	0x9baa, 0x9ba9, 0x9368, 0x9368, 0xa42c, 0xef19, 0xef19, 0xef7c, 0xef7d, 0xef7d, 0xef5d, 0xef5d, 0xef7d, 0xef7d, 0xef5d, 0xef5d, 
	0xef5d, 0xef5d, 0xef7d, 0xef7d, 0xef7d, 0xef5d, 0xef5d, 0xef5d, 0xef5d, 0xef5d, 0xef5d, 0xef5d, 0xef5d, 0xef5d, 0xef5d, 0xef5d, 
	0xef5d, 0xef5d, 0xef5d, 0xef5d, 0xef5d, 0xef5d, 0xef5d, 0xef5d, 0xef5d, 0xef5d, 0xef5d, 0xef5d, 0xef5d, 0xef5d, 0xef5d, 0xef5d, 
	0xef5d, 0xef5c, 0xef5c, 0xef5c, 0xef5c, 0xef5c, 0xef5c, 0xef5c, 0xef5c, 0xef5c, 0xef5c, 0xef5c, 0xef5c, 0xef5c, 0xef5c, 0xef5c, 
	0x940a, 0x9c2a, 0x9c2a, 0x9c6a, 0xa48a, 0xa48a, 0xaccb, 0xaceb, 0xaceb, 0xb50c, 0xb52c, 0xb52c, 0xbd2c, 0xbd4c, 0xbd4c, 0xc56d, 
	0xcdaf, 0xcdaf, 0xd5f1, 0xde32, 0xde32, 0xde52, 0xe672, 0xe672, 0xe693, 0xe6d3, 0xe6d3, 0xeef4, 0xef14, 0xf715, 0xf715, 0xf735, 
	0xf735, 0xf735, 0xf755, 0xf755, 0xf755, 0xff55, 0xf755, 0xf755, 0xff56, 0xff56, 0xff56, 0xff76, 0xff56, 0xff56, 0xff56, 0xff56, 
	0xff56, 0xff76, 0xf755, 0xf755, 0xf756, 0xf735, 0xf735, 0xf735, 0xf736, 0xf715, 0xf715, 0xf715, 0xeef3, 0xeef3, 0xeed2, 0xeeb2, 
	0xeeb2, 0xe691, 0xe670, 0xe670, 0xde70, 0xde4f, 0xde4f, 0xde30, 0xd62f, 0xd62f, 0xd5ef, 0xcdae, 0xcdae, 0xc5af, 0xc5b1, 0xc5b1, 
	0xc590, 0xbd6e, 0xb52c, 0xb52c, 0xb4ec, 0xb4ec, 0xb4ec, 0xb4ec, 0xb4cb, 0xb4cb, 0xb4cb, 0xb4ec, 0xb4ec, 0xb50c, 0xbd2e, 0xbd2e, 
	0xd5d1, 0xd56e, 0xd56e, 0xbc6a, 0xabe8, 0xabe8, 0xc4ab, 0xd56e, 0xd56e, 0xd56e, 0xddaf, 0xddaf, 0xddaf, 0xd58e, 0xd56e, 0xd56e, 
	0xd56e, 0xd54d, 0xd54d, 0xd54d, 0xd54d, 0xd54d, 0xd54d, 0xd54d, 0xd54d, 0xd54d, 0xcd2c, 0xcd2c, 0xcd2c, 0xcd2d, 0xcd2d, 0xcd4d, 
	0xd56e, 0xd56e, 0xd54e, 0xcd2e, 0xcd2e, 0xcd0d, 0xc50d, 0xc50d, 0xc50d, 0xcd0d, 0xcd2e, 0xcd2e, 0xcd4e, 0xcd6f, 0xcd6f, 0xcd90, 
	0xcd91, 0xcd91, 0xd5b2, 0xd5b2, 0xd5b2, 0xcd90, 0xc50e, 0xc50e, 0xb4ab, 0xac6b, 0xac6b, 0xa40a, 0x8306, 0x8306, 0x9bca, 0xac4c, 
	0xa42a, 0xa42a, 0x93a9, 0x936a, 0x936a, 0x8b6b, 0x8b4a, 0x8b4a, 0x832a, 0x7ae9, 0x7ae9, 0x8309, 0x8309, 0x8309, 0x936a, 0x9baa, 
	0x9baa, 0x9ba9, 0x9368, 0x9368, 0xa42c, 0xef19, 0xef19, 0xef7c, 0xef7d, 0xef7d, 0xef5d, 0xef5d, 0xef7d, 0xef7d, 0xef5d, 0xef5d, 
	0xef5d, 0xef5d, 0xef7d, 0xef7d, 0xef7d, 0xef5d, 0xef5d, 0xef5d, 0xef5d, 0xef5d, 0xef5d, 0xef5d, 0xef5d, 0xef5d, 0xef5d, 0xef5d, 
	0xef5d, 0xef5d, 0xef5d, 0xef5d, 0xef5d, 0xef5d, 0xef5d, 0xef5d, 0xef5d, 0xef5d, 0xef5d, 0xef5d, 0xef5d, 0xef5d, 0xef5d, 0xef5d, 
	0xef5d, 0xef5c, 0xef5c, 0xef5c, 0xef5c, 0xef5c, 0xef5c, 0xef5c, 0xef5c, 0xef5c, 0xef5c, 0xef5c, 0xef5c, 0xef5c, 0xef5c, 0xef5c, 
	0xa44b, 0xa48b, 0xa48b, 0xacab, 0xaceb, 0xaceb, 0xb50c, 0xb52c, 0xb52c, 0xbd2c, 0xbd2c, 0xbd2c, 0xbd2d, 0xbd4d, 0xbd4d, 0xcdaf, 
	0xd611, 0xd611, 0xde52, 0xe693, 0xe693, 0xe693, 0xeeb3, 0xeeb3, 0xeef4, 0xf715, 0xf715, 0xf735, 0xf735, 0xf755, 0xf755, 0xf755, 
	0xf755, 0xf755, 0xf755, 0xf755, 0xf755, 0xf735, 0xf755, 0xf755, 0xf755, 0xf756, 0xf756, 0xff56, 0xf756, 0xf756, 0xf756, 0xf755, 
	0xf755, 0xf755, 0xf735, 0xf735, 0xf714, 0xef14, 0xef14, 0xef14, 0xeef4, 0xe6b3, 0xe6b3, 0xe692, 0xe671, 0xe671, 0xde50, 0xde2f, 
	0xde2f, 0xd60e, 0xd5ee, 0xd5ee, 0xcdcd, 0xcdcd, 0xcdcd, 0xc58d, 0xbd6d, 0xbd6d, 0xb50b, 0xaccb, 0xaccb, 0xaccc, 0xacee, 0xacee, 
	0xacee, 0xaccc, 0xa48b, 0xa48b, 0xa48a, 0xa48a, 0xa48a, 0xac8b, 0xac8b, 0xac8b, 0xacab, 0xb4cc, 0xb4cc, 0xb4cc, 0xbd2e, 0xbd2e, 
	0xcd8f, 0xcd4d, 0xcd4d, 0xc4cc, 0xcd0d, 0xcd0d, 0xdd8f, 0xddaf, 0xddaf, 0xddaf, 0xddd0, 0xddaf, 0xddaf, 0xd58f, 0xd58e, 0xd58e, 
	0xd56e, 0xd56e, 0xd56e, 0xd56d, 0xd54d, 0xd54d, 0xd54c, 0xd54c, 0xd54c, 0xd54c, 0xd52c, 0xd52c, 0xd52c, 0xd54c, 0xd54c, 0xd56d, 
	0xdd8d, 0xdd8d, 0xdd6d, 0xd54d, 0xd54d, 0xd54d, 0xd52d, 0xcd0d, 0xcd0d, 0xcd2c, 0xcd0c, 0xcd0c, 0xcd0c, 0xd52c, 0xd52c, 0xcd2d, 
	0xcced, 0xcced, 0xcd2e, 0xcd0d, 0xcd0d, 0xcd0d, 0xbccc, 0xbccc, 0xb46a, 0xa40a, 0xa40a, 0x8b27, 0x82e7, 0x82e7, 0xa3eb, 0xa40a, 
	0x9bea, 0x9bea, 0x938a, 0x8309, 0x8309, 0x82e9, 0x72a8, 0x72a8, 0x72a8, 0x72a8, 0x72a8, 0x72c8, 0x7ae9, 0x7ae9, 0x8b29, 0x9b8a, 
	0x9b8a, 0xa3ea, 0x9b69, 0x9b69, 0x9c0b, 0xeef9, 0xeef9, 0xef7c, 0xef7d, 0xef7d, 0xef5d, 0xef5d, 0xef7d, 0xef7d, 0xef5d, 0xef5d, 
	0xef5d, 0xef5d, 0xef5d, 0xef5d, 0xef5d, 0xef5d, 0xef5d, 0xef5d, 0xef5d, 0xef5d, 0xef5d, 0xef5d, 0xef5d, 0xef5d, 0xef5d, 0xef5d, 
	0xef5d, 0xef5d, 0xef5d, 0xef5d, 0xef5d, 0xef5d, 0xef5d, 0xef5d, 0xef5d, 0xef5d, 0xef5d, 0xef5d, 0xef5d, 0xef5d, 0xef5d, 0xef5d, 
	0xef5d, 0xef5d, 0xef5d, 0xef5c, 0xef5c, 0xef5c, 0xef5c, 0xef5c, 0xef5c, 0xef5c, 0xef5d, 0xef5d, 0xef5c, 0xef5c, 0xef5c, 0xef5c, 
	0xa44b, 0xa48b, 0xa48b, 0xacab, 0xaceb, 0xaceb, 0xb50c, 0xb52c, 0xb52c, 0xbd2c, 0xbd2c, 0xbd2c, 0xbd2d, 0xbd4d, 0xbd4d, 0xcdaf, 
	0xd611, 0xd611, 0xde52, 0xe693, 0xe693, 0xe693, 0xeeb3, 0xeeb3, 0xeef4, 0xf715, 0xf715, 0xf735, 0xf735, 0xf755, 0xf755, 0xf755, 
	0xf755, 0xf755, 0xf755, 0xf755, 0xf755, 0xf735, 0xf755, 0xf755, 0xf755, 0xf756, 0xf756, 0xff56, 0xf756, 0xf756, 0xf756, 0xf755, 
	0xf755, 0xf755, 0xf735, 0xf735, 0xf714, 0xef14, 0xef14, 0xef14, 0xeef4, 0xe6b3, 0xe6b3, 0xe692, 0xe671, 0xe671, 0xde50, 0xde2f, 
	0xde2f, 0xd60e, 0xd5ee, 0xd5ee, 0xcdcd, 0xcdcd, 0xcdcd, 0xc58d, 0xbd6d, 0xbd6d, 0xb50b, 0xaccb, 0xaccb, 0xaccc, 0xacee, 0xacee, 
	0xacee, 0xaccc, 0xa48b, 0xa48b, 0xa48a, 0xa48a, 0xa48a, 0xac8b, 0xac8b, 0xac8b, 0xacab, 0xb4cc, 0xb4cc, 0xb4cc, 0xbd2e, 0xbd2e, 
	0xcd8f, 0xcd4d, 0xcd4d, 0xc4cc, 0xcd0d, 0xcd0d, 0xdd8f, 0xddaf, 0xddaf, 0xddaf, 0xddd0, 0xddaf, 0xddaf, 0xd58f, 0xd58e, 0xd58e, 
	0xd56e, 0xd56e, 0xd56e, 0xd56d, 0xd54d, 0xd54d, 0xd54c, 0xd54c, 0xd54c, 0xd54c, 0xd52c, 0xd52c, 0xd52c, 0xd54c, 0xd54c, 0xd56d, 
	0xdd8d, 0xdd8d, 0xdd6d, 0xd54d, 0xd54d, 0xd54d, 0xd52d, 0xcd0d, 0xcd0d, 0xcd2c, 0xcd0c, 0xcd0c, 0xcd0c, 0xd52c, 0xd52c, 0xcd2d, 
	0xcced, 0xcced, 0xcd2e, 0xcd0d, 0xcd0d, 0xcd0d, 0xbccc, 0xbccc, 0xb46a, 0xa40a, 0xa40a, 0x8b27, 0x82e7, 0x82e7, 0xa3eb, 0xa40a, 
	0x9bea, 0x9bea, 0x938a, 0x8309, 0x8309, 0x82e9, 0x72a8, 0x72a8, 0x72a8, 0x72a8, 0x72a8, 0x72c8, 0x7ae9, 0x7ae9, 0x8b29, 0x9b8a, 
	0x9b8a, 0xa3ea, 0x9b69, 0x9b69, 0x9c0b, 0xeef9, 0xeef9, 0xef7c, 0xef7d, 0xef7d, 0xef5d, 0xef5d, 0xef7d, 0xef7d, 0xef5d, 0xef5d, 
	0xef5d, 0xef5d, 0xef5d, 0xef5d, 0xef5d, 0xef5d, 0xef5d, 0xef5d, 0xef5d, 0xef5d, 0xef5d, 0xef5d, 0xef5d, 0xef5d, 0xef5d, 0xef5d, 
	0xef5d, 0xef5d, 0xef5d, 0xef5d, 0xef5d, 0xef5d, 0xef5d, 0xef5d, 0xef5d, 0xef5d, 0xef5d, 0xef5d, 0xef5d, 0xef5d, 0xef5d, 0xef5d, 
	0xef5d, 0xef5d, 0xef5d, 0xef5c, 0xef5c, 0xef5c, 0xef5c, 0xef5c, 0xef5c, 0xef5c, 0xef5d, 0xef5d, 0xef5c, 0xef5c, 0xef5c, 0xef5c, 
	0xacac, 0xacec, 0xacec, 0xb50c, 0xb52c, 0xb52c, 0xb54d, 0xbd4d, 0xbd4d, 0xbd2d, 0xbd4d, 0xbd4d, 0xc54e, 0xcdaf, 0xcdaf, 0xd5f1, 
	0xde52, 0xde52, 0xe693, 0xeed4, 0xeed4, 0xeef4, 0xf6f4, 0xf6f4, 0xf715, 0xf735, 0xf735, 0xf735, 0xf735, 0xf735, 0xf735, 0xf735, 
	0xf735, 0xf735, 0xf735, 0xf735, 0xf735, 0xf735, 0xf735, 0xf735, 0xf735, 0xf735, 0xf735, 0xf735, 0xf735, 0xf735, 0xf715, 0xf714, 
	0xf714, 0xeef3, 0xeef3, 0xeef3, 0xeed2, 0xe6b2, 0xe692, 0xe692, 0xe671, 0xde31, 0xde31, 0xd610, 0xcdee, 0xcdee, 0xcdad, 0xcd8c, 
	0xcd8c, 0xc56c, 0xc54c, 0xc54c, 0xbd2c, 0xb50b, 0xb50b, 0xaccb, 0xacaa, 0xacaa, 0xa46a, 0x9c4a, 0x9c4a, 0x9c4b, 0x9c4c, 0x9c4c, 
	0xa46c, 0xa48b, 0xa46a, 0xa46a, 0xa46b, 0xa48b, 0xa48b, 0xac8c, 0xacac, 0xacac, 0xacac, 0xb4cc, 0xb4cc, 0xb4ed, 0xc54f, 0xc54f, 
	0xd58f, 0xcd8e, 0xcd8e, 0xd58e, 0xddd0, 0xddd0, 0xddd0, 0xddd0, 0xddd0, 0xddf0, 0xddd0, 0xd5d0, 0xd5d0, 0xd58f, 0xd58e, 0xd58e, 
	0xcd4d, 0xcd4d, 0xcd4d, 0xd54d, 0xcd4d, 0xcd4d, 0xd52c, 0xcd0b, 0xcd0b, 0xd52c, 0xd54c, 0xd54c, 0xd54c, 0xd54d, 0xd54d, 0xd58d, 
	0xd56d, 0xd56d, 0xd56d, 0xd58e, 0xd58e, 0xd58e, 0xcd4e, 0xcd2e, 0xcd2e, 0xcd4d, 0xcd2c, 0xcd2c, 0xc50c, 0xd52c, 0xd52c, 0xcccc, 
	0xb449, 0xb449, 0xb429, 0xbc6b, 0xbc6b, 0xb44a, 0xb46a, 0xb46a, 0xac4a, 0x9369, 0x9369, 0x7286, 0x9349, 0x9349, 0xa3eb, 0xa3c9, 
	0x9389, 0x9389, 0x82e8, 0x6a47, 0x6a47, 0x6a48, 0x6247, 0x6247, 0x59e6, 0x59e6, 0x59e6, 0x5a06, 0x6a87, 0x6a87, 0x8b49, 0x9ba9, 
	0x9ba9, 0x9b89, 0x9327, 0x9327, 0xa42b, 0xe6f9, 0xe6f9, 0xf77d, 0xef7d, 0xef7d, 0xef7d, 0xef7d, 0xef5d, 0xef5d, 0xef5d, 0xef5d, 
	0xef5d, 0xef5d, 0xef5d, 0xef5d, 0xef5d, 0xef5d, 0xef5d, 0xef5d, 0xef5d, 0xef5d, 0xef5d, 0xef5d, 0xef5d, 0xef5d, 0xef5d, 0xef5d, 
	0xef5d, 0xef5d, 0xef5d, 0xef5d, 0xef5d, 0xef5d, 0xef5d, 0xef5d, 0xef5d, 0xef5d, 0xef5d, 0xef5d, 0xef5d, 0xef5d, 0xef5d, 0xef5d, 
	0xef5d, 0xef5d, 0xef5d, 0xef5c, 0xef5c, 0xef5c, 0xef5c, 0xef5c, 0xef5c, 0xef5c, 0xef5d, 0xef5d, 0xef5c, 0xef5c, 0xef5c, 0xef5c, 
	0xacec, 0xb50c, 0xb50c, 0xb52c, 0xb54d, 0xb54d, 0xbd6d, 0xbd6e, 0xbd6e, 0xc56e, 0xc58e, 0xc58e, 0xcdaf, 0xd5f1, 0xd5f1, 0xde32, 
	0xe673, 0xe673, 0xe6b3, 0xeed4, 0xeed4, 0xeef4, 0xef14, 0xef14, 0xf715, 0xf715, 0xf715, 0xf715, 0xf715, 0xf715, 0xf715, 0xf715, 
	0xf715, 0xf715, 0xf715, 0xf714, 0xf714, 0xf714, 0xf714, 0xf714, 0xf6f4, 0xf6f4, 0xf6f4, 0xf6f4, 0xeed3, 0xeed3, 0xeed3, 0xe6b2, 
	0xe6b2, 0xe691, 0xde50, 0xde50, 0xde30, 0xd60f, 0xd5ee, 0xd5ee, 0xcdae, 0xcd8e, 0xcd8e, 0xc56d, 0xbd4c, 0xbd4c, 0xb50b, 0xb4ea, 
	0xb4ea, 0xb4ca, 0xacaa, 0xacaa, 0xa48a, 0xa46a, 0xa46a, 0xa44a, 0x9c4a, 0x9c4a, 0x9c4a, 0x9c4b, 0x9c4b, 0x9c4b, 0x9c4c, 0x9c4c, 
	0xa46c, 0xa48c, 0xa48c, 0xa48c, 0xac8c, 0xacac, 0xacac, 0xaccc, 0xaccd, 0xaccd, 0xb4cd, 0xb4ed, 0xb4ed, 0xbd2d, 0xcd4f, 0xcd4f, 
	0xd5d0, 0xddf0, 0xddf0, 0xe610, 0xe611, 0xe611, 0xe5f1, 0xddf1, 0xddf1, 0xddb0, 0xd5b0, 0xd5b0, 0xd5b0, 0xd58f, 0xd56d, 0xd56d, 
	0xcd4d, 0xcd2c, 0xcd2c, 0xcd0c, 0xc4eb, 0xc4eb, 0xccea, 0xcd0a, 0xcd0a, 0xcd0b, 0xcd0b, 0xcd0b, 0xd52b, 0xd54c, 0xd54c, 0xcd4d, 
	0xcd6d, 0xcd6d, 0xd56d, 0xd58e, 0xd58e, 0xd56e, 0xd56e, 0xd56f, 0xd56f, 0xd58f, 0xcd4d, 0xcd4d, 0xc50c, 0xccec, 0xccec, 0xcccc, 
	0xb409, 0xb409, 0xa386, 0xb3e9, 0xb3e9, 0xb44a, 0xb42a, 0xb42a, 0x9b88, 0x82c7, 0x82c7, 0x82a7, 0x9b8a, 0x9b8a, 0xac0b, 0xa3ca, 
	0x8b08, 0x8b08, 0x7266, 0x59c6, 0x59c6, 0x51a6, 0x4165, 0x4165, 0x4164, 0x4964, 0x4964, 0x6207, 0x7b09, 0x7b09, 0x938a, 0x9bc9, 
	0x9bc9, 0x9b68, 0x9348, 0x9348, 0xac6c, 0xe6f9, 0xe6f9, 0xf79d, 0xef7d, 0xef7d, 0xef7d, 0xef7d, 0xef5d, 0xef5d, 0xef5d, 0xef5d, 
	0xef5d, 0xef5d, 0xef5d, 0xef5d, 0xef5d, 0xef5d, 0xef5d, 0xef5d, 0xef5d, 0xef5d, 0xef5d, 0xef7d, 0xef7d, 0xef7d, 0xef5d, 0xef5d, 
	0xef5d, 0xef5d, 0xef5d, 0xef5d, 0xef5d, 0xef5d, 0xef5d, 0xef5d, 0xef5d, 0xef5d, 0xef5d, 0xef5d, 0xef5d, 0xef5d, 0xef5d, 0xef5d, 
	0xef5d, 0xef5d, 0xef5d, 0xef5c, 0xef5c, 0xef5c, 0xef5c, 0xef5c, 0xef5c, 0xef5c, 0xef5d, 0xef5d, 0xef5c, 0xef5c, 0xef5c, 0xef5c, 
	0xacec, 0xb50c, 0xb50c, 0xb52c, 0xb54d, 0xb54d, 0xbd6d, 0xbd6e, 0xbd6e, 0xc56e, 0xc58e, 0xc58e, 0xcdaf, 0xd5f1, 0xd5f1, 0xde32, 
	0xe673, 0xe673, 0xe6b3, 0xeed4, 0xeed4, 0xeef4, 0xef14, 0xef14, 0xf715, 0xf715, 0xf715, 0xf715, 0xf715, 0xf715, 0xf715, 0xf715, 
	0xf715, 0xf715, 0xf715, 0xf714, 0xf714, 0xf714, 0xf714, 0xf714, 0xf6f4, 0xf6f4, 0xf6f4, 0xf6f4, 0xeed3, 0xeed3, 0xeed3, 0xe6b2, 
	0xe6b2, 0xe691, 0xde50, 0xde50, 0xde30, 0xd60f, 0xd5ee, 0xd5ee, 0xcdae, 0xcd8e, 0xcd8e, 0xc56d, 0xbd4c, 0xbd4c, 0xb50b, 0xb4ea, 
	0xb4ea, 0xb4ca, 0xacaa, 0xacaa, 0xa48a, 0xa46a, 0xa46a, 0xa44a, 0x9c4a, 0x9c4a, 0x9c4a, 0x9c4b, 0x9c4b, 0x9c4b, 0x9c4c, 0x9c4c, 
	0xa46c, 0xa48c, 0xa48c, 0xa48c, 0xac8c, 0xacac, 0xacac, 0xaccc, 0xaccd, 0xaccd, 0xb4cd, 0xb4ed, 0xb4ed, 0xbd2d, 0xcd4f, 0xcd4f, 
	0xd5d0, 0xddf0, 0xddf0, 0xe610, 0xe611, 0xe611, 0xe5f1, 0xddf1, 0xddf1, 0xddb0, 0xd5b0, 0xd5b0, 0xd5b0, 0xd58f, 0xd56d, 0xd56d, 
	0xcd4d, 0xcd2c, 0xcd2c, 0xcd0c, 0xc4eb, 0xc4eb, 0xccea, 0xcd0a, 0xcd0a, 0xcd0b, 0xcd0b, 0xcd0b, 0xd52b, 0xd54c, 0xd54c, 0xcd4d, 
	0xcd6d, 0xcd6d, 0xd56d, 0xd58e, 0xd58e, 0xd56e, 0xd56e, 0xd56f, 0xd56f, 0xd58f, 0xcd4d, 0xcd4d, 0xc50c, 0xccec, 0xccec, 0xcccc, 
	0xb409, 0xb409, 0xa386, 0xb3e9, 0xb3e9, 0xb44a, 0xb42a, 0xb42a, 0x9b88, 0x82c7, 0x82c7, 0x82a7, 0x9b8a, 0x9b8a, 0xac0b, 0xa3ca, 
	0x8b08, 0x8b08, 0x7266, 0x59c6, 0x59c6, 0x51a6, 0x4165, 0x4165, 0x4164, 0x4964, 0x4964, 0x6207, 0x7b09, 0x7b09, 0x938a, 0x9bc9, 
	0x9bc9, 0x9b68, 0x9348, 0x9348, 0xac6c, 0xe6f9, 0xe6f9, 0xf79d, 0xef7d, 0xef7d, 0xef7d, 0xef7d, 0xef5d, 0xef5d, 0xef5d, 0xef5d, 
	0xef5d, 0xef5d, 0xef5d, 0xef5d, 0xef5d, 0xef5d, 0xef5d, 0xef5d, 0xef5d, 0xef5d, 0xef5d, 0xef7d, 0xef7d, 0xef7d, 0xef5d, 0xef5d, 
	0xef5d, 0xef5d, 0xef5d, 0xef5d, 0xef5d, 0xef5d, 0xef5d, 0xef5d, 0xef5d, 0xef5d, 0xef5d, 0xef5d, 0xef5d, 0xef5d, 0xef5d, 0xef5d, 
	0xef5d, 0xef5d, 0xef5d, 0xef5c, 0xef5c, 0xef5c, 0xef5c, 0xef5c, 0xef5c, 0xef5c, 0xef5d, 0xef5d, 0xef5c, 0xef5c, 0xef5c, 0xef5c, 
	0xb50c, 0xb52d, 0xb52d, 0xbd4d, 0xbd6e, 0xbd6e, 0xc58e, 0xc58e, 0xc58e, 0xc58f, 0xcdaf, 0xcdaf, 0xd5f0, 0xde12, 0xde12, 0xde52, 
	0xe693, 0xe693, 0xeed4, 0xeef4, 0xeef4, 0xeef4, 0xeef4, 0xeef4, 0xeef4, 0xef14, 0xef14, 0xeef4, 0xeef4, 0xeef4, 0xeef4, 0xeef4, 
	0xeef4, 0xeef4, 0xeef4, 0xeef4, 0xeef4, 0xeed3, 0xe6d3, 0xe6d3, 0xeeb3, 0xe692, 0xe692, 0xe692, 0xe672, 0xe672, 0xde51, 0xd610, 
	0xd610, 0xd5ee, 0xcdad, 0xcdad, 0xc58c, 0xbd6c, 0xbd4b, 0xbd4b, 0xb50b, 0xb4cb, 0xb4cb, 0xb4cb, 0xac8b, 0xac8b, 0xa46a, 0xa449, 
	0xa449, 0x9c4a, 0x9c4a, 0x9c4a, 0x9c2a, 0x9c2a, 0x9c2a, 0xa44b, 0xa44b, 0xa44b, 0xa46b, 0xa48b, 0xa48b, 0xa46c, 0xa46c, 0xa46c, 
	0xa48d, 0xa4ac, 0xacac, 0xacac, 0xacac, 0xaccc, 0xaccc, 0xb4cd, 0xb4ed, 0xb4ed, 0xb50d, 0xbd2e, 0xbd2e, 0xcd6f, 0xd5b1, 0xd5b1, 
	0xe612, 0xe632, 0xe632, 0xe632, 0xe632, 0xe632, 0xde12, 0xddd1, 0xddd1, 0xddd1, 0xd5b1, 0xd590, 0xd590, 0xcd6f, 0xcd4e, 0xcd4e, 
	0xcd0d, 0xcd2c, 0xcd2c, 0xc4eb, 0xbccb, 0xbccb, 0xc4aa, 0xc4ca, 0xc4ca, 0xcd0b, 0xcd0b, 0xcd0b, 0xcd0b, 0xcd2c, 0xcd2c, 0xcd4e, 
	0xd56e, 0xd56e, 0xd58f, 0xd56f, 0xd56f, 0xd58f, 0xddb0, 0xddb0, 0xddb0, 0xdd8f, 0xd56e, 0xd56e, 0xcd2d, 0xcd0c, 0xcd0c, 0xc50c, 
	0xb46a, 0xb46a, 0x9b66, 0xabc9, 0xabc9, 0xb42b, 0x9b69, 0x9b69, 0x7aa6, 0x7266, 0x7266, 0x8ae8, 0xa3ca, 0xa3ca, 0xac6b, 0x9be9, 
	0x8b48, 0x8b48, 0x7ac8, 0x5a06, 0x5a06, 0x4165, 0x3945, 0x3945, 0x4165, 0x49a5, 0x49a5, 0x6247, 0x8329, 0x8329, 0x9bca, 0x9bc9, 
	0x9bc9, 0x9b68, 0x9b68, 0x9b68, 0xac8d, 0xef1a, 0xef1a, 0xef7c, 0xef5d, 0xef5d, 0xf77d, 0xef7d, 0xef7d, 0xef7d, 0xef5d, 0xef5d, 
	0xef5d, 0xef5d, 0xef5d, 0xef5d, 0xef5d, 0xef5d, 0xef5d, 0xef5d, 0xef5d, 0xef5d, 0xef7d, 0xef7d, 0xef7d, 0xef7d, 0xef7d, 0xef7d, 
	0xef5d, 0xef5d, 0xef5d, 0xef5d, 0xef5d, 0xef5d, 0xef5d, 0xef5d, 0xef5d, 0xef5d, 0xef5d, 0xef5d, 0xef5d, 0xef5d, 0xef5d, 0xef5d, 
	0xef5d, 0xef5d, 0xef5d, 0xef5d, 0xef5d, 0xef5d, 0xef5d, 0xef5d, 0xef5d, 0xef5d, 0xef5d, 0xef5d, 0xef5c, 0xef5c, 0xef5c, 0xef5c, 
	0xb50c, 0xb52d, 0xb52d, 0xbd4d, 0xbd6e, 0xbd6e, 0xc58e, 0xc58e, 0xc58e, 0xc58f, 0xcdaf, 0xcdaf, 0xd5f0, 0xde12, 0xde12, 0xde52, 
	0xe693, 0xe693, 0xeed4, 0xeef4, 0xeef4, 0xeef4, 0xeef4, 0xeef4, 0xeef4, 0xef14, 0xef14, 0xeef4, 0xeef4, 0xeef4, 0xeef4, 0xeef4, 
	0xeef4, 0xeef4, 0xeef4, 0xeef4, 0xeef4, 0xeed3, 0xe6d3, 0xe6d3, 0xeeb3, 0xe692, 0xe692, 0xe692, 0xe672, 0xe672, 0xde51, 0xd610, 
	0xd610, 0xd5ee, 0xcdad, 0xcdad, 0xc58c, 0xbd6c, 0xbd4b, 0xbd4b, 0xb50b, 0xb4cb, 0xb4cb, 0xb4cb, 0xac8b, 0xac8b, 0xa46a, 0xa449, 
	0xa449, 0x9c4a, 0x9c4a, 0x9c4a, 0x9c2a, 0x9c2a, 0x9c2a, 0xa44b, 0xa44b, 0xa44b, 0xa46b, 0xa48b, 0xa48b, 0xa46c, 0xa46c, 0xa46c, 
	0xa48d, 0xa4ac, 0xacac, 0xacac, 0xacac, 0xaccc, 0xaccc, 0xb4cd, 0xb4ed, 0xb4ed, 0xb50d, 0xbd2e, 0xbd2e, 0xcd6f, 0xd5b1, 0xd5b1, 
	0xe612, 0xe632, 0xe632, 0xe632, 0xe632, 0xe632, 0xde12, 0xddd1, 0xddd1, 0xddd1, 0xd5b1, 0xd590, 0xd590, 0xcd6f, 0xcd4e, 0xcd4e, 
	0xcd0d, 0xcd2c, 0xcd2c, 0xc4eb, 0xbccb, 0xbccb, 0xc4aa, 0xc4ca, 0xc4ca, 0xcd0b, 0xcd0b, 0xcd0b, 0xcd0b, 0xcd2c, 0xcd2c, 0xcd4e, 
	0xd56e, 0xd56e, 0xd58f, 0xd56f, 0xd56f, 0xd58f, 0xddb0, 0xddb0, 0xddb0, 0xdd8f, 0xd56e, 0xd56e, 0xcd2d, 0xcd0c, 0xcd0c, 0xc50c, 
	0xb46a, 0xb46a, 0x9b66, 0xabc9, 0xabc9, 0xb42b, 0x9b69, 0x9b69, 0x7aa6, 0x7266, 0x7266, 0x8ae8, 0xa3ca, 0xa3ca, 0xac6b, 0x9be9, 
	0x8b48, 0x8b48, 0x7ac8, 0x5a06, 0x5a06, 0x4165, 0x3945, 0x3945, 0x4165, 0x49a5, 0x49a5, 0x6247, 0x8329, 0x8329, 0x9bca, 0x9bc9, 
	0x9bc9, 0x9b68, 0x9b68, 0x9b68, 0xac8d, 0xef1a, 0xef1a, 0xef7c, 0xef5d, 0xef5d, 0xf77d, 0xef7d, 0xef7d, 0xef7d, 0xef5d, 0xef5d, 
	0xef5d, 0xef5d, 0xef5d, 0xef5d, 0xef5d, 0xef5d, 0xef5d, 0xef5d, 0xef5d, 0xef5d, 0xef7d, 0xef7d, 0xef7d, 0xef7d, 0xef7d, 0xef7d, 
	0xef5d, 0xef5d, 0xef5d, 0xef5d, 0xef5d, 0xef5d, 0xef5d, 0xef5d, 0xef5d, 0xef5d, 0xef5d, 0xef5d, 0xef5d, 0xef5d, 0xef5d, 0xef5d, 
	0xef5d, 0xef5d, 0xef5d, 0xef5d, 0xef5d, 0xef5d, 0xef5d, 0xef5d, 0xef5d, 0xef5d, 0xef5d, 0xef5d, 0xef5c, 0xef5c, 0xef5c, 0xef5c, 
	0xbd4f, 0xbd4f, 0xbd4f, 0xbd6f, 0xc58f, 0xc58f, 0xc5af, 0xc5af, 0xc5af, 0xc5af, 0xcdd0, 0xcdd0, 0xd611, 0xde52, 0xde52, 0xde72, 
	0xe6b3, 0xe6b3, 0xe6d4, 0xeef4, 0xeef4, 0xeef4, 0xeef4, 0xeef4, 0xeef4, 0xeed4, 0xeed4, 0xeed4, 0xe6d3, 0xe6b3, 0xe6b3, 0xe692, 
	0xe692, 0xe692, 0xde71, 0xde71, 0xde71, 0xde51, 0xd631, 0xd631, 0xd610, 0xd5ef, 0xd5ef, 0xcdcf, 0xcdae, 0xcdae, 0xc58e, 0xbd4c, 
	0xbd4c, 0xbd2b, 0xb4ea, 0xb4ea, 0xacaa, 0xa4a9, 0xa489, 0xa489, 0xa449, 0x9c29, 0x9c29, 0x9c2a, 0x9c0a, 0x9c0a, 0x9c0a, 0x9c4a, 
	0x9c4a, 0x9c4a, 0x9c4b, 0x9c4b, 0xa44c, 0xa44c, 0xa44c, 0xa46c, 0xa48c, 0xa48c, 0xa48c, 0xa48c, 0xa48c, 0xa48c, 0xacad, 0xacad, 
	0xacad, 0xaccd, 0xaccd, 0xaccd, 0xb4cc, 0xb4ed, 0xb4ed, 0xb4ed, 0xb50d, 0xb50d, 0xc54f, 0xd5b0, 0xd5b0, 0xddf2, 0xe632, 0xe632, 
	0xe632, 0xe633, 0xe633, 0xe633, 0xe633, 0xe633, 0xde14, 0xddf3, 0xddf3, 0xd5d2, 0xd5b1, 0xcd70, 0xcd70, 0xd56f, 0xcd4e, 0xcd4e, 
	0xc50d, 0xc4cc, 0xc4cc, 0xbcaa, 0xbcaa, 0xbcaa, 0xbcaa, 0xc4aa, 0xc4aa, 0xc4cb, 0xc4eb, 0xc4eb, 0xc4eb, 0xcd2d, 0xcd2d, 0xcd4e, 
	0xcd4e, 0xcd4e, 0xd56f, 0xd56f, 0xd56f, 0xd56f, 0xd58f, 0xd58f, 0xd58f, 0xd56f, 0xcd4e, 0xcd4e, 0xc50d, 0xc50c, 0xc50c, 0xc50c, 
	0xc4cc, 0xc4cc, 0xb40a, 0x9b27, 0x9b27, 0x9308, 0x8ac7, 0x8ac7, 0x7a86, 0x7aa6, 0x7aa6, 0x9b89, 0xac4b, 0xac4b, 0xac6b, 0xa40a, 
	0x9bea, 0x9bea, 0x834a, 0x6a89, 0x6a89, 0x4186, 0x3945, 0x3945, 0x3945, 0x49a5, 0x49a5, 0x6267, 0x8b6a, 0x8b6a, 0x9bcb, 0x9bc9, 
	0x9bc9, 0x9b68, 0x9b88, 0x9b88, 0xb4ce, 0xef3a, 0xef3a, 0xef7c, 0xef7c, 0xef7c, 0xf77d, 0xef7d, 0xef5d, 0xef5d, 0xef5d, 0xef5d, 
	0xef5d, 0xef5d, 0xef5d, 0xef5d, 0xef5d, 0xef5d, 0xef5d, 0xef5d, 0xef5d, 0xef5d, 0xef7d, 0xef7d, 0xef7d, 0xef7d, 0xef7d, 0xef7d, 
	0xef7d, 0xef7d, 0xef7d, 0xef7d, 0xef7d, 0xef7d, 0xef7d, 0xef7d, 0xef7d, 0xef7d, 0xef7d, 0xef5d, 0xef5d, 0xef5d, 0xef5d, 0xef5d, 
	0xef5d, 0xef5d, 0xef5d, 0xef5d, 0xef5d, 0xef5d, 0xef5d, 0xef5d, 0xef5d, 0xef5d, 0xef5d, 0xef5d, 0xef5c, 0xef5c, 0xef5c, 0xef5c, 
	0xbd4f, 0xbd4f, 0xbd4f, 0xbd6f, 0xc58f, 0xc58f, 0xc5af, 0xc5af, 0xc5af, 0xc5af, 0xcdd0, 0xcdd0, 0xd611, 0xde52, 0xde52, 0xde72, 
	0xe6b3, 0xe6b3, 0xe6d4, 0xeef4, 0xeef4, 0xeef4, 0xeef4, 0xeef4, 0xeef4, 0xeed4, 0xeed4, 0xeed4, 0xe6d3, 0xe6b3, 0xe6b3, 0xe692, 
	0xe692, 0xe692, 0xde71, 0xde71, 0xde71, 0xde51, 0xd631, 0xd631, 0xd610, 0xd5ef, 0xd5ef, 0xcdcf, 0xcdae, 0xcdae, 0xc58e, 0xbd4c, 
	0xbd4c, 0xbd2b, 0xb4ea, 0xb4ea, 0xacaa, 0xa4a9, 0xa489, 0xa489, 0xa449, 0x9c29, 0x9c29, 0x9c2a, 0x9c0a, 0x9c0a, 0x9c0a, 0x9c4a, 
	0x9c4a, 0x9c4a, 0x9c4b, 0x9c4b, 0xa44c, 0xa44c, 0xa44c, 0xa46c, 0xa48c, 0xa48c, 0xa48c, 0xa48c, 0xa48c, 0xa48c, 0xacad, 0xacad, 
	0xacad, 0xaccd, 0xaccd, 0xaccd, 0xb4cc, 0xb4ed, 0xb4ed, 0xb4ed, 0xb50d, 0xb50d, 0xc54f, 0xd5b0, 0xd5b0, 0xddf2, 0xe632, 0xe632, 
	0xe632, 0xe633, 0xe633, 0xe633, 0xe633, 0xe633, 0xde14, 0xddf3, 0xddf3, 0xd5d2, 0xd5b1, 0xcd70, 0xcd70, 0xd56f, 0xcd4e, 0xcd4e, 
	0xc50d, 0xc4cc, 0xc4cc, 0xbcaa, 0xbcaa, 0xbcaa, 0xbcaa, 0xc4aa, 0xc4aa, 0xc4cb, 0xc4eb, 0xc4eb, 0xc4eb, 0xcd2d, 0xcd2d, 0xcd4e, 
	0xcd4e, 0xcd4e, 0xd56f, 0xd56f, 0xd56f, 0xd56f, 0xd58f, 0xd58f, 0xd58f, 0xd56f, 0xcd4e, 0xcd4e, 0xc50d, 0xc50c, 0xc50c, 0xc50c, 
	0xc4cc, 0xc4cc, 0xb40a, 0x9b27, 0x9b27, 0x9308, 0x8ac7, 0x8ac7, 0x7a86, 0x7aa6, 0x7aa6, 0x9b89, 0xac4b, 0xac4b, 0xac6b, 0xa40a, 
	0x9bea, 0x9bea, 0x834a, 0x6a89, 0x6a89, 0x4186, 0x3945, 0x3945, 0x3945, 0x49a5, 0x49a5, 0x6267, 0x8b6a, 0x8b6a, 0x9bcb, 0x9bc9, 
	0x9bc9, 0x9b68, 0x9b88, 0x9b88, 0xb4ce, 0xef3a, 0xef3a, 0xef7c, 0xef7c, 0xef7c, 0xf77d, 0xef7d, 0xef5d, 0xef5d, 0xef5d, 0xef5d, 
	0xef5d, 0xef5d, 0xef5d, 0xef5d, 0xef5d, 0xef5d, 0xef5d, 0xef5d, 0xef5d, 0xef5d, 0xef7d, 0xef7d, 0xef7d, 0xef7d, 0xef7d, 0xef7d, 
	0xef7d, 0xef7d, 0xef7d, 0xef7d, 0xef7d, 0xef7d, 0xef7d, 0xef7d, 0xef7d, 0xef7d, 0xef7d, 0xef5d, 0xef5d, 0xef5d, 0xef5d, 0xef5d, 
	0xef5d, 0xef5d, 0xef5d, 0xef5d, 0xef5d, 0xef5d, 0xef5d, 0xef5d, 0xef5d, 0xef5d, 0xef5d, 0xef5d, 0xef5c, 0xef5c, 0xef5c, 0xef5c, 
	0xcdd4, 0xcdf4, 0xcdf4, 0xcdf3, 0xcdf2, 0xcdf2, 0xcdf2, 0xcdf2, 0xcdf2, 0xcdf2, 0xce13, 0xce13, 0xd652, 0xd673, 0xd673, 0xdeb3, 
	0xdeb3, 0xdeb3, 0xe6b4, 0xe6b4, 0xe6b4, 0xe6b3, 0xdeb3, 0xdeb3, 0xde93, 0xde73, 0xde73, 0xd652, 0xd652, 0xd631, 0xd631, 0xd5ef, 
	0xcdee, 0xcdee, 0xcdce, 0xcdad, 0xcdad, 0xc58d, 0xc54d, 0xc54d, 0xbd4d, 0xb50c, 0xb50c, 0xb4cb, 0xacaa, 0xacaa, 0xac8a, 0xa469, 
	0xa469, 0x9c29, 0x9c09, 0x9c09, 0x93e9, 0x93e9, 0x93e9, 0x93e9, 0x93e9, 0x9c0a, 0x9c0a, 0x9c0a, 0x9c0a, 0x9c0a, 0x9c2a, 0x9c6b, 
	0x9c6b, 0x9c6b, 0xa48c, 0xa48c, 0xa48c, 0xa48d, 0xa48d, 0xa48d, 0xa4ad, 0xa4ad, 0xacad, 0xacac, 0xacac, 0xaccc, 0xaccc, 0xaccc, 
	0xaccc, 0xaccd, 0xb4ec, 0xb4ec, 0xb4ec, 0xb50d, 0xb50d, 0xbd2e, 0xc56f, 0xc56f, 0xd5d1, 0xe612, 0xe612, 0xee53, 0xe653, 0xe653, 
	0xe653, 0xe654, 0xe654, 0xe654, 0xe655, 0xe655, 0xde55, 0xde34, 0xde34, 0xd613, 0xd5d2, 0xcd90, 0xcd90, 0xcd6f, 0xc52e, 0xc52e, 
	0xc4ec, 0xbcab, 0xbcab, 0xbc6a, 0xbc89, 0xbc89, 0xbcaa, 0xbcaa, 0xbcaa, 0xbcca, 0xc50c, 0xc50c, 0xcd2c, 0xcd2d, 0xcd2d, 0xcd4e, 
	0xcd4f, 0xcd4f, 0xcd4e, 0xcd4e, 0xcd4e, 0xcd6f, 0xcd6f, 0xcd6f, 0xcd6f, 0xcd4e, 0xcd4e, 0xcd4e, 0xc50d, 0xc50c, 0xc50c, 0xcd2d, 
	0xcd2d, 0xcd2d, 0xcced, 0xa3a9, 0xa3a9, 0x82a5, 0x7a85, 0x7a85, 0x82c7, 0x8ae8, 0x8ae8, 0xa3ca, 0xa42a, 0xa42a, 0xa409, 0xac4b, 
	0xa42c, 0xa42c, 0x832a, 0x5a48, 0x5a48, 0x3966, 0x3104, 0x3104, 0x3124, 0x49c6, 0x49c6, 0x6aa8, 0x938a, 0x938a, 0xa40b, 0xa3ea, 
	0xa3ea, 0xa3c9, 0xa3e9, 0xa3e9, 0xbd51, 0xef5b, 0xef5b, 0xef7c, 0xef7c, 0xef7c, 0xf77d, 0xef7d, 0xef5d, 0xef5d, 0xef5d, 0xef5d, 
	0xef5d, 0xef5d, 0xef5d, 0xef5d, 0xef5d, 0xef5d, 0xef5d, 0xef5d, 0xef5d, 0xef5d, 0xef7d, 0xef7d, 0xef7d, 0xef7d, 0xef7d, 0xef7d, 
	0xef7d, 0xef7d, 0xef7d, 0xef7c, 0xef7c, 0xef7c, 0xef7c, 0xef7d, 0xef7d, 0xef7d, 0xef7d, 0xef5d, 0xef5d, 0xef5d, 0xef5d, 0xef5d, 
	0xef5d, 0xef5d, 0xef5d, 0xef5d, 0xef5d, 0xef5d, 0xef5d, 0xef5d, 0xef5d, 0xef5d, 0xef5d, 0xef5d, 0xef5c, 0xef5c, 0xef5c, 0xef5c, 
	0xd659, 0xd679, 0xd679, 0xd678, 0xd657, 0xd657, 0xce56, 0xd656, 0xd656, 0xd657, 0xd676, 0xd676, 0xd696, 0xd695, 0xd695, 0xdeb6, 
	0xdeb6, 0xdeb6, 0xdeb6, 0xdeb6, 0xdeb6, 0xde95, 0xd674, 0xd674, 0xd654, 0xce33, 0xce33, 0xce12, 0xc5f2, 0xc5b0, 0xc5b0, 0xc56f, 
	0xbd2c, 0xbd2c, 0xaccb, 0xac8a, 0xac8a, 0xa469, 0xa44a, 0xa44a, 0x9c2a, 0x9c09, 0x9c09, 0x9be9, 0x93c9, 0x93c9, 0x93a8, 0x93a8, 
	0x93a8, 0x93a9, 0x93ca, 0x93ca, 0x93ca, 0x93ca, 0x93ca, 0x93ca, 0x93ea, 0x9c0b, 0x9c0b, 0x9c2b, 0xa42b, 0xa42b, 0xa44b, 0xa48b, 
	0xa48b, 0xa48b, 0xa48c, 0xa48c, 0xa48c, 0xa4ad, 0xa4ad, 0xacad, 0xacad, 0xacad, 0xaccd, 0xaccc, 0xaccc, 0xaccc, 0xb4cc, 0xb4cc, 
	0xb4cc, 0xb4ed, 0xbd0d, 0xbd0d, 0xbd2e, 0xc56f, 0xc56f, 0xd590, 0xde12, 0xde12, 0xee53, 0xee53, 0xee53, 0xe633, 0xe633, 0xe633, 
	0xe653, 0xe674, 0xe674, 0xe655, 0xe676, 0xe676, 0xde55, 0xde35, 0xde35, 0xd633, 0xd5f3, 0xcd91, 0xcd91, 0xcd4f, 0xc52e, 0xc52e, 
	0xc4ed, 0xbcab, 0xbcab, 0xb449, 0xb469, 0xb469, 0xb48a, 0xbceb, 0xbceb, 0xc50c, 0xc50c, 0xc50c, 0xc50c, 0xbced, 0xbced, 0xc50e, 
	0xc54f, 0xc54f, 0xc54f, 0xc54f, 0xc54f, 0xc54f, 0xc52e, 0xc54e, 0xc54e, 0xcd4e, 0xcd2e, 0xcd2e, 0xc50d, 0xc52d, 0xc52d, 0xcd4d, 
	0xcd0c, 0xcd0c, 0xcd2d, 0xbcac, 0xbcac, 0x9327, 0x7a64, 0x7a64, 0x7aa6, 0x8b08, 0x8b08, 0x9baa, 0xac2a, 0xac2a, 0xac4a, 0xa42a, 
	0x93aa, 0x93aa, 0x72e9, 0x51e7, 0x51e7, 0x28e4, 0x28c3, 0x28c3, 0x4186, 0x5207, 0x5207, 0x7309, 0x93aa, 0x93aa, 0xa42c, 0xa3ea, 
	0xa3ea, 0xac0a, 0xa3ea, 0xa3ea, 0xcd92, 0xf77b, 0xf77b, 0xef9c, 0xef7c, 0xef7c, 0xef7c, 0xef5d, 0xef5d, 0xef5d, 0xef5d, 0xef5d, 
	0xef5d, 0xef5d, 0xef5d, 0xef5d, 0xef5d, 0xef5d, 0xef5d, 0xef5d, 0xef5d, 0xef5d, 0xef5d, 0xef7d, 0xef7d, 0xef7d, 0xef7d, 0xef7d, 
	0xef7c, 0xef7c, 0xef7c, 0xef7c, 0xef7c, 0xef7c, 0xef7c, 0xef7d, 0xef7d, 0xef7d, 0xef7d, 0xef7d, 0xef7d, 0xef5d, 0xef5d, 0xef5d, 
	0xef5d, 0xef5d, 0xef5d, 0xef5d, 0xef5c, 0xef5c, 0xef5c, 0xef5d, 0xef5d, 0xef5d, 0xef5d, 0xef5d, 0xef5c, 0xef5c, 0xef5c, 0xef5c, 
	0xd659, 0xd679, 0xd679, 0xd678, 0xd657, 0xd657, 0xce56, 0xd656, 0xd656, 0xd657, 0xd676, 0xd676, 0xd696, 0xd695, 0xd695, 0xdeb6, 
	0xdeb6, 0xdeb6, 0xdeb6, 0xdeb6, 0xdeb6, 0xde95, 0xd674, 0xd674, 0xd654, 0xce33, 0xce33, 0xce12, 0xc5f2, 0xc5b0, 0xc5b0, 0xc56f, 
	0xbd2c, 0xbd2c, 0xaccb, 0xac8a, 0xac8a, 0xa469, 0xa44a, 0xa44a, 0x9c2a, 0x9c09, 0x9c09, 0x9be9, 0x93c9, 0x93c9, 0x93a8, 0x93a8, 
	0x93a8, 0x93a9, 0x93ca, 0x93ca, 0x93ca, 0x93ca, 0x93ca, 0x93ca, 0x93ea, 0x9c0b, 0x9c0b, 0x9c2b, 0xa42b, 0xa42b, 0xa44b, 0xa48b, 
	0xa48b, 0xa48b, 0xa48c, 0xa48c, 0xa48c, 0xa4ad, 0xa4ad, 0xacad, 0xacad, 0xacad, 0xaccd, 0xaccc, 0xaccc, 0xaccc, 0xb4cc, 0xb4cc, 
	0xb4cc, 0xb4ed, 0xbd0d, 0xbd0d, 0xbd2e, 0xc56f, 0xc56f, 0xd590, 0xde12, 0xde12, 0xee53, 0xee53, 0xee53, 0xe633, 0xe633, 0xe633, 
	0xe653, 0xe674, 0xe674, 0xe655, 0xe676, 0xe676, 0xde55, 0xde35, 0xde35, 0xd633, 0xd5f3, 0xcd91, 0xcd91, 0xcd4f, 0xc52e, 0xc52e, 
	0xc4ed, 0xbcab, 0xbcab, 0xb449, 0xb469, 0xb469, 0xb48a, 0xbceb, 0xbceb, 0xc50c, 0xc50c, 0xc50c, 0xc50c, 0xbced, 0xbced, 0xc50e, 
	0xc54f, 0xc54f, 0xc54f, 0xc54f, 0xc54f, 0xc54f, 0xc52e, 0xc54e, 0xc54e, 0xcd4e, 0xcd2e, 0xcd2e, 0xc50d, 0xc52d, 0xc52d, 0xcd4d, 
	0xcd0c, 0xcd0c, 0xcd2d, 0xbcac, 0xbcac, 0x9327, 0x7a64, 0x7a64, 0x7aa6, 0x8b08, 0x8b08, 0x9baa, 0xac2a, 0xac2a, 0xac4a, 0xa42a, 
	0x93aa, 0x93aa, 0x72e9, 0x51e7, 0x51e7, 0x28e4, 0x28c3, 0x28c3, 0x4186, 0x5207, 0x5207, 0x7309, 0x93aa, 0x93aa, 0xa42c, 0xa3ea, 
	0xa3ea, 0xac0a, 0xa3ea, 0xa3ea, 0xcd92, 0xf77b, 0xf77b, 0xef9c, 0xef7c, 0xef7c, 0xef7c, 0xef5d, 0xef5d, 0xef5d, 0xef5d, 0xef5d, 
	0xef5d, 0xef5d, 0xef5d, 0xef5d, 0xef5d, 0xef5d, 0xef5d, 0xef5d, 0xef5d, 0xef5d, 0xef5d, 0xef7d, 0xef7d, 0xef7d, 0xef7d, 0xef7d, 
	0xef7c, 0xef7c, 0xef7c, 0xef7c, 0xef7c, 0xef7c, 0xef7c, 0xef7d, 0xef7d, 0xef7d, 0xef7d, 0xef7d, 0xef7d, 0xef5d, 0xef5d, 0xef5d, 
	0xef5d, 0xef5d, 0xef5d, 0xef5d, 0xef5c, 0xef5c, 0xef5c, 0xef5d, 0xef5d, 0xef5d, 0xef5d, 0xef5d, 0xef5c, 0xef5c, 0xef5c, 0xef5c, 
	0xd6ba, 0xd6ba, 0xd6ba, 0xdeb9, 0xd6b9, 0xd6b9, 0xd6b9, 0xd6b9, 0xd6b9, 0xdeb9, 0xdeb9, 0xdeb9, 0xdeb9, 0xdeb9, 0xdeb9, 0xdeb9, 
	0xdeb9, 0xdeb9, 0xdeb9, 0xdeb8, 0xdeb8, 0xde98, 0xd678, 0xd678, 0xd677, 0xd656, 0xd656, 0xce36, 0xd636, 0xce15, 0xce15, 0xcdf3, 
	0xbd4f, 0xbd4f, 0x9c2a, 0x93a9, 0x93a9, 0x8b68, 0x8348, 0x8348, 0x8348, 0x8348, 0x8348, 0x8b48, 0x8b48, 0x8b48, 0x8b69, 0x9389, 
	0x9389, 0x93aa, 0x93cb, 0x93cb, 0x93eb, 0x93ea, 0x9c0b, 0x9c0b, 0x9c2a, 0x9c2b, 0x9c2b, 0x9c4b, 0xa46b, 0xa46b, 0xa48b, 0xa4ac, 
	0xa4ac, 0xacac, 0xacac, 0xacac, 0xaccd, 0xaccd, 0xaccd, 0xaccd, 0xaccd, 0xaccd, 0xb4ed, 0xb4ed, 0xb4ed, 0xb50d, 0xbd0d, 0xbd0d, 
	0xc54e, 0xcd70, 0xd5b1, 0xd5b1, 0xddf2, 0xddf2, 0xddf2, 0xe612, 0xe633, 0xe633, 0xee53, 0xee33, 0xee33, 0xe633, 0xe633, 0xe633, 
	0xe654, 0xe675, 0xe675, 0xe696, 0xe696, 0xe696, 0xe697, 0xde56, 0xde56, 0xde34, 0xd5f3, 0xcdb1, 0xcdb1, 0xc56f, 0xbcec, 0xbcec, 
	0xbcab, 0xbc6a, 0xbc6a, 0xb449, 0xbcaa, 0xbcaa, 0xbccb, 0xc50c, 0xc50c, 0xc52d, 0xc50d, 0xc50d, 0xc4ed, 0xbced, 0xbced, 0xbd0e, 
	0xc52e, 0xc52e, 0xc52e, 0xbd0e, 0xbd0e, 0xbced, 0xbd0d, 0xc54e, 0xc54e, 0xcd4e, 0xcd2d, 0xcd2d, 0xc50d, 0xc50d, 0xc50d, 0xcd2d, 
	0xc52d, 0xc52d, 0xcd2d, 0xcd2d, 0xcd2d, 0xbcac, 0x9368, 0x9368, 0x82e6, 0x8b28, 0x8b28, 0x8b48, 0x9be9, 0x9be9, 0x9be9, 0x9bea, 
	0x8b8a, 0x8b8a, 0x72c9, 0x3103, 0x3103, 0x20a2, 0x3124, 0x3124, 0x49e7, 0x5a48, 0x5a48, 0x7b4a, 0x9c2c, 0x9c2c, 0xa40b, 0xac0a, 
	0xac0a, 0xac0a, 0xac0b, 0xac0b, 0xde35, 0xf77c, 0xf77c, 0xef7c, 0xef7c, 0xef7c, 0xef7d, 0xef5d, 0xef7d, 0xef7d, 0xef7d, 0xef5d, 
	0xef5d, 0xef5d, 0xef5d, 0xef5d, 0xef5d, 0xef5d, 0xef5d, 0xef5d, 0xef5d, 0xef5d, 0xef5d, 0xef7d, 0xef7d, 0xef7d, 0xef7d, 0xef7d, 
	0xef7c, 0xef5c, 0xef5c, 0xef5c, 0xef5c, 0xef5c, 0xef5c, 0xef7d, 0xef7c, 0xef7c, 0xef7c, 0xef5d, 0xef5d, 0xef5d, 0xef5d, 0xef5d, 
	0xef5d, 0xef5c, 0xef5c, 0xef5c, 0xef5c, 0xef5c, 0xef5c, 0xef5c, 0xef5c, 0xef5c, 0xef5c, 0xef5c, 0xef5c, 0xef5c, 0xef5c, 0xef5c, 
	0xd6ba, 0xd6ba, 0xd6ba, 0xdeb9, 0xd6b9, 0xd6b9, 0xd6b9, 0xd6b9, 0xd6b9, 0xdeb9, 0xdeb9, 0xdeb9, 0xdeb9, 0xdeb9, 0xdeb9, 0xdeb9, 
	0xdeb9, 0xdeb9, 0xdeb9, 0xdeb8, 0xdeb8, 0xde98, 0xd678, 0xd678, 0xd677, 0xd656, 0xd656, 0xce36, 0xd636, 0xce15, 0xce15, 0xcdf3, 
	0xbd4f, 0xbd4f, 0x9c2a, 0x93a9, 0x93a9, 0x8b68, 0x8348, 0x8348, 0x8348, 0x8348, 0x8348, 0x8b48, 0x8b48, 0x8b48, 0x8b69, 0x9389, 
	0x9389, 0x93aa, 0x93cb, 0x93cb, 0x93eb, 0x93ea, 0x9c0b, 0x9c0b, 0x9c2a, 0x9c2b, 0x9c2b, 0x9c4b, 0xa46b, 0xa46b, 0xa48b, 0xa4ac, 
	0xa4ac, 0xacac, 0xacac, 0xacac, 0xaccd, 0xaccd, 0xaccd, 0xaccd, 0xaccd, 0xaccd, 0xb4ed, 0xb4ed, 0xb4ed, 0xb50d, 0xbd0d, 0xbd0d, 
	0xc54e, 0xcd70, 0xd5b1, 0xd5b1, 0xddf2, 0xddf2, 0xddf2, 0xe612, 0xe633, 0xe633, 0xee53, 0xee33, 0xee33, 0xe633, 0xe633, 0xe633, 
	0xe654, 0xe675, 0xe675, 0xe696, 0xe696, 0xe696, 0xe697, 0xde56, 0xde56, 0xde34, 0xd5f3, 0xcdb1, 0xcdb1, 0xc56f, 0xbcec, 0xbcec, 
	0xbcab, 0xbc6a, 0xbc6a, 0xb449, 0xbcaa, 0xbcaa, 0xbccb, 0xc50c, 0xc50c, 0xc52d, 0xc50d, 0xc50d, 0xc4ed, 0xbced, 0xbced, 0xbd0e, 
	0xc52e, 0xc52e, 0xc52e, 0xbd0e, 0xbd0e, 0xbced, 0xbd0d, 0xc54e, 0xc54e, 0xcd4e, 0xcd2d, 0xcd2d, 0xc50d, 0xc50d, 0xc50d, 0xcd2d, 
	0xc52d, 0xc52d, 0xcd2d, 0xcd2d, 0xcd2d, 0xbcac, 0x9368, 0x9368, 0x82e6, 0x8b28, 0x8b28, 0x8b48, 0x9be9, 0x9be9, 0x9be9, 0x9bea, 
	0x8b8a, 0x8b8a, 0x72c9, 0x3103, 0x3103, 0x20a2, 0x3124, 0x3124, 0x49e7, 0x5a48, 0x5a48, 0x7b4a, 0x9c2c, 0x9c2c, 0xa40b, 0xac0a, 
	0xac0a, 0xac0a, 0xac0b, 0xac0b, 0xde35, 0xf77c, 0xf77c, 0xef7c, 0xef7c, 0xef7c, 0xef7d, 0xef5d, 0xef7d, 0xef7d, 0xef7d, 0xef5d, 
	0xef5d, 0xef5d, 0xef5d, 0xef5d, 0xef5d, 0xef5d, 0xef5d, 0xef5d, 0xef5d, 0xef5d, 0xef5d, 0xef7d, 0xef7d, 0xef7d, 0xef7d, 0xef7d, 
	0xef7c, 0xef5c, 0xef5c, 0xef5c, 0xef5c, 0xef5c, 0xef5c, 0xef7d, 0xef7c, 0xef7c, 0xef7c, 0xef5d, 0xef5d, 0xef5d, 0xef5d, 0xef5d, 
	0xef5d, 0xef5c, 0xef5c, 0xef5c, 0xef5c, 0xef5c, 0xef5c, 0xef5c, 0xef5c, 0xef5c, 0xef5c, 0xef5c, 0xef5c, 0xef5c, 0xef5c, 0xef5c, 
	0xce58, 0xce57, 0xce57, 0xd678, 0xd699, 0xd699, 0xd699, 0xd699, 0xd699, 0xde99, 0xde99, 0xde99, 0xde9a, 0xdeba, 0xdeba, 0xdeba, 
	0xdeba, 0xdeba, 0xdeba, 0xdeba, 0xdeba, 0xdeba, 0xdeba, 0xdeba, 0xdeba, 0xde9a, 0xde9a, 0xde99, 0xde99, 0xde99, 0xde99, 0xde78, 
	0xc5b3, 0xc5b3, 0xa46d, 0x8b49, 0x8b49, 0x7b08, 0x8308, 0x8308, 0x8328, 0x8348, 0x8348, 0x8b69, 0x9389, 0x9389, 0x938a, 0x93aa, 
	0x93aa, 0x9bcb, 0x9beb, 0x9beb, 0x9c0b, 0x9c2b, 0x9c2b, 0x9c2b, 0x9c2a, 0xa44b, 0xa44b, 0xa46b, 0xa48b, 0xa48b, 0xa48b, 0xacac, 
	0xacac, 0xaccc, 0xaccc, 0xaccc, 0xaccd, 0xaccd, 0xaccd, 0xaced, 0xb4ed, 0xb4ed, 0xb4ed, 0xb4ed, 0xb4ed, 0xbd2e, 0xcd90, 0xcd90, 
	0xddf2, 0xe633, 0xee54, 0xee54, 0xee74, 0xee54, 0xee54, 0xee54, 0xee54, 0xee54, 0xe633, 0xe633, 0xe633, 0xe633, 0xe633, 0xe633, 
	0xde13, 0xe696, 0xe696, 0xeeb7, 0xeeb7, 0xeeb7, 0xeed8, 0xe696, 0xe696, 0xde34, 0xd5d2, 0xcdb1, 0xcdb1, 0xcd6f, 0xbcec, 0xbcec, 
	0xbc8b, 0xb449, 0xb449, 0xb469, 0xcd2c, 0xcd2c, 0xc50d, 0xc50d, 0xc50d, 0xc52d, 0xbced, 0xbced, 0xbced, 0xb4cd, 0xb4cd, 0xb4cd, 
	0xc52f, 0xc52f, 0xbd2e, 0xbd2e, 0xbd2e, 0xbd2e, 0xbd4f, 0xc54e, 0xc54e, 0xc52d, 0xcd4e, 0xcd4e, 0xcd6f, 0xcd2e, 0xcd2e, 0xcd4e, 
	0xc52d, 0xc52d, 0xc50c, 0xcd2d, 0xcd2d, 0xcd2d, 0xbc8b, 0xbc8b, 0x9b87, 0x8b07, 0x8b07, 0x8307, 0x9bca, 0x9bca, 0x9bca, 0x938a, 
	0x7b09, 0x7b09, 0x3923, 0x20a3, 0x20a3, 0x2904, 0x3964, 0x3964, 0x41a5, 0x62a8, 0x62a8, 0x8bcb, 0xa46c, 0xa46c, 0xac6b, 0xb46b, 
	0xb46b, 0xac09, 0xb46d, 0xb46d, 0xf6d9, 0xf77c, 0xf77c, 0xef9d, 0xef7c, 0xef7c, 0xef7d, 0xef7d, 0xef7d, 0xef7d, 0xef7d, 0xef7d, 
	0xef7d, 0xef7d, 0xef7d, 0xef7d, 0xef7d, 0xef5d, 0xef5d, 0xef5d, 0xef5d, 0xef5d, 0xef5d, 0xef7d, 0xef7d, 0xef7d, 0xef7d, 0xef7d, 
	0xef7c, 0xef5c, 0xef5c, 0xef7c, 0xef7c, 0xef7c, 0xef7c, 0xef7c, 0xef5c, 0xef5c, 0xef5c, 0xef5d, 0xef5d, 0xef5d, 0xef5d, 0xef5d, 
	0xef5d, 0xef5c, 0xef5c, 0xef5c, 0xef5c, 0xef5c, 0xef5c, 0xef5c, 0xef5c, 0xef5d, 0xef5d, 0xef5d, 0xef5c, 0xef5c, 0xef5c, 0xef5c, 
	0xce58, 0xce57, 0xce57, 0xd678, 0xd699, 0xd699, 0xd699, 0xd699, 0xd699, 0xde99, 0xde99, 0xde99, 0xde9a, 0xdeba, 0xdeba, 0xdeba, 
	0xdeba, 0xdeba, 0xdeba, 0xdeba, 0xdeba, 0xdeba, 0xdeba, 0xdeba, 0xdeba, 0xde9a, 0xde9a, 0xde99, 0xde99, 0xde99, 0xde99, 0xde78, 
	0xc5b3, 0xc5b3, 0xa46d, 0x8b49, 0x8b49, 0x7b08, 0x8308, 0x8308, 0x8328, 0x8348, 0x8348, 0x8b69, 0x9389, 0x9389, 0x938a, 0x93aa, 
	0x93aa, 0x9bcb, 0x9beb, 0x9beb, 0x9c0b, 0x9c2b, 0x9c2b, 0x9c2b, 0x9c2a, 0xa44b, 0xa44b, 0xa46b, 0xa48b, 0xa48b, 0xa48b, 0xacac, 
	0xacac, 0xaccc, 0xaccc, 0xaccc, 0xaccd, 0xaccd, 0xaccd, 0xaced, 0xb4ed, 0xb4ed, 0xb4ed, 0xb4ed, 0xb4ed, 0xbd2e, 0xcd90, 0xcd90, 
	0xddf2, 0xe633, 0xee54, 0xee54, 0xee74, 0xee54, 0xee54, 0xee54, 0xee54, 0xee54, 0xe633, 0xe633, 0xe633, 0xe633, 0xe633, 0xe633, 
	0xde13, 0xe696, 0xe696, 0xeeb7, 0xeeb7, 0xeeb7, 0xeed8, 0xe696, 0xe696, 0xde34, 0xd5d2, 0xcdb1, 0xcdb1, 0xcd6f, 0xbcec, 0xbcec, 
	0xbc8b, 0xb449, 0xb449, 0xb469, 0xcd2c, 0xcd2c, 0xc50d, 0xc50d, 0xc50d, 0xc52d, 0xbced, 0xbced, 0xbced, 0xb4cd, 0xb4cd, 0xb4cd, 
	0xc52f, 0xc52f, 0xbd2e, 0xbd2e, 0xbd2e, 0xbd2e, 0xbd4f, 0xc54e, 0xc54e, 0xc52d, 0xcd4e, 0xcd4e, 0xcd6f, 0xcd2e, 0xcd2e, 0xcd4e, 
	0xc52d, 0xc52d, 0xc50c, 0xcd2d, 0xcd2d, 0xcd2d, 0xbc8b, 0xbc8b, 0x9b87, 0x8b07, 0x8b07, 0x8307, 0x9bca, 0x9bca, 0x9bca, 0x938a, 
	0x7b09, 0x7b09, 0x3923, 0x20a3, 0x20a3, 0x2904, 0x3964, 0x3964, 0x41a5, 0x62a8, 0x62a8, 0x8bcb, 0xa46c, 0xa46c, 0xac6b, 0xb46b, 
	0xb46b, 0xac09, 0xb46d, 0xb46d, 0xf6d9, 0xf77c, 0xf77c, 0xef9d, 0xef7c, 0xef7c, 0xef7d, 0xef7d, 0xef7d, 0xef7d, 0xef7d, 0xef7d, 
	0xef7d, 0xef7d, 0xef7d, 0xef7d, 0xef7d, 0xef5d, 0xef5d, 0xef5d, 0xef5d, 0xef5d, 0xef5d, 0xef7d, 0xef7d, 0xef7d, 0xef7d, 0xef7d, 
	0xef7c, 0xef5c, 0xef5c, 0xef7c, 0xef7c, 0xef7c, 0xef7c, 0xef7c, 0xef5c, 0xef5c, 0xef5c, 0xef5d, 0xef5d, 0xef5d, 0xef5d, 0xef5d, 
	0xef5d, 0xef5c, 0xef5c, 0xef5c, 0xef5c, 0xef5c, 0xef5c, 0xef5c, 0xef5c, 0xef5d, 0xef5d, 0xef5d, 0xef5c, 0xef5c, 0xef5c, 0xef5c, 
	0xb553, 0xbd73, 0xbd73, 0xbd94, 0xc5b5, 0xc5b5, 0xc5d6, 0xc5d6, 0xc5d6, 0xc5f6, 0xcdf6, 0xcdf6, 0xce17, 0xce17, 0xce17, 0xd637, 
	0xd658, 0xd658, 0xd678, 0xd679, 0xd679, 0xd679, 0xd699, 0xd699, 0xde99, 0xde99, 0xde99, 0xde99, 0xdeba, 0xdeda, 0xdeda, 0xde99, 
	0xc5f5, 0xc5f5, 0xaccf, 0x93cb, 0x93cb, 0x8b49, 0x8b49, 0x8b49, 0x8b49, 0x8b69, 0x8b69, 0x8b69, 0x938a, 0x938a, 0x9baa, 0x9baa, 
	0x9baa, 0x9bca, 0x9c0b, 0x9c0b, 0x9c2b, 0x9c2b, 0x9c2b, 0x9c2b, 0xa44b, 0xa46b, 0xa46b, 0xa48c, 0xa48c, 0xa48c, 0xa4ac, 0xaccc, 
	0xaccc, 0xaccc, 0xaccd, 0xaccd, 0xaccd, 0xb4ed, 0xb4ed, 0xb4ed, 0xb4ed, 0xb4ed, 0xb50e, 0xbd2e, 0xbd2e, 0xc570, 0xde33, 0xde33, 
	0xf695, 0xee94, 0xee74, 0xee74, 0xee74, 0xee74, 0xee74, 0xee74, 0xee54, 0xee54, 0xe633, 0xe633, 0xe633, 0xe612, 0xde13, 0xde13, 
	0xe654, 0xeeb6, 0xeeb6, 0xeed8, 0xe6b7, 0xe6b7, 0xeed7, 0xe6b6, 0xe6b6, 0xde75, 0xd5d2, 0xcd91, 0xcd91, 0xc54f, 0xbccc, 0xbccc, 
	0xbc8b, 0xb44a, 0xb44a, 0xbccb, 0xc52d, 0xc52d, 0xbd0d, 0xbd0d, 0xbd0d, 0xbd0d, 0xbd2e, 0xbd2e, 0xbd2e, 0xbd0e, 0xbd0e, 0xcd70, 
	0xc550, 0xc550, 0xc570, 0xbd2f, 0xbd2f, 0xb50e, 0xbd2f, 0xbd0e, 0xbd0e, 0xc52e, 0xcd4e, 0xcd4e, 0xcd4e, 0xcd4e, 0xcd4e, 0xcd2e, 
	0xcd2d, 0xcd2d, 0xcd2d, 0xcd4d, 0xcd4d, 0xd54d, 0xcd4e, 0xcd4e, 0xb42a, 0x9348, 0x9348, 0x9389, 0x93ca, 0x93ca, 0x9bcb, 0x8b4a, 
	0x4143, 0x4143, 0x20a1, 0x20c4, 0x20c4, 0x3124, 0x3984, 0x3984, 0x5a67, 0x7329, 0x7329, 0x9c4c, 0xac8c, 0xac8c, 0xb48c, 0xac29, 
	0xac29, 0xa3e9, 0xcd50, 0xcd50, 0xf73a, 0xef7c, 0xef7c, 0xe79d, 0xef7c, 0xef7c, 0xef7d, 0xef7d, 0xef7d, 0xef7d, 0xef7d, 0xef7d, 
	0xef7d, 0xef7d, 0xef7d, 0xef7d, 0xef7d, 0xef5d, 0xef5d, 0xef5d, 0xef5d, 0xef5d, 0xef5d, 0xef7d, 0xef7d, 0xef7d, 0xef7d, 0xef7d, 
	0xef7c, 0xef5c, 0xef5c, 0xef7c, 0xef7c, 0xef7d, 0xef7d, 0xef7c, 0xef5c, 0xef5c, 0xef5c, 0xef5c, 0xef5c, 0xef5c, 0xef5d, 0xef5d, 
	0xef5d, 0xef5d, 0xef5d, 0xef5c, 0xef5c, 0xef5c, 0xef5c, 0xef5c, 0xef5c, 0xef5d, 0xef5d, 0xef5d, 0xef5c, 0xef5c, 0xef5c, 0xef5c, 
	0x93ed, 0x93ed, 0x93ed, 0x9c0d, 0x942d, 0x942d, 0x9c4e, 0x9c6e, 0x9c6e, 0xa48f, 0xa4af, 0xa4af, 0xacd0, 0xacf0, 0xacf0, 0xb511, 
	0xb532, 0xb532, 0xb572, 0xbd73, 0xbd73, 0xbd95, 0xc5b5, 0xc5b5, 0xc5b5, 0xcdd6, 0xcdd6, 0xce16, 0xd679, 0xdeba, 0xdeba, 0xd699, 
	0xc5f4, 0xc5f4, 0xb510, 0x9c0c, 0x9c0c, 0x936a, 0x8b69, 0x8b69, 0x8b89, 0x9389, 0x9389, 0x93a9, 0x93aa, 0x93aa, 0x9bca, 0x9bca, 
	0x9bca, 0x9c0b, 0x9c2b, 0x9c2b, 0x9c2b, 0x9c2b, 0xa44c, 0xa44c, 0xa44b, 0xa46c, 0xa46c, 0xac8c, 0xacac, 0xacac, 0xaccd, 0xaccd, 
	0xaccd, 0xaccd, 0xaccd, 0xaccd, 0xaccd, 0xb4ed, 0xb4ed, 0xb4ed, 0xb50e, 0xb50e, 0xbd2e, 0xcd90, 0xcd90, 0xde12, 0xee95, 0xee95, 
	0xf6d6, 0xee95, 0xe674, 0xe674, 0xe674, 0xe674, 0xe674, 0xe674, 0xe654, 0xe654, 0xe633, 0xddf2, 0xddf2, 0xddd1, 0xde12, 0xde12, 
	0xee95, 0xeed6, 0xeed6, 0xeeb7, 0xe676, 0xe676, 0xe697, 0xe696, 0xe696, 0xe675, 0xd5d2, 0xcd70, 0xcd70, 0xcd4e, 0xb4ab, 0xb4ab, 
	0xac29, 0xb44a, 0xb44a, 0xbced, 0xbd2d, 0xbd2d, 0xbd2d, 0xbd2e, 0xbd2e, 0xc54f, 0xbd2e, 0xbd2e, 0xbd2f, 0xbd2f, 0xbd2f, 0xbd0f, 
	0xbd30, 0xbd30, 0xbd2f, 0xb52f, 0xb52f, 0xb52f, 0xbd2f, 0xbd2f, 0xbd2f, 0xc50e, 0xc52e, 0xc52e, 0xc52d, 0xcd2e, 0xcd2e, 0xc52e, 
	0xcd4e, 0xcd4e, 0xcd4e, 0xc52d, 0xc52d, 0xcd4e, 0xd56f, 0xd56f, 0xc50d, 0xa3e9, 0xa3e9, 0xa3ea, 0x9bea, 0x9bea, 0x8bab, 0x49c5, 
	0x20a1, 0x20a1, 0x20a3, 0x28e4, 0x28e4, 0x3124, 0x49c5, 0x49c5, 0x6aa8, 0x8bab, 0x8bab, 0xac8c, 0xb4ac, 0xb4ac, 0xb48b, 0xac29, 
	0xac29, 0xa409, 0xddf3, 0xddf3, 0xf75b, 0xef7c, 0xef7c, 0xe79d, 0xef7d, 0xef7d, 0xef5d, 0xef5d, 0xef7d, 0xef7d, 0xef7d, 0xef7d, 
	0xef7d, 0xef7d, 0xef7d, 0xef7d, 0xef7d, 0xef5d, 0xef5d, 0xef5d, 0xef5d, 0xef5d, 0xef5d, 0xef7d, 0xef7d, 0xef7d, 0xef7d, 0xef7d, 
	0xef7c, 0xef5c, 0xef5c, 0xef7c, 0xef7d, 0xef7d, 0xef7d, 0xef5c, 0xef5c, 0xef5c, 0xef5c, 0xef5c, 0xef5c, 0xef5c, 0xef5c, 0xef5c, 
	0xef5c, 0xef5c, 0xef5c, 0xef5c, 0xef5c, 0xef5c, 0xef5c, 0xef5c, 0xef5c, 0xef5c, 0xef5c, 0xef5c, 0xef5c, 0xef5c, 0xef5c, 0xe75c, 
	0x93ed, 0x93ed, 0x93ed, 0x9c0d, 0x942d, 0x942d, 0x9c4e, 0x9c6e, 0x9c6e, 0xa48f, 0xa4af, 0xa4af, 0xacd0, 0xacf0, 0xacf0, 0xb511, 
	0xb532, 0xb532, 0xb572, 0xbd73, 0xbd73, 0xbd95, 0xc5b5, 0xc5b5, 0xc5b5, 0xcdd6, 0xcdd6, 0xce16, 0xd679, 0xdeba, 0xdeba, 0xd699, 
	0xc5f4, 0xc5f4, 0xb510, 0x9c0c, 0x9c0c, 0x936a, 0x8b69, 0x8b69, 0x8b89, 0x9389, 0x9389, 0x93a9, 0x93aa, 0x93aa, 0x9bca, 0x9bca, 
	0x9bca, 0x9c0b, 0x9c2b, 0x9c2b, 0x9c2b, 0x9c2b, 0xa44c, 0xa44c, 0xa44b, 0xa46c, 0xa46c, 0xac8c, 0xacac, 0xacac, 0xaccd, 0xaccd, 
	0xaccd, 0xaccd, 0xaccd, 0xaccd, 0xaccd, 0xb4ed, 0xb4ed, 0xb4ed, 0xb50e, 0xb50e, 0xbd2e, 0xcd90, 0xcd90, 0xde12, 0xee95, 0xee95, 
	0xf6d6, 0xee95, 0xe674, 0xe674, 0xe674, 0xe674, 0xe674, 0xe674, 0xe654, 0xe654, 0xe633, 0xddf2, 0xddf2, 0xddd1, 0xde12, 0xde12, 
	0xee95, 0xeed6, 0xeed6, 0xeeb7, 0xe676, 0xe676, 0xe697, 0xe696, 0xe696, 0xe675, 0xd5d2, 0xcd70, 0xcd70, 0xcd4e, 0xb4ab, 0xb4ab, 
	0xac29, 0xb44a, 0xb44a, 0xbced, 0xbd2d, 0xbd2d, 0xbd2d, 0xbd2e, 0xbd2e, 0xc54f, 0xbd2e, 0xbd2e, 0xbd2f, 0xbd2f, 0xbd2f, 0xbd0f, 
	0xbd30, 0xbd30, 0xbd2f, 0xb52f, 0xb52f, 0xb52f, 0xbd2f, 0xbd2f, 0xbd2f, 0xc50e, 0xc52e, 0xc52e, 0xc52d, 0xcd2e, 0xcd2e, 0xc52e, 
	0xcd4e, 0xcd4e, 0xcd4e, 0xc52d, 0xc52d, 0xcd4e, 0xd56f, 0xd56f, 0xc50d, 0xa3e9, 0xa3e9, 0xa3ea, 0x9bea, 0x9bea, 0x8bab, 0x49c5, 
	0x20a1, 0x20a1, 0x20a3, 0x28e4, 0x28e4, 0x3124, 0x49c5, 0x49c5, 0x6aa8, 0x8bab, 0x8bab, 0xac8c, 0xb4ac, 0xb4ac, 0xb48b, 0xac29, 
	0xac29, 0xa409, 0xddf3, 0xddf3, 0xf75b, 0xef7c, 0xef7c, 0xe79d, 0xef7d, 0xef7d, 0xef5d, 0xef5d, 0xef7d, 0xef7d, 0xef7d, 0xef7d, 
	0xef7d, 0xef7d, 0xef7d, 0xef7d, 0xef7d, 0xef5d, 0xef5d, 0xef5d, 0xef5d, 0xef5d, 0xef5d, 0xef7d, 0xef7d, 0xef7d, 0xef7d, 0xef7d, 
	0xef7c, 0xef5c, 0xef5c, 0xef7c, 0xef7d, 0xef7d, 0xef7d, 0xef5c, 0xef5c, 0xef5c, 0xef5c, 0xef5c, 0xef5c, 0xef5c, 0xef5c, 0xef5c, 
	0xef5c, 0xef5c, 0xef5c, 0xef5c, 0xef5c, 0xef5c, 0xef5c, 0xef5c, 0xef5c, 0xef5c, 0xef5c, 0xef5c, 0xef5c, 0xef5c, 0xef5c, 0xe75c, 
	0xa46e, 0xa46e, 0xa46e, 0xa46e, 0xa44e, 0xa44e, 0x9c4e, 0x9c2d, 0x9c2d, 0x9c2d, 0x9c2d, 0x9c2d, 0x9c2d, 0x9c2d, 0x9c2d, 0x9c2d, 
	0x9c2d, 0x9c2d, 0x9c2d, 0x93ed, 0x93ed, 0x93cd, 0x9bed, 0x9bed, 0xa3cd, 0xa40e, 0xa40e, 0xbd33, 0xd658, 0xdebb, 0xdebb, 0xd679, 
	0xc5f5, 0xc5f5, 0xb4f0, 0x9c0c, 0x9c0c, 0x938a, 0x93a9, 0x93a9, 0x93a9, 0x93aa, 0x93aa, 0x93ca, 0x9bca, 0x9bca, 0x9bea, 0x9beb, 
	0x9beb, 0x9c0b, 0x9c2b, 0x9c2b, 0x9c2b, 0x9c4b, 0xa44c, 0xa44c, 0xa46c, 0xa46c, 0xa46c, 0xacac, 0xaccc, 0xaccc, 0xaccd, 0xaccd, 
	0xaccd, 0xaccd, 0xaccd, 0xaccd, 0xb4ed, 0xb50e, 0xb50e, 0xb50e, 0xbd2e, 0xbd2e, 0xc590, 0xde13, 0xde13, 0xeeb5, 0xeed5, 0xeed5, 
	0xeeb5, 0xee95, 0xee95, 0xee95, 0xee95, 0xee94, 0xee94, 0xe694, 0xe673, 0xe673, 0xde32, 0xddf2, 0xddf2, 0xddd1, 0xe653, 0xe653, 
	0xe695, 0xe675, 0xe675, 0xe676, 0xe697, 0xe697, 0xe697, 0xe696, 0xe696, 0xe655, 0xd5f2, 0xcd6f, 0xcd6f, 0xc52d, 0xb46a, 0xb46a, 
	0xac09, 0xbc8b, 0xbc8b, 0xbced, 0xbd0d, 0xbd0d, 0xbd4e, 0xbd4f, 0xbd4f, 0xc570, 0xc570, 0xc570, 0xc571, 0xc551, 0xc551, 0xbd51, 
	0xc572, 0xc572, 0xc571, 0xc551, 0xc551, 0xbd50, 0xbd2f, 0xbd0e, 0xbd0e, 0xb4cd, 0xc50e, 0xc50e, 0xbd0d, 0xc52e, 0xc52e, 0xcd4e, 
	0xcd4e, 0xcd4e, 0xcd4e, 0xc52e, 0xc52e, 0xcd6e, 0xcd6e, 0xcd6e, 0xcd6e, 0xbced, 0xbced, 0xac2a, 0x9bea, 0x9bea, 0x6aa7, 0x30c1, 
	0x3104, 0x3104, 0x28c4, 0x3105, 0x3105, 0x4985, 0x72a8, 0x72a8, 0x8b6b, 0xa42d, 0xa42d, 0xac8d, 0xb46c, 0xb46c, 0xac2a, 0xa3c9, 
	0xa3c9, 0xa409, 0xde34, 0xde34, 0xf75a, 0xef7b, 0xef7b, 0xe79c, 0xef7d, 0xef7d, 0xef5d, 0xef5d, 0xef5d, 0xef5d, 0xef5d, 0xef5d, 
	0xef5d, 0xef5d, 0xef5d, 0xef5d, 0xef5d, 0xef5d, 0xef5d, 0xef5d, 0xef5d, 0xef5d, 0xef5d, 0xef7d, 0xef7d, 0xef7d, 0xef7d, 0xef7d, 
	0xef7c, 0xef5c, 0xef5c, 0xef7c, 0xef7c, 0xef7c, 0xef7c, 0xef5c, 0xef5c, 0xef5c, 0xef5c, 0xef7c, 0xef7c, 0xef5c, 0xef5c, 0xef5c, 
	0xef7c, 0xef5c, 0xef5c, 0xef5c, 0xef5c, 0xef5c, 0xef5c, 0xef5c, 0xef5c, 0xef5c, 0xef5c, 0xef5c, 0xef5c, 0xef5c, 0xef5c, 0xef5c, 
	0xa46e, 0xa46e, 0xa46e, 0xa46e, 0xa44e, 0xa44e, 0x9c4e, 0x9c2d, 0x9c2d, 0x9c2d, 0x9c2d, 0x9c2d, 0x9c2d, 0x9c2d, 0x9c2d, 0x9c2d, 
	0x9c2d, 0x9c2d, 0x9c2d, 0x93ed, 0x93ed, 0x93cd, 0x9bed, 0x9bed, 0xa3cd, 0xa40e, 0xa40e, 0xbd33, 0xd658, 0xdebb, 0xdebb, 0xd679, 
	0xc5f5, 0xc5f5, 0xb4f0, 0x9c0c, 0x9c0c, 0x938a, 0x93a9, 0x93a9, 0x93a9, 0x93aa, 0x93aa, 0x93ca, 0x9bca, 0x9bca, 0x9bea, 0x9beb, 
	0x9beb, 0x9c0b, 0x9c2b, 0x9c2b, 0x9c2b, 0x9c4b, 0xa44c, 0xa44c, 0xa46c, 0xa46c, 0xa46c, 0xacac, 0xaccc, 0xaccc, 0xaccd, 0xaccd, 
	0xaccd, 0xaccd, 0xaccd, 0xaccd, 0xb4ed, 0xb50e, 0xb50e, 0xb50e, 0xbd2e, 0xbd2e, 0xc590, 0xde13, 0xde13, 0xeeb5, 0xeed5, 0xeed5, 
	0xeeb5, 0xee95, 0xee95, 0xee95, 0xee95, 0xee94, 0xee94, 0xe694, 0xe673, 0xe673, 0xde32, 0xddf2, 0xddf2, 0xddd1, 0xe653, 0xe653, 
	0xe695, 0xe675, 0xe675, 0xe676, 0xe697, 0xe697, 0xe697, 0xe696, 0xe696, 0xe655, 0xd5f2, 0xcd6f, 0xcd6f, 0xc52d, 0xb46a, 0xb46a, 
	0xac09, 0xbc8b, 0xbc8b, 0xbced, 0xbd0d, 0xbd0d, 0xbd4e, 0xbd4f, 0xbd4f, 0xc570, 0xc570, 0xc570, 0xc571, 0xc551, 0xc551, 0xbd51, 
	0xc572, 0xc572, 0xc571, 0xc551, 0xc551, 0xbd50, 0xbd2f, 0xbd0e, 0xbd0e, 0xb4cd, 0xc50e, 0xc50e, 0xbd0d, 0xc52e, 0xc52e, 0xcd4e, 
	0xcd4e, 0xcd4e, 0xcd4e, 0xc52e, 0xc52e, 0xcd6e, 0xcd6e, 0xcd6e, 0xcd6e, 0xbced, 0xbced, 0xac2a, 0x9bea, 0x9bea, 0x6aa7, 0x30c1, 
	0x3104, 0x3104, 0x28c4, 0x3105, 0x3105, 0x4985, 0x72a8, 0x72a8, 0x8b6b, 0xa42d, 0xa42d, 0xac8d, 0xb46c, 0xb46c, 0xac2a, 0xa3c9, 
	0xa3c9, 0xa409, 0xde34, 0xde34, 0xf75a, 0xef7b, 0xef7b, 0xe79c, 0xef7d, 0xef7d, 0xef5d, 0xef5d, 0xef5d, 0xef5d, 0xef5d, 0xef5d, 
	0xef5d, 0xef5d, 0xef5d, 0xef5d, 0xef5d, 0xef5d, 0xef5d, 0xef5d, 0xef5d, 0xef5d, 0xef5d, 0xef7d, 0xef7d, 0xef7d, 0xef7d, 0xef7d, 
	0xef7c, 0xef5c, 0xef5c, 0xef7c, 0xef7c, 0xef7c, 0xef7c, 0xef5c, 0xef5c, 0xef5c, 0xef5c, 0xef7c, 0xef7c, 0xef5c, 0xef5c, 0xef5c, 
	0xef7c, 0xef5c, 0xef5c, 0xef5c, 0xef5c, 0xef5c, 0xef5c, 0xef5c, 0xef5c, 0xef5c, 0xef5c, 0xef5c, 0xef5c, 0xef5c, 0xef5c, 0xef5c, 
	0xbd53, 0xb552, 0xb552, 0xb552, 0xbd32, 0xbd32, 0xbd12, 0xb511, 0xb511, 0xb4f1, 0xb4f0, 0xb4f0, 0xb4d0, 0xacd0, 0xacd0, 0xacb0, 
	0xacb0, 0xacb0, 0xac6f, 0x9bed, 0x9bed, 0x936b, 0x92ea, 0x92ea, 0x8267, 0x82a8, 0x82a8, 0xb4d1, 0xd658, 0xdebb, 0xdebb, 0xd679, 
	0xc5d4, 0xc5d4, 0xb4f0, 0x9c0c, 0x9c0c, 0x93aa, 0x9bc9, 0x9bc9, 0x93ca, 0x93ca, 0x93ca, 0x93ca, 0x9bea, 0x9bea, 0x9beb, 0xa40b, 
	0xa40b, 0xa42b, 0x9c4b, 0x9c4b, 0x9c4b, 0xa44c, 0xa46c, 0xa46c, 0xa46c, 0xac8d, 0xac8d, 0xacac, 0xaccc, 0xaccc, 0xaccd, 0xaccd, 
	0xaccd, 0xb4ed, 0xb4ed, 0xb4ed, 0xb50e, 0xb50e, 0xb50e, 0xbd0e, 0xc54f, 0xc54f, 0xd5d2, 0xee95, 0xee95, 0xeeb5, 0xeeb5, 0xeeb5, 
	0xe695, 0xe695, 0xeeb5, 0xeeb5, 0xee95, 0xee95, 0xee95, 0xe694, 0xe633, 0xe633, 0xde12, 0xde12, 0xde12, 0xe632, 0xee74, 0xee74, 
	0xe654, 0xde35, 0xde35, 0xde56, 0xe677, 0xe677, 0xde76, 0xde76, 0xde76, 0xde55, 0xcdb1, 0xc54e, 0xc54e, 0xc50d, 0xb46a, 0xb46a, 
	0xac49, 0xc4ec, 0xc4ec, 0xbced, 0xbd0d, 0xbd0d, 0xbd4f, 0xbd70, 0xbd70, 0xc592, 0xcdd3, 0xcdd3, 0xcdd4, 0xc5b3, 0xc5b3, 0xc592, 
	0xc572, 0xc572, 0xc571, 0xc571, 0xc571, 0xb50f, 0xb50f, 0xbd2f, 0xbd2f, 0xbd0e, 0xbd0e, 0xbd0e, 0xc54e, 0xcd4e, 0xcd4e, 0xcd4e, 
	0xcd6f, 0xcd6f, 0xc54e, 0xc52d, 0xc52d, 0xcd4e, 0xcd6e, 0xcd6e, 0xcd6f, 0xd56f, 0xd56f, 0xc4ed, 0xa40a, 0xa40a, 0x6a64, 0x5a05, 
	0x49c6, 0x49c6, 0x30e3, 0x4985, 0x4985, 0x6a67, 0x8b49, 0x8b49, 0x9bab, 0x9bcb, 0x9bcb, 0xa42c, 0xac2c, 0xac2c, 0x9369, 0x8ae6, 
	0x8ae6, 0x9b88, 0xd5f2, 0xd5f2, 0xef1a, 0xef5b, 0xef5b, 0xef5c, 0xef7d, 0xef7d, 0xef5d, 0xef5d, 0xef5d, 0xef5d, 0xef5d, 0xef5d, 
	0xef5d, 0xef5d, 0xef5d, 0xef5d, 0xef5d, 0xef5d, 0xef5d, 0xef5d, 0xef5d, 0xef5d, 0xef5d, 0xef7d, 0xef7d, 0xef7d, 0xef7d, 0xef7d, 
	0xef7d, 0xef7d, 0xef7d, 0xef7d, 0xef7c, 0xef7c, 0xef7c, 0xef5c, 0xef5c, 0xef5c, 0xef5c, 0xef7c, 0xef7c, 0xef7d, 0xef7c, 0xef7c, 
	0xef7c, 0xef5c, 0xef5c, 0xef5c, 0xef5c, 0xef5c, 0xef5c, 0xef5c, 0xef5c, 0xef5c, 0xef5c, 0xef5c, 0xef5c, 0xef5c, 0xef5c, 0xef5c, 
	0xbd53, 0xb552, 0xb552, 0xb552, 0xbd32, 0xbd32, 0xbd12, 0xb511, 0xb511, 0xb4f1, 0xb4f0, 0xb4f0, 0xb4d0, 0xacd0, 0xacd0, 0xacb0, 
	0xacb0, 0xacb0, 0xac6f, 0x9bed, 0x9bed, 0x936b, 0x92ea, 0x92ea, 0x8267, 0x82a8, 0x82a8, 0xb4d1, 0xd658, 0xdebb, 0xdebb, 0xd679, 
	0xc5d4, 0xc5d4, 0xb4f0, 0x9c0c, 0x9c0c, 0x93aa, 0x9bc9, 0x9bc9, 0x93ca, 0x93ca, 0x93ca, 0x93ca, 0x9bea, 0x9bea, 0x9beb, 0xa40b, 
	0xa40b, 0xa42b, 0x9c4b, 0x9c4b, 0x9c4b, 0xa44c, 0xa46c, 0xa46c, 0xa46c, 0xac8d, 0xac8d, 0xacac, 0xaccc, 0xaccc, 0xaccd, 0xaccd, 
	0xaccd, 0xb4ed, 0xb4ed, 0xb4ed, 0xb50e, 0xb50e, 0xb50e, 0xbd0e, 0xc54f, 0xc54f, 0xd5d2, 0xee95, 0xee95, 0xeeb5, 0xeeb5, 0xeeb5, 
	0xe695, 0xe695, 0xeeb5, 0xeeb5, 0xee95, 0xee95, 0xee95, 0xe694, 0xe633, 0xe633, 0xde12, 0xde12, 0xde12, 0xe632, 0xee74, 0xee74, 
	0xe654, 0xde35, 0xde35, 0xde56, 0xe677, 0xe677, 0xde76, 0xde76, 0xde76, 0xde55, 0xcdb1, 0xc54e, 0xc54e, 0xc50d, 0xb46a, 0xb46a, 
	0xac49, 0xc4ec, 0xc4ec, 0xbced, 0xbd0d, 0xbd0d, 0xbd4f, 0xbd70, 0xbd70, 0xc592, 0xcdd3, 0xcdd3, 0xcdd4, 0xc5b3, 0xc5b3, 0xc592, 
	0xc572, 0xc572, 0xc571, 0xc571, 0xc571, 0xb50f, 0xb50f, 0xbd2f, 0xbd2f, 0xbd0e, 0xbd0e, 0xbd0e, 0xc54e, 0xcd4e, 0xcd4e, 0xcd4e, 
	0xcd6f, 0xcd6f, 0xc54e, 0xc52d, 0xc52d, 0xcd4e, 0xcd6e, 0xcd6e, 0xcd6f, 0xd56f, 0xd56f, 0xc4ed, 0xa40a, 0xa40a, 0x6a64, 0x5a05, 
	0x49c6, 0x49c6, 0x30e3, 0x4985, 0x4985, 0x6a67, 0x8b49, 0x8b49, 0x9bab, 0x9bcb, 0x9bcb, 0xa42c, 0xac2c, 0xac2c, 0x9369, 0x8ae6, 
	0x8ae6, 0x9b88, 0xd5f2, 0xd5f2, 0xef1a, 0xef5b, 0xef5b, 0xef5c, 0xef7d, 0xef7d, 0xef5d, 0xef5d, 0xef5d, 0xef5d, 0xef5d, 0xef5d, 
	0xef5d, 0xef5d, 0xef5d, 0xef5d, 0xef5d, 0xef5d, 0xef5d, 0xef5d, 0xef5d, 0xef5d, 0xef5d, 0xef7d, 0xef7d, 0xef7d, 0xef7d, 0xef7d, 
	0xef7d, 0xef7d, 0xef7d, 0xef7d, 0xef7c, 0xef7c, 0xef7c, 0xef5c, 0xef5c, 0xef5c, 0xef5c, 0xef7c, 0xef7c, 0xef7d, 0xef7c, 0xef7c, 
	0xef7c, 0xef5c, 0xef5c, 0xef5c, 0xef5c, 0xef5c, 0xef5c, 0xef5c, 0xef5c, 0xef5c, 0xef5c, 0xef5c, 0xef5c, 0xef5c, 0xef5c, 0xef5c, 
	0xbdb5, 0xbd95, 0xbd95, 0xbd95, 0xc595, 0xc595, 0xc595, 0xc595, 0xc595, 0xc594, 0xc593, 0xc593, 0xbd73, 0xbd73, 0xbd73, 0xbd73, 
	0xbd53, 0xbd53, 0xb512, 0xacb0, 0xacb0, 0xa40e, 0x930a, 0x930a, 0x7a06, 0x7a47, 0x7a47, 0xb4b1, 0xd658, 0xdeda, 0xdeda, 0xd678, 
	0xbdb4, 0xbdb4, 0xacf0, 0x9c0b, 0x9c0b, 0x93a9, 0x9bc9, 0x9bc9, 0x93ca, 0x9bea, 0x9bea, 0x9bea, 0x9c0b, 0x9c0b, 0x9c0b, 0x9c2b, 
	0x9c2b, 0xa42b, 0xa44b, 0xa44b, 0xa44b, 0xa44c, 0xa46c, 0xa46c, 0xa48c, 0xacad, 0xacad, 0xacad, 0xaccd, 0xaccd, 0xaccd, 0xb4ed, 
	0xb4ed, 0xb4ee, 0xb50e, 0xb50e, 0xbd2f, 0xbd4f, 0xbd4f, 0xbd4f, 0xcd90, 0xcd90, 0xde33, 0xeeb5, 0xeeb5, 0xeeb5, 0xee95, 0xee95, 
	0xe675, 0xe675, 0xee95, 0xee95, 0xee95, 0xe674, 0xe674, 0xde33, 0xddf2, 0xddf2, 0xde12, 0xe633, 0xe633, 0xe654, 0xde54, 0xde54, 
	0xd613, 0xd635, 0xd635, 0xde56, 0xde56, 0xde56, 0xde56, 0xde35, 0xde35, 0xd613, 0xc56f, 0xbd2c, 0xbd2c, 0xbcec, 0xb46a, 0xb46a, 
	0xbcab, 0xb4ac, 0xb4ac, 0xb4ed, 0xbd2e, 0xbd2e, 0xbd70, 0xc591, 0xc591, 0xcdf3, 0xcdf4, 0xcdf4, 0xce14, 0xcdf4, 0xcdf4, 0xc5d4, 
	0xc5b3, 0xc5b3, 0xc592, 0xbd51, 0xbd51, 0xb4ee, 0xbd4f, 0xbd0e, 0xbd0e, 0xb4cd, 0xbced, 0xbced, 0xc52d, 0xc52e, 0xc52e, 0xc52e, 
	0xcd6f, 0xcd6f, 0xcd4f, 0xc54e, 0xc54e, 0xcd4e, 0xcd4e, 0xcd4e, 0xcd4e, 0xcd6e, 0xcd6e, 0xd56f, 0xc4ed, 0xc4ed, 0xa3e9, 0x93aa, 
	0x7286, 0x7286, 0x5163, 0x7288, 0x7288, 0x8b49, 0x93a9, 0x93a9, 0x9bca, 0x9baa, 0x9baa, 0x9bca, 0x7ac7, 0x7ac7, 0x6203, 0x8b27, 
	0x8b27, 0xa40a, 0xd5b2, 0xd5b2, 0xeef8, 0xef3a, 0xef3a, 0xef5c, 0xef7c, 0xef7c, 0xef7d, 0xef5d, 0xef5d, 0xef5d, 0xef5d, 0xef7d, 
	0xef7d, 0xef7d, 0xef5d, 0xef5d, 0xef5d, 0xef5d, 0xef5d, 0xef5d, 0xef5d, 0xef5d, 0xef5d, 0xef7d, 0xef7d, 0xef7d, 0xef7d, 0xef7d, 
	0xef7d, 0xef7d, 0xef7d, 0xef7d, 0xef7d, 0xef7c, 0xef7c, 0xef5c, 0xef5c, 0xef5c, 0xef5c, 0xef7d, 0xef7d, 0xef7d, 0xef7c, 0xef7c, 
	0xef5c, 0xef5c, 0xef5c, 0xef5c, 0xef5c, 0xef5c, 0xef5c, 0xef5c, 0xef5c, 0xef5c, 0xef5c, 0xef5c, 0xef5c, 0xef5c, 0xef5c, 0xef5c, 
	0xbdb5, 0xbd95, 0xbd95, 0xbd95, 0xc595, 0xc595, 0xc595, 0xc595, 0xc595, 0xc594, 0xc593, 0xc593, 0xbd73, 0xbd73, 0xbd73, 0xbd73, 
	0xbd53, 0xbd53, 0xb512, 0xacb0, 0xacb0, 0xa40e, 0x930a, 0x930a, 0x7a06, 0x7a47, 0x7a47, 0xb4b1, 0xd658, 0xdeda, 0xdeda, 0xd678, 
	0xbdb4, 0xbdb4, 0xacf0, 0x9c0b, 0x9c0b, 0x93a9, 0x9bc9, 0x9bc9, 0x93ca, 0x9bea, 0x9bea, 0x9bea, 0x9c0b, 0x9c0b, 0x9c0b, 0x9c2b, 
	0x9c2b, 0xa42b, 0xa44b, 0xa44b, 0xa44b, 0xa44c, 0xa46c, 0xa46c, 0xa48c, 0xacad, 0xacad, 0xacad, 0xaccd, 0xaccd, 0xaccd, 0xb4ed, 
	0xb4ed, 0xb4ee, 0xb50e, 0xb50e, 0xbd2f, 0xbd4f, 0xbd4f, 0xbd4f, 0xcd90, 0xcd90, 0xde33, 0xeeb5, 0xeeb5, 0xeeb5, 0xee95, 0xee95, 
	0xe675, 0xe675, 0xee95, 0xee95, 0xee95, 0xe674, 0xe674, 0xde33, 0xddf2, 0xddf2, 0xde12, 0xe633, 0xe633, 0xe654, 0xde54, 0xde54, 
	0xd613, 0xd635, 0xd635, 0xde56, 0xde56, 0xde56, 0xde56, 0xde35, 0xde35, 0xd613, 0xc56f, 0xbd2c, 0xbd2c, 0xbcec, 0xb46a, 0xb46a, 
	0xbcab, 0xb4ac, 0xb4ac, 0xb4ed, 0xbd2e, 0xbd2e, 0xbd70, 0xc591, 0xc591, 0xcdf3, 0xcdf4, 0xcdf4, 0xce14, 0xcdf4, 0xcdf4, 0xc5d4, 
	0xc5b3, 0xc5b3, 0xc592, 0xbd51, 0xbd51, 0xb4ee, 0xbd4f, 0xbd0e, 0xbd0e, 0xb4cd, 0xbced, 0xbced, 0xc52d, 0xc52e, 0xc52e, 0xc52e, 
	0xcd6f, 0xcd6f, 0xcd4f, 0xc54e, 0xc54e, 0xcd4e, 0xcd4e, 0xcd4e, 0xcd4e, 0xcd6e, 0xcd6e, 0xd56f, 0xc4ed, 0xc4ed, 0xa3e9, 0x93aa, 
	0x7286, 0x7286, 0x5163, 0x7288, 0x7288, 0x8b49, 0x93a9, 0x93a9, 0x9bca, 0x9baa, 0x9baa, 0x9bca, 0x7ac7, 0x7ac7, 0x6203, 0x8b27, 
	0x8b27, 0xa40a, 0xd5b2, 0xd5b2, 0xeef8, 0xef3a, 0xef3a, 0xef5c, 0xef7c, 0xef7c, 0xef7d, 0xef5d, 0xef5d, 0xef5d, 0xef5d, 0xef7d, 
	0xef7d, 0xef7d, 0xef5d, 0xef5d, 0xef5d, 0xef5d, 0xef5d, 0xef5d, 0xef5d, 0xef5d, 0xef5d, 0xef7d, 0xef7d, 0xef7d, 0xef7d, 0xef7d, 
	0xef7d, 0xef7d, 0xef7d, 0xef7d, 0xef7d, 0xef7c, 0xef7c, 0xef5c, 0xef5c, 0xef5c, 0xef5c, 0xef7d, 0xef7d, 0xef7d, 0xef7c, 0xef7c, 
	0xef5c, 0xef5c, 0xef5c, 0xef5c, 0xef5c, 0xef5c, 0xef5c, 0xef5c, 0xef5c, 0xef5c, 0xef5c, 0xef5c, 0xef5c, 0xef5c, 0xef5c, 0xef5c, 
	0xc5d7, 0xc5d6, 0xc5d6, 0xc5d6, 0xc5d7, 0xc5d7, 0xc5d7, 0xcdd7, 0xcdd7, 0xc5d6, 0xc5d6, 0xc5d6, 0xc5d6, 0xc5d5, 0xc5d5, 0xc5d5, 
	0xcdf6, 0xcdf6, 0xc594, 0xb532, 0xb532, 0xac70, 0x9b2b, 0x9b2b, 0x8206, 0x8288, 0x8288, 0xbcf2, 0xd678, 0xdeda, 0xdeda, 0xce58, 
	0xbdb4, 0xbdb4, 0xaccf, 0x9c0b, 0x9c0b, 0x9bca, 0x9bca, 0x9bca, 0x9bea, 0x9beb, 0x9beb, 0x9c0b, 0x9c2b, 0x9c2b, 0x9c2b, 0x9c2b, 
	0x9c2b, 0x9c4b, 0xa44b, 0xa44b, 0xa46c, 0xa46c, 0xa48c, 0xa48c, 0xacad, 0xaccd, 0xaccd, 0xacce, 0xacce, 0xacce, 0xb4ef, 0xb50f, 
	0xb50f, 0xb50f, 0xbd2f, 0xbd2f, 0xbd30, 0xbd50, 0xbd50, 0xc571, 0xd5f2, 0xd5f2, 0xe674, 0xeeb5, 0xeeb5, 0xee95, 0xe675, 0xe675, 
	0xe675, 0xee95, 0xeeb5, 0xeeb5, 0xeeb5, 0xe674, 0xe674, 0xde33, 0xde33, 0xde33, 0xe695, 0xe675, 0xe675, 0xde35, 0xcdf3, 0xcdf3, 
	0xcdd3, 0xd635, 0xd635, 0xd635, 0xde56, 0xde56, 0xd656, 0xd5f4, 0xd5f4, 0xcdb2, 0xbd2e, 0xbceb, 0xbceb, 0xb4ab, 0xb46b, 0xb46b, 
	0xbcac, 0xbcac, 0xbcac, 0xb4ed, 0xbd2e, 0xbd2e, 0xc590, 0xcdf3, 0xcdf3, 0xd614, 0xce14, 0xce14, 0xd635, 0xd635, 0xd635, 0xce15, 
	0xcdf4, 0xcdf4, 0xc592, 0xbd50, 0xbd50, 0xbd0f, 0xb4ee, 0xb4ac, 0xb4ac, 0xb48c, 0xb4ac, 0xb4ac, 0xbcec, 0xc52e, 0xc52e, 0xcd4e, 
	0xc54e, 0xc54e, 0xc54f, 0xcd6f, 0xcd6f, 0xcd6f, 0xcd6f, 0xcd6f, 0xcd6f, 0xcd4f, 0xcd4f, 0xd56f, 0xcd4d, 0xcd4d, 0xbceb, 0xb46a, 
	0x9ba8, 0x9ba8, 0x8307, 0x9349, 0x9349, 0x9bca, 0xa40a, 0xa40a, 0xac2b, 0xac4c, 0xac4c, 0x9bea, 0x59e2, 0x59e2, 0x8b48, 0xb46c, 
	0xb46c, 0xb48b, 0xd591, 0xd591, 0xe696, 0xeef9, 0xeef9, 0xef5b, 0xef7c, 0xef7c, 0xef7c, 0xef7d, 0xef5d, 0xef5d, 0xef5d, 0xef7d, 
	0xef7d, 0xef7d, 0xef7d, 0xef7d, 0xef5d, 0xef5d, 0xef5d, 0xef5d, 0xef5d, 0xef5d, 0xef5d, 0xef7d, 0xef7d, 0xef7d, 0xef7d, 0xef7d, 
	0xef7d, 0xef7d, 0xef7d, 0xef7d, 0xef7d, 0xef7c, 0xef7c, 0xef5c, 0xef5c, 0xef5c, 0xef5c, 0xef7d, 0xef7d, 0xef7d, 0xef7d, 0xef7d, 
	0xef7c, 0xef5c, 0xef5c, 0xef5c, 0xef5c, 0xef5c, 0xef5c, 0xef5c, 0xef5c, 0xef5c, 0xef5c, 0xef5c, 0xef5c, 0xef5c, 0xef5c, 0xef5c, 
	0xce18, 0xcdf8, 0xcdf8, 0xce18, 0xce18, 0xce18, 0xce18, 0xce18, 0xce18, 0xce18, 0xce18, 0xce18, 0xce18, 0xce17, 0xce17, 0xce18, 
	0xce38, 0xce38, 0xc5f6, 0xb574, 0xb574, 0xac90, 0x932b, 0x932b, 0x8206, 0x8aa9, 0x8aa9, 0xc533, 0xd699, 0xdeda, 0xdeda, 0xce58, 
	0xbd94, 0xbd94, 0xaccf, 0x9c0b, 0x9c0b, 0x9bca, 0x9bea, 0x9bea, 0x9c0b, 0x9c0b, 0x9c0b, 0x9c0b, 0x9c2b, 0x9c2b, 0xa44b, 0xa44b, 
	0xa44b, 0xa46b, 0xa46b, 0xa46b, 0xac8c, 0xac8d, 0xacad, 0xacad, 0xaccd, 0xb4ee, 0xb4ee, 0xb4ef, 0xb50f, 0xb50f, 0xb50f, 0xbd30, 
	0xbd30, 0xbd30, 0xbd30, 0xbd30, 0xbd51, 0xc571, 0xc571, 0xcdb2, 0xde34, 0xde34, 0xe675, 0xee95, 0xee95, 0xe674, 0xe654, 0xe654, 
	0xe655, 0xee95, 0xeeb6, 0xeeb6, 0xee95, 0xe654, 0xe654, 0xde34, 0xd655, 0xd655, 0xd636, 0xd616, 0xd616, 0xce16, 0xce16, 0xce16, 
	0xbd93, 0xc5d3, 0xc5d3, 0xce14, 0xde56, 0xde56, 0xd635, 0xcdd3, 0xcdd3, 0xc591, 0xbd0d, 0xb4cb, 0xb4cb, 0xb48a, 0xb46b, 0xb46b, 
	0xac4a, 0xb48b, 0xb48b, 0xb4cd, 0xc550, 0xc550, 0xcdf2, 0xde55, 0xde55, 0xd635, 0xce14, 0xce14, 0xce14, 0xce14, 0xce14, 0xce15, 
	0xce15, 0xce15, 0xcdf3, 0xc570, 0xc570, 0xb50e, 0xb4cd, 0xac8c, 0xac8c, 0xb4ac, 0xbced, 0xbced, 0xbcec, 0xbd0d, 0xbd0d, 0xc54e, 
	0xc52e, 0xc52e, 0xc54e, 0xcd4f, 0xcd4f, 0xcd4f, 0xcd4e, 0xcd4e, 0xcd6f, 0xd590, 0xd590, 0xcd6f, 0xd56e, 0xd56e, 0xcd4c, 0xc4eb, 
	0xbc89, 0xbc89, 0xac09, 0xa3c9, 0xa3c9, 0xa3ea, 0xac2a, 0xac2a, 0xac4a, 0xb46b, 0xb46b, 0xac6a, 0xa42a, 0xa42a, 0xbccc, 0xb48b, 
	0xb48b, 0xac49, 0xcd70, 0xcd70, 0xe675, 0xeef8, 0xeef8, 0xef5b, 0xef7b, 0xef7b, 0xef5c, 0xef5d, 0xef5d, 0xef5d, 0xef5d, 0xef7d, 
	0xef7d, 0xef7d, 0xef7d, 0xef7d, 0xef5d, 0xef5d, 0xef5d, 0xef5d, 0xef5d, 0xef5d, 0xef5d, 0xef7d, 0xef7d, 0xef7d, 0xef7d, 0xef7d, 
	0xef7d, 0xef7d, 0xef7d, 0xef7d, 0xef7c, 0xef7c, 0xef7c, 0xef5c, 0xef5c, 0xef5c, 0xef5c, 0xef7c, 0xef7c, 0xef7d, 0xef7c, 0xef7c, 
	0xef7c, 0xef5c, 0xef5c, 0xef5c, 0xef5c, 0xef5c, 0xef5c, 0xef5c, 0xef5c, 0xef5c, 0xef5c, 0xef5c, 0xef5d, 0xef5d, 0xef5d, 0xef5c, 
	0xce18, 0xcdf8, 0xcdf8, 0xce18, 0xce18, 0xce18, 0xce18, 0xce18, 0xce18, 0xce18, 0xce18, 0xce18, 0xce18, 0xce17, 0xce17, 0xce18, 
	0xce38, 0xce38, 0xc5f6, 0xb574, 0xb574, 0xac90, 0x932b, 0x932b, 0x8206, 0x8aa9, 0x8aa9, 0xc533, 0xd699, 0xdeda, 0xdeda, 0xce58, 
	0xbd94, 0xbd94, 0xaccf, 0x9c0b, 0x9c0b, 0x9bca, 0x9bea, 0x9bea, 0x9c0b, 0x9c0b, 0x9c0b, 0x9c0b, 0x9c2b, 0x9c2b, 0xa44b, 0xa44b, 
	0xa44b, 0xa46b, 0xa46b, 0xa46b, 0xac8c, 0xac8d, 0xacad, 0xacad, 0xaccd, 0xb4ee, 0xb4ee, 0xb4ef, 0xb50f, 0xb50f, 0xb50f, 0xbd30, 
	0xbd30, 0xbd30, 0xbd30, 0xbd30, 0xbd51, 0xc571, 0xc571, 0xcdb2, 0xde34, 0xde34, 0xe675, 0xee95, 0xee95, 0xe674, 0xe654, 0xe654, 
	0xe655, 0xee95, 0xeeb6, 0xeeb6, 0xee95, 0xe654, 0xe654, 0xde34, 0xd655, 0xd655, 0xd636, 0xd616, 0xd616, 0xce16, 0xce16, 0xce16, 
	0xbd93, 0xc5d3, 0xc5d3, 0xce14, 0xde56, 0xde56, 0xd635, 0xcdd3, 0xcdd3, 0xc591, 0xbd0d, 0xb4cb, 0xb4cb, 0xb48a, 0xb46b, 0xb46b, 
	0xac4a, 0xb48b, 0xb48b, 0xb4cd, 0xc550, 0xc550, 0xcdf2, 0xde55, 0xde55, 0xd635, 0xce14, 0xce14, 0xce14, 0xce14, 0xce14, 0xce15, 
	0xce15, 0xce15, 0xcdf3, 0xc570, 0xc570, 0xb50e, 0xb4cd, 0xac8c, 0xac8c, 0xb4ac, 0xbced, 0xbced, 0xbcec, 0xbd0d, 0xbd0d, 0xc54e, 
	0xc52e, 0xc52e, 0xc54e, 0xcd4f, 0xcd4f, 0xcd4f, 0xcd4e, 0xcd4e, 0xcd6f, 0xd590, 0xd590, 0xcd6f, 0xd56e, 0xd56e, 0xcd4c, 0xc4eb, 
	0xbc89, 0xbc89, 0xac09, 0xa3c9, 0xa3c9, 0xa3ea, 0xac2a, 0xac2a, 0xac4a, 0xb46b, 0xb46b, 0xac6a, 0xa42a, 0xa42a, 0xbccc, 0xb48b, 
	0xb48b, 0xac49, 0xcd70, 0xcd70, 0xe675, 0xeef8, 0xeef8, 0xef5b, 0xef7b, 0xef7b, 0xef5c, 0xef5d, 0xef5d, 0xef5d, 0xef5d, 0xef7d, 
	0xef7d, 0xef7d, 0xef7d, 0xef7d, 0xef5d, 0xef5d, 0xef5d, 0xef5d, 0xef5d, 0xef5d, 0xef5d, 0xef7d, 0xef7d, 0xef7d, 0xef7d, 0xef7d, 
	0xef7d, 0xef7d, 0xef7d, 0xef7d, 0xef7c, 0xef7c, 0xef7c, 0xef5c, 0xef5c, 0xef5c, 0xef5c, 0xef7c, 0xef7c, 0xef7d, 0xef7c, 0xef7c, 
	0xef7c, 0xef5c, 0xef5c, 0xef5c, 0xef5c, 0xef5c, 0xef5c, 0xef5c, 0xef5c, 0xef5c, 0xef5c, 0xef5c, 0xef5d, 0xef5d, 0xef5d, 0xef5c, 
	0xcdd7, 0xcdf8, 0xcdf8, 0xce18, 0xce18, 0xce18, 0xce18, 0xce39, 0xce39, 0xce39, 0xce38, 0xce38, 0xce39, 0xce38, 0xce38, 0xce38, 
	0xce58, 0xce58, 0xce18, 0xbdb6, 0xbdb6, 0xb512, 0x9b6c, 0x9b6c, 0x8227, 0x92ea, 0x92ea, 0xc554, 0xde99, 0xdeba, 0xdeba, 0xce38, 
	0xbd94, 0xbd94, 0xacef, 0x9c2b, 0x9c2b, 0xa40a, 0xa40a, 0xa40a, 0x9c0b, 0x9c2b, 0x9c2b, 0x9c4b, 0xa46b, 0xa46b, 0xa46b, 0xa46b, 
	0xa46b, 0xa48c, 0xac8c, 0xac8c, 0xacad, 0xacad, 0xacae, 0xacae, 0xb4ef, 0xb50f, 0xb50f, 0xb50f, 0xb530, 0xb530, 0xb530, 0xbd51, 
	0xbd51, 0xbd72, 0xbd93, 0xbd93, 0xc5b3, 0xcdb4, 0xcdb4, 0xd5f4, 0xe655, 0xe655, 0xe675, 0xe674, 0xe674, 0xe675, 0xde55, 0xde55, 
	0xe675, 0xe695, 0xee95, 0xee95, 0xe673, 0xd613, 0xd613, 0xc594, 0x7b8d, 0x7b8d, 0x5268, 0x5248, 0x5248, 0x6aeb, 0x9cf2, 0x9cf2, 
	0xa512, 0xbd73, 0xbd73, 0xd615, 0xde35, 0xde35, 0xd5f4, 0xcdd2, 0xcdd2, 0xc54f, 0xb4ed, 0xbcec, 0xbcec, 0xb4ab, 0xb48b, 0xb48b, 
	0xac6a, 0xb4ab, 0xb4ab, 0xbd2e, 0xcdb1, 0xcdb1, 0xd634, 0xd676, 0xd676, 0xd656, 0xce15, 0xce15, 0xce15, 0xce15, 0xce15, 0xd635, 
	0xd614, 0xd614, 0xcdd2, 0xcd90, 0xcd90, 0xc52e, 0xb4cd, 0xb4ac, 0xb4ac, 0xac6b, 0xb48b, 0xb48b, 0xb4ac, 0xc50d, 0xc50d, 0xbd0d, 
	0xc54e, 0xc54e, 0xc54f, 0xcd6f, 0xcd6f, 0xc54f, 0xc54f, 0xc54f, 0xcd90, 0xd5d1, 0xd5d1, 0xd5b0, 0xddcf, 0xddcf, 0xd58d, 0xd58d, 
	0xcd2c, 0xcd2c, 0xbcab, 0xac29, 0xac29, 0xac09, 0xac29, 0xac29, 0xac09, 0xac2a, 0xac2a, 0xac2a, 0xa40a, 0xa40a, 0xa3e9, 0xac2a, 
	0xac2a, 0xb44a, 0xcd4e, 0xcd4e, 0xe633, 0xe6b6, 0xe6b6, 0xe71a, 0xef5b, 0xef5b, 0xef5c, 0xf75d, 0xef7d, 0xef7d, 0xef7d, 0xef7d, 
	0xef7d, 0xef7d, 0xef7d, 0xef7d, 0xef7d, 0xef7d, 0xef7d, 0xef7d, 0xef5d, 0xef5d, 0xef5d, 0xef7d, 0xef7d, 0xef7d, 0xef5d, 0xef5d, 
	0xef5d, 0xef5d, 0xef5d, 0xef5d, 0xef5d, 0xef5d, 0xef5d, 0xef5d, 0xef5d, 0xef5d, 0xef5d, 0xef5d, 0xef5d, 0xef5d, 0xef5d, 0xef5d, 
	0xef5d, 0xef5d, 0xef5d, 0xef5d, 0xef5d, 0xef5d, 0xef5d, 0xef5d, 0xef5d, 0xef5d, 0xef5c, 0xef5c, 0xef5d, 0xef5d, 0xef5d, 0xef5c, 
	0xcdd7, 0xcdf8, 0xcdf8, 0xce18, 0xce18, 0xce18, 0xce18, 0xce39, 0xce39, 0xce39, 0xce38, 0xce38, 0xce39, 0xce38, 0xce38, 0xce38, 
	0xce58, 0xce58, 0xce18, 0xbdb6, 0xbdb6, 0xb512, 0x9b6c, 0x9b6c, 0x8227, 0x92ea, 0x92ea, 0xc554, 0xde99, 0xdeba, 0xdeba, 0xce38, 
	0xbd94, 0xbd94, 0xacef, 0x9c2b, 0x9c2b, 0xa40a, 0xa40a, 0xa40a, 0x9c0b, 0x9c2b, 0x9c2b, 0x9c4b, 0xa46b, 0xa46b, 0xa46b, 0xa46b, 
	0xa46b, 0xa48c, 0xac8c, 0xac8c, 0xacad, 0xacad, 0xacae, 0xacae, 0xb4ef, 0xb50f, 0xb50f, 0xb50f, 0xb530, 0xb530, 0xb530, 0xbd51, 
	0xbd51, 0xbd72, 0xbd93, 0xbd93, 0xc5b3, 0xcdb4, 0xcdb4, 0xd5f4, 0xe655, 0xe655, 0xe675, 0xe674, 0xe674, 0xe675, 0xde55, 0xde55, 
	0xe675, 0xe695, 0xee95, 0xee95, 0xe673, 0xd613, 0xd613, 0xc594, 0x7b8d, 0x7b8d, 0x5268, 0x5248, 0x5248, 0x6aeb, 0x9cf2, 0x9cf2, 
	0xa512, 0xbd73, 0xbd73, 0xd615, 0xde35, 0xde35, 0xd5f4, 0xcdd2, 0xcdd2, 0xc54f, 0xb4ed, 0xbcec, 0xbcec, 0xb4ab, 0xb48b, 0xb48b, 
	0xac6a, 0xb4ab, 0xb4ab, 0xbd2e, 0xcdb1, 0xcdb1, 0xd634, 0xd676, 0xd676, 0xd656, 0xce15, 0xce15, 0xce15, 0xce15, 0xce15, 0xd635, 
	0xd614, 0xd614, 0xcdd2, 0xcd90, 0xcd90, 0xc52e, 0xb4cd, 0xb4ac, 0xb4ac, 0xac6b, 0xb48b, 0xb48b, 0xb4ac, 0xc50d, 0xc50d, 0xbd0d, 
	0xc54e, 0xc54e, 0xc54f, 0xcd6f, 0xcd6f, 0xc54f, 0xc54f, 0xc54f, 0xcd90, 0xd5d1, 0xd5d1, 0xd5b0, 0xddcf, 0xddcf, 0xd58d, 0xd58d, 
	0xcd2c, 0xcd2c, 0xbcab, 0xac29, 0xac29, 0xac09, 0xac29, 0xac29, 0xac09, 0xac2a, 0xac2a, 0xac2a, 0xa40a, 0xa40a, 0xa3e9, 0xac2a, 
	0xac2a, 0xb44a, 0xcd4e, 0xcd4e, 0xe633, 0xe6b6, 0xe6b6, 0xe71a, 0xef5b, 0xef5b, 0xef5c, 0xf75d, 0xef7d, 0xef7d, 0xef7d, 0xef7d, 
	0xef7d, 0xef7d, 0xef7d, 0xef7d, 0xef7d, 0xef7d, 0xef7d, 0xef7d, 0xef5d, 0xef5d, 0xef5d, 0xef7d, 0xef7d, 0xef7d, 0xef5d, 0xef5d, 
	0xef5d, 0xef5d, 0xef5d, 0xef5d, 0xef5d, 0xef5d, 0xef5d, 0xef5d, 0xef5d, 0xef5d, 0xef5d, 0xef5d, 0xef5d, 0xef5d, 0xef5d, 0xef5d, 
	0xef5d, 0xef5d, 0xef5d, 0xef5d, 0xef5d, 0xef5d, 0xef5d, 0xef5d, 0xef5d, 0xef5d, 0xef5c, 0xef5c, 0xef5d, 0xef5d, 0xef5d, 0xef5c, 
	0xb4b2, 0xb4f3, 0xb4f3, 0xb514, 0xbd54, 0xbd54, 0xbd55, 0xc576, 0xc576, 0xc5b6, 0xc5d6, 0xc5d6, 0xc5f7, 0xcdf7, 0xcdf7, 0xce18, 
	0xce38, 0xce38, 0xce18, 0xc5d6, 0xc5d6, 0xc533, 0x9b4b, 0x9b4b, 0x9248, 0xa34c, 0xa34c, 0xd595, 0xde99, 0xdeba, 0xdeba, 0xce38, 
	0xbd94, 0xbd94, 0xa4ef, 0x9c4c, 0x9c4c, 0xa42b, 0x9c2b, 0x9c2b, 0x9c4c, 0x9c4c, 0x9c4c, 0xa46c, 0x9c6c, 0x9c6c, 0xa48c, 0xa48d, 
	0xa48d, 0xacae, 0xacce, 0xacce, 0xaccf, 0xacef, 0xb510, 0xb510, 0xb531, 0xb551, 0xb551, 0xbd72, 0xbd92, 0xbd92, 0xbdb3, 0xc5d5, 
	0xc5d5, 0xc5f5, 0xce16, 0xce16, 0xce16, 0xd636, 0xd636, 0xde35, 0xee96, 0xee96, 0xee95, 0xe695, 0xe695, 0xe6b7, 0xe6b7, 0xe6b7, 
	0xeed8, 0xeeb6, 0xe675, 0xe675, 0xde74, 0xcdd3, 0xcdd3, 0x732b, 0x20c3, 0x20c3, 0x1882, 0x0820, 0x0820, 0x1041, 0x4248, 0x4248, 
	0x9491, 0xb552, 0xb552, 0xd615, 0xd614, 0xd614, 0xcdb2, 0xc570, 0xc570, 0xbd2e, 0xbced, 0xbced, 0xbced, 0xb4ac, 0xb48c, 0xb48c, 
	0xb4ac, 0xb4cc, 0xb4cc, 0xc56f, 0xcdf3, 0xcdf3, 0xce35, 0xd676, 0xd676, 0xd656, 0xd635, 0xd635, 0xcdf4, 0xd615, 0xd615, 0xd614, 
	0xd5f3, 0xd5f3, 0xd5d2, 0xd590, 0xd590, 0xd590, 0xc54e, 0xbd0d, 0xbd0d, 0xbced, 0xbccc, 0xbccc, 0xbccd, 0xbced, 0xbced, 0xbced, 
	0xc54e, 0xc54e, 0xcd6f, 0xc56f, 0xc56f, 0xbd2e, 0xbd4f, 0xbd4f, 0xcd90, 0xd5b0, 0xd5b0, 0xd5b0, 0xd5d0, 0xd5d0, 0xddcf, 0xddcf, 
	0xddaf, 0xddaf, 0xd58e, 0xc50c, 0xc50c, 0xb46a, 0xac09, 0xac09, 0xa3e9, 0xac09, 0xac09, 0xa3a8, 0x9307, 0x9307, 0x8ac6, 0x9b67, 
	0x9b67, 0xa3a8, 0xc4ed, 0xc4ed, 0xddf1, 0xe675, 0xe675, 0xe6f9, 0xef3b, 0xef3b, 0xef5c, 0xf77d, 0xef5d, 0xef5d, 0xef5d, 0xef7d, 
	0xef7d, 0xef7d, 0xef7d, 0xef7d, 0xef7d, 0xef7d, 0xef7d, 0xef5d, 0xef5d, 0xef5d, 0xef7d, 0xef7d, 0xef7d, 0xef7d, 0xef7d, 0xef7d, 
	0xef5d, 0xef5d, 0xef5d, 0xef5d, 0xef5d, 0xef5d, 0xef5d, 0xef5d, 0xef5d, 0xef5d, 0xef5d, 0xef5d, 0xef5d, 0xef5d, 0xef5d, 0xef5d, 
	0xef5d, 0xef5d, 0xef5d, 0xef5d, 0xef5d, 0xef5d, 0xef5d, 0xef5d, 0xef5d, 0xef5d, 0xef5d, 0xef5d, 0xef5c, 0xef5c, 0xef5c, 0xef5c, 
	0xb4b2, 0xb4f3, 0xb4f3, 0xb514, 0xbd54, 0xbd54, 0xbd55, 0xc576, 0xc576, 0xc5b6, 0xc5d6, 0xc5d6, 0xc5f7, 0xcdf7, 0xcdf7, 0xce18, 
	0xce38, 0xce38, 0xce18, 0xc5d6, 0xc5d6, 0xc533, 0x9b4b, 0x9b4b, 0x9248, 0xa34c, 0xa34c, 0xd595, 0xde99, 0xdeba, 0xdeba, 0xce38, 
	0xbd94, 0xbd94, 0xa4ef, 0x9c4c, 0x9c4c, 0xa42b, 0x9c2b, 0x9c2b, 0x9c4c, 0x9c4c, 0x9c4c, 0xa46c, 0x9c6c, 0x9c6c, 0xa48c, 0xa48d, 
	0xa48d, 0xacae, 0xacce, 0xacce, 0xaccf, 0xacef, 0xb510, 0xb510, 0xb531, 0xb551, 0xb551, 0xbd72, 0xbd92, 0xbd92, 0xbdb3, 0xc5d5, 
	0xc5d5, 0xc5f5, 0xce16, 0xce16, 0xce16, 0xd636, 0xd636, 0xde35, 0xee96, 0xee96, 0xee95, 0xe695, 0xe695, 0xe6b7, 0xe6b7, 0xe6b7, 
	0xeed8, 0xeeb6, 0xe675, 0xe675, 0xde74, 0xcdd3, 0xcdd3, 0x732b, 0x20c3, 0x20c3, 0x1882, 0x0820, 0x0820, 0x1041, 0x4248, 0x4248, 
	0x9491, 0xb552, 0xb552, 0xd615, 0xd614, 0xd614, 0xcdb2, 0xc570, 0xc570, 0xbd2e, 0xbced, 0xbced, 0xbced, 0xb4ac, 0xb48c, 0xb48c, 
	0xb4ac, 0xb4cc, 0xb4cc, 0xc56f, 0xcdf3, 0xcdf3, 0xce35, 0xd676, 0xd676, 0xd656, 0xd635, 0xd635, 0xcdf4, 0xd615, 0xd615, 0xd614, 
	0xd5f3, 0xd5f3, 0xd5d2, 0xd590, 0xd590, 0xd590, 0xc54e, 0xbd0d, 0xbd0d, 0xbced, 0xbccc, 0xbccc, 0xbccd, 0xbced, 0xbced, 0xbced, 
	0xc54e, 0xc54e, 0xcd6f, 0xc56f, 0xc56f, 0xbd2e, 0xbd4f, 0xbd4f, 0xcd90, 0xd5b0, 0xd5b0, 0xd5b0, 0xd5d0, 0xd5d0, 0xddcf, 0xddcf, 
	0xddaf, 0xddaf, 0xd58e, 0xc50c, 0xc50c, 0xb46a, 0xac09, 0xac09, 0xa3e9, 0xac09, 0xac09, 0xa3a8, 0x9307, 0x9307, 0x8ac6, 0x9b67, 
	0x9b67, 0xa3a8, 0xc4ed, 0xc4ed, 0xddf1, 0xe675, 0xe675, 0xe6f9, 0xef3b, 0xef3b, 0xef5c, 0xf77d, 0xef5d, 0xef5d, 0xef5d, 0xef7d, 
	0xef7d, 0xef7d, 0xef7d, 0xef7d, 0xef7d, 0xef7d, 0xef7d, 0xef5d, 0xef5d, 0xef5d, 0xef7d, 0xef7d, 0xef7d, 0xef7d, 0xef7d, 0xef7d, 
	0xef5d, 0xef5d, 0xef5d, 0xef5d, 0xef5d, 0xef5d, 0xef5d, 0xef5d, 0xef5d, 0xef5d, 0xef5d, 0xef5d, 0xef5d, 0xef5d, 0xef5d, 0xef5d, 
	0xef5d, 0xef5d, 0xef5d, 0xef5d, 0xef5d, 0xef5d, 0xef5d, 0xef5d, 0xef5d, 0xef5d, 0xef5d, 0xef5d, 0xef5c, 0xef5c, 0xef5c, 0xef5c, 
	0x8289, 0x82aa, 0x82aa, 0x82eb, 0x8b2c, 0x8b2c, 0x936d, 0x9bce, 0x9bce, 0x9c0f, 0xa450, 0xa450, 0xac71, 0xb4b2, 0xb4b2, 0xb4f4, 
	0xbd35, 0xbd35, 0xbd55, 0xc575, 0xc575, 0xc4d2, 0xa2eb, 0xa2eb, 0x9a68, 0xab8d, 0xab8d, 0xd5b6, 0xdeba, 0xdeba, 0xdeba, 0xce38, 
	0xbd94, 0xbd94, 0xacef, 0x9c6c, 0x9c6c, 0x9c6c, 0xa48d, 0xa48d, 0xa48e, 0xa4ae, 0xa4ae, 0xa4ae, 0xa4cf, 0xa4cf, 0xacef, 0xacf0, 
	0xacf0, 0xb511, 0xb532, 0xb532, 0xb552, 0xb572, 0xbd93, 0xbd93, 0xbdd4, 0xc5f5, 0xc5f5, 0xc615, 0xc636, 0xc636, 0xce36, 0xce38, 
	0xce38, 0xce58, 0xd678, 0xd678, 0xd698, 0xd698, 0xd698, 0xde76, 0xee96, 0xee96, 0xeeb6, 0xeed7, 0xeed7, 0xf719, 0xf73b, 0xf73b, 
	0xf75b, 0xf719, 0xe6b7, 0xe6b7, 0xde35, 0xb512, 0xb512, 0x4a07, 0x62ee, 0x62ee, 0x632f, 0x2105, 0x2105, 0x10c4, 0x18e4, 0x18e4, 
	0x6b2c, 0xad11, 0xad11, 0xd5f3, 0xcdb2, 0xcdb2, 0xc591, 0xbd4f, 0xbd4f, 0xc54f, 0xc54e, 0xbd0d, 0xbd0d, 0xb4cd, 0xb4cd, 0xb4cd, 
	0xb4ed, 0xbd0e, 0xbd0e, 0xc591, 0xcdf4, 0xcdf4, 0xce35, 0xce36, 0xce36, 0xd636, 0xd615, 0xd615, 0xc5d4, 0xd615, 0xd615, 0xd615, 
	0xd5f4, 0xd5f4, 0xd5b2, 0xcd70, 0xcd70, 0xd590, 0xd590, 0xcd4f, 0xcd4f, 0xbccd, 0xb4ac, 0xb4ac, 0xb4cc, 0xbced, 0xbced, 0xbccc, 
	0xbced, 0xbced, 0xc52e, 0xc54e, 0xc54e, 0xbd2e, 0xc54f, 0xc54f, 0xcd91, 0xcd90, 0xcd90, 0xcd90, 0xd5b0, 0xd5b0, 0xddf0, 0xddf1, 
	0xddf0, 0xddf0, 0xd5af, 0xcd6d, 0xcd6d, 0xc4eb, 0xb449, 0xb449, 0xac09, 0xabe9, 0xabe9, 0xa3a9, 0x92e7, 0x92e7, 0x92e7, 0x9327, 
	0x9327, 0x9b67, 0xc4cc, 0xc4cc, 0xd5b0, 0xde34, 0xde34, 0xe6b7, 0xe71b, 0xe71b, 0xef3c, 0xf75d, 0xef5d, 0xef5d, 0xef5d, 0xef7d, 
	0xef7d, 0xef7d, 0xef7d, 0xef7d, 0xef7d, 0xef7d, 0xef7d, 0xef7d, 0xef7d, 0xef7d, 0xef7d, 0xef7d, 0xef7d, 0xef7d, 0xef7d, 0xef7d, 
	0xef5d, 0xef5d, 0xef5d, 0xef5d, 0xef5d, 0xef5d, 0xef5d, 0xef5d, 0xef5d, 0xef5d, 0xef5d, 0xef5d, 0xef5d, 0xef5d, 0xef5d, 0xef5d, 
	0xef5d, 0xef5d, 0xef5d, 0xef5d, 0xef5d, 0xef5d, 0xef5d, 0xef5d, 0xef5d, 0xef5d, 0xef5d, 0xef5d, 0xef5d, 0xef5c, 0xef5c, 0xef5c, 
	0x8267, 0x8247, 0x8247, 0x7a27, 0x7a27, 0x7a27, 0x7a26, 0x7a06, 0x7a06, 0x7226, 0x7a27, 0x7a27, 0x8268, 0x8268, 0x8268, 0x8ac9, 
	0x9b2c, 0x9b2c, 0xabae, 0xb430, 0xb430, 0xab8d, 0x9a69, 0x9a69, 0x9a69, 0xb3ce, 0xb3ce, 0xd5f6, 0xdeba, 0xd6ba, 0xd6ba, 0xce37, 
	0xbdb4, 0xbdb4, 0xad52, 0xa4f0, 0xa4f0, 0xacf0, 0xad10, 0xad10, 0xad31, 0xad31, 0xad31, 0xb552, 0xb553, 0xb553, 0xb574, 0xbd94, 
	0xbd94, 0xbdb5, 0xbdd5, 0xbdd5, 0xbdf6, 0xc616, 0xc617, 0xc617, 0xc637, 0xce58, 0xce58, 0xce78, 0xce98, 0xce98, 0xceb9, 0xd6ba, 
	0xd6ba, 0xd6da, 0xd6da, 0xd6da, 0xdeba, 0xdeb9, 0xdeb9, 0xe697, 0xee96, 0xee96, 0xeeb6, 0xef3a, 0xef3a, 0xffbd, 0xffde, 0xffde, 
	0xffbe, 0xff9c, 0xeef8, 0xeef8, 0xd656, 0x9450, 0x9450, 0x9c73, 0x52ac, 0x52ac, 0x6bb1, 0x31ea, 0x31ea, 0x4a8d, 0x6bb0, 0x6bb0, 
	0x4206, 0xad10, 0xad10, 0xcdb2, 0xc591, 0xc591, 0xc570, 0xc570, 0xc570, 0xcd90, 0xcd70, 0xc54e, 0xc54e, 0xbd2e, 0xbd2f, 0xbd2f, 
	0xc550, 0xc550, 0xc550, 0xc591, 0xcdf3, 0xcdf3, 0xce35, 0xce16, 0xce16, 0xce16, 0xcdd4, 0xcdd4, 0xc593, 0xcdf5, 0xcdf5, 0xcdf4, 
	0xcdf4, 0xcdf4, 0xcdb2, 0xc571, 0xc571, 0xcd6f, 0xcd6f, 0xcd6f, 0xcd6f, 0xc54e, 0xbcec, 0xbcec, 0xb4ab, 0xbccc, 0xbccc, 0xbced, 
	0xc50d, 0xc50d, 0xbd2e, 0xbd2e, 0xbd2e, 0xc54f, 0xc56f, 0xc56f, 0xcd70, 0xcd70, 0xcd70, 0xcd70, 0xd5b1, 0xd5b1, 0xd5d1, 0xd5d2, 
	0xd5f1, 0xd5f1, 0xd5d0, 0xd5ae, 0xd5ae, 0xcd2c, 0xbcaa, 0xbcaa, 0xb449, 0xb409, 0xb409, 0xaba9, 0x9b49, 0x9b49, 0x9308, 0x9308, 
	0x9308, 0xa389, 0xbc8b, 0xbc8b, 0xcd6e, 0xd5f1, 0xd5f1, 0xde75, 0xe6f9, 0xe6f9, 0xef3c, 0xf75d, 0xf77d, 0xf77d, 0xef5d, 0xef7d, 
	0xef7d, 0xef7d, 0xef7d, 0xef7d, 0xef7d, 0xef7d, 0xef7d, 0xef7d, 0xef7d, 0xef7d, 0xef7d, 0xef7d, 0xef7d, 0xef7d, 0xef7d, 0xef7d, 
	0xef5d, 0xef5d, 0xef5d, 0xef5d, 0xef5d, 0xef5d, 0xef5d, 0xef5d, 0xef5d, 0xef5d, 0xef5d, 0xef5d, 0xef5d, 0xef5d, 0xef5d, 0xef5d, 
	0xef5d, 0xef5d, 0xef5d, 0xef5d, 0xef5d, 0xef5d, 0xef5d, 0xef5d, 0xef5d, 0xef5d, 0xef5d, 0xef5d, 0xef5d, 0xef5d, 0xef5d, 0xef5c, 
	0x8267, 0x8247, 0x8247, 0x7a27, 0x7a27, 0x7a27, 0x7a26, 0x7a06, 0x7a06, 0x7226, 0x7a27, 0x7a27, 0x8268, 0x8268, 0x8268, 0x8ac9, 
	0x9b2c, 0x9b2c, 0xabae, 0xb430, 0xb430, 0xab8d, 0x9a69, 0x9a69, 0x9a69, 0xb3ce, 0xb3ce, 0xd5f6, 0xdeba, 0xd6ba, 0xd6ba, 0xce37, 
	0xbdb4, 0xbdb4, 0xad52, 0xa4f0, 0xa4f0, 0xacf0, 0xad10, 0xad10, 0xad31, 0xad31, 0xad31, 0xb552, 0xb553, 0xb553, 0xb574, 0xbd94, 
	0xbd94, 0xbdb5, 0xbdd5, 0xbdd5, 0xbdf6, 0xc616, 0xc617, 0xc617, 0xc637, 0xce58, 0xce58, 0xce78, 0xce98, 0xce98, 0xceb9, 0xd6ba, 
	0xd6ba, 0xd6da, 0xd6da, 0xd6da, 0xdeba, 0xdeb9, 0xdeb9, 0xe697, 0xee96, 0xee96, 0xeeb6, 0xef3a, 0xef3a, 0xffbd, 0xffde, 0xffde, 
	0xffbe, 0xff9c, 0xeef8, 0xeef8, 0xd656, 0x9450, 0x9450, 0x9c73, 0x52ac, 0x52ac, 0x6bb1, 0x31ea, 0x31ea, 0x4a8d, 0x6bb0, 0x6bb0, 
	0x4206, 0xad10, 0xad10, 0xcdb2, 0xc591, 0xc591, 0xc570, 0xc570, 0xc570, 0xcd90, 0xcd70, 0xc54e, 0xc54e, 0xbd2e, 0xbd2f, 0xbd2f, 
	0xc550, 0xc550, 0xc550, 0xc591, 0xcdf3, 0xcdf3, 0xce35, 0xce16, 0xce16, 0xce16, 0xcdd4, 0xcdd4, 0xc593, 0xcdf5, 0xcdf5, 0xcdf4, 
	0xcdf4, 0xcdf4, 0xcdb2, 0xc571, 0xc571, 0xcd6f, 0xcd6f, 0xcd6f, 0xcd6f, 0xc54e, 0xbcec, 0xbcec, 0xb4ab, 0xbccc, 0xbccc, 0xbced, 
	0xc50d, 0xc50d, 0xbd2e, 0xbd2e, 0xbd2e, 0xc54f, 0xc56f, 0xc56f, 0xcd70, 0xcd70, 0xcd70, 0xcd70, 0xd5b1, 0xd5b1, 0xd5d1, 0xd5d2, 
	0xd5f1, 0xd5f1, 0xd5d0, 0xd5ae, 0xd5ae, 0xcd2c, 0xbcaa, 0xbcaa, 0xb449, 0xb409, 0xb409, 0xaba9, 0x9b49, 0x9b49, 0x9308, 0x9308, 
	0x9308, 0xa389, 0xbc8b, 0xbc8b, 0xcd6e, 0xd5f1, 0xd5f1, 0xde75, 0xe6f9, 0xe6f9, 0xef3c, 0xf75d, 0xf77d, 0xf77d, 0xef5d, 0xef7d, 
	0xef7d, 0xef7d, 0xef7d, 0xef7d, 0xef7d, 0xef7d, 0xef7d, 0xef7d, 0xef7d, 0xef7d, 0xef7d, 0xef7d, 0xef7d, 0xef7d, 0xef7d, 0xef7d, 
	0xef5d, 0xef5d, 0xef5d, 0xef5d, 0xef5d, 0xef5d, 0xef5d, 0xef5d, 0xef5d, 0xef5d, 0xef5d, 0xef5d, 0xef5d, 0xef5d, 0xef5d, 0xef5d, 
	0xef5d, 0xef5d, 0xef5d, 0xef5d, 0xef5d, 0xef5d, 0xef5d, 0xef5d, 0xef5d, 0xef5d, 0xef5d, 0xef5d, 0xef5d, 0xef5d, 0xef5d, 0xef5c, 
	0xabec, 0xabab, 0xabab, 0x9b0a, 0x9ac9, 0x9ac9, 0x9ae9, 0x9ae8, 0x9ae8, 0x9ac8, 0x92a8, 0x92a8, 0x92a8, 0x92a8, 0x92a8, 0x92a6, 
	0x92a7, 0x92a7, 0x9ac8, 0xa329, 0xa329, 0x9ae8, 0x9aa7, 0x9aa7, 0x9aa7, 0xb42e, 0xb42e, 0xd5f7, 0xdeba, 0xd6ba, 0xd6ba, 0xce37, 
	0xc5f5, 0xc5f5, 0xbdb4, 0xb594, 0xb594, 0xb5b4, 0xbdb5, 0xbdb5, 0xbdd5, 0xbdd5, 0xbdd5, 0xbdd6, 0xc5f7, 0xc5f7, 0xc617, 0xc637, 
	0xc637, 0xce58, 0xce58, 0xce58, 0xce58, 0xce79, 0xce99, 0xce99, 0xce9a, 0xd6ba, 0xd6ba, 0xd6ba, 0xd6da, 0xd6da, 0xd6da, 0xd6fa, 
	0xd6fa, 0xdefb, 0xdefb, 0xdefb, 0xdefb, 0xe6d9, 0xe6d9, 0xe6b7, 0xee97, 0xee97, 0xef19, 0xf7bd, 0xf7bd, 0xffff, 0xffff, 0xffff, 
	0xffff, 0xffbd, 0xf73b, 0xf73b, 0xd677, 0xad55, 0xad55, 0xa4d5, 0x2945, 0x2945, 0x31a7, 0x1905, 0x1905, 0x2146, 0x18e4, 0x18e4, 
	0x41c5, 0xb510, 0xb510, 0xcd90, 0xcd90, 0xcd90, 0xcd91, 0xddd1, 0xddd1, 0xddf2, 0xd5b1, 0xcd90, 0xcd90, 0xc570, 0xcd91, 0xcd91, 
	0xcd92, 0xc570, 0xc570, 0xcd90, 0xcdd3, 0xcdd3, 0xcdf4, 0xcdf5, 0xcdf5, 0xce16, 0xc5b4, 0xc5b4, 0xc594, 0xc5b5, 0xc5b5, 0xb552, 
	0xad10, 0xad10, 0xb531, 0xc551, 0xc551, 0xc550, 0xcd70, 0xc56f, 0xc56f, 0xcd6f, 0xc50d, 0xc50d, 0xb4ab, 0xb4ac, 0xb4ac, 0xbccc, 
	0xbd0d, 0xbd0d, 0xbd0d, 0xc54e, 0xc54e, 0xc54f, 0xc570, 0xc570, 0xcd70, 0xcd91, 0xcd91, 0xcdb1, 0xcdb1, 0xcdb1, 0xcdb1, 0xd5d2, 
	0xd5f2, 0xd5f2, 0xd5f1, 0xd5b0, 0xd5b0, 0xd56e, 0xcd0c, 0xcd0c, 0xbc8a, 0xac08, 0xac08, 0xa3a8, 0x8ac6, 0x8ac6, 0x82a6, 0x8ac6, 
	0x8ac6, 0xa369, 0xbc4a, 0xbc4a, 0xcd2d, 0xd5b0, 0xd5b0, 0xde54, 0xeef9, 0xeef9, 0xef3c, 0xf75d, 0xf77d, 0xf77d, 0xef5d, 0xef7d, 
	0xef7d, 0xef7d, 0xef7d, 0xef7d, 0xef7d, 0xef7d, 0xef7d, 0xef7d, 0xef7d, 0xef7d, 0xef7d, 0xef7d, 0xef7d, 0xef7d, 0xef7d, 0xef7d, 
	0xef5d, 0xef5d, 0xef5d, 0xef5d, 0xef5d, 0xef5d, 0xef5d, 0xef5d, 0xef5d, 0xef5d, 0xef5d, 0xef5d, 0xef5d, 0xef5d, 0xef5d, 0xef5d, 
	0xef5d, 0xef5d, 0xef5d, 0xef5d, 0xef5d, 0xef5d, 0xef5d, 0xef5d, 0xef5d, 0xef5d, 0xef5d, 0xef5d, 0xef5d, 0xef5d, 0xef5d, 0xef5d, 
	0xabec, 0xabab, 0xabab, 0x9b0a, 0x9ac9, 0x9ac9, 0x9ae9, 0x9ae8, 0x9ae8, 0x9ac8, 0x92a8, 0x92a8, 0x92a8, 0x92a8, 0x92a8, 0x92a6, 
	0x92a7, 0x92a7, 0x9ac8, 0xa329, 0xa329, 0x9ae8, 0x9aa7, 0x9aa7, 0x9aa7, 0xb42e, 0xb42e, 0xd5f7, 0xdeba, 0xd6ba, 0xd6ba, 0xce37, 
	0xc5f5, 0xc5f5, 0xbdb4, 0xb594, 0xb594, 0xb5b4, 0xbdb5, 0xbdb5, 0xbdd5, 0xbdd5, 0xbdd5, 0xbdd6, 0xc5f7, 0xc5f7, 0xc617, 0xc637, 
	0xc637, 0xce58, 0xce58, 0xce58, 0xce58, 0xce79, 0xce99, 0xce99, 0xce9a, 0xd6ba, 0xd6ba, 0xd6ba, 0xd6da, 0xd6da, 0xd6da, 0xd6fa, 
	0xd6fa, 0xdefb, 0xdefb, 0xdefb, 0xdefb, 0xe6d9, 0xe6d9, 0xe6b7, 0xee97, 0xee97, 0xef19, 0xf7bd, 0xf7bd, 0xffff, 0xffff, 0xffff, 
	0xffff, 0xffbd, 0xf73b, 0xf73b, 0xd677, 0xad55, 0xad55, 0xa4d5, 0x2945, 0x2945, 0x31a7, 0x1905, 0x1905, 0x2146, 0x18e4, 0x18e4, 
	0x41c5, 0xb510, 0xb510, 0xcd90, 0xcd90, 0xcd90, 0xcd91, 0xddd1, 0xddd1, 0xddf2, 0xd5b1, 0xcd90, 0xcd90, 0xc570, 0xcd91, 0xcd91, 
	0xcd92, 0xc570, 0xc570, 0xcd90, 0xcdd3, 0xcdd3, 0xcdf4, 0xcdf5, 0xcdf5, 0xce16, 0xc5b4, 0xc5b4, 0xc594, 0xc5b5, 0xc5b5, 0xb552, 
	0xad10, 0xad10, 0xb531, 0xc551, 0xc551, 0xc550, 0xcd70, 0xc56f, 0xc56f, 0xcd6f, 0xc50d, 0xc50d, 0xb4ab, 0xb4ac, 0xb4ac, 0xbccc, 
	0xbd0d, 0xbd0d, 0xbd0d, 0xc54e, 0xc54e, 0xc54f, 0xc570, 0xc570, 0xcd70, 0xcd91, 0xcd91, 0xcdb1, 0xcdb1, 0xcdb1, 0xcdb1, 0xd5d2, 
	0xd5f2, 0xd5f2, 0xd5f1, 0xd5b0, 0xd5b0, 0xd56e, 0xcd0c, 0xcd0c, 0xbc8a, 0xac08, 0xac08, 0xa3a8, 0x8ac6, 0x8ac6, 0x82a6, 0x8ac6, 
	0x8ac6, 0xa369, 0xbc4a, 0xbc4a, 0xcd2d, 0xd5b0, 0xd5b0, 0xde54, 0xeef9, 0xeef9, 0xef3c, 0xf75d, 0xf77d, 0xf77d, 0xef5d, 0xef7d, 
	0xef7d, 0xef7d, 0xef7d, 0xef7d, 0xef7d, 0xef7d, 0xef7d, 0xef7d, 0xef7d, 0xef7d, 0xef7d, 0xef7d, 0xef7d, 0xef7d, 0xef7d, 0xef7d, 
	0xef5d, 0xef5d, 0xef5d, 0xef5d, 0xef5d, 0xef5d, 0xef5d, 0xef5d, 0xef5d, 0xef5d, 0xef5d, 0xef5d, 0xef5d, 0xef5d, 0xef5d, 0xef5d, 
	0xef5d, 0xef5d, 0xef5d, 0xef5d, 0xef5d, 0xef5d, 0xef5d, 0xef5d, 0xef5d, 0xef5d, 0xef5d, 0xef5d, 0xef5d, 0xef5d, 0xef5d, 0xef5d, 
	0xbcad, 0xbc4c, 0xbc4c, 0xab6a, 0xa328, 0xa328, 0xb389, 0xbbca, 0xbbca, 0xb389, 0xab69, 0xab69, 0xab49, 0xb38a, 0xb38a, 0xb3c9, 
	0xbbe8, 0xbbe8, 0xb3c7, 0xb408, 0xb408, 0xb3c9, 0xb3c9, 0xb3c9, 0xab88, 0xbcaf, 0xbcaf, 0xd617, 0xdeda, 0xd6ba, 0xd6ba, 0xce37, 
	0xc616, 0xc616, 0xc617, 0xc618, 0xc618, 0xc638, 0xc638, 0xc638, 0xc659, 0xce59, 0xce59, 0xce59, 0xce59, 0xce59, 0xce7a, 0xce7a, 
	0xce7a, 0xce9a, 0xce9a, 0xce9a, 0xd6ba, 0xd6ba, 0xd6bb, 0xd6bb, 0xd6db, 0xd6db, 0xd6db, 0xd6db, 0xd6db, 0xd6db, 0xd6db, 0xdefb, 
	0xdefb, 0xdf1b, 0xdefb, 0xdefb, 0xdedb, 0xe6d9, 0xe6d9, 0xeed7, 0xeed8, 0xeed8, 0xf77b, 0xf7ff, 0xf7ff, 0xf7ff, 0xffff, 0xffff, 
	0xffff, 0xf79d, 0xef3b, 0xef3b, 0xce37, 0x8c93, 0x8c93, 0x8c53, 0x31a6, 0x31a6, 0x31a7, 0x18e4, 0x18e4, 0x0841, 0x18a2, 0x18a2, 
	0x6ae9, 0xbd30, 0xbd30, 0xcd90, 0xd5d1, 0xd5d1, 0xddf2, 0xde12, 0xde12, 0xe613, 0xd5b1, 0xcdb1, 0xcdb1, 0xd5d1, 0xd5f3, 0xd5f3, 
	0xcdb2, 0xcd70, 0xcd70, 0xcd90, 0xcdb2, 0xcdb2, 0xcdb3, 0xcdb3, 0xcdb3, 0xc5b4, 0xb573, 0xb573, 0xb553, 0x944f, 0x944f, 0x5ac9, 
	0x5287, 0x5287, 0x6b0a, 0x942e, 0x942e, 0xacaf, 0xbcf0, 0xb4cd, 0xb4cd, 0xc52e, 0xc52d, 0xc52d, 0xc50d, 0xbced, 0xbced, 0xc50d, 
	0xc52e, 0xc52e, 0xbd2e, 0xc54e, 0xc54e, 0xc54f, 0xcd90, 0xcd90, 0xcd70, 0xcd91, 0xcd91, 0xcd91, 0xcd91, 0xcd91, 0xcdb1, 0xcdd2, 
	0xd5f2, 0xd5f2, 0xcdd2, 0xd5b2, 0xd5b2, 0xd5b0, 0xd56e, 0xd56e, 0xc4eb, 0xb469, 0xb469, 0xac09, 0x82a5, 0x82a5, 0x7224, 0x7264, 
	0x7264, 0x9327, 0xb42a, 0xb42a, 0xcd0c, 0xd58f, 0xd58f, 0xde33, 0xe6b8, 0xe6b8, 0xef1b, 0xf75d, 0xf77d, 0xf77d, 0xef5d, 0xef7d, 
	0xef7d, 0xef7d, 0xef7d, 0xef7d, 0xef7d, 0xef7d, 0xef7d, 0xef7d, 0xef7d, 0xef7d, 0xef7d, 0xef7d, 0xef7d, 0xef7d, 0xef7d, 0xef7d, 
	0xef5d, 0xef5d, 0xef5d, 0xef5d, 0xef5d, 0xef5d, 0xef5d, 0xef5d, 0xef5d, 0xef5d, 0xef5d, 0xef5d, 0xef5d, 0xef5d, 0xef5d, 0xef5d, 
	0xef5d, 0xef5d, 0xef5d, 0xef5d, 0xef5d, 0xef5d, 0xef5d, 0xef5d, 0xef5d, 0xef5d, 0xef5d, 0xef5d, 0xef5d, 0xef5d, 0xef5d, 0xef5d, 
	0xbcad, 0xbc4c, 0xbc4c, 0xab6a, 0xa328, 0xa328, 0xb389, 0xbbca, 0xbbca, 0xb389, 0xab69, 0xab69, 0xab49, 0xb38a, 0xb38a, 0xb3c9, 
	0xbbe8, 0xbbe8, 0xb3c7, 0xb408, 0xb408, 0xb3c9, 0xb3c9, 0xb3c9, 0xab88, 0xbcaf, 0xbcaf, 0xd617, 0xdeda, 0xd6ba, 0xd6ba, 0xce37, 
	0xc616, 0xc616, 0xc617, 0xc618, 0xc618, 0xc638, 0xc638, 0xc638, 0xc659, 0xce59, 0xce59, 0xce59, 0xce59, 0xce59, 0xce7a, 0xce7a, 
	0xce7a, 0xce9a, 0xce9a, 0xce9a, 0xd6ba, 0xd6ba, 0xd6bb, 0xd6bb, 0xd6db, 0xd6db, 0xd6db, 0xd6db, 0xd6db, 0xd6db, 0xd6db, 0xdefb, 
	0xdefb, 0xdf1b, 0xdefb, 0xdefb, 0xdedb, 0xe6d9, 0xe6d9, 0xeed7, 0xeed8, 0xeed8, 0xf77b, 0xf7ff, 0xf7ff, 0xf7ff, 0xffff, 0xffff, 
	0xffff, 0xf79d, 0xef3b, 0xef3b, 0xce37, 0x8c93, 0x8c93, 0x8c53, 0x31a6, 0x31a6, 0x31a7, 0x18e4, 0x18e4, 0x0841, 0x18a2, 0x18a2, 
	0x6ae9, 0xbd30, 0xbd30, 0xcd90, 0xd5d1, 0xd5d1, 0xddf2, 0xde12, 0xde12, 0xe613, 0xd5b1, 0xcdb1, 0xcdb1, 0xd5d1, 0xd5f3, 0xd5f3, 
	0xcdb2, 0xcd70, 0xcd70, 0xcd90, 0xcdb2, 0xcdb2, 0xcdb3, 0xcdb3, 0xcdb3, 0xc5b4, 0xb573, 0xb573, 0xb553, 0x944f, 0x944f, 0x5ac9, 
	0x5287, 0x5287, 0x6b0a, 0x942e, 0x942e, 0xacaf, 0xbcf0, 0xb4cd, 0xb4cd, 0xc52e, 0xc52d, 0xc52d, 0xc50d, 0xbced, 0xbced, 0xc50d, 
	0xc52e, 0xc52e, 0xbd2e, 0xc54e, 0xc54e, 0xc54f, 0xcd90, 0xcd90, 0xcd70, 0xcd91, 0xcd91, 0xcd91, 0xcd91, 0xcd91, 0xcdb1, 0xcdd2, 
	0xd5f2, 0xd5f2, 0xcdd2, 0xd5b2, 0xd5b2, 0xd5b0, 0xd56e, 0xd56e, 0xc4eb, 0xb469, 0xb469, 0xac09, 0x82a5, 0x82a5, 0x7224, 0x7264, 
	0x7264, 0x9327, 0xb42a, 0xb42a, 0xcd0c, 0xd58f, 0xd58f, 0xde33, 0xe6b8, 0xe6b8, 0xef1b, 0xf75d, 0xf77d, 0xf77d, 0xef5d, 0xef7d, 
	0xef7d, 0xef7d, 0xef7d, 0xef7d, 0xef7d, 0xef7d, 0xef7d, 0xef7d, 0xef7d, 0xef7d, 0xef7d, 0xef7d, 0xef7d, 0xef7d, 0xef7d, 0xef7d, 
	0xef5d, 0xef5d, 0xef5d, 0xef5d, 0xef5d, 0xef5d, 0xef5d, 0xef5d, 0xef5d, 0xef5d, 0xef5d, 0xef5d, 0xef5d, 0xef5d, 0xef5d, 0xef5d, 
	0xef5d, 0xef5d, 0xef5d, 0xef5d, 0xef5d, 0xef5d, 0xef5d, 0xef5d, 0xef5d, 0xef5d, 0xef5d, 0xef5d, 0xef5d, 0xef5d, 0xef5d, 0xef5d, 
	0xbcab, 0xbc8b, 0xbc8b, 0xa3a8, 0xab88, 0xab88, 0xbc0a, 0xc42b, 0xc42b, 0xbc0a, 0xb3ca, 0xb3ca, 0xaba9, 0xb409, 0xb409, 0xc489, 
	0xc4a9, 0xc4a9, 0xc4a8, 0xccc9, 0xccc9, 0xcca9, 0xc489, 0xc489, 0xbc4a, 0xc510, 0xc510, 0xde58, 0xdebb, 0xd69a, 0xd69a, 0xce37, 
	0xce37, 0xce37, 0xce59, 0xce9a, 0xce9a, 0xce9a, 0xce9a, 0xce9a, 0xce9a, 0xcebb, 0xcebb, 0xcebb, 0xd6bb, 0xd6bb, 0xcebb, 0xd6bb, 
	0xd6bb, 0xd6bb, 0xd6bb, 0xd6bb, 0xd6bb, 0xd6db, 0xd6fb, 0xd6fb, 0xd6fb, 0xd6fb, 0xd6fb, 0xdefb, 0xdf1b, 0xdf1b, 0xdf1b, 0xdefb, 
	0xdefb, 0xdefb, 0xdefb, 0xdefb, 0xdeda, 0xe6d8, 0xe6d8, 0xeef8, 0xef19, 0xef19, 0xffbe, 0xffff, 0xffff, 0xffff, 0xffff, 0xffff, 
	0xffdf, 0xef5b, 0xef3b, 0xef3b, 0xbdb6, 0x8c52, 0x8c52, 0x94d5, 0x4209, 0x4209, 0x4229, 0x2966, 0x2966, 0x1061, 0x20e2, 0x20e2, 
	0x940d, 0xc550, 0xc550, 0xd5b1, 0xddf2, 0xddf2, 0xe633, 0xde13, 0xde13, 0xddf2, 0xcd90, 0xcdb1, 0xcdb1, 0xd5f2, 0xd613, 0xd613, 
	0xcdb1, 0xc56f, 0xc56f, 0xcd6f, 0xc570, 0xc570, 0xc571, 0xbd72, 0xbd72, 0xb552, 0xa511, 0xa511, 0x7b8d, 0x2103, 0x2103, 0x1081, 
	0x0820, 0x0820, 0x0840, 0x20c2, 0x20c2, 0x5aca, 0x8c0e, 0xb4ef, 0xb4ef, 0xb4ac, 0xc4ec, 0xc4ec, 0xc50d, 0xbced, 0xbced, 0xbd0d, 
	0xc54e, 0xc54e, 0xc54e, 0xbd2e, 0xbd2e, 0xc54f, 0xcd90, 0xcd90, 0xcd90, 0xcd90, 0xcd90, 0xcd90, 0xcd8f, 0xcd8f, 0xcd90, 0xcdb1, 
	0xcd91, 0xcd91, 0xcd91, 0xd5b2, 0xd5b2, 0xd5b0, 0xd58e, 0xd58e, 0xcd4c, 0xbcca, 0xbcca, 0xb429, 0x9b67, 0x9b67, 0x7243, 0x7224, 
	0x7224, 0x9306, 0xac29, 0xac29, 0xc50b, 0xd56e, 0xd56e, 0xddf2, 0xe696, 0xe696, 0xe71b, 0xef5c, 0xef7d, 0xef7d, 0xef7d, 0xef7d, 
	0xef7d, 0xef7d, 0xef7d, 0xef7d, 0xef7d, 0xef7d, 0xef7d, 0xef7d, 0xef7d, 0xef7d, 0xef7d, 0xef7d, 0xef7d, 0xef7d, 0xef7d, 0xef7d, 
	0xef7d, 0xef7d, 0xef7d, 0xef7d, 0xef7d, 0xef7d, 0xef7d, 0xef7d, 0xef7d, 0xef7d, 0xef7d, 0xef7d, 0xef7d, 0xef7c, 0xef7c, 0xef7c, 
	0xef7c, 0xef7d, 0xef7d, 0xef7d, 0xef7d, 0xef7d, 0xef7c, 0xef7c, 0xef7c, 0xef5c, 0xef5c, 0xef5c, 0xef5c, 0xef5c, 0xef5c, 0xef5c, 
	0xbcab, 0xbccb, 0xbccb, 0xb429, 0xb409, 0xb409, 0xbc4a, 0xbc4a, 0xbc4a, 0xbc2a, 0xbc4b, 0xbc4b, 0xb409, 0xb449, 0xb449, 0xc4ca, 
	0xc4e9, 0xc4e9, 0xcd09, 0xcd2a, 0xcd2a, 0xd50a, 0xccea, 0xccea, 0xbcac, 0xcd51, 0xcd51, 0xd678, 0xdebb, 0xd699, 0xd699, 0xce38, 
	0xce38, 0xce38, 0xd679, 0xd6ba, 0xd6ba, 0xd6bb, 0xce9a, 0xce9a, 0xd6bb, 0xd6bb, 0xd6bb, 0xd6bb, 0xd6bb, 0xd6bb, 0xd6bb, 0xd6bb, 
	0xd6bb, 0xd6bb, 0xd6bb, 0xd6bb, 0xd6db, 0xd6db, 0xd6fb, 0xd6fb, 0xd6fb, 0xd6fb, 0xd6fb, 0xdefb, 0xdf1b, 0xdf1b, 0xdf1b, 0xdefb, 
	0xdefb, 0xdefb, 0xdefb, 0xdefb, 0xdefb, 0xdeb8, 0xdeb8, 0xe6d7, 0xef3a, 0xef3a, 0xffde, 0xffff, 0xffff, 0xffff, 0xf7ff, 0xf7ff, 
	0xf7be, 0xef1a, 0xef19, 0xef19, 0xbdb5, 0x8410, 0x8410, 0x8432, 0x3187, 0x3187, 0x4229, 0x39c8, 0x39c8, 0x2903, 0x6aea, 0x6aea, 
	0xbd51, 0xd5b1, 0xd5b1, 0xddd1, 0xddf2, 0xddf2, 0xde13, 0xde13, 0xde13, 0xd5d2, 0xd5d2, 0xd5f2, 0xd5f2, 0xd613, 0xd5f2, 0xd5f2, 
	0xd5b1, 0xc54e, 0xc54e, 0xc54e, 0xbd4f, 0xbd4f, 0xb50e, 0xa4cf, 0xa4cf, 0x948f, 0x6b4a, 0x6b4a, 0x20e3, 0x52ac, 0x52ac, 0x8c94, 
	0x4a8b, 0x4a8b, 0x0882, 0x0000, 0x0000, 0x0820, 0x2103, 0x8bed, 0x8bed, 0xa44c, 0xb46b, 0xb46b, 0xbced, 0xbd0d, 0xbd0d, 0xc52e, 
	0xc54e, 0xc54e, 0xbd2e, 0xc56f, 0xc56f, 0xcd70, 0xcd90, 0xcd90, 0xcd90, 0xc570, 0xc570, 0xcd6f, 0xcd8f, 0xcd8f, 0xcd6f, 0xcd90, 
	0xcd70, 0xcd70, 0xcd90, 0xd5b1, 0xd5b1, 0xd58f, 0xd56e, 0xd56e, 0xd56d, 0xc50b, 0xc50b, 0xbc8a, 0xabe9, 0xabe9, 0x9307, 0x8aa6, 
	0x8aa6, 0x9306, 0xac29, 0xac29, 0xc4eb, 0xd54d, 0xd54d, 0xddd1, 0xde75, 0xde75, 0xe71a, 0xef5c, 0xef7d, 0xef7d, 0xef7d, 0xef7d, 
	0xef7d, 0xef7d, 0xef7d, 0xef7d, 0xef7d, 0xef7d, 0xef7d, 0xef7d, 0xef7d, 0xef7d, 0xef7d, 0xef7d, 0xef7d, 0xef7d, 0xef7d, 0xef7d, 
	0xef7d, 0xef7d, 0xef7d, 0xef7d, 0xef7d, 0xef7d, 0xef7d, 0xef7d, 0xef7d, 0xef7d, 0xef7d, 0xef5c, 0xef5c, 0xef5c, 0xef7c, 0xef7c, 
	0xef7c, 0xef7d, 0xef7d, 0xef7d, 0xef7c, 0xef7c, 0xef7c, 0xef7c, 0xef7c, 0xef7c, 0xef5c, 0xef5c, 0xef5c, 0xef5c, 0xef5c, 0xef5c, 
	0xbcab, 0xbccb, 0xbccb, 0xb429, 0xb409, 0xb409, 0xbc4a, 0xbc4a, 0xbc4a, 0xbc2a, 0xbc4b, 0xbc4b, 0xb409, 0xb449, 0xb449, 0xc4ca, 
	0xc4e9, 0xc4e9, 0xcd09, 0xcd2a, 0xcd2a, 0xd50a, 0xccea, 0xccea, 0xbcac, 0xcd51, 0xcd51, 0xd678, 0xdebb, 0xd699, 0xd699, 0xce38, 
	0xce38, 0xce38, 0xd679, 0xd6ba, 0xd6ba, 0xd6bb, 0xce9a, 0xce9a, 0xd6bb, 0xd6bb, 0xd6bb, 0xd6bb, 0xd6bb, 0xd6bb, 0xd6bb, 0xd6bb, 
	0xd6bb, 0xd6bb, 0xd6bb, 0xd6bb, 0xd6db, 0xd6db, 0xd6fb, 0xd6fb, 0xd6fb, 0xd6fb, 0xd6fb, 0xdefb, 0xdf1b, 0xdf1b, 0xdf1b, 0xdefb, 
	0xdefb, 0xdefb, 0xdefb, 0xdefb, 0xdefb, 0xdeb8, 0xdeb8, 0xe6d7, 0xef3a, 0xef3a, 0xffde, 0xffff, 0xffff, 0xffff, 0xf7ff, 0xf7ff, 
	0xf7be, 0xef1a, 0xef19, 0xef19, 0xbdb5, 0x8410, 0x8410, 0x8432, 0x3187, 0x3187, 0x4229, 0x39c8, 0x39c8, 0x2903, 0x6aea, 0x6aea, 
	0xbd51, 0xd5b1, 0xd5b1, 0xddd1, 0xddf2, 0xddf2, 0xde13, 0xde13, 0xde13, 0xd5d2, 0xd5d2, 0xd5f2, 0xd5f2, 0xd613, 0xd5f2, 0xd5f2, 
	0xd5b1, 0xc54e, 0xc54e, 0xc54e, 0xbd4f, 0xbd4f, 0xb50e, 0xa4cf, 0xa4cf, 0x948f, 0x6b4a, 0x6b4a, 0x20e3, 0x52ac, 0x52ac, 0x8c94, 
	0x4a8b, 0x4a8b, 0x0882, 0x0000, 0x0000, 0x0820, 0x2103, 0x8bed, 0x8bed, 0xa44c, 0xb46b, 0xb46b, 0xbced, 0xbd0d, 0xbd0d, 0xc52e, 
	0xc54e, 0xc54e, 0xbd2e, 0xc56f, 0xc56f, 0xcd70, 0xcd90, 0xcd90, 0xcd90, 0xc570, 0xc570, 0xcd6f, 0xcd8f, 0xcd8f, 0xcd6f, 0xcd90, 
	0xcd70, 0xcd70, 0xcd90, 0xd5b1, 0xd5b1, 0xd58f, 0xd56e, 0xd56e, 0xd56d, 0xc50b, 0xc50b, 0xbc8a, 0xabe9, 0xabe9, 0x9307, 0x8aa6, 
	0x8aa6, 0x9306, 0xac29, 0xac29, 0xc4eb, 0xd54d, 0xd54d, 0xddd1, 0xde75, 0xde75, 0xe71a, 0xef5c, 0xef7d, 0xef7d, 0xef7d, 0xef7d, 
	0xef7d, 0xef7d, 0xef7d, 0xef7d, 0xef7d, 0xef7d, 0xef7d, 0xef7d, 0xef7d, 0xef7d, 0xef7d, 0xef7d, 0xef7d, 0xef7d, 0xef7d, 0xef7d, 
	0xef7d, 0xef7d, 0xef7d, 0xef7d, 0xef7d, 0xef7d, 0xef7d, 0xef7d, 0xef7d, 0xef7d, 0xef7d, 0xef5c, 0xef5c, 0xef5c, 0xef7c, 0xef7c, 
	0xef7c, 0xef7d, 0xef7d, 0xef7d, 0xef7c, 0xef7c, 0xef7c, 0xef7c, 0xef7c, 0xef7c, 0xef5c, 0xef5c, 0xef5c, 0xef5c, 0xef5c, 0xef5c, 
	0xcd2d, 0xcd2d, 0xcd2d, 0xc4ab, 0xbc6a, 0xbc6a, 0xbc29, 0xbc49, 0xbc49, 0xbc4a, 0xc4ab, 0xc4ab, 0xbc8a, 0xbc69, 0xbc69, 0xc4c9, 
	0xc4e8, 0xc4e8, 0xcd29, 0xcd4a, 0xcd4a, 0xcd4a, 0xcd2a, 0xcd2a, 0xc50d, 0xcd92, 0xcd92, 0xd698, 0xd6ba, 0xd679, 0xd679, 0xce37, 
	0xce38, 0xce38, 0xd699, 0xd6bb, 0xd6bb, 0xd6bb, 0xd6bb, 0xd6bb, 0xd6bb, 0xd6bb, 0xd6bb, 0xd6bb, 0xd6db, 0xd6db, 0xd6bb, 0xd6bb, 
	0xd6bb, 0xd6bb, 0xd6bb, 0xd6bb, 0xd6db, 0xd6db, 0xd6fb, 0xd6fb, 0xd6fb, 0xd6fb, 0xd6fb, 0xd6fb, 0xdefb, 0xdefb, 0xdf1b, 0xdefb, 
	0xdefb, 0xdefc, 0xdefc, 0xdefc, 0xdefb, 0xdef8, 0xdef8, 0xef19, 0xf79c, 0xf79c, 0xf7df, 0xffff, 0xffff, 0xffff, 0xf7de, 0xf7de, 
	0xf77c, 0xeef8, 0xe6d6, 0xe6d6, 0xc5f4, 0x9491, 0x9491, 0x6b4e, 0x41e8, 0x41e8, 0x3986, 0x4a08, 0x4a08, 0x736b, 0xc593, 0xc593, 
	0xddf2, 0xddf1, 0xddf1, 0xddf2, 0xddf2, 0xddf2, 0xddf3, 0xde13, 0xde13, 0xd5d3, 0xde14, 0xde34, 0xde34, 0xde13, 0xd5d2, 0xd5d2, 
	0xcd70, 0xbced, 0xbced, 0xb4cc, 0xacac, 0xacac, 0xa48d, 0x7b8b, 0x7b8b, 0x5268, 0x20c2, 0x20c2, 0x5aac, 0xb5da, 0xb5da, 0x9516, 
	0xa5b8, 0xa5b8, 0x424c, 0x2126, 0x2126, 0x0821, 0x0000, 0x3164, 0x3164, 0x93ec, 0xa40a, 0xa40a, 0xb4cc, 0xbced, 0xbced, 0xc52d, 
	0xc54f, 0xc54f, 0xc570, 0xc570, 0xc570, 0xcd90, 0xcd90, 0xcd90, 0xcdb1, 0xcd90, 0xcd90, 0xcd6f, 0xc56e, 0xc56e, 0xc56f, 0xcd8f, 
	0xcd90, 0xcd90, 0xcd6f, 0xcd90, 0xcd90, 0xd58f, 0xd56e, 0xd56e, 0xcd4c, 0xcd2c, 0xcd2c, 0xc4ec, 0xb44a, 0xb44a, 0xa388, 0x92e6, 
	0x92e6, 0x9326, 0xac09, 0xac09, 0xc4cb, 0xcd2d, 0xcd2d, 0xd5b0, 0xde55, 0xde55, 0xe71a, 0xef5c, 0xef7d, 0xef7d, 0xef7d, 0xef7d, 
	0xef7d, 0xef7d, 0xef7d, 0xef7d, 0xef7d, 0xef7d, 0xef7d, 0xef7d, 0xef7d, 0xef7d, 0xef7d, 0xef7d, 0xef7d, 0xef7d, 0xef7d, 0xef7d, 
	0xef7d, 0xef7d, 0xef7d, 0xef7d, 0xef7d, 0xef7d, 0xef7d, 0xef7d, 0xef7c, 0xef7c, 0xef5c, 0xef5c, 0xef5c, 0xef5c, 0xef5c, 0xef5c, 
	0xef7d, 0xef7d, 0xef7d, 0xef7c, 0xef5c, 0xef5c, 0xef7c, 0xef7c, 0xef7c, 0xef7c, 0xef5c, 0xef5c, 0xef5c, 0xef5c, 0xef5c, 0xef5c, 
	0xcd2d, 0xcd2d, 0xcd2d, 0xc4ab, 0xbc6a, 0xbc6a, 0xbc29, 0xbc49, 0xbc49, 0xbc4a, 0xc4ab, 0xc4ab, 0xbc8a, 0xbc69, 0xbc69, 0xc4c9, 
	0xc4e8, 0xc4e8, 0xcd29, 0xcd4a, 0xcd4a, 0xcd4a, 0xcd2a, 0xcd2a, 0xc50d, 0xcd92, 0xcd92, 0xd698, 0xd6ba, 0xd679, 0xd679, 0xce37, 
	0xce38, 0xce38, 0xd699, 0xd6bb, 0xd6bb, 0xd6bb, 0xd6bb, 0xd6bb, 0xd6bb, 0xd6bb, 0xd6bb, 0xd6bb, 0xd6db, 0xd6db, 0xd6bb, 0xd6bb, 
	0xd6bb, 0xd6bb, 0xd6bb, 0xd6bb, 0xd6db, 0xd6db, 0xd6fb, 0xd6fb, 0xd6fb, 0xd6fb, 0xd6fb, 0xd6fb, 0xdefb, 0xdefb, 0xdf1b, 0xdefb, 
	0xdefb, 0xdefc, 0xdefc, 0xdefc, 0xdefb, 0xdef8, 0xdef8, 0xef19, 0xf79c, 0xf79c, 0xf7df, 0xffff, 0xffff, 0xffff, 0xf7de, 0xf7de, 
	0xf77c, 0xeef8, 0xe6d6, 0xe6d6, 0xc5f4, 0x9491, 0x9491, 0x6b4e, 0x41e8, 0x41e8, 0x3986, 0x4a08, 0x4a08, 0x736b, 0xc593, 0xc593, 
	0xddf2, 0xddf1, 0xddf1, 0xddf2, 0xddf2, 0xddf2, 0xddf3, 0xde13, 0xde13, 0xd5d3, 0xde14, 0xde34, 0xde34, 0xde13, 0xd5d2, 0xd5d2, 
	0xcd70, 0xbced, 0xbced, 0xb4cc, 0xacac, 0xacac, 0xa48d, 0x7b8b, 0x7b8b, 0x5268, 0x20c2, 0x20c2, 0x5aac, 0xb5da, 0xb5da, 0x9516, 
	0xa5b8, 0xa5b8, 0x424c, 0x2126, 0x2126, 0x0821, 0x0000, 0x3164, 0x3164, 0x93ec, 0xa40a, 0xa40a, 0xb4cc, 0xbced, 0xbced, 0xc52d, 
	0xc54f, 0xc54f, 0xc570, 0xc570, 0xc570, 0xcd90, 0xcd90, 0xcd90, 0xcdb1, 0xcd90, 0xcd90, 0xcd6f, 0xc56e, 0xc56e, 0xc56f, 0xcd8f, 
	0xcd90, 0xcd90, 0xcd6f, 0xcd90, 0xcd90, 0xd58f, 0xd56e, 0xd56e, 0xcd4c, 0xcd2c, 0xcd2c, 0xc4ec, 0xb44a, 0xb44a, 0xa388, 0x92e6, 
	0x92e6, 0x9326, 0xac09, 0xac09, 0xc4cb, 0xcd2d, 0xcd2d, 0xd5b0, 0xde55, 0xde55, 0xe71a, 0xef5c, 0xef7d, 0xef7d, 0xef7d, 0xef7d, 
	0xef7d, 0xef7d, 0xef7d, 0xef7d, 0xef7d, 0xef7d, 0xef7d, 0xef7d, 0xef7d, 0xef7d, 0xef7d, 0xef7d, 0xef7d, 0xef7d, 0xef7d, 0xef7d, 
	0xef7d, 0xef7d, 0xef7d, 0xef7d, 0xef7d, 0xef7d, 0xef7d, 0xef7d, 0xef7c, 0xef7c, 0xef5c, 0xef5c, 0xef5c, 0xef5c, 0xef5c, 0xef5c, 
	0xef7d, 0xef7d, 0xef7d, 0xef7c, 0xef5c, 0xef5c, 0xef7c, 0xef7c, 0xef7c, 0xef7c, 0xef5c, 0xef5c, 0xef5c, 0xef5c, 0xef5c, 0xef5c, 
	0xd56e, 0xd56d, 0xd56d, 0xcd2c, 0xc4ca, 0xc4ca, 0xb449, 0xb429, 0xb429, 0xbc6a, 0xcccc, 0xcccc, 0xc4ab, 0xbca9, 0xbca9, 0xc4e8, 
	0xc508, 0xc508, 0xcd29, 0xcd6a, 0xcd6a, 0xcd6a, 0xcd6b, 0xcd6b, 0xcd6e, 0xcdf3, 0xcdf3, 0xd6b8, 0xdeba, 0xd679, 0xd679, 0xce18, 
	0xce59, 0xce59, 0xd69a, 0xd6bb, 0xd6bb, 0xd6bb, 0xd6bb, 0xd6bb, 0xd6bb, 0xd6bb, 0xd6bb, 0xd6bb, 0xd6bb, 0xd6bb, 0xd6bb, 0xd6bb, 
	0xd6bb, 0xd6bb, 0xd6bb, 0xd6bb, 0xd6db, 0xd6db, 0xd6fb, 0xd6fb, 0xd6fb, 0xd6fb, 0xd6fb, 0xd6fb, 0xd6fb, 0xd6fb, 0xdefb, 0xdefb, 
	0xdefb, 0xdefb, 0xdefb, 0xdefb, 0xe6fa, 0xe6f9, 0xe6f9, 0xf77b, 0xffde, 0xffde, 0xffff, 0xffff, 0xffff, 0xffff, 0xf7de, 0xf7de, 
	0xef5a, 0xeeb6, 0xde74, 0xde74, 0xd615, 0xb552, 0xb552, 0x8c2e, 0x7b8c, 0x7b8c, 0x732b, 0x9c90, 0x9c90, 0xcdb3, 0xe633, 0xe633, 
	0xe612, 0xddf1, 0xddf1, 0xddf2, 0xddf2, 0xddf2, 0xde14, 0xde14, 0xde14, 0xde14, 0xe654, 0xde34, 0xde34, 0xde13, 0xd5d2, 0xd5d2, 
	0xcd4f, 0xbcac, 0xbcac, 0xac6b, 0x9c0b, 0x9c0b, 0x7b6a, 0x4a06, 0x4a06, 0x1881, 0x2925, 0x2925, 0xa537, 0xadb9, 0xadb9, 0x3a2a, 
	0x1926, 0x1926, 0x0864, 0x1085, 0x1085, 0x10a5, 0x0843, 0x0840, 0x0840, 0x5226, 0x93eb, 0x93eb, 0xac8b, 0xc52d, 0xc52d, 0xc54e, 
	0xc54f, 0xc54f, 0xcdb1, 0xcdb1, 0xcdb1, 0xcd91, 0xcd90, 0xcd90, 0xcdb1, 0xcd90, 0xcd90, 0xcd8f, 0xc56e, 0xc56e, 0xcd6f, 0xcd8f, 
	0xcd8f, 0xcd8f, 0xcd90, 0xcd90, 0xcd90, 0xcd6f, 0xcd6e, 0xcd6e, 0xcd4d, 0xcd2c, 0xcd2c, 0xccec, 0xc48a, 0xc48a, 0xaba8, 0x9306, 
	0x9306, 0x9b67, 0xac08, 0xac08, 0xbcca, 0xcd2d, 0xcd2d, 0xd5b0, 0xde54, 0xde54, 0xe71a, 0xef5c, 0xef7d, 0xef7d, 0xef7c, 0xef7d, 
	0xef7d, 0xef7d, 0xef7d, 0xef7d, 0xef7d, 0xef7d, 0xef7d, 0xef7d, 0xef7d, 0xef7d, 0xef7d, 0xef7d, 0xef7d, 0xef7d, 0xef7d, 0xef7d, 
	0xef7d, 0xef7d, 0xef7d, 0xef7d, 0xef7d, 0xef7d, 0xef7d, 0xef7d, 0xef7c, 0xef7c, 0xef5c, 0xef5c, 0xef5c, 0xef7c, 0xef7d, 0xef7d, 
	0xef7d, 0xef7d, 0xef7d, 0xef7c, 0xef5c, 0xef5c, 0xef7c, 0xef7c, 0xef7c, 0xef7c, 0xef5c, 0xef5c, 0xef5c, 0xef5c, 0xef5c, 0xef5c, 
	0xd56e, 0xd56d, 0xd56d, 0xcd2c, 0xc4ca, 0xc4ca, 0xb449, 0xb429, 0xb429, 0xbc6a, 0xcccc, 0xcccc, 0xc4ab, 0xbca9, 0xbca9, 0xc4e8, 
	0xc508, 0xc508, 0xcd29, 0xcd6a, 0xcd6a, 0xcd6a, 0xcd6b, 0xcd6b, 0xcd6e, 0xcdf3, 0xcdf3, 0xd6b8, 0xdeba, 0xd679, 0xd679, 0xce18, 
	0xce59, 0xce59, 0xd69a, 0xd6bb, 0xd6bb, 0xd6bb, 0xd6bb, 0xd6bb, 0xd6bb, 0xd6bb, 0xd6bb, 0xd6bb, 0xd6bb, 0xd6bb, 0xd6bb, 0xd6bb, 
	0xd6bb, 0xd6bb, 0xd6bb, 0xd6bb, 0xd6db, 0xd6db, 0xd6fb, 0xd6fb, 0xd6fb, 0xd6fb, 0xd6fb, 0xd6fb, 0xd6fb, 0xd6fb, 0xdefb, 0xdefb, 
	0xdefb, 0xdefb, 0xdefb, 0xdefb, 0xe6fa, 0xe6f9, 0xe6f9, 0xf77b, 0xffde, 0xffde, 0xffff, 0xffff, 0xffff, 0xffff, 0xf7de, 0xf7de, 
	0xef5a, 0xeeb6, 0xde74, 0xde74, 0xd615, 0xb552, 0xb552, 0x8c2e, 0x7b8c, 0x7b8c, 0x732b, 0x9c90, 0x9c90, 0xcdb3, 0xe633, 0xe633, 
	0xe612, 0xddf1, 0xddf1, 0xddf2, 0xddf2, 0xddf2, 0xde14, 0xde14, 0xde14, 0xde14, 0xe654, 0xde34, 0xde34, 0xde13, 0xd5d2, 0xd5d2, 
	0xcd4f, 0xbcac, 0xbcac, 0xac6b, 0x9c0b, 0x9c0b, 0x7b6a, 0x4a06, 0x4a06, 0x1881, 0x2925, 0x2925, 0xa537, 0xadb9, 0xadb9, 0x3a2a, 
	0x1926, 0x1926, 0x0864, 0x1085, 0x1085, 0x10a5, 0x0843, 0x0840, 0x0840, 0x5226, 0x93eb, 0x93eb, 0xac8b, 0xc52d, 0xc52d, 0xc54e, 
	0xc54f, 0xc54f, 0xcdb1, 0xcdb1, 0xcdb1, 0xcd91, 0xcd90, 0xcd90, 0xcdb1, 0xcd90, 0xcd90, 0xcd8f, 0xc56e, 0xc56e, 0xcd6f, 0xcd8f, 
	0xcd8f, 0xcd8f, 0xcd90, 0xcd90, 0xcd90, 0xcd6f, 0xcd6e, 0xcd6e, 0xcd4d, 0xcd2c, 0xcd2c, 0xccec, 0xc48a, 0xc48a, 0xaba8, 0x9306, 
	0x9306, 0x9b67, 0xac08, 0xac08, 0xbcca, 0xcd2d, 0xcd2d, 0xd5b0, 0xde54, 0xde54, 0xe71a, 0xef5c, 0xef7d, 0xef7d, 0xef7c, 0xef7d, 
	0xef7d, 0xef7d, 0xef7d, 0xef7d, 0xef7d, 0xef7d, 0xef7d, 0xef7d, 0xef7d, 0xef7d, 0xef7d, 0xef7d, 0xef7d, 0xef7d, 0xef7d, 0xef7d, 
	0xef7d, 0xef7d, 0xef7d, 0xef7d, 0xef7d, 0xef7d, 0xef7d, 0xef7d, 0xef7c, 0xef7c, 0xef5c, 0xef5c, 0xef5c, 0xef7c, 0xef7d, 0xef7d, 
	0xef7d, 0xef7d, 0xef7d, 0xef7c, 0xef5c, 0xef5c, 0xef7c, 0xef7c, 0xef7c, 0xef7c, 0xef5c, 0xef5c, 0xef5c, 0xef5c, 0xef5c, 0xef5c, 
	0xcd4d, 0xcd4c, 0xcd4c, 0xcd4c, 0xc50c, 0xc50c, 0xbcab, 0xbc8a, 0xbc8a, 0xc4ac, 0xcced, 0xcced, 0xc4ab, 0xbca9, 0xbca9, 0xc4e8, 
	0xcce8, 0xcce8, 0xcd29, 0xcd6a, 0xcd6a, 0xcd8b, 0xcd8c, 0xcd8c, 0xcd6e, 0xcdf3, 0xcdf3, 0xde98, 0xdeba, 0xd658, 0xd658, 0xce38, 
	0xce59, 0xce59, 0xd69a, 0xd6bb, 0xd6bb, 0xd6bb, 0xd6bb, 0xd6bb, 0xd6bb, 0xd6bb, 0xd6bb, 0xd6bb, 0xd6bb, 0xd6bb, 0xd6bb, 0xd6bb, 
	0xd6bb, 0xd6bb, 0xd6bb, 0xd6bb, 0xd6db, 0xd6db, 0xd6fb, 0xd6fb, 0xd6fb, 0xd6fb, 0xd6fb, 0xd6fc, 0xd6fb, 0xd6fb, 0xd6da, 0xdedb, 
	0xdedb, 0xdefb, 0xdefa, 0xdefa, 0xded9, 0xe6f9, 0xe6f9, 0xf77d, 0xffdf, 0xffdf, 0xffff, 0xf7ff, 0xf7ff, 0xf7ff, 0xf7de, 0xf7de, 
	0xef19, 0xde34, 0xde13, 0xde13, 0xcdd3, 0xc5b3, 0xc5b3, 0xbd50, 0xacce, 0xacce, 0xbd72, 0xde14, 0xde14, 0xe653, 0xe612, 0xe612, 
	0xddf2, 0xddf2, 0xddf2, 0xde12, 0xe633, 0xe633, 0xee55, 0xe675, 0xe675, 0xe675, 0xe675, 0xe654, 0xe654, 0xde13, 0xd5d2, 0xd5d2, 
	0xcd4f, 0xb46b, 0xb46b, 0x9be9, 0x8348, 0x8348, 0x5a67, 0x2904, 0x2904, 0x1063, 0x52ac, 0x52ac, 0xb5b9, 0x8c73, 0x8c73, 0x18c4, 
	0x0883, 0x0883, 0x0843, 0x10a4, 0x10a4, 0x1907, 0x10a6, 0x0842, 0x0842, 0x28c1, 0x838a, 0x838a, 0xac8c, 0xbd2d, 0xbd2d, 0xc54f, 
	0xcd70, 0xcd70, 0xc570, 0xc570, 0xc570, 0xcd91, 0xcd91, 0xcd91, 0xcdb1, 0xcd90, 0xcd90, 0xcd8f, 0xcd8f, 0xcd8f, 0xcd6f, 0xcd90, 
	0xcd6f, 0xcd6f, 0xcd90, 0xcd90, 0xcd90, 0xcd90, 0xcd8f, 0xcd8f, 0xcd6e, 0xcd4d, 0xcd4d, 0xcd0c, 0xc4ca, 0xc4ca, 0xb408, 0xaba8, 
	0xaba8, 0xb42a, 0xbc8a, 0xbc8a, 0xc4ea, 0xcd2d, 0xcd2d, 0xd590, 0xde55, 0xde55, 0xef1a, 0xef7c, 0xef7d, 0xef7d, 0xef7c, 0xef7c, 
	0xef7c, 0xef7d, 0xef7d, 0xef7d, 0xef7d, 0xef7d, 0xef7d, 0xef7d, 0xef7d, 0xef7d, 0xef7d, 0xef7d, 0xef7d, 0xef7d, 0xef7d, 0xef7d, 
	0xef7d, 0xef7d, 0xef7d, 0xef7d, 0xef7d, 0xef7d, 0xef7d, 0xef7d, 0xef7d, 0xef7d, 0xef7c, 0xef5c, 0xef5c, 0xef7d, 0xef7d, 0xef7d, 
	0xef7d, 0xef7d, 0xef7d, 0xef5c, 0xef5c, 0xef5c, 0xef7c, 0xef7c, 0xef7c, 0xef5c, 0xef5c, 0xef5c, 0xef5c, 0xef5c, 0xef5c, 0xef5c, 
	0xc50b, 0xcd2c, 0xcd2c, 0xcd4c, 0xcd4d, 0xcd4d, 0xc50d, 0xbccc, 0xbccc, 0xbc8c, 0xbcac, 0xbcac, 0xb44a, 0xbc89, 0xbc89, 0xc4c8, 
	0xc4c9, 0xc4c9, 0xcd2a, 0xcd6b, 0xcd6b, 0xcd6b, 0xcd6c, 0xcd6c, 0xc52d, 0xcdd2, 0xcdd2, 0xd678, 0xde99, 0xd658, 0xd658, 0xce38, 
	0xce59, 0xce59, 0xd6ba, 0xd6bb, 0xd6bb, 0xd6bb, 0xd6bb, 0xd6bb, 0xd6bb, 0xd6bb, 0xd6bb, 0xd6bb, 0xd6bb, 0xd6bb, 0xd6bb, 0xd6bb, 
	0xd6bb, 0xd6bb, 0xd6bb, 0xd6bb, 0xd6db, 0xd6db, 0xd6fb, 0xd6fb, 0xd6fb, 0xd6fb, 0xd6fb, 0xd6fb, 0xd6fb, 0xd6fb, 0xd6fa, 0xd6db, 
	0xd6db, 0xdeda, 0xdefa, 0xdefa, 0xe6f9, 0xef3b, 0xef3b, 0xf7be, 0xf7ff, 0xf7ff, 0xf7ff, 0xf7df, 0xf7df, 0xf7df, 0xf7dd, 0xf7dd, 
	0xeef9, 0xde14, 0xddf3, 0xddf3, 0xd5d3, 0xd5f3, 0xd5f3, 0xde33, 0xde34, 0xde34, 0xe634, 0xee34, 0xee34, 0xe632, 0xddf1, 0xddf1, 
	0xddf1, 0xe633, 0xe633, 0xe633, 0xee74, 0xee74, 0xee75, 0xe675, 0xe675, 0xe655, 0xe654, 0xde34, 0xde34, 0xde14, 0xd5f2, 0xd5f2, 
	0xd570, 0xc4cc, 0xc4cc, 0x93a7, 0x8328, 0x8328, 0x4a06, 0x18a2, 0x18a2, 0x0842, 0x6b2f, 0x6b2f, 0x9cf5, 0x630d, 0x630d, 0x0841, 
	0x0842, 0x0842, 0x0001, 0x0021, 0x0021, 0x0884, 0x10a5, 0x31a8, 0x31a8, 0x5248, 0xa48e, 0xa48e, 0xbd2f, 0xc54f, 0xc54f, 0xc570, 
	0xc550, 0xc550, 0xcd71, 0xcd92, 0xcd92, 0xcdb2, 0xcdb2, 0xcdb2, 0xd5d3, 0xcd91, 0xcd91, 0xd5b1, 0xcd90, 0xcd90, 0xcd70, 0xcd90, 
	0xcd6f, 0xcd6f, 0xcd90, 0xcd90, 0xcd90, 0xcdb1, 0xcdb0, 0xcdb0, 0xcd6e, 0xcd4d, 0xcd4d, 0xcd2c, 0xcd0b, 0xcd0b, 0xbc89, 0xb429, 
	0xb429, 0xb429, 0xbcaa, 0xbcaa, 0xbcea, 0xcd4d, 0xcd4d, 0xd5b0, 0xe675, 0xe675, 0xef3a, 0xef7c, 0xef7d, 0xef7d, 0xef7c, 0xef7c, 
	0xef7c, 0xef7d, 0xef7d, 0xef7d, 0xef7d, 0xef7d, 0xef7d, 0xef7d, 0xef7d, 0xef7d, 0xef7d, 0xef7d, 0xef7d, 0xef7d, 0xef7d, 0xef7d, 
	0xef7d, 0xef7d, 0xef7d, 0xef7d, 0xef7d, 0xef7d, 0xef7d, 0xef7d, 0xef7d, 0xef7d, 0xef7d, 0xef7d, 0xef7d, 0xef7d, 0xef7d, 0xef7d, 
	0xef7d, 0xef7d, 0xef7d, 0xef7d, 0xef7d, 0xef7d, 0xef7c, 0xef7c, 0xef7c, 0xef5c, 0xef5c, 0xef5c, 0xef5c, 0xef5c, 0xef5c, 0xef5c, 
	0xc50b, 0xcd2c, 0xcd2c, 0xcd4c, 0xcd4d, 0xcd4d, 0xc50d, 0xbccc, 0xbccc, 0xbc8c, 0xbcac, 0xbcac, 0xb44a, 0xbc89, 0xbc89, 0xc4c8, 
	0xc4c9, 0xc4c9, 0xcd2a, 0xcd6b, 0xcd6b, 0xcd6b, 0xcd6c, 0xcd6c, 0xc52d, 0xcdd2, 0xcdd2, 0xd678, 0xde99, 0xd658, 0xd658, 0xce38, 
	0xce59, 0xce59, 0xd6ba, 0xd6bb, 0xd6bb, 0xd6bb, 0xd6bb, 0xd6bb, 0xd6bb, 0xd6bb, 0xd6bb, 0xd6bb, 0xd6bb, 0xd6bb, 0xd6bb, 0xd6bb, 
	0xd6bb, 0xd6bb, 0xd6bb, 0xd6bb, 0xd6db, 0xd6db, 0xd6fb, 0xd6fb, 0xd6fb, 0xd6fb, 0xd6fb, 0xd6fb, 0xd6fb, 0xd6fb, 0xd6fa, 0xd6db, 
	0xd6db, 0xdeda, 0xdefa, 0xdefa, 0xe6f9, 0xef3b, 0xef3b, 0xf7be, 0xf7ff, 0xf7ff, 0xf7ff, 0xf7df, 0xf7df, 0xf7df, 0xf7dd, 0xf7dd, 
	0xeef9, 0xde14, 0xddf3, 0xddf3, 0xd5d3, 0xd5f3, 0xd5f3, 0xde33, 0xde34, 0xde34, 0xe634, 0xee34, 0xee34, 0xe632, 0xddf1, 0xddf1, 
	0xddf1, 0xe633, 0xe633, 0xe633, 0xee74, 0xee74, 0xee75, 0xe675, 0xe675, 0xe655, 0xe654, 0xde34, 0xde34, 0xde14, 0xd5f2, 0xd5f2, 
	0xd570, 0xc4cc, 0xc4cc, 0x93a7, 0x8328, 0x8328, 0x4a06, 0x18a2, 0x18a2, 0x0842, 0x6b2f, 0x6b2f, 0x9cf5, 0x630d, 0x630d, 0x0841, 
	0x0842, 0x0842, 0x0001, 0x0021, 0x0021, 0x0884, 0x10a5, 0x31a8, 0x31a8, 0x5248, 0xa48e, 0xa48e, 0xbd2f, 0xc54f, 0xc54f, 0xc570, 
	0xc550, 0xc550, 0xcd71, 0xcd92, 0xcd92, 0xcdb2, 0xcdb2, 0xcdb2, 0xd5d3, 0xcd91, 0xcd91, 0xd5b1, 0xcd90, 0xcd90, 0xcd70, 0xcd90, 
	0xcd6f, 0xcd6f, 0xcd90, 0xcd90, 0xcd90, 0xcdb1, 0xcdb0, 0xcdb0, 0xcd6e, 0xcd4d, 0xcd4d, 0xcd2c, 0xcd0b, 0xcd0b, 0xbc89, 0xb429, 
	0xb429, 0xb429, 0xbcaa, 0xbcaa, 0xbcea, 0xcd4d, 0xcd4d, 0xd5b0, 0xe675, 0xe675, 0xef3a, 0xef7c, 0xef7d, 0xef7d, 0xef7c, 0xef7c, 
	0xef7c, 0xef7d, 0xef7d, 0xef7d, 0xef7d, 0xef7d, 0xef7d, 0xef7d, 0xef7d, 0xef7d, 0xef7d, 0xef7d, 0xef7d, 0xef7d, 0xef7d, 0xef7d, 
	0xef7d, 0xef7d, 0xef7d, 0xef7d, 0xef7d, 0xef7d, 0xef7d, 0xef7d, 0xef7d, 0xef7d, 0xef7d, 0xef7d, 0xef7d, 0xef7d, 0xef7d, 0xef7d, 
	0xef7d, 0xef7d, 0xef7d, 0xef7d, 0xef7d, 0xef7d, 0xef7c, 0xef7c, 0xef7c, 0xef5c, 0xef5c, 0xef5c, 0xef5c, 0xef5c, 0xef5c, 0xef5c, 
	0xc50b, 0xc50c, 0xc50c, 0xcd2d, 0xcd4d, 0xcd4d, 0xc50d, 0xac4b, 0xac4b, 0xa3ca, 0xa3ca, 0xa3ca, 0xa3c8, 0xbc69, 0xbc69, 0xc4a9, 
	0xc4c9, 0xc4c9, 0xcd2a, 0xcd6b, 0xcd6b, 0xc54b, 0xbd0b, 0xbd0b, 0xb4ed, 0xcdd2, 0xcdd2, 0xde57, 0xd659, 0xd638, 0xd638, 0xce38, 
	0xd67a, 0xd67a, 0xd6bb, 0xd6bb, 0xd6bb, 0xd6bb, 0xd6bb, 0xd6bb, 0xd6bb, 0xd6bb, 0xd6bb, 0xd6bb, 0xd6bb, 0xd6bb, 0xd6bb, 0xd6bb, 
	0xd6bb, 0xd6bb, 0xd6bb, 0xd6bb, 0xd6db, 0xd6db, 0xd6fb, 0xd6fb, 0xd6fb, 0xd6fb, 0xd6fb, 0xd6fc, 0xd6fb, 0xd6fb, 0xd6fb, 0xdedb, 
	0xdedb, 0xdeda, 0xdefa, 0xdefa, 0xe6fa, 0xf77d, 0xf77d, 0xffdf, 0xf7df, 0xf7df, 0xf7df, 0xf7ff, 0xf7ff, 0xf7de, 0xf7bc, 0xf7bc, 
	0xeef8, 0xddf4, 0xddd3, 0xddd3, 0xde34, 0xe634, 0xe634, 0xe655, 0xe676, 0xe676, 0xe675, 0xe613, 0xe613, 0xde11, 0xde11, 0xde11, 
	0xe633, 0xe654, 0xe654, 0xe654, 0xee75, 0xee75, 0xee75, 0xe675, 0xe675, 0xde13, 0xde14, 0xde13, 0xde13, 0xd5d2, 0xddd2, 0xddd2, 
	0xd590, 0xc50d, 0xc50d, 0xac6b, 0x9beb, 0x9beb, 0x6ae9, 0x2924, 0x2924, 0x18e5, 0x4a4a, 0x4a4a, 0x8412, 0x5acc, 0x5acc, 0x2125, 
	0x2106, 0x2106, 0x0863, 0x0863, 0x0863, 0x0883, 0x31e9, 0x52cb, 0x52cb, 0x9450, 0xc593, 0xc593, 0xcdd2, 0xcdd2, 0xcdd2, 0xcdb2, 
	0xd5d3, 0xd5d3, 0xd5d3, 0xd5f3, 0xd5f3, 0xd5f3, 0xd5f3, 0xd5f3, 0xd5d3, 0xcdb2, 0xcdb2, 0xcdd2, 0xd5d2, 0xd5d2, 0xd5b2, 0xd5b2, 
	0xcdb1, 0xcdb1, 0xcdb0, 0xcdb0, 0xcdb0, 0xc591, 0xc590, 0xc590, 0xcdaf, 0xc56e, 0xc56e, 0xc52b, 0xc52b, 0xc52b, 0xc4ea, 0xbc8a, 
	0xbc8a, 0xc4ab, 0xbccb, 0xbccb, 0xc50a, 0xcd2c, 0xcd2c, 0xd56f, 0xde55, 0xde55, 0xef1a, 0xef5c, 0xef5d, 0xef5d, 0xef7d, 0xef7d, 
	0xef7d, 0xef7d, 0xef7d, 0xef7d, 0xef7d, 0xef7d, 0xef7d, 0xef7d, 0xef7d, 0xef7d, 0xef7d, 0xef7d, 0xef7d, 0xef7d, 0xef7d, 0xef7d, 
	0xef7d, 0xef7d, 0xef7d, 0xef7d, 0xef7d, 0xef7d, 0xef7d, 0xef7d, 0xef7d, 0xef7d, 0xef7d, 0xef7d, 0xef7d, 0xef7d, 0xef5c, 0xef5c, 
	0xef5c, 0xef7d, 0xef7d, 0xef7d, 0xef7d, 0xef7d, 0xef7d, 0xef7d, 0xef7d, 0xef7c, 0xef5d, 0xef5d, 0xef5d, 0xef5d, 0xef5d, 0xef5d, 
	0xc50b, 0xc50c, 0xc50c, 0xcd2d, 0xcd4d, 0xcd4d, 0xc50d, 0xac4b, 0xac4b, 0xa3ca, 0xa3ca, 0xa3ca, 0xa3c8, 0xbc69, 0xbc69, 0xc4a9, 
	0xc4c9, 0xc4c9, 0xcd2a, 0xcd6b, 0xcd6b, 0xc54b, 0xbd0b, 0xbd0b, 0xb4ed, 0xcdd2, 0xcdd2, 0xde57, 0xd659, 0xd638, 0xd638, 0xce38, 
	0xd67a, 0xd67a, 0xd6bb, 0xd6bb, 0xd6bb, 0xd6bb, 0xd6bb, 0xd6bb, 0xd6bb, 0xd6bb, 0xd6bb, 0xd6bb, 0xd6bb, 0xd6bb, 0xd6bb, 0xd6bb, 
	0xd6bb, 0xd6bb, 0xd6bb, 0xd6bb, 0xd6db, 0xd6db, 0xd6fb, 0xd6fb, 0xd6fb, 0xd6fb, 0xd6fb, 0xd6fc, 0xd6fb, 0xd6fb, 0xd6fb, 0xdedb, 
	0xdedb, 0xdeda, 0xdefa, 0xdefa, 0xe6fa, 0xf77d, 0xf77d, 0xffdf, 0xf7df, 0xf7df, 0xf7df, 0xf7ff, 0xf7ff, 0xf7de, 0xf7bc, 0xf7bc, 
	0xeef8, 0xddf4, 0xddd3, 0xddd3, 0xde34, 0xe634, 0xe634, 0xe655, 0xe676, 0xe676, 0xe675, 0xe613, 0xe613, 0xde11, 0xde11, 0xde11, 
	0xe633, 0xe654, 0xe654, 0xe654, 0xee75, 0xee75, 0xee75, 0xe675, 0xe675, 0xde13, 0xde14, 0xde13, 0xde13, 0xd5d2, 0xddd2, 0xddd2, 
	0xd590, 0xc50d, 0xc50d, 0xac6b, 0x9beb, 0x9beb, 0x6ae9, 0x2924, 0x2924, 0x18e5, 0x4a4a, 0x4a4a, 0x8412, 0x5acc, 0x5acc, 0x2125, 
	0x2106, 0x2106, 0x0863, 0x0863, 0x0863, 0x0883, 0x31e9, 0x52cb, 0x52cb, 0x9450, 0xc593, 0xc593, 0xcdd2, 0xcdd2, 0xcdd2, 0xcdb2, 
	0xd5d3, 0xd5d3, 0xd5d3, 0xd5f3, 0xd5f3, 0xd5f3, 0xd5f3, 0xd5f3, 0xd5d3, 0xcdb2, 0xcdb2, 0xcdd2, 0xd5d2, 0xd5d2, 0xd5b2, 0xd5b2, 
	0xcdb1, 0xcdb1, 0xcdb0, 0xcdb0, 0xcdb0, 0xc591, 0xc590, 0xc590, 0xcdaf, 0xc56e, 0xc56e, 0xc52b, 0xc52b, 0xc52b, 0xc4ea, 0xbc8a, 
	0xbc8a, 0xc4ab, 0xbccb, 0xbccb, 0xc50a, 0xcd2c, 0xcd2c, 0xd56f, 0xde55, 0xde55, 0xef1a, 0xef5c, 0xef5d, 0xef5d, 0xef7d, 0xef7d, 
	0xef7d, 0xef7d, 0xef7d, 0xef7d, 0xef7d, 0xef7d, 0xef7d, 0xef7d, 0xef7d, 0xef7d, 0xef7d, 0xef7d, 0xef7d, 0xef7d, 0xef7d, 0xef7d, 
	0xef7d, 0xef7d, 0xef7d, 0xef7d, 0xef7d, 0xef7d, 0xef7d, 0xef7d, 0xef7d, 0xef7d, 0xef7d, 0xef7d, 0xef7d, 0xef7d, 0xef5c, 0xef5c, 
	0xef5c, 0xef7d, 0xef7d, 0xef7d, 0xef7d, 0xef7d, 0xef7d, 0xef7d, 0xef7d, 0xef7c, 0xef5d, 0xef5d, 0xef5d, 0xef5d, 0xef5d, 0xef5d, 
	0xc52b, 0xbccb, 0xbccb, 0xc4ec, 0xc50c, 0xc50c, 0xbccc, 0xa3e9, 0xa3e9, 0x9349, 0x9329, 0x9329, 0xa3a9, 0xbc69, 0xbc69, 0xc4a9, 
	0xccc9, 0xccc9, 0xcd2a, 0xc52b, 0xc52b, 0xbd2a, 0xbcea, 0xbcea, 0xbd2f, 0xd5d4, 0xd5d4, 0xde37, 0xde59, 0xd658, 0xd658, 0xce38, 
	0xce79, 0xce79, 0xd6bb, 0xd6bb, 0xd6bb, 0xd6bb, 0xd6bb, 0xd6bb, 0xd6bb, 0xd6bb, 0xd6bb, 0xd6bb, 0xd6bb, 0xd6bb, 0xd6bb, 0xd6bb, 
	0xd6bb, 0xd6bb, 0xd6bb, 0xd6bb, 0xd6db, 0xd6db, 0xd6db, 0xd6db, 0xd6db, 0xd6fb, 0xd6fb, 0xd6dc, 0xd6db, 0xd6db, 0xd6fb, 0xdefb, 
	0xdefb, 0xdefa, 0xdef9, 0xdef9, 0xef3b, 0xf7be, 0xf7be, 0xffff, 0xf7df, 0xf7df, 0xf7df, 0xf7ff, 0xf7ff, 0xf7de, 0xf77c, 0xf77c, 
	0xeef9, 0xde34, 0xde13, 0xde13, 0xde34, 0xe655, 0xe655, 0xeeb7, 0xee96, 0xee96, 0xe655, 0xe653, 0xe653, 0xe653, 0xe654, 0xe654, 
	0xe674, 0xe675, 0xe675, 0xe675, 0xe675, 0xe675, 0xe675, 0xe675, 0xe675, 0xe654, 0xde34, 0xde13, 0xde13, 0xd5d2, 0xd5d1, 0xd5d1, 
	0xd590, 0xc50d, 0xc50d, 0xb48b, 0xac6c, 0xac6c, 0x93ed, 0x41c5, 0x41c5, 0x2945, 0x2946, 0x2946, 0x5aed, 0x632e, 0x632e, 0x2947, 
	0x2126, 0x2126, 0x18a5, 0x1084, 0x1084, 0x2146, 0x5aed, 0x8c71, 0x8c71, 0xc5d6, 0xcdf4, 0xcdf4, 0xd613, 0xd614, 0xd614, 0xd614, 
	0xde55, 0xde55, 0xde76, 0xde56, 0xde56, 0xd635, 0xd614, 0xd614, 0xcdf3, 0xcdd2, 0xcdd2, 0xcdd2, 0xd5f3, 0xd5f3, 0xd5f3, 0xd614, 
	0xd5f3, 0xd5f3, 0xc5b2, 0xc5b2, 0xc5b2, 0xcdb2, 0xcdb1, 0xcdb1, 0xc590, 0xc54e, 0xc54e, 0xcd4c, 0xcd4b, 0xcd4b, 0xc4eb, 0xbc8a, 
	0xbc8a, 0xbcab, 0xbceb, 0xbceb, 0xbcea, 0xc52b, 0xc52b, 0xcd6f, 0xde35, 0xde35, 0xeef9, 0xef5d, 0xef5d, 0xef5d, 0xef5d, 0xef7d, 
	0xef7d, 0xef7d, 0xef7d, 0xef7d, 0xef7d, 0xef7d, 0xef7d, 0xef7d, 0xef7d, 0xef7d, 0xef7d, 0xef7d, 0xef7d, 0xef7d, 0xef7d, 0xef7d, 
	0xef7d, 0xef7d, 0xef7d, 0xef7d, 0xef7d, 0xef7d, 0xef7d, 0xef7d, 0xef7d, 0xef7d, 0xef7d, 0xef7d, 0xef7d, 0xef7d, 0xef7c, 0xef7c, 
	0xef7c, 0xef7d, 0xef7d, 0xef7d, 0xef7d, 0xef7d, 0xef7d, 0xef7d, 0xef7d, 0xef7d, 0xef7d, 0xef7d, 0xef5d, 0xef5d, 0xef5d, 0xef5d, 
	0xc52b, 0xbccb, 0xbccb, 0xc4ec, 0xc50c, 0xc50c, 0xbccc, 0xa3e9, 0xa3e9, 0x9349, 0x9329, 0x9329, 0xa3a9, 0xbc69, 0xbc69, 0xc4a9, 
	0xccc9, 0xccc9, 0xcd2a, 0xc52b, 0xc52b, 0xbd2a, 0xbcea, 0xbcea, 0xbd2f, 0xd5d4, 0xd5d4, 0xde37, 0xde59, 0xd658, 0xd658, 0xce38, 
	0xce79, 0xce79, 0xd6bb, 0xd6bb, 0xd6bb, 0xd6bb, 0xd6bb, 0xd6bb, 0xd6bb, 0xd6bb, 0xd6bb, 0xd6bb, 0xd6bb, 0xd6bb, 0xd6bb, 0xd6bb, 
	0xd6bb, 0xd6bb, 0xd6bb, 0xd6bb, 0xd6db, 0xd6db, 0xd6db, 0xd6db, 0xd6db, 0xd6fb, 0xd6fb, 0xd6dc, 0xd6db, 0xd6db, 0xd6fb, 0xdefb, 
	0xdefb, 0xdefa, 0xdef9, 0xdef9, 0xef3b, 0xf7be, 0xf7be, 0xffff, 0xf7df, 0xf7df, 0xf7df, 0xf7ff, 0xf7ff, 0xf7de, 0xf77c, 0xf77c, 
	0xeef9, 0xde34, 0xde13, 0xde13, 0xde34, 0xe655, 0xe655, 0xeeb7, 0xee96, 0xee96, 0xe655, 0xe653, 0xe653, 0xe653, 0xe654, 0xe654, 
	0xe674, 0xe675, 0xe675, 0xe675, 0xe675, 0xe675, 0xe675, 0xe675, 0xe675, 0xe654, 0xde34, 0xde13, 0xde13, 0xd5d2, 0xd5d1, 0xd5d1, 
	0xd590, 0xc50d, 0xc50d, 0xb48b, 0xac6c, 0xac6c, 0x93ed, 0x41c5, 0x41c5, 0x2945, 0x2946, 0x2946, 0x5aed, 0x632e, 0x632e, 0x2947, 
	0x2126, 0x2126, 0x18a5, 0x1084, 0x1084, 0x2146, 0x5aed, 0x8c71, 0x8c71, 0xc5d6, 0xcdf4, 0xcdf4, 0xd613, 0xd614, 0xd614, 0xd614, 
	0xde55, 0xde55, 0xde76, 0xde56, 0xde56, 0xd635, 0xd614, 0xd614, 0xcdf3, 0xcdd2, 0xcdd2, 0xcdd2, 0xd5f3, 0xd5f3, 0xd5f3, 0xd614, 
	0xd5f3, 0xd5f3, 0xc5b2, 0xc5b2, 0xc5b2, 0xcdb2, 0xcdb1, 0xcdb1, 0xc590, 0xc54e, 0xc54e, 0xcd4c, 0xcd4b, 0xcd4b, 0xc4eb, 0xbc8a, 
	0xbc8a, 0xbcab, 0xbceb, 0xbceb, 0xbcea, 0xc52b, 0xc52b, 0xcd6f, 0xde35, 0xde35, 0xeef9, 0xef5d, 0xef5d, 0xef5d, 0xef5d, 0xef7d, 
	0xef7d, 0xef7d, 0xef7d, 0xef7d, 0xef7d, 0xef7d, 0xef7d, 0xef7d, 0xef7d, 0xef7d, 0xef7d, 0xef7d, 0xef7d, 0xef7d, 0xef7d, 0xef7d, 
	0xef7d, 0xef7d, 0xef7d, 0xef7d, 0xef7d, 0xef7d, 0xef7d, 0xef7d, 0xef7d, 0xef7d, 0xef7d, 0xef7d, 0xef7d, 0xef7d, 0xef7c, 0xef7c, 
	0xef7c, 0xef7d, 0xef7d, 0xef7d, 0xef7d, 0xef7d, 0xef7d, 0xef7d, 0xef7d, 0xef7d, 0xef7d, 0xef7d, 0xef5d, 0xef5d, 0xef5d, 0xef5d, 
	0xcd2c, 0xbceb, 0xbceb, 0xbcab, 0xb4aa, 0xb4aa, 0xb48b, 0xa3ea, 0xa3ea, 0x9329, 0x8ac7, 0x8ac7, 0xaba9, 0xbc49, 0xbc49, 0xc489, 
	0xccc9, 0xccc9, 0xcd2a, 0xc54b, 0xc54b, 0xc52c, 0xcd6f, 0xcd6f, 0xd5b4, 0xde16, 0xde16, 0xde16, 0xde79, 0xe6ba, 0xe6ba, 0xd679, 
	0xd67a, 0xd67a, 0xd6ba, 0xd6ba, 0xd6ba, 0xd6bb, 0xd6bb, 0xd6bb, 0xd6bb, 0xd6bb, 0xd6bb, 0xd6bb, 0xd6bb, 0xd6bb, 0xd6bb, 0xd6bb, 
	0xd6bb, 0xd6bb, 0xd6db, 0xd6db, 0xd6db, 0xd6db, 0xd6db, 0xd6db, 0xd6bb, 0xd6db, 0xd6db, 0xd6db, 0xd6db, 0xd6db, 0xdefb, 0xdefb, 
	0xdefb, 0xdefa, 0xded9, 0xded9, 0xef5c, 0xffff, 0xffff, 0xf7df, 0xf7df, 0xf7df, 0xf7df, 0xf7fe, 0xf7fe, 0xf7bd, 0xef7b, 0xef7b, 
	0xef39, 0xe6d6, 0xde54, 0xde54, 0xe675, 0xf717, 0xf717, 0xf6d7, 0xe676, 0xe676, 0xe655, 0xe676, 0xe676, 0xe676, 0xe675, 0xe675, 
	0xe675, 0xe675, 0xe675, 0xe675, 0xe695, 0xe695, 0xe675, 0xe675, 0xe675, 0xe655, 0xe654, 0xde34, 0xde34, 0xddf2, 0xd591, 0xd591, 
	0xcd6f, 0xc50d, 0xc50d, 0xbccc, 0xb4cc, 0xb4cc, 0xb510, 0x940e, 0x940e, 0x62eb, 0x39e8, 0x39e8, 0x4208, 0x6b4e, 0x6b4e, 0x4249, 
	0x4a6b, 0x4a6b, 0x528b, 0x528b, 0x528b, 0x630d, 0x9cb2, 0xce17, 0xce17, 0xce15, 0xce14, 0xce14, 0xd614, 0xd635, 0xd635, 0xd655, 
	0xde96, 0xde96, 0xdeb8, 0xdeb8, 0xdeb8, 0xde97, 0xde76, 0xde76, 0xd655, 0xd634, 0xd634, 0xd634, 0xd635, 0xd635, 0xd635, 0xce15, 
	0xce14, 0xce14, 0xcdf4, 0xce14, 0xce14, 0xd614, 0xcdd2, 0xcdd2, 0xc591, 0xcdb0, 0xcdb0, 0xcd6d, 0xcd4c, 0xcd4c, 0xc52b, 0xc4eb, 
	0xc4eb, 0xc4cb, 0xc4eb, 0xc4eb, 0xc50b, 0xc50b, 0xc50b, 0xcd4f, 0xd5f4, 0xd5f4, 0xe6d9, 0xef5d, 0xef5d, 0xef5d, 0xef5d, 0xef7d, 
	0xef7d, 0xef7d, 0xef7d, 0xef7d, 0xef7d, 0xef7d, 0xef7d, 0xef7d, 0xef7d, 0xef7d, 0xef7d, 0xef7d, 0xef7d, 0xef7d, 0xef7d, 0xef7d, 
	0xef7d, 0xef7d, 0xef7d, 0xef7d, 0xef7d, 0xef7d, 0xef7d, 0xef7d, 0xef7d, 0xef7d, 0xef7d, 0xef7d, 0xef7d, 0xef7d, 0xef7d, 0xef7d, 
	0xef7d, 0xef7d, 0xef7d, 0xef7d, 0xef7d, 0xef7d, 0xef7d, 0xef7d, 0xef7d, 0xef7d, 0xef7d, 0xef7d, 0xef5d, 0xef5d, 0xef5d, 0xef5d, 
	0xcd2c, 0xbceb, 0xbceb, 0xbcab, 0xb4aa, 0xb4aa, 0xb48b, 0xa3ea, 0xa3ea, 0x9329, 0x8ac7, 0x8ac7, 0xaba9, 0xbc49, 0xbc49, 0xc489, 
	0xccc9, 0xccc9, 0xcd2a, 0xc54b, 0xc54b, 0xc52c, 0xcd6f, 0xcd6f, 0xd5b4, 0xde16, 0xde16, 0xde16, 0xde79, 0xe6ba, 0xe6ba, 0xd679, 
	0xd67a, 0xd67a, 0xd6ba, 0xd6ba, 0xd6ba, 0xd6bb, 0xd6bb, 0xd6bb, 0xd6bb, 0xd6bb, 0xd6bb, 0xd6bb, 0xd6bb, 0xd6bb, 0xd6bb, 0xd6bb, 
	0xd6bb, 0xd6bb, 0xd6db, 0xd6db, 0xd6db, 0xd6db, 0xd6db, 0xd6db, 0xd6bb, 0xd6db, 0xd6db, 0xd6db, 0xd6db, 0xd6db, 0xdefb, 0xdefb, 
	0xdefb, 0xdefa, 0xded9, 0xded9, 0xef5c, 0xffff, 0xffff, 0xf7df, 0xf7df, 0xf7df, 0xf7df, 0xf7fe, 0xf7fe, 0xf7bd, 0xef7b, 0xef7b, 
	0xef39, 0xe6d6, 0xde54, 0xde54, 0xe675, 0xf717, 0xf717, 0xf6d7, 0xe676, 0xe676, 0xe655, 0xe676, 0xe676, 0xe676, 0xe675, 0xe675, 
	0xe675, 0xe675, 0xe675, 0xe675, 0xe695, 0xe695, 0xe675, 0xe675, 0xe675, 0xe655, 0xe654, 0xde34, 0xde34, 0xddf2, 0xd591, 0xd591, 
	0xcd6f, 0xc50d, 0xc50d, 0xbccc, 0xb4cc, 0xb4cc, 0xb510, 0x940e, 0x940e, 0x62eb, 0x39e8, 0x39e8, 0x4208, 0x6b4e, 0x6b4e, 0x4249, 
	0x4a6b, 0x4a6b, 0x528b, 0x528b, 0x528b, 0x630d, 0x9cb2, 0xce17, 0xce17, 0xce15, 0xce14, 0xce14, 0xd614, 0xd635, 0xd635, 0xd655, 
	0xde96, 0xde96, 0xdeb8, 0xdeb8, 0xdeb8, 0xde97, 0xde76, 0xde76, 0xd655, 0xd634, 0xd634, 0xd634, 0xd635, 0xd635, 0xd635, 0xce15, 
	0xce14, 0xce14, 0xcdf4, 0xce14, 0xce14, 0xd614, 0xcdd2, 0xcdd2, 0xc591, 0xcdb0, 0xcdb0, 0xcd6d, 0xcd4c, 0xcd4c, 0xc52b, 0xc4eb, 
	0xc4eb, 0xc4cb, 0xc4eb, 0xc4eb, 0xc50b, 0xc50b, 0xc50b, 0xcd4f, 0xd5f4, 0xd5f4, 0xe6d9, 0xef5d, 0xef5d, 0xef5d, 0xef5d, 0xef7d, 
	0xef7d, 0xef7d, 0xef7d, 0xef7d, 0xef7d, 0xef7d, 0xef7d, 0xef7d, 0xef7d, 0xef7d, 0xef7d, 0xef7d, 0xef7d, 0xef7d, 0xef7d, 0xef7d, 
	0xef7d, 0xef7d, 0xef7d, 0xef7d, 0xef7d, 0xef7d, 0xef7d, 0xef7d, 0xef7d, 0xef7d, 0xef7d, 0xef7d, 0xef7d, 0xef7d, 0xef7d, 0xef7d, 
	0xef7d, 0xef7d, 0xef7d, 0xef7d, 0xef7d, 0xef7d, 0xef7d, 0xef7d, 0xef7d, 0xef7d, 0xef7d, 0xef7d, 0xef5d, 0xef5d, 0xef5d, 0xef5d, 
	0xcd4c, 0xc50d, 0xc50d, 0xbcec, 0xbccb, 0xbccb, 0xb4ab, 0xac4a, 0xac4a, 0x9328, 0x8aa6, 0x8aa6, 0xa368, 0xb3e8, 0xb3e8, 0xb428, 
	0xc488, 0xc488, 0xcd09, 0xcd2b, 0xcd2b, 0xd590, 0xe5f4, 0xe5f4, 0xe5f6, 0xe5b6, 0xe5b6, 0xdd96, 0xee59, 0xeefb, 0xeefb, 0xdeb9, 
	0xd679, 0xd679, 0xd6b9, 0xd6b9, 0xd6b9, 0xd6ba, 0xd6bb, 0xd6bb, 0xd6bb, 0xd6bb, 0xd6bb, 0xd6bb, 0xd6ba, 0xd6ba, 0xd6bb, 0xd6bb, 
	0xd6bb, 0xd6db, 0xd6bb, 0xd6bb, 0xd6db, 0xd6db, 0xd6db, 0xd6db, 0xd6db, 0xd6bb, 0xd6bb, 0xd6bb, 0xd6bb, 0xd6bb, 0xdedb, 0xdefb, 
	0xdefb, 0xdefb, 0xe71b, 0xe71b, 0xef7c, 0xf7de, 0xf7de, 0xf7de, 0xf7de, 0xf7de, 0xf7de, 0xf7de, 0xf7de, 0xefbe, 0xf7bd, 0xf7bd, 
	0xf79c, 0xef59, 0xeef7, 0xeef7, 0xf718, 0xf718, 0xf718, 0xe696, 0xde56, 0xde56, 0xde56, 0xde56, 0xde56, 0xe676, 0xde56, 0xde56, 
	0xde55, 0xde55, 0xde55, 0xde54, 0xe675, 0xe675, 0xe675, 0xe675, 0xe675, 0xe655, 0xe654, 0xde33, 0xde33, 0xde13, 0xd5d2, 0xd5d2, 
	0xd591, 0xc50e, 0xc50e, 0xbced, 0xbd0d, 0xbd0d, 0xc571, 0xbd72, 0xbd72, 0xb533, 0x9cb2, 0x9cb2, 0x83ef, 0x738d, 0x738d, 0x6b4c, 
	0x73ae, 0x73ae, 0x7b8e, 0x9cb2, 0x9cb2, 0xbd55, 0xcdf6, 0xce14, 0xce14, 0xcdf4, 0xd614, 0xd614, 0xd635, 0xd635, 0xd635, 0xd656, 
	0xdeb8, 0xdeb8, 0xded9, 0xd6b9, 0xd6b9, 0xdeb8, 0xd698, 0xd698, 0xd697, 0xd676, 0xd676, 0xd656, 0xd656, 0xd656, 0xd656, 0xd656, 
	0xd656, 0xd656, 0xd656, 0xd655, 0xd655, 0xd615, 0xcdf3, 0xcdf3, 0xcdd2, 0xcd90, 0xcd90, 0xcd6f, 0xcd4d, 0xcd4d, 0xcd2c, 0xcd0b, 
	0xcd0b, 0xc4eb, 0xc50c, 0xc50c, 0xc50c, 0xc50c, 0xc50c, 0xc52e, 0xd5f3, 0xd5f3, 0xe6d8, 0xef5c, 0xef5d, 0xef5d, 0xef5d, 0xef7d, 
	0xef7d, 0xef7d, 0xef7d, 0xef7d, 0xef7d, 0xef7d, 0xef7d, 0xef7d, 0xef7d, 0xef7d, 0xef7d, 0xef7d, 0xef7d, 0xef7d, 0xef7d, 0xef7d, 
	0xef7d, 0xef5c, 0xef5c, 0xef5c, 0xef7d, 0xef7d, 0xef7d, 0xef7d, 0xef7d, 0xef7d, 0xef7d, 0xef7d, 0xef7d, 0xef7d, 0xef7d, 0xef7d, 
	0xef7d, 0xef7d, 0xef7d, 0xef7d, 0xef7d, 0xef7d, 0xef7d, 0xef7d, 0xef7d, 0xef5c, 0xef5c, 0xef5c, 0xef5d, 0xef5d, 0xef5d, 0xef5d, 
	0xcd4d, 0xcd2d, 0xcd2d, 0xc52d, 0xc50c, 0xc50c, 0xbccc, 0xb46b, 0xb46b, 0x9389, 0x8b07, 0x8b07, 0x9b68, 0xa3a7, 0xa3a7, 0xabc7, 
	0xb427, 0xb427, 0xc488, 0xc4ab, 0xc4ab, 0xd591, 0xe5f7, 0xe5f7, 0xe5d7, 0xdd96, 0xdd96, 0xe5b7, 0xee5a, 0xf6db, 0xf6db, 0xe699, 
	0xd657, 0xd657, 0xd698, 0xd6b9, 0xd6b9, 0xd6ba, 0xd6ba, 0xd6ba, 0xd6bb, 0xd6bb, 0xd6bb, 0xd6bb, 0xceb9, 0xceb9, 0xce79, 0xce99, 
	0xce99, 0xd6ba, 0xd6bb, 0xd6bb, 0xd6db, 0xd6db, 0xd6db, 0xd6db, 0xd6bb, 0xceba, 0xceba, 0xd69a, 0xd69a, 0xd69a, 0xd6bb, 0xdedb, 
	0xdedb, 0xdedb, 0xe71c, 0xe71c, 0xf79d, 0xef9d, 0xef9d, 0xefbd, 0xf7de, 0xf7de, 0xf7de, 0xf7df, 0xf7df, 0xf7be, 0xf7de, 0xf7de, 
	0xffde, 0xf77c, 0xf75b, 0xf75b, 0xef5b, 0xdeb8, 0xdeb8, 0xd656, 0xd635, 0xd635, 0xd636, 0xde76, 0xde76, 0xd656, 0xce15, 0xce15, 
	0xcdf4, 0xd614, 0xd614, 0xde34, 0xe675, 0xe675, 0xe675, 0xe675, 0xe675, 0xde55, 0xde34, 0xde34, 0xde34, 0xde13, 0xd5d2, 0xd5d2, 
	0xd5b1, 0xcd4f, 0xcd4f, 0xc52f, 0xc54f, 0xc54f, 0xc570, 0xcd92, 0xcd92, 0xbd73, 0xbd93, 0xbd93, 0xbd73, 0xb553, 0xb553, 0xad32, 
	0xad12, 0xad12, 0xb532, 0xc594, 0xc594, 0xcdf4, 0xcdd2, 0xc5b1, 0xc5b1, 0xcdd2, 0xd614, 0xd614, 0xd635, 0xd656, 0xd656, 0xdeb8, 
	0xdef9, 0xdef9, 0xe71a, 0xdeda, 0xdeda, 0xdeda, 0xdeb9, 0xdeb9, 0xd698, 0xd677, 0xd677, 0xce36, 0xce15, 0xce15, 0xce36, 0xd677, 
	0xd677, 0xd677, 0xd677, 0xd656, 0xd656, 0xd635, 0xd614, 0xd614, 0xcdd3, 0xc591, 0xc591, 0xcd90, 0xcd8e, 0xcd8e, 0xcd4d, 0xcd2c, 
	0xcd2c, 0xc50c, 0xc52c, 0xc52c, 0xc52c, 0xc50c, 0xc50c, 0xc52e, 0xd5d3, 0xd5d3, 0xe6b8, 0xef5c, 0xf77d, 0xf77d, 0xf77d, 0xef5d, 
	0xef5d, 0xef5d, 0xef5d, 0xef5d, 0xef7d, 0xef7d, 0xef7d, 0xef7d, 0xef7d, 0xef7d, 0xef7d, 0xef7d, 0xef7d, 0xef7d, 0xef7d, 0xef7d, 
	0xef7d, 0xef7c, 0xef7c, 0xef7c, 0xef7d, 0xef7d, 0xef7d, 0xef7d, 0xef7d, 0xef7d, 0xef7d, 0xef7d, 0xef7d, 0xef7d, 0xef7d, 0xef7d, 
	0xef7d, 0xef7d, 0xef7d, 0xef7d, 0xef7d, 0xef7d, 0xef7d, 0xef7d, 0xef7d, 0xef7c, 0xef5c, 0xef5c, 0xef5d, 0xef5d, 0xef5d, 0xef5d, 
	0xcd4d, 0xcd2d, 0xcd2d, 0xc52d, 0xc50c, 0xc50c, 0xbccc, 0xb46b, 0xb46b, 0x9389, 0x8b07, 0x8b07, 0x9b68, 0xa3a7, 0xa3a7, 0xabc7, 
	0xb427, 0xb427, 0xc488, 0xc4ab, 0xc4ab, 0xd591, 0xe5f7, 0xe5f7, 0xe5d7, 0xdd96, 0xdd96, 0xe5b7, 0xee5a, 0xf6db, 0xf6db, 0xe699, 
	0xd657, 0xd657, 0xd698, 0xd6b9, 0xd6b9, 0xd6ba, 0xd6ba, 0xd6ba, 0xd6bb, 0xd6bb, 0xd6bb, 0xd6bb, 0xceb9, 0xceb9, 0xce79, 0xce99, 
	0xce99, 0xd6ba, 0xd6bb, 0xd6bb, 0xd6db, 0xd6db, 0xd6db, 0xd6db, 0xd6bb, 0xceba, 0xceba, 0xd69a, 0xd69a, 0xd69a, 0xd6bb, 0xdedb, 
	0xdedb, 0xdedb, 0xe71c, 0xe71c, 0xf79d, 0xef9d, 0xef9d, 0xefbd, 0xf7de, 0xf7de, 0xf7de, 0xf7df, 0xf7df, 0xf7be, 0xf7de, 0xf7de, 
	0xffde, 0xf77c, 0xf75b, 0xf75b, 0xef5b, 0xdeb8, 0xdeb8, 0xd656, 0xd635, 0xd635, 0xd636, 0xde76, 0xde76, 0xd656, 0xce15, 0xce15, 
	0xcdf4, 0xd614, 0xd614, 0xde34, 0xe675, 0xe675, 0xe675, 0xe675, 0xe675, 0xde55, 0xde34, 0xde34, 0xde34, 0xde13, 0xd5d2, 0xd5d2, 
	0xd5b1, 0xcd4f, 0xcd4f, 0xc52f, 0xc54f, 0xc54f, 0xc570, 0xcd92, 0xcd92, 0xbd73, 0xbd93, 0xbd93, 0xbd73, 0xb553, 0xb553, 0xad32, 
	0xad12, 0xad12, 0xb532, 0xc594, 0xc594, 0xcdf4, 0xcdd2, 0xc5b1, 0xc5b1, 0xcdd2, 0xd614, 0xd614, 0xd635, 0xd656, 0xd656, 0xdeb8, 
	0xdef9, 0xdef9, 0xe71a, 0xdeda, 0xdeda, 0xdeda, 0xdeb9, 0xdeb9, 0xd698, 0xd677, 0xd677, 0xce36, 0xce15, 0xce15, 0xce36, 0xd677, 
	0xd677, 0xd677, 0xd677, 0xd656, 0xd656, 0xd635, 0xd614, 0xd614, 0xcdd3, 0xc591, 0xc591, 0xcd90, 0xcd8e, 0xcd8e, 0xcd4d, 0xcd2c, 
	0xcd2c, 0xc50c, 0xc52c, 0xc52c, 0xc52c, 0xc50c, 0xc50c, 0xc52e, 0xd5d3, 0xd5d3, 0xe6b8, 0xef5c, 0xf77d, 0xf77d, 0xf77d, 0xef5d, 
	0xef5d, 0xef5d, 0xef5d, 0xef5d, 0xef7d, 0xef7d, 0xef7d, 0xef7d, 0xef7d, 0xef7d, 0xef7d, 0xef7d, 0xef7d, 0xef7d, 0xef7d, 0xef7d, 
	0xef7d, 0xef7c, 0xef7c, 0xef7c, 0xef7d, 0xef7d, 0xef7d, 0xef7d, 0xef7d, 0xef7d, 0xef7d, 0xef7d, 0xef7d, 0xef7d, 0xef7d, 0xef7d, 
	0xef7d, 0xef7d, 0xef7d, 0xef7d, 0xef7d, 0xef7d, 0xef7d, 0xef7d, 0xef7d, 0xef7c, 0xef5c, 0xef5c, 0xef5d, 0xef5d, 0xef5d, 0xef5d, 
	0xcd2d, 0xcd2d, 0xcd2d, 0xcd2d, 0xcd4d, 0xcd4d, 0xc52d, 0xb48b, 0xb48b, 0xac2c, 0xac0c, 0xac0c, 0xb42b, 0xac2a, 0xac2a, 0xac09, 
	0xac28, 0xac28, 0xac48, 0xb44a, 0xb44a, 0xc530, 0xe5f7, 0xe5f7, 0xee19, 0xee19, 0xee19, 0xf65a, 0xf67a, 0xf699, 0xf699, 0xde57, 
	0xc5f5, 0xc5f5, 0xce56, 0xd6b9, 0xd6b9, 0xd6b9, 0xd699, 0xd699, 0xd6ba, 0xd6bb, 0xd6bb, 0xceba, 0xc678, 0xc678, 0xbe37, 0xc678, 
	0xc678, 0xd6ba, 0xd6bb, 0xd6bb, 0xd6db, 0xd6db, 0xd6bb, 0xd6bb, 0xceba, 0xce9a, 0xce9a, 0xce79, 0xce79, 0xce79, 0xd699, 0xdeba, 
	0xdeba, 0xdeda, 0xe73c, 0xe73c, 0xf7be, 0xf7bd, 0xf7bd, 0xe77c, 0xefbd, 0xefbd, 0xf7fe, 0xf7df, 0xf7df, 0xf7bf, 0xf7df, 0xf7df, 
	0xf7df, 0xef7d, 0xce39, 0xce39, 0xad54, 0x9cd2, 0x9cd2, 0xa513, 0xad54, 0xad54, 0xb595, 0xbdb5, 0xbdb5, 0xbdd5, 0xb573, 0xb573, 
	0xc5d4, 0xce15, 0xce15, 0xd635, 0xde96, 0xde96, 0xe6b7, 0xe6b7, 0xe6b7, 0xde76, 0xde75, 0xde34, 0xde34, 0xd5f3, 0xd5d2, 0xd5d2, 
	0xddd2, 0xd590, 0xd590, 0xcd6f, 0xc54f, 0xc54f, 0xcd71, 0xcd92, 0xcd92, 0xc592, 0xbd52, 0xbd52, 0xbd72, 0xbd72, 0xbd72, 0xbd51, 
	0xbd51, 0xbd51, 0xc592, 0xcdd2, 0xcdd2, 0xcd91, 0xc58f, 0xcdb0, 0xcdb0, 0xd5f3, 0xd614, 0xd614, 0xd635, 0xd677, 0xd677, 0xded8, 
	0xe71a, 0xe71a, 0xdefa, 0xdeda, 0xdeda, 0xdeda, 0xdeb9, 0xdeb9, 0xd698, 0xce16, 0xce16, 0xc5f5, 0xce16, 0xce16, 0xce37, 0xd637, 
	0xd657, 0xd657, 0xd657, 0xd656, 0xd656, 0xd656, 0xd636, 0xd636, 0xd635, 0xcdf3, 0xcdf3, 0xd5f2, 0xcdb0, 0xcdb0, 0xcd8e, 0xcd4d, 
	0xcd4d, 0xcd2c, 0xcd2c, 0xcd2c, 0xcd4c, 0xc54c, 0xc54c, 0xcd6f, 0xcdd2, 0xcdd2, 0xe6b7, 0xef5b, 0xf77d, 0xf77d, 0xf77d, 0xef7d, 
	0xef7d, 0xef7d, 0xef7d, 0xef7d, 0xef7d, 0xef7d, 0xef7d, 0xef7d, 0xef7d, 0xef7d, 0xef7d, 0xef7d, 0xef7d, 0xef7d, 0xef7d, 0xef7d, 
	0xef7d, 0xef7d, 0xef7d, 0xef7d, 0xef7d, 0xef7d, 0xef7d, 0xef7d, 0xef7d, 0xef7d, 0xef7d, 0xef7d, 0xef7d, 0xef7d, 0xef7d, 0xef7d, 
	0xef7d, 0xef7d, 0xef7d, 0xef7c, 0xef5c, 0xef5c, 0xef7d, 0xef7d, 0xef7d, 0xef5c, 0xef5c, 0xef5c, 0xef5c, 0xef5c, 0xef5c, 0xef5c, 
	0xcd2d, 0xcd2d, 0xcd2d, 0xcd2d, 0xcd4d, 0xcd4d, 0xc52d, 0xb48b, 0xb48b, 0xac2c, 0xac0c, 0xac0c, 0xb42b, 0xac2a, 0xac2a, 0xac09, 
	0xac28, 0xac28, 0xac48, 0xb44a, 0xb44a, 0xc530, 0xe5f7, 0xe5f7, 0xee19, 0xee19, 0xee19, 0xf65a, 0xf67a, 0xf699, 0xf699, 0xde57, 
	0xc5f5, 0xc5f5, 0xce56, 0xd6b9, 0xd6b9, 0xd6b9, 0xd699, 0xd699, 0xd6ba, 0xd6bb, 0xd6bb, 0xceba, 0xc678, 0xc678, 0xbe37, 0xc678, 
	0xc678, 0xd6ba, 0xd6bb, 0xd6bb, 0xd6db, 0xd6db, 0xd6bb, 0xd6bb, 0xceba, 0xce9a, 0xce9a, 0xce79, 0xce79, 0xce79, 0xd699, 0xdeba, 
	0xdeba, 0xdeda, 0xe73c, 0xe73c, 0xf7be, 0xf7bd, 0xf7bd, 0xe77c, 0xefbd, 0xefbd, 0xf7fe, 0xf7df, 0xf7df, 0xf7bf, 0xf7df, 0xf7df, 
	0xf7df, 0xef7d, 0xce39, 0xce39, 0xad54, 0x9cd2, 0x9cd2, 0xa513, 0xad54, 0xad54, 0xb595, 0xbdb5, 0xbdb5, 0xbdd5, 0xb573, 0xb573, 
	0xc5d4, 0xce15, 0xce15, 0xd635, 0xde96, 0xde96, 0xe6b7, 0xe6b7, 0xe6b7, 0xde76, 0xde75, 0xde34, 0xde34, 0xd5f3, 0xd5d2, 0xd5d2, 
	0xddd2, 0xd590, 0xd590, 0xcd6f, 0xc54f, 0xc54f, 0xcd71, 0xcd92, 0xcd92, 0xc592, 0xbd52, 0xbd52, 0xbd72, 0xbd72, 0xbd72, 0xbd51, 
	0xbd51, 0xbd51, 0xc592, 0xcdd2, 0xcdd2, 0xcd91, 0xc58f, 0xcdb0, 0xcdb0, 0xd5f3, 0xd614, 0xd614, 0xd635, 0xd677, 0xd677, 0xded8, 
	0xe71a, 0xe71a, 0xdefa, 0xdeda, 0xdeda, 0xdeda, 0xdeb9, 0xdeb9, 0xd698, 0xce16, 0xce16, 0xc5f5, 0xce16, 0xce16, 0xce37, 0xd637, 
	0xd657, 0xd657, 0xd657, 0xd656, 0xd656, 0xd656, 0xd636, 0xd636, 0xd635, 0xcdf3, 0xcdf3, 0xd5f2, 0xcdb0, 0xcdb0, 0xcd8e, 0xcd4d, 
	0xcd4d, 0xcd2c, 0xcd2c, 0xcd2c, 0xcd4c, 0xc54c, 0xc54c, 0xcd6f, 0xcdd2, 0xcdd2, 0xe6b7, 0xef5b, 0xf77d, 0xf77d, 0xf77d, 0xef7d, 
	0xef7d, 0xef7d, 0xef7d, 0xef7d, 0xef7d, 0xef7d, 0xef7d, 0xef7d, 0xef7d, 0xef7d, 0xef7d, 0xef7d, 0xef7d, 0xef7d, 0xef7d, 0xef7d, 
	0xef7d, 0xef7d, 0xef7d, 0xef7d, 0xef7d, 0xef7d, 0xef7d, 0xef7d, 0xef7d, 0xef7d, 0xef7d, 0xef7d, 0xef7d, 0xef7d, 0xef7d, 0xef7d, 
	0xef7d, 0xef7d, 0xef7d, 0xef7c, 0xef5c, 0xef5c, 0xef7d, 0xef7d, 0xef7d, 0xef5c, 0xef5c, 0xef5c, 0xef5c, 0xef5c, 0xef5c, 0xef5c, 
	0xb4ab, 0xb4ab, 0xb4ab, 0xc50c, 0xcd4d, 0xcd4d, 0xc52d, 0xb4cc, 0xb4cc, 0xbcee, 0xc530, 0xc530, 0xcd51, 0xcd50, 0xcd50, 0xcd2e, 
	0xc50c, 0xc50c, 0xb4ec, 0xa4cd, 0xa4cd, 0xc551, 0xde17, 0xde17, 0xf659, 0xf67a, 0xf67a, 0xf67a, 0xee59, 0xe638, 0xe638, 0xd5d5, 
	0xbd92, 0xbd92, 0xc615, 0xce77, 0xce77, 0xce58, 0xce79, 0xce79, 0xce9a, 0xce9a, 0xce9a, 0xce79, 0xc658, 0xc658, 0xbe38, 0xce79, 
	0xce79, 0xd6ba, 0xd6bb, 0xd6bb, 0xd6bb, 0xd6ba, 0xceba, 0xceba, 0xce99, 0xc659, 0xc659, 0xce58, 0xce58, 0xce58, 0xd678, 0xde99, 
	0xde99, 0xdeda, 0xef3c, 0xef3c, 0xf7bd, 0xf79d, 0xf79d, 0xefbd, 0xe75c, 0xe75c, 0xefbd, 0xf7df, 0xf7df, 0xf7df, 0xef9e, 0xef9e, 
	0xc65a, 0x94b4, 0x73f0, 0x73f0, 0x73af, 0x73d0, 0x73d0, 0x73d0, 0x6b6e, 0x6b6e, 0x6b6e, 0x73af, 0x73af, 0x9492, 0xa533, 0xa533, 
	0xbdd5, 0xd636, 0xd636, 0xd636, 0xd636, 0xd636, 0xd656, 0xe6b8, 0xe6b8, 0xe6b7, 0xde56, 0xd635, 0xd635, 0xde55, 0xde13, 0xde13, 
	0xddd2, 0xd5d2, 0xd5d2, 0xd5b1, 0xcd90, 0xcd90, 0xcdb2, 0xcdb2, 0xcdb2, 0xcdb2, 0xc592, 0xc592, 0xbd50, 0xbd50, 0xbd50, 0xc551, 
	0xc571, 0xc571, 0xc551, 0xc570, 0xc570, 0xc56f, 0xc58f, 0xc5d0, 0xc5d0, 0xcdf2, 0xd614, 0xd614, 0xd656, 0xd698, 0xd698, 0xded9, 
	0xded9, 0xded9, 0xdeba, 0xdeda, 0xdeda, 0xdeda, 0xd678, 0xd678, 0xc617, 0xc5d4, 0xc5d4, 0xce15, 0xd656, 0xd656, 0xd677, 0xd677, 
	0xd678, 0xd678, 0xd677, 0xd677, 0xd677, 0xd656, 0xd636, 0xd636, 0xd635, 0xd634, 0xd634, 0xd613, 0xcdd1, 0xcdd1, 0xcdb0, 0xcd6e, 
	0xcd6e, 0xc54c, 0xcd4d, 0xcd4d, 0xcd6e, 0xcd6e, 0xcd6e, 0xcd6f, 0xcdb1, 0xcdb1, 0xde75, 0xef3a, 0xef7c, 0xef7c, 0xef7d, 0xef7d, 
	0xef7d, 0xef7d, 0xef7d, 0xef7d, 0xef7d, 0xef7d, 0xef7d, 0xef7d, 0xef7d, 0xef7d, 0xef7d, 0xef7d, 0xef7d, 0xef7d, 0xef7d, 0xef7d, 
	0xef7d, 0xef7d, 0xef7d, 0xef7d, 0xef7d, 0xef7d, 0xef7d, 0xef7d, 0xef7d, 0xef7d, 0xef7d, 0xef7d, 0xef7d, 0xef7d, 0xef7d, 0xef7d, 
	0xef7d, 0xef7d, 0xef7d, 0xef7c, 0xef5c, 0xef5c, 0xef7d, 0xef7d, 0xef7d, 0xef5c, 0xef5c, 0xef5c, 0xef5d, 0xef5c, 0xef5c, 0xef5c, 
	0xb4ab, 0xb4ab, 0xb4ab, 0xc50c, 0xcd4d, 0xcd4d, 0xc52d, 0xb4cc, 0xb4cc, 0xbcee, 0xc530, 0xc530, 0xcd51, 0xcd50, 0xcd50, 0xcd2e, 
	0xc50c, 0xc50c, 0xb4ec, 0xa4cd, 0xa4cd, 0xc551, 0xde17, 0xde17, 0xf659, 0xf67a, 0xf67a, 0xf67a, 0xee59, 0xe638, 0xe638, 0xd5d5, 
	0xbd92, 0xbd92, 0xc615, 0xce77, 0xce77, 0xce58, 0xce79, 0xce79, 0xce9a, 0xce9a, 0xce9a, 0xce79, 0xc658, 0xc658, 0xbe38, 0xce79, 
	0xce79, 0xd6ba, 0xd6bb, 0xd6bb, 0xd6bb, 0xd6ba, 0xceba, 0xceba, 0xce99, 0xc659, 0xc659, 0xce58, 0xce58, 0xce58, 0xd678, 0xde99, 
	0xde99, 0xdeda, 0xef3c, 0xef3c, 0xf7bd, 0xf79d, 0xf79d, 0xefbd, 0xe75c, 0xe75c, 0xefbd, 0xf7df, 0xf7df, 0xf7df, 0xef9e, 0xef9e, 
	0xc65a, 0x94b4, 0x73f0, 0x73f0, 0x73af, 0x73d0, 0x73d0, 0x73d0, 0x6b6e, 0x6b6e, 0x6b6e, 0x73af, 0x73af, 0x9492, 0xa533, 0xa533, 
	0xbdd5, 0xd636, 0xd636, 0xd636, 0xd636, 0xd636, 0xd656, 0xe6b8, 0xe6b8, 0xe6b7, 0xde56, 0xd635, 0xd635, 0xde55, 0xde13, 0xde13, 
	0xddd2, 0xd5d2, 0xd5d2, 0xd5b1, 0xcd90, 0xcd90, 0xcdb2, 0xcdb2, 0xcdb2, 0xcdb2, 0xc592, 0xc592, 0xbd50, 0xbd50, 0xbd50, 0xc551, 
	0xc571, 0xc571, 0xc551, 0xc570, 0xc570, 0xc56f, 0xc58f, 0xc5d0, 0xc5d0, 0xcdf2, 0xd614, 0xd614, 0xd656, 0xd698, 0xd698, 0xded9, 
	0xded9, 0xded9, 0xdeba, 0xdeda, 0xdeda, 0xdeda, 0xd678, 0xd678, 0xc617, 0xc5d4, 0xc5d4, 0xce15, 0xd656, 0xd656, 0xd677, 0xd677, 
	0xd678, 0xd678, 0xd677, 0xd677, 0xd677, 0xd656, 0xd636, 0xd636, 0xd635, 0xd634, 0xd634, 0xd613, 0xcdd1, 0xcdd1, 0xcdb0, 0xcd6e, 
	0xcd6e, 0xc54c, 0xcd4d, 0xcd4d, 0xcd6e, 0xcd6e, 0xcd6e, 0xcd6f, 0xcdb1, 0xcdb1, 0xde75, 0xef3a, 0xef7c, 0xef7c, 0xef7d, 0xef7d, 
	0xef7d, 0xef7d, 0xef7d, 0xef7d, 0xef7d, 0xef7d, 0xef7d, 0xef7d, 0xef7d, 0xef7d, 0xef7d, 0xef7d, 0xef7d, 0xef7d, 0xef7d, 0xef7d, 
	0xef7d, 0xef7d, 0xef7d, 0xef7d, 0xef7d, 0xef7d, 0xef7d, 0xef7d, 0xef7d, 0xef7d, 0xef7d, 0xef7d, 0xef7d, 0xef7d, 0xef7d, 0xef7d, 
	0xef7d, 0xef7d, 0xef7d, 0xef7c, 0xef5c, 0xef5c, 0xef7d, 0xef7d, 0xef7d, 0xef5c, 0xef5c, 0xef5c, 0xef5d, 0xef5c, 0xef5c, 0xef5c, 
	0x9c4a, 0xa46a, 0xa46a, 0xbccc, 0xcd2d, 0xcd2d, 0xbcec, 0xbcec, 0xbcec, 0xc590, 0xcdd2, 0xcdd2, 0xd5f3, 0xd5d2, 0xd5d2, 0xd5d0, 
	0xcdd0, 0xcdd0, 0xbdb0, 0xad71, 0xad71, 0xbd93, 0xde57, 0xde57, 0xee79, 0xee58, 0xee58, 0xee37, 0xe5f7, 0xddf6, 0xddf6, 0xcdb4, 
	0xbd72, 0xbd72, 0xc5d4, 0xce16, 0xce16, 0xce37, 0xce17, 0xce17, 0xc638, 0xc638, 0xc638, 0xc617, 0xbe17, 0xbe17, 0xbe17, 0xc658, 
	0xc658, 0xc659, 0xce7a, 0xce7a, 0xce9b, 0xce9a, 0xce99, 0xce99, 0xce58, 0xc638, 0xc638, 0xc617, 0xc637, 0xc637, 0xce78, 0xde99, 
	0xde99, 0xe6da, 0xef5c, 0xef5c, 0xf79d, 0xf79d, 0xf79d, 0xf7bd, 0xef7c, 0xef7c, 0xe75c, 0xf7bf, 0xf7bf, 0xf7df, 0x9d36, 0x9d36, 
	0x634e, 0x634f, 0x4aac, 0x4aac, 0x52cc, 0x52ed, 0x52ed, 0x5b0f, 0x5b0f, 0x5b0f, 0x5b0f, 0x4a6c, 0x4a6c, 0x526b, 0x736e, 0x736e, 
	0xa4f3, 0xc5d6, 0xc5d6, 0xce16, 0xd637, 0xd637, 0xd677, 0xe6b9, 0xe6b9, 0xd656, 0xde76, 0xde56, 0xde56, 0xd634, 0xd613, 0xd613, 
	0xd5f3, 0xd5f2, 0xd5f2, 0xcdd1, 0xcdd1, 0xcdd1, 0xcdd2, 0xd613, 0xd613, 0xd5d3, 0xc592, 0xc592, 0xc571, 0xcd91, 0xcd91, 0xcd90, 
	0xc590, 0xc590, 0xc54f, 0xc56f, 0xc56f, 0xcdb0, 0xcdb0, 0xcdd2, 0xcdd2, 0xd613, 0xd635, 0xd635, 0xd657, 0xd678, 0xd678, 0xdeb9, 
	0xdeb9, 0xdeb9, 0xdeda, 0xdefb, 0xdefb, 0xdeda, 0xd699, 0xd699, 0xce37, 0xc5d5, 0xc5d5, 0xc5f5, 0xce56, 0xce56, 0xd677, 0xd677, 
	0xd677, 0xd677, 0xd656, 0xd656, 0xd656, 0xd636, 0xd656, 0xd656, 0xd656, 0xd635, 0xd635, 0xd613, 0xd5d2, 0xd5d2, 0xd5b0, 0xcd6e, 
	0xcd6e, 0xc54c, 0xcd4d, 0xcd4d, 0xcd6e, 0xcd6f, 0xcd6f, 0xcd6e, 0xcd90, 0xcd90, 0xde34, 0xe6f9, 0xef5c, 0xef5c, 0xef7d, 0xef7d, 
	0xef7d, 0xef7d, 0xef7d, 0xef7d, 0xef7d, 0xef7d, 0xef7d, 0xef7d, 0xef7d, 0xef7d, 0xef7d, 0xef7d, 0xef7d, 0xef7d, 0xef7d, 0xef7d, 
	0xef7d, 0xef7d, 0xef7d, 0xef7d, 0xef7d, 0xef7d, 0xef7d, 0xef7d, 0xef7d, 0xef7d, 0xef7d, 0xef7d, 0xef7d, 0xef7d, 0xef7d, 0xef7d, 
	0xef7d, 0xef7d, 0xef7d, 0xef7c, 0xef7c, 0xef7c, 0xef7c, 0xef7c, 0xef7c, 0xef7c, 0xef5c, 0xef5c, 0xef5d, 0xef5d, 0xef5d, 0xef5c, 
	0xa48b, 0xacac, 0xacac, 0xbcec, 0xc50c, 0xc50c, 0xbccc, 0xbd0d, 0xbd0d, 0xc5b0, 0xcdf2, 0xcdf2, 0xce13, 0xd612, 0xd612, 0xd611, 
	0xcdf1, 0xcdf1, 0xb5d2, 0xad92, 0xad92, 0xb5d4, 0xd636, 0xd636, 0xe657, 0xe636, 0xe636, 0xddf5, 0xddd5, 0xddd6, 0xddd6, 0xd5d6, 
	0xcdd4, 0xcdd4, 0xd5d5, 0xde16, 0xde16, 0xde57, 0xd637, 0xd637, 0xc5d6, 0xbdb5, 0xbdb5, 0xbdd6, 0xb5d6, 0xb5d6, 0xa533, 0x9d12, 
	0x9d12, 0x9d12, 0xa554, 0xa554, 0xb5d6, 0xc658, 0xc658, 0xc658, 0xce38, 0xc5f7, 0xc5f7, 0xbdf6, 0xbdd5, 0xbdd5, 0xc616, 0xce38, 
	0xce38, 0xdeba, 0xef5c, 0xef5c, 0xf79d, 0xf79d, 0xf79d, 0xf79c, 0xef5c, 0xef5c, 0xf77e, 0xffdf, 0xffdf, 0xcebb, 0x29a6, 0x29a6, 
	0x2106, 0x18e6, 0x18e5, 0x18e5, 0x18e5, 0x18e5, 0x18e5, 0x2147, 0x31e9, 0x31e9, 0x3a0b, 0x31a8, 0x31a8, 0x31a7, 0x39c8, 0x39c8, 
	0x5aab, 0x9cd3, 0x9cd3, 0xce58, 0xd699, 0xd699, 0xdeba, 0xde98, 0xde98, 0xde98, 0xe6b7, 0xde56, 0xde56, 0xd634, 0xd613, 0xd613, 
	0xd613, 0xd613, 0xd613, 0xd5f2, 0xd612, 0xd612, 0xd5f3, 0xd634, 0xd634, 0xde34, 0xcdf3, 0xcdf3, 0xcdd3, 0xd5d2, 0xd5d2, 0xcd90, 
	0xbd2f, 0xbd2f, 0xc550, 0xcd91, 0xcd91, 0xcdb1, 0xcdb2, 0xcdd2, 0xcdd2, 0xce14, 0xce56, 0xce56, 0xd698, 0xdeb9, 0xdeb9, 0xdeb9, 
	0xdeba, 0xdeba, 0xdefb, 0xdefb, 0xdefb, 0xe6fa, 0xe6da, 0xe6da, 0xdeb9, 0xce57, 0xce57, 0xce57, 0xd677, 0xd677, 0xd677, 0xd677, 
	0xd677, 0xd677, 0xd677, 0xd677, 0xd677, 0xd676, 0xd676, 0xd676, 0xd656, 0xd635, 0xd635, 0xd614, 0xd5d3, 0xd5d3, 0xd5d2, 0xd5b0, 
	0xd5b0, 0xcd6e, 0xcd6e, 0xcd6e, 0xcd6e, 0xcd6f, 0xcd6f, 0xd5af, 0xd58f, 0xd58f, 0xd5d2, 0xe677, 0xe71b, 0xe71b, 0xef7d, 0xe77d, 
	0xe77d, 0xef7d, 0xef7d, 0xef7d, 0xef7d, 0xef7d, 0xef7d, 0xef7d, 0xef7d, 0xef7d, 0xef7d, 0xef7d, 0xef7d, 0xef7d, 0xef7d, 0xef7d, 
	0xef7d, 0xef7d, 0xef7d, 0xef7d, 0xef7d, 0xef5c, 0xef5c, 0xef7d, 0xef7d, 0xef7d, 0xef7d, 0xef7d, 0xef7d, 0xef7d, 0xef7d, 0xef7d, 
	0xef7d, 0xef7d, 0xef7d, 0xef7c, 0xef5c, 0xef5c, 0xef5c, 0xef5c, 0xef5c, 0xef5c, 0xef5c, 0xef5c, 0xef5d, 0xef5d, 0xef5d, 0xef5d, 
	0xa48b, 0xacac, 0xacac, 0xbcec, 0xc50c, 0xc50c, 0xbccc, 0xbd0d, 0xbd0d, 0xc5b0, 0xcdf2, 0xcdf2, 0xce13, 0xd612, 0xd612, 0xd611, 
	0xcdf1, 0xcdf1, 0xb5d2, 0xad92, 0xad92, 0xb5d4, 0xd636, 0xd636, 0xe657, 0xe636, 0xe636, 0xddf5, 0xddd5, 0xddd6, 0xddd6, 0xd5d6, 
	0xcdd4, 0xcdd4, 0xd5d5, 0xde16, 0xde16, 0xde57, 0xd637, 0xd637, 0xc5d6, 0xbdb5, 0xbdb5, 0xbdd6, 0xb5d6, 0xb5d6, 0xa533, 0x9d12, 
	0x9d12, 0x9d12, 0xa554, 0xa554, 0xb5d6, 0xc658, 0xc658, 0xc658, 0xce38, 0xc5f7, 0xc5f7, 0xbdf6, 0xbdd5, 0xbdd5, 0xc616, 0xce38, 
	0xce38, 0xdeba, 0xef5c, 0xef5c, 0xf79d, 0xf79d, 0xf79d, 0xf79c, 0xef5c, 0xef5c, 0xf77e, 0xffdf, 0xffdf, 0xcebb, 0x29a6, 0x29a6, 
	0x2106, 0x18e6, 0x18e5, 0x18e5, 0x18e5, 0x18e5, 0x18e5, 0x2147, 0x31e9, 0x31e9, 0x3a0b, 0x31a8, 0x31a8, 0x31a7, 0x39c8, 0x39c8, 
	0x5aab, 0x9cd3, 0x9cd3, 0xce58, 0xd699, 0xd699, 0xdeba, 0xde98, 0xde98, 0xde98, 0xe6b7, 0xde56, 0xde56, 0xd634, 0xd613, 0xd613, 
	0xd613, 0xd613, 0xd613, 0xd5f2, 0xd612, 0xd612, 0xd5f3, 0xd634, 0xd634, 0xde34, 0xcdf3, 0xcdf3, 0xcdd3, 0xd5d2, 0xd5d2, 0xcd90, 
	0xbd2f, 0xbd2f, 0xc550, 0xcd91, 0xcd91, 0xcdb1, 0xcdb2, 0xcdd2, 0xcdd2, 0xce14, 0xce56, 0xce56, 0xd698, 0xdeb9, 0xdeb9, 0xdeb9, 
	0xdeba, 0xdeba, 0xdefb, 0xdefb, 0xdefb, 0xe6fa, 0xe6da, 0xe6da, 0xdeb9, 0xce57, 0xce57, 0xce57, 0xd677, 0xd677, 0xd677, 0xd677, 
	0xd677, 0xd677, 0xd677, 0xd677, 0xd677, 0xd676, 0xd676, 0xd676, 0xd656, 0xd635, 0xd635, 0xd614, 0xd5d3, 0xd5d3, 0xd5d2, 0xd5b0, 
	0xd5b0, 0xcd6e, 0xcd6e, 0xcd6e, 0xcd6e, 0xcd6f, 0xcd6f, 0xd5af, 0xd58f, 0xd58f, 0xd5d2, 0xe677, 0xe71b, 0xe71b, 0xef7d, 0xe77d, 
	0xe77d, 0xef7d, 0xef7d, 0xef7d, 0xef7d, 0xef7d, 0xef7d, 0xef7d, 0xef7d, 0xef7d, 0xef7d, 0xef7d, 0xef7d, 0xef7d, 0xef7d, 0xef7d, 
	0xef7d, 0xef7d, 0xef7d, 0xef7d, 0xef7d, 0xef5c, 0xef5c, 0xef7d, 0xef7d, 0xef7d, 0xef7d, 0xef7d, 0xef7d, 0xef7d, 0xef7d, 0xef7d, 
	0xef7d, 0xef7d, 0xef7d, 0xef7c, 0xef5c, 0xef5c, 0xef5c, 0xef5c, 0xef5c, 0xef5c, 0xef5c, 0xef5c, 0xef5d, 0xef5d, 0xef5d, 0xef5d, 
	0xb50c, 0xbd0d, 0xbd0d, 0xc50d, 0xc4ec, 0xc4ec, 0xb4ab, 0xbd0e, 0xbd0e, 0xc5b1, 0xcdf2, 0xcdf2, 0xce13, 0xce12, 0xce12, 0xce10, 
	0xbdf0, 0xbdf0, 0xb5b1, 0xad92, 0xad92, 0xb592, 0xc5d4, 0xc5d4, 0xd5f5, 0xddf4, 0xddf4, 0xd5b3, 0xddd4, 0xe5d6, 0xe5d6, 0xe5f6, 
	0xe5d5, 0xe5d5, 0xddb3, 0xe5d4, 0xe5d4, 0xe616, 0xde37, 0xde37, 0xd5f6, 0xc5f6, 0xc5f6, 0xc618, 0xb5d7, 0xb5d7, 0x8c70, 0x5b29, 
	0x5b29, 0x5b28, 0x73aa, 0x73aa, 0x94cf, 0xb5d3, 0xc635, 0xc635, 0xce37, 0xc636, 0xc636, 0xc616, 0xc616, 0xc616, 0xce36, 0xce58, 
	0xce58, 0xdeb9, 0xef3c, 0xef3c, 0xe71c, 0xef3b, 0xef3b, 0xf79c, 0xf79d, 0xf79d, 0xf7bf, 0xffdf, 0xffdf, 0x94b4, 0x18c4, 0x18c4, 
	0x0863, 0x1084, 0x1064, 0x1064, 0x0863, 0x0843, 0x0843, 0x0823, 0x0843, 0x0843, 0x0863, 0x1084, 0x1084, 0x18e5, 0x2926, 0x2926, 
	0x31a7, 0x4a49, 0x4a49, 0xa514, 0xd699, 0xd699, 0xd6b9, 0xded9, 0xded9, 0xe6d9, 0xeef9, 0xe6d8, 0xe6d8, 0xde96, 0xd655, 0xd655, 
	0xd613, 0xd5f2, 0xd5f2, 0xd5f3, 0xcdd2, 0xcdd2, 0xcdf3, 0xde55, 0xde55, 0xde76, 0xde96, 0xde96, 0xde76, 0xde34, 0xde34, 0xd5f3, 
	0xd5f3, 0xd5f3, 0xd5f3, 0xd614, 0xd614, 0xd615, 0xce15, 0xce35, 0xce35, 0xce35, 0xce36, 0xce36, 0xd678, 0xd699, 0xd699, 0xdeda, 
	0xdeda, 0xdeda, 0xdeda, 0xdefb, 0xdefb, 0xdefa, 0xe71a, 0xe71a, 0xdefa, 0xdefa, 0xdefa, 0xdef9, 0xded9, 0xded9, 0xdeb8, 0xd698, 
	0xde98, 0xde98, 0xde98, 0xd677, 0xd677, 0xd657, 0xd657, 0xd657, 0xd636, 0xd635, 0xd635, 0xd615, 0xd5f4, 0xd5f4, 0xd5f2, 0xd5b0, 
	0xd5b0, 0xd58f, 0xcd6e, 0xcd6e, 0xcd6f, 0xd590, 0xd590, 0xd5b0, 0xd590, 0xd590, 0xcdb1, 0xde35, 0xe71a, 0xe71a, 0xef5c, 0xef7d, 
	0xef7d, 0xef7d, 0xef7d, 0xef7d, 0xef7d, 0xef7d, 0xef7d, 0xef7d, 0xef7d, 0xef7d, 0xef7d, 0xef7d, 0xef7d, 0xef7d, 0xef7d, 0xef7d, 
	0xef7d, 0xef7d, 0xef7d, 0xef7d, 0xef7d, 0xef5c, 0xef5c, 0xef7d, 0xef7d, 0xef7d, 0xef7d, 0xef7c, 0xef7c, 0xef5c, 0xef7c, 0xef7c, 
	0xef7d, 0xef7d, 0xef7d, 0xef7c, 0xef7c, 0xef7c, 0xef5c, 0xef5c, 0xef5c, 0xef5c, 0xef5c, 0xef5c, 0xef5c, 0xef5c, 0xef5c, 0xef5c, 
	0xb50c, 0xbd0d, 0xbd0d, 0xc50d, 0xc4ec, 0xc4ec, 0xb4ab, 0xbd0e, 0xbd0e, 0xc5b1, 0xcdf2, 0xcdf2, 0xce13, 0xce12, 0xce12, 0xce10, 
	0xbdf0, 0xbdf0, 0xb5b1, 0xad92, 0xad92, 0xb592, 0xc5d4, 0xc5d4, 0xd5f5, 0xddf4, 0xddf4, 0xd5b3, 0xddd4, 0xe5d6, 0xe5d6, 0xe5f6, 
	0xe5d5, 0xe5d5, 0xddb3, 0xe5d4, 0xe5d4, 0xe616, 0xde37, 0xde37, 0xd5f6, 0xc5f6, 0xc5f6, 0xc618, 0xb5d7, 0xb5d7, 0x8c70, 0x5b29, 
	0x5b29, 0x5b28, 0x73aa, 0x73aa, 0x94cf, 0xb5d3, 0xc635, 0xc635, 0xce37, 0xc636, 0xc636, 0xc616, 0xc616, 0xc616, 0xce36, 0xce58, 
	0xce58, 0xdeb9, 0xef3c, 0xef3c, 0xe71c, 0xef3b, 0xef3b, 0xf79c, 0xf79d, 0xf79d, 0xf7bf, 0xffdf, 0xffdf, 0x94b4, 0x18c4, 0x18c4, 
	0x0863, 0x1084, 0x1064, 0x1064, 0x0863, 0x0843, 0x0843, 0x0823, 0x0843, 0x0843, 0x0863, 0x1084, 0x1084, 0x18e5, 0x2926, 0x2926, 
	0x31a7, 0x4a49, 0x4a49, 0xa514, 0xd699, 0xd699, 0xd6b9, 0xded9, 0xded9, 0xe6d9, 0xeef9, 0xe6d8, 0xe6d8, 0xde96, 0xd655, 0xd655, 
	0xd613, 0xd5f2, 0xd5f2, 0xd5f3, 0xcdd2, 0xcdd2, 0xcdf3, 0xde55, 0xde55, 0xde76, 0xde96, 0xde96, 0xde76, 0xde34, 0xde34, 0xd5f3, 
	0xd5f3, 0xd5f3, 0xd5f3, 0xd614, 0xd614, 0xd615, 0xce15, 0xce35, 0xce35, 0xce35, 0xce36, 0xce36, 0xd678, 0xd699, 0xd699, 0xdeda, 
	0xdeda, 0xdeda, 0xdeda, 0xdefb, 0xdefb, 0xdefa, 0xe71a, 0xe71a, 0xdefa, 0xdefa, 0xdefa, 0xdef9, 0xded9, 0xded9, 0xdeb8, 0xd698, 
	0xde98, 0xde98, 0xde98, 0xd677, 0xd677, 0xd657, 0xd657, 0xd657, 0xd636, 0xd635, 0xd635, 0xd615, 0xd5f4, 0xd5f4, 0xd5f2, 0xd5b0, 
	0xd5b0, 0xd58f, 0xcd6e, 0xcd6e, 0xcd6f, 0xd590, 0xd590, 0xd5b0, 0xd590, 0xd590, 0xcdb1, 0xde35, 0xe71a, 0xe71a, 0xef5c, 0xef7d, 
	0xef7d, 0xef7d, 0xef7d, 0xef7d, 0xef7d, 0xef7d, 0xef7d, 0xef7d, 0xef7d, 0xef7d, 0xef7d, 0xef7d, 0xef7d, 0xef7d, 0xef7d, 0xef7d, 
	0xef7d, 0xef7d, 0xef7d, 0xef7d, 0xef7d, 0xef5c, 0xef5c, 0xef7d, 0xef7d, 0xef7d, 0xef7d, 0xef7c, 0xef7c, 0xef5c, 0xef7c, 0xef7c, 
	0xef7d, 0xef7d, 0xef7d, 0xef7c, 0xef7c, 0xef7c, 0xef5c, 0xef5c, 0xef5c, 0xef5c, 0xef5c, 0xef5c, 0xef5c, 0xef5c, 0xef5c, 0xef5c, 
	0xb52d, 0xbd0d, 0xbd0d, 0xc50d, 0xbccb, 0xbccb, 0xb4ab, 0xb50e, 0xb50e, 0xc5b1, 0xc5f2, 0xc5f2, 0xc613, 0xc612, 0xc612, 0xbdd0, 
	0xb58f, 0xb58f, 0xb590, 0xa570, 0xa570, 0xa510, 0xb530, 0xb530, 0xbd52, 0xc571, 0xc571, 0xcd71, 0xddb3, 0xe617, 0xe617, 0xee16, 
	0xe574, 0xe574, 0xccb0, 0xccb0, 0xccb0, 0xdd54, 0xe5d6, 0xe5d6, 0xddf7, 0xce38, 0xce38, 0xce99, 0xce79, 0xce79, 0xad95, 0x7c0d, 
	0x7c0d, 0x6327, 0x6b26, 0x6b26, 0x7387, 0x94ac, 0xb5b1, 0xb5b1, 0xc615, 0xc616, 0xc616, 0xc5f6, 0xc616, 0xc616, 0xce36, 0xd658, 
	0xd658, 0xe6fa, 0xf75c, 0xf75c, 0xef3c, 0xe71b, 0xe71b, 0xe75b, 0xf7be, 0xf7be, 0xffdf, 0xf7bf, 0xf7bf, 0x7c12, 0x1083, 0x1083, 
	0x0001, 0x1063, 0x1063, 0x1063, 0x0843, 0x0822, 0x0822, 0x0001, 0x0001, 0x0001, 0x0001, 0x0843, 0x0843, 0x0842, 0x1083, 0x1083, 
	0x2946, 0x2966, 0x2966, 0x8452, 0xce9a, 0xce9a, 0xd6da, 0xdf1b, 0xdf1b, 0xe71a, 0xe6f9, 0xe6f8, 0xe6f8, 0xdeb6, 0xde76, 0xde76, 
	0xd634, 0xd613, 0xd613, 0xd5f3, 0xd5f3, 0xd5f3, 0xd634, 0xde76, 0xde76, 0xde77, 0xde97, 0xde97, 0xe6d8, 0xe6d8, 0xe6d8, 0xde97, 
	0xde77, 0xde77, 0xde97, 0xd677, 0xd677, 0xd657, 0xce57, 0xce56, 0xce56, 0xd657, 0xce57, 0xce57, 0xce58, 0xd679, 0xd679, 0xd699, 
	0xdeba, 0xdeba, 0xdeba, 0xdeba, 0xdeba, 0xe6fb, 0xe71b, 0xe71b, 0xe71a, 0xe71a, 0xe71a, 0xe6fa, 0xded9, 0xded9, 0xde98, 0xd697, 
	0xde98, 0xde98, 0xde98, 0xd677, 0xd677, 0xd657, 0xd657, 0xd657, 0xd636, 0xd635, 0xd635, 0xd615, 0xd614, 0xd614, 0xd5f3, 0xd5b0, 
	0xd5b0, 0xcd4e, 0xc52d, 0xc52d, 0xcd6f, 0xd590, 0xd590, 0xd590, 0xcd6f, 0xcd6f, 0xcd91, 0xde15, 0xe6f9, 0xe6f9, 0xef5c, 0xef7c, 
	0xef7c, 0xef7d, 0xef7d, 0xef7d, 0xef7d, 0xef7d, 0xef7d, 0xef7d, 0xef7d, 0xef7d, 0xef7d, 0xef7d, 0xef7d, 0xef7d, 0xef7d, 0xef7d, 
	0xef7d, 0xef7d, 0xef7d, 0xef7d, 0xef7d, 0xef5c, 0xef5c, 0xef7d, 0xef7d, 0xef7d, 0xef7d, 0xef7c, 0xef7c, 0xef7c, 0xef7c, 0xef7c, 
	0xef7d, 0xef7d, 0xef7d, 0xef7d, 0xef7c, 0xef7c, 0xef5c, 0xef5c, 0xef5c, 0xef5c, 0xef5c, 0xef5c, 0xef5c, 0xef5c, 0xef5c, 0xef5c, 
	0xb52d, 0xbd0d, 0xbd0d, 0xc50d, 0xbccb, 0xbccb, 0xb4ab, 0xb50e, 0xb50e, 0xc5b1, 0xc5f2, 0xc5f2, 0xc613, 0xc612, 0xc612, 0xbdd0, 
	0xb58f, 0xb58f, 0xb590, 0xa570, 0xa570, 0xa510, 0xb530, 0xb530, 0xbd52, 0xc571, 0xc571, 0xcd71, 0xddb3, 0xe617, 0xe617, 0xee16, 
	0xe574, 0xe574, 0xccb0, 0xccb0, 0xccb0, 0xdd54, 0xe5d6, 0xe5d6, 0xddf7, 0xce38, 0xce38, 0xce99, 0xce79, 0xce79, 0xad95, 0x7c0d, 
	0x7c0d, 0x6327, 0x6b26, 0x6b26, 0x7387, 0x94ac, 0xb5b1, 0xb5b1, 0xc615, 0xc616, 0xc616, 0xc5f6, 0xc616, 0xc616, 0xce36, 0xd658, 
	0xd658, 0xe6fa, 0xf75c, 0xf75c, 0xef3c, 0xe71b, 0xe71b, 0xe75b, 0xf7be, 0xf7be, 0xffdf, 0xf7bf, 0xf7bf, 0x7c12, 0x1083, 0x1083, 
	0x0001, 0x1063, 0x1063, 0x1063, 0x0843, 0x0822, 0x0822, 0x0001, 0x0001, 0x0001, 0x0001, 0x0843, 0x0843, 0x0842, 0x1083, 0x1083, 
	0x2946, 0x2966, 0x2966, 0x8452, 0xce9a, 0xce9a, 0xd6da, 0xdf1b, 0xdf1b, 0xe71a, 0xe6f9, 0xe6f8, 0xe6f8, 0xdeb6, 0xde76, 0xde76, 
	0xd634, 0xd613, 0xd613, 0xd5f3, 0xd5f3, 0xd5f3, 0xd634, 0xde76, 0xde76, 0xde77, 0xde97, 0xde97, 0xe6d8, 0xe6d8, 0xe6d8, 0xde97, 
	0xde77, 0xde77, 0xde97, 0xd677, 0xd677, 0xd657, 0xce57, 0xce56, 0xce56, 0xd657, 0xce57, 0xce57, 0xce58, 0xd679, 0xd679, 0xd699, 
	0xdeba, 0xdeba, 0xdeba, 0xdeba, 0xdeba, 0xe6fb, 0xe71b, 0xe71b, 0xe71a, 0xe71a, 0xe71a, 0xe6fa, 0xded9, 0xded9, 0xde98, 0xd697, 
	0xde98, 0xde98, 0xde98, 0xd677, 0xd677, 0xd657, 0xd657, 0xd657, 0xd636, 0xd635, 0xd635, 0xd615, 0xd614, 0xd614, 0xd5f3, 0xd5b0, 
	0xd5b0, 0xcd4e, 0xc52d, 0xc52d, 0xcd6f, 0xd590, 0xd590, 0xd590, 0xcd6f, 0xcd6f, 0xcd91, 0xde15, 0xe6f9, 0xe6f9, 0xef5c, 0xef7c, 
	0xef7c, 0xef7d, 0xef7d, 0xef7d, 0xef7d, 0xef7d, 0xef7d, 0xef7d, 0xef7d, 0xef7d, 0xef7d, 0xef7d, 0xef7d, 0xef7d, 0xef7d, 0xef7d, 
	0xef7d, 0xef7d, 0xef7d, 0xef7d, 0xef7d, 0xef5c, 0xef5c, 0xef7d, 0xef7d, 0xef7d, 0xef7d, 0xef7c, 0xef7c, 0xef7c, 0xef7c, 0xef7c, 
	0xef7d, 0xef7d, 0xef7d, 0xef7d, 0xef7c, 0xef7c, 0xef5c, 0xef5c, 0xef5c, 0xef5c, 0xef5c, 0xef5c, 0xef5c, 0xef5c, 0xef5c, 0xef5c, 
	0xb50d, 0xb50d, 0xb50d, 0xbccc, 0xb4aa, 0xb4aa, 0xb4ec, 0xbd4f, 0xbd4f, 0xbdd1, 0xc613, 0xc613, 0xc613, 0xbdf2, 0xbdf2, 0xb5b0, 
	0xad6f, 0xad6f, 0xb5b0, 0xb5b0, 0xb5b0, 0xb551, 0xbd31, 0xbd31, 0xbd10, 0xbcef, 0xbcef, 0xbcce, 0xd572, 0xe617, 0xe617, 0xddd5, 
	0xcd11, 0xcd11, 0xbc2d, 0xb40d, 0xb40d, 0xd4f2, 0xddb6, 0xddb6, 0xddf7, 0xd658, 0xd658, 0xd6da, 0xd6db, 0xd6db, 0xc658, 0xa533, 
	0xa533, 0x7bcb, 0x6b47, 0x6b47, 0x6b66, 0x8408, 0x9ced, 0x9ced, 0xb592, 0xbdd5, 0xbdd5, 0xbdd5, 0xbdb5, 0xbdb5, 0xbdb5, 0xce17, 
	0xce17, 0xe6fa, 0xe71b, 0xe71b, 0xd699, 0xce78, 0xce78, 0xd6b8, 0xef7d, 0xef7d, 0xf7df, 0xef7f, 0xef7f, 0xa558, 0x2126, 0x2126, 
	0x0000, 0x1063, 0x10a4, 0x10a4, 0x0843, 0x0822, 0x0822, 0x0001, 0x0000, 0x0000, 0x0000, 0x0022, 0x0022, 0x0843, 0x0843, 0x0843, 
	0x2125, 0x31c8, 0x31c8, 0x8453, 0xce7b, 0xce7b, 0xdefc, 0xdf1b, 0xdf1b, 0xdf1a, 0xdef9, 0xded8, 0xded8, 0xdeb7, 0xde96, 0xde96, 
	0xde55, 0xde35, 0xde35, 0xd615, 0xd615, 0xd615, 0xd655, 0xd656, 0xd656, 0xd657, 0xd678, 0xd678, 0xdeb9, 0xded9, 0xded9, 0xdeb8, 
	0xded9, 0xded9, 0xdefa, 0xd6b9, 0xd6b9, 0xd659, 0xce58, 0xce37, 0xce37, 0xce37, 0xd658, 0xd658, 0xd679, 0xd679, 0xd679, 0xd679, 
	0xd6ba, 0xd6ba, 0xdeda, 0xdeda, 0xdeda, 0xdefa, 0xe6fa, 0xe6fa, 0xdef9, 0xdef9, 0xdef9, 0xdef9, 0xdeb9, 0xdeb9, 0xde98, 0xdeb8, 
	0xdeb8, 0xdeb8, 0xdeb8, 0xde98, 0xde98, 0xde77, 0xd636, 0xd636, 0xd636, 0xce35, 0xce35, 0xcdf4, 0xd5f4, 0xd5f4, 0xd5d2, 0xd5b1, 
	0xd5b1, 0xcd6e, 0xc54e, 0xc54e, 0xcd6f, 0xd58f, 0xd58f, 0xd58f, 0xcd8f, 0xcd8f, 0xcd90, 0xd5f3, 0xe697, 0xe697, 0xef3b, 0xef7c, 
	0xef7c, 0xef5c, 0xef5c, 0xef5c, 0xef7d, 0xef7d, 0xef7d, 0xef7d, 0xef7d, 0xef7d, 0xef7d, 0xef7d, 0xef7d, 0xef7d, 0xef7d, 0xef7d, 
	0xef7d, 0xef7d, 0xef7d, 0xef7d, 0xef7d, 0xef7c, 0xef7c, 0xef7d, 0xef7d, 0xef7d, 0xef7d, 0xef7d, 0xef7d, 0xef7d, 0xef7d, 0xef7d, 
	0xef7d, 0xef7d, 0xef7d, 0xef7d, 0xef7c, 0xef7c, 0xef5c, 0xef5c, 0xef5c, 0xef5c, 0xef5c, 0xef5c, 0xef5c, 0xef5c, 0xef5c, 0xef5c, 
	0xbd0c, 0xbced, 0xbced, 0xb4ac, 0xb48b, 0xb48b, 0xbd0d, 0xbd90, 0xbd90, 0xbdf1, 0xc612, 0xc612, 0xc5f2, 0xb591, 0xb591, 0xb550, 
	0xb570, 0xb570, 0xc5d2, 0xcdf3, 0xcdf3, 0xd614, 0xddd5, 0xddd5, 0xddb5, 0xcd72, 0xcd72, 0xbd10, 0xcd73, 0xddf6, 0xddf6, 0xddd6, 
	0xd553, 0xd553, 0xccf1, 0xccd1, 0xccd1, 0xd533, 0xdd75, 0xdd75, 0xcdd5, 0xc616, 0xc616, 0xce99, 0xd6db, 0xd6db, 0xd6db, 0xc617, 
	0xc617, 0x9cf0, 0x7baa, 0x7baa, 0x7367, 0x83c8, 0x946b, 0x946b, 0xa50f, 0xb593, 0xb593, 0xc5f5, 0xc5f6, 0xc5f6, 0xc616, 0xdeda, 
	0xdeda, 0xf7bd, 0xffde, 0xffde, 0xf77d, 0xe75b, 0xe75b, 0xe73b, 0xef9e, 0xef9e, 0xefbf, 0xdf1e, 0xdf1e, 0x9d17, 0x630e, 0x630e, 
	0x1083, 0x18e5, 0x10a4, 0x10a4, 0x0863, 0x0043, 0x0043, 0x0001, 0x0000, 0x0000, 0x0000, 0x0001, 0x0001, 0x0863, 0x0863, 0x0863, 
	0x18c4, 0x31c8, 0x31c8, 0x7c12, 0xbe3a, 0xbe3a, 0xcedb, 0xd6fb, 0xd6fb, 0xd6fa, 0xce98, 0xd697, 0xd697, 0xd697, 0xde76, 0xde76, 
	0xde56, 0xde55, 0xde55, 0xd635, 0xce15, 0xce15, 0xde56, 0xd656, 0xd656, 0xd678, 0xd6b9, 0xd6b9, 0xd6b9, 0xd6b9, 0xd6b9, 0xd6b9, 
	0xd6da, 0xd6da, 0xdf1b, 0xdefa, 0xdefa, 0xd699, 0xce99, 0xd699, 0xd699, 0xd699, 0xce58, 0xce58, 0xd679, 0xd699, 0xd699, 0xdeba, 
	0xdeba, 0xdeba, 0xd699, 0xdeba, 0xdeba, 0xdeb9, 0xdeb9, 0xdeb9, 0xd6b9, 0xdeb9, 0xdeb9, 0xdeb9, 0xdeb8, 0xdeb8, 0xde98, 0xde98, 
	0xde98, 0xde98, 0xd677, 0xd677, 0xd677, 0xd636, 0xd616, 0xd616, 0xd636, 0xd656, 0xd656, 0xd614, 0xcdd3, 0xcdd3, 0xcdb1, 0xcd8f, 
	0xcd8f, 0xcd4e, 0xc50d, 0xc50d, 0xcd4e, 0xcd6f, 0xcd6f, 0xcd6f, 0xd56f, 0xd56f, 0xd58f, 0xd5d2, 0xde56, 0xde56, 0xeefa, 0xef5d, 
	0xef5d, 0xef5d, 0xef5d, 0xef5d, 0xef7d, 0xef7d, 0xef7d, 0xef7d, 0xef7d, 0xef7d, 0xef7d, 0xef7d, 0xef7d, 0xef7d, 0xef7d, 0xef7d, 
	0xef7d, 0xef7d, 0xef7d, 0xef7d, 0xef5d, 0xef5c, 0xef5c, 0xef5d, 0xef5d, 0xef5d, 0xef5d, 0xef5d, 0xef5d, 0xf75d, 0xef5d, 0xef5d, 
	0xef5d, 0xef5d, 0xef5d, 0xef7d, 0xef7c, 0xef7c, 0xef5c, 0xef5c, 0xef5c, 0xef5c, 0xef5c, 0xef5c, 0xef5c, 0xef5c, 0xef5c, 0xef5c, 
	0xbd0c, 0xbced, 0xbced, 0xb4ac, 0xb48b, 0xb48b, 0xbd0d, 0xbd90, 0xbd90, 0xbdf1, 0xc612, 0xc612, 0xc5f2, 0xb591, 0xb591, 0xb550, 
	0xb570, 0xb570, 0xc5d2, 0xcdf3, 0xcdf3, 0xd614, 0xddd5, 0xddd5, 0xddb5, 0xcd72, 0xcd72, 0xbd10, 0xcd73, 0xddf6, 0xddf6, 0xddd6, 
	0xd553, 0xd553, 0xccf1, 0xccd1, 0xccd1, 0xd533, 0xdd75, 0xdd75, 0xcdd5, 0xc616, 0xc616, 0xce99, 0xd6db, 0xd6db, 0xd6db, 0xc617, 
	0xc617, 0x9cf0, 0x7baa, 0x7baa, 0x7367, 0x83c8, 0x946b, 0x946b, 0xa50f, 0xb593, 0xb593, 0xc5f5, 0xc5f6, 0xc5f6, 0xc616, 0xdeda, 
	0xdeda, 0xf7bd, 0xffde, 0xffde, 0xf77d, 0xe75b, 0xe75b, 0xe73b, 0xef9e, 0xef9e, 0xefbf, 0xdf1e, 0xdf1e, 0x9d17, 0x630e, 0x630e, 
	0x1083, 0x18e5, 0x10a4, 0x10a4, 0x0863, 0x0043, 0x0043, 0x0001, 0x0000, 0x0000, 0x0000, 0x0001, 0x0001, 0x0863, 0x0863, 0x0863, 
	0x18c4, 0x31c8, 0x31c8, 0x7c12, 0xbe3a, 0xbe3a, 0xcedb, 0xd6fb, 0xd6fb, 0xd6fa, 0xce98, 0xd697, 0xd697, 0xd697, 0xde76, 0xde76, 
	0xde56, 0xde55, 0xde55, 0xd635, 0xce15, 0xce15, 0xde56, 0xd656, 0xd656, 0xd678, 0xd6b9, 0xd6b9, 0xd6b9, 0xd6b9, 0xd6b9, 0xd6b9, 
	0xd6da, 0xd6da, 0xdf1b, 0xdefa, 0xdefa, 0xd699, 0xce99, 0xd699, 0xd699, 0xd699, 0xce58, 0xce58, 0xd679, 0xd699, 0xd699, 0xdeba, 
	0xdeba, 0xdeba, 0xd699, 0xdeba, 0xdeba, 0xdeb9, 0xdeb9, 0xdeb9, 0xd6b9, 0xdeb9, 0xdeb9, 0xdeb9, 0xdeb8, 0xdeb8, 0xde98, 0xde98, 
	0xde98, 0xde98, 0xd677, 0xd677, 0xd677, 0xd636, 0xd616, 0xd616, 0xd636, 0xd656, 0xd656, 0xd614, 0xcdd3, 0xcdd3, 0xcdb1, 0xcd8f, 
	0xcd8f, 0xcd4e, 0xc50d, 0xc50d, 0xcd4e, 0xcd6f, 0xcd6f, 0xcd6f, 0xd56f, 0xd56f, 0xd58f, 0xd5d2, 0xde56, 0xde56, 0xeefa, 0xef5d, 
	0xef5d, 0xef5d, 0xef5d, 0xef5d, 0xef7d, 0xef7d, 0xef7d, 0xef7d, 0xef7d, 0xef7d, 0xef7d, 0xef7d, 0xef7d, 0xef7d, 0xef7d, 0xef7d, 
	0xef7d, 0xef7d, 0xef7d, 0xef7d, 0xef5d, 0xef5c, 0xef5c, 0xef5d, 0xef5d, 0xef5d, 0xef5d, 0xef5d, 0xef5d, 0xf75d, 0xef5d, 0xef5d, 
	0xef5d, 0xef5d, 0xef5d, 0xef7d, 0xef7c, 0xef7c, 0xef5c, 0xef5c, 0xef5c, 0xef5c, 0xef5c, 0xef5c, 0xef5c, 0xef5c, 0xef5c, 0xef5c, 
	0xbd0d, 0xbced, 0xbced, 0xbcac, 0xbc8b, 0xbc8b, 0xbd0d, 0xc590, 0xc590, 0xc5f1, 0xc5f2, 0xc5f2, 0xc5d2, 0xb571, 0xb571, 0xb551, 
	0xc5b3, 0xc5b3, 0xd5f4, 0xd5f4, 0xd5f4, 0xddf5, 0xe5f6, 0xe5f6, 0xee17, 0xe5f5, 0xe5f5, 0xd593, 0xd593, 0xde16, 0xde16, 0xe637, 
	0xe616, 0xe616, 0xddf6, 0xdd95, 0xdd95, 0xdd74, 0xd574, 0xd574, 0xc553, 0xb573, 0xb573, 0xbe16, 0xce79, 0xce79, 0xd6db, 0xce59, 
	0xce59, 0xbdd6, 0x9caf, 0x9caf, 0x83ca, 0x8c0a, 0x9cac, 0x9cac, 0xad50, 0xbdb4, 0xbdb4, 0xc5f6, 0xc5f6, 0xc5f6, 0xce37, 0xdefa, 
	0xdefa, 0xf7bd, 0xffde, 0xffde, 0xef5c, 0xe75b, 0xe75b, 0xef9c, 0xe77d, 0xe77d, 0xdf3e, 0xc69c, 0xc69c, 0x7c12, 0x6bb1, 0x6bb1, 
	0x4a6c, 0x2147, 0x10a4, 0x10a4, 0x0863, 0x0863, 0x0863, 0x0042, 0x0822, 0x0822, 0x0000, 0x0000, 0x0000, 0x0001, 0x0001, 0x0001, 
	0x0842, 0x3a09, 0x3a09, 0x8474, 0xb619, 0xb619, 0xc67a, 0xceba, 0xceba, 0xd6da, 0xd6b9, 0xd6b9, 0xd6b9, 0xd698, 0xd656, 0xd656, 
	0xd635, 0xde55, 0xde55, 0xd655, 0xd636, 0xd636, 0xd677, 0xd677, 0xd677, 0xd698, 0xd6b9, 0xd6b9, 0xd6b9, 0xd699, 0xd699, 0xd699, 
	0xd6b9, 0xd6b9, 0xd6da, 0xdefa, 0xdefa, 0xdefa, 0xdefa, 0xd6ba, 0xd6ba, 0xdeda, 0xdeda, 0xdeda, 0xd699, 0xd699, 0xd699, 0xd699, 
	0xdeba, 0xdeba, 0xd699, 0xd679, 0xd679, 0xd698, 0xd698, 0xd698, 0xd699, 0xd698, 0xd698, 0xd698, 0xd698, 0xd698, 0xd677, 0xd677, 
	0xd657, 0xd657, 0xd656, 0xce36, 0xce36, 0xd616, 0xd636, 0xd636, 0xd615, 0xcdf4, 0xcdf4, 0xcdb2, 0xcd91, 0xcd91, 0xc570, 0xc54e, 
	0xc54e, 0xc50d, 0xbd0c, 0xbd0c, 0xcd4e, 0xcd6f, 0xcd6f, 0xcd6f, 0xcd6f, 0xcd6f, 0xcd8f, 0xd5d2, 0xde55, 0xde55, 0xe6d9, 0xef5c, 
	0xef5c, 0xef5d, 0xef5d, 0xef5d, 0xef7d, 0xef7d, 0xef7d, 0xef7d, 0xef7d, 0xef7d, 0xef7d, 0xef7d, 0xef7d, 0xef7d, 0xef7d, 0xef7d, 
	0xef7d, 0xef7d, 0xef7d, 0xef7d, 0xf75d, 0xef5c, 0xef5c, 0xef5d, 0xef5d, 0xef5d, 0xef5d, 0xef5c, 0xef5c, 0xef5c, 0xef5d, 0xef5d, 
	0xef5d, 0xef5d, 0xef5d, 0xef7d, 0xef7c, 0xef7c, 0xef5c, 0xef5c, 0xef5c, 0xef5c, 0xef5c, 0xef5c, 0xef5c, 0xef5c, 0xef5c, 0xef5c, 
	0xbd0d, 0xbced, 0xbced, 0xbcac, 0xbc8b, 0xbc8b, 0xbd0d, 0xc590, 0xc590, 0xc5f1, 0xc5f2, 0xc5f2, 0xc5d2, 0xb571, 0xb571, 0xb551, 
	0xc5b3, 0xc5b3, 0xd5f4, 0xd5f4, 0xd5f4, 0xddf5, 0xe5f6, 0xe5f6, 0xee17, 0xe5f5, 0xe5f5, 0xd593, 0xd593, 0xde16, 0xde16, 0xe637, 
	0xe616, 0xe616, 0xddf6, 0xdd95, 0xdd95, 0xdd74, 0xd574, 0xd574, 0xc553, 0xb573, 0xb573, 0xbe16, 0xce79, 0xce79, 0xd6db, 0xce59, 
	0xce59, 0xbdd6, 0x9caf, 0x9caf, 0x83ca, 0x8c0a, 0x9cac, 0x9cac, 0xad50, 0xbdb4, 0xbdb4, 0xc5f6, 0xc5f6, 0xc5f6, 0xce37, 0xdefa, 
	0xdefa, 0xf7bd, 0xffde, 0xffde, 0xef5c, 0xe75b, 0xe75b, 0xef9c, 0xe77d, 0xe77d, 0xdf3e, 0xc69c, 0xc69c, 0x7c12, 0x6bb1, 0x6bb1, 
	0x4a6c, 0x2147, 0x10a4, 0x10a4, 0x0863, 0x0863, 0x0863, 0x0042, 0x0822, 0x0822, 0x0000, 0x0000, 0x0000, 0x0001, 0x0001, 0x0001, 
	0x0842, 0x3a09, 0x3a09, 0x8474, 0xb619, 0xb619, 0xc67a, 0xceba, 0xceba, 0xd6da, 0xd6b9, 0xd6b9, 0xd6b9, 0xd698, 0xd656, 0xd656, 
	0xd635, 0xde55, 0xde55, 0xd655, 0xd636, 0xd636, 0xd677, 0xd677, 0xd677, 0xd698, 0xd6b9, 0xd6b9, 0xd6b9, 0xd699, 0xd699, 0xd699, 
	0xd6b9, 0xd6b9, 0xd6da, 0xdefa, 0xdefa, 0xdefa, 0xdefa, 0xd6ba, 0xd6ba, 0xdeda, 0xdeda, 0xdeda, 0xd699, 0xd699, 0xd699, 0xd699, 
	0xdeba, 0xdeba, 0xd699, 0xd679, 0xd679, 0xd698, 0xd698, 0xd698, 0xd699, 0xd698, 0xd698, 0xd698, 0xd698, 0xd698, 0xd677, 0xd677, 
	0xd657, 0xd657, 0xd656, 0xce36, 0xce36, 0xd616, 0xd636, 0xd636, 0xd615, 0xcdf4, 0xcdf4, 0xcdb2, 0xcd91, 0xcd91, 0xc570, 0xc54e, 
	0xc54e, 0xc50d, 0xbd0c, 0xbd0c, 0xcd4e, 0xcd6f, 0xcd6f, 0xcd6f, 0xcd6f, 0xcd6f, 0xcd8f, 0xd5d2, 0xde55, 0xde55, 0xe6d9, 0xef5c, 
	0xef5c, 0xef5d, 0xef5d, 0xef5d, 0xef7d, 0xef7d, 0xef7d, 0xef7d, 0xef7d, 0xef7d, 0xef7d, 0xef7d, 0xef7d, 0xef7d, 0xef7d, 0xef7d, 
	0xef7d, 0xef7d, 0xef7d, 0xef7d, 0xf75d, 0xef5c, 0xef5c, 0xef5d, 0xef5d, 0xef5d, 0xef5d, 0xef5c, 0xef5c, 0xef5c, 0xef5d, 0xef5d, 
	0xef5d, 0xef5d, 0xef5d, 0xef7d, 0xef7c, 0xef7c, 0xef5c, 0xef5c, 0xef5c, 0xef5c, 0xef5c, 0xef5c, 0xef5c, 0xef5c, 0xef5c, 0xef5c, 
	0xb4ab, 0xbcac, 0xbcac, 0xb46b, 0xb46b, 0xb46b, 0xbced, 0xc56f, 0xc56f, 0xc5d1, 0xc5d2, 0xc5d2, 0xc5b2, 0xcdd4, 0xcdd4, 0xd5f4, 
	0xde36, 0xde36, 0xde17, 0xddf6, 0xddf6, 0xddb5, 0xdd75, 0xdd75, 0xe596, 0xedf6, 0xedf6, 0xddb4, 0xd5d5, 0xe616, 0xe616, 0xe638, 
	0xe617, 0xe617, 0xe617, 0xddb6, 0xddb6, 0xd554, 0xbcf1, 0xbcf1, 0xacd0, 0x9cd0, 0x9cd0, 0x9d31, 0xb5f5, 0xb5f5, 0xce99, 0xd6bb, 
	0xd6bb, 0xce79, 0xbdb5, 0xbdb5, 0xad32, 0xad31, 0xb572, 0xb572, 0xbdb3, 0xc5f5, 0xc5f5, 0xc5f6, 0xc5f6, 0xc5f6, 0xce57, 0xe73b, 
	0xe73b, 0xf7bd, 0xf79d, 0xf79d, 0xef5c, 0xe75b, 0xe75b, 0xf7dd, 0xe79d, 0xe79d, 0xd73e, 0xb61a, 0xb61a, 0x6bd1, 0x1905, 0x1905, 
	0x2105, 0x18c5, 0x1083, 0x1083, 0x0863, 0x0863, 0x0863, 0x0843, 0x10a4, 0x10a4, 0x10a4, 0x0842, 0x0842, 0x0000, 0x0821, 0x0821, 
	0x2105, 0x4a8b, 0x4a8b, 0x9d16, 0xadb8, 0xadb8, 0xc65a, 0xc69a, 0xc69a, 0xceba, 0xd6ba, 0xd6b9, 0xd6b9, 0xdeb8, 0xdeb7, 0xdeb7, 
	0xd655, 0xd614, 0xd614, 0xd635, 0xd656, 0xd656, 0xd677, 0xd678, 0xd678, 0xd699, 0xd679, 0xd679, 0xd69a, 0xd699, 0xd699, 0xd6ba, 
	0xdefb, 0xdefb, 0xdefa, 0xdeda, 0xdeda, 0xdeda, 0xd6ba, 0xd6da, 0xd6da, 0xd6ba, 0xd699, 0xd699, 0xd699, 0xd679, 0xd679, 0xd679, 
	0xce58, 0xce58, 0xce78, 0xd679, 0xd679, 0xd698, 0xd698, 0xd698, 0xd698, 0xd698, 0xd698, 0xd698, 0xd677, 0xd677, 0xd657, 0xd656, 
	0xce16, 0xce16, 0xce15, 0xce36, 0xce36, 0xce16, 0xcdf5, 0xcdf5, 0xcdd4, 0xcdb3, 0xcdb3, 0xcdb2, 0xc570, 0xc570, 0xc52e, 0xbcec, 
	0xbcec, 0xbcec, 0xc50d, 0xc50d, 0xcd4e, 0xcd6f, 0xcd6f, 0xcd6f, 0xcd70, 0xcd70, 0xcd8f, 0xd5d1, 0xde34, 0xde34, 0xe6b8, 0xe71b, 
	0xe71b, 0xef5c, 0xef5d, 0xef5d, 0xef7d, 0xef7d, 0xef7d, 0xef7d, 0xef7d, 0xef7d, 0xef7d, 0xef7d, 0xef7d, 0xef7d, 0xef7c, 0xef7c, 
	0xef7d, 0xef7d, 0xef7d, 0xef7d, 0xef5d, 0xef5c, 0xef5c, 0xef5c, 0xef5d, 0xef5d, 0xef5d, 0xef5c, 0xef5c, 0xef5c, 0xef5c, 0xef5c, 
	0xef5c, 0xef5d, 0xef5d, 0xef7d, 0xef7c, 0xef7c, 0xef5c, 0xef5c, 0xef5c, 0xef5c, 0xef5c, 0xef5c, 0xef5c, 0xef5c, 0xef5c, 0xef5c, 
	0xb4ab, 0xbcac, 0xbcac, 0xb46b, 0xb46b, 0xb46b, 0xbced, 0xc56f, 0xc56f, 0xc5d1, 0xc5d2, 0xc5d2, 0xc5b2, 0xcdd4, 0xcdd4, 0xd5f4, 
	0xde36, 0xde36, 0xde17, 0xddf6, 0xddf6, 0xddb5, 0xdd75, 0xdd75, 0xe596, 0xedf6, 0xedf6, 0xddb4, 0xd5d5, 0xe616, 0xe616, 0xe638, 
	0xe617, 0xe617, 0xe617, 0xddb6, 0xddb6, 0xd554, 0xbcf1, 0xbcf1, 0xacd0, 0x9cd0, 0x9cd0, 0x9d31, 0xb5f5, 0xb5f5, 0xce99, 0xd6bb, 
	0xd6bb, 0xce79, 0xbdb5, 0xbdb5, 0xad32, 0xad31, 0xb572, 0xb572, 0xbdb3, 0xc5f5, 0xc5f5, 0xc5f6, 0xc5f6, 0xc5f6, 0xce57, 0xe73b, 
	0xe73b, 0xf7bd, 0xf79d, 0xf79d, 0xef5c, 0xe75b, 0xe75b, 0xf7dd, 0xe79d, 0xe79d, 0xd73e, 0xb61a, 0xb61a, 0x6bd1, 0x1905, 0x1905, 
	0x2105, 0x18c5, 0x1083, 0x1083, 0x0863, 0x0863, 0x0863, 0x0843, 0x10a4, 0x10a4, 0x10a4, 0x0842, 0x0842, 0x0000, 0x0821, 0x0821, 
	0x2105, 0x4a8b, 0x4a8b, 0x9d16, 0xadb8, 0xadb8, 0xc65a, 0xc69a, 0xc69a, 0xceba, 0xd6ba, 0xd6b9, 0xd6b9, 0xdeb8, 0xdeb7, 0xdeb7, 
	0xd655, 0xd614, 0xd614, 0xd635, 0xd656, 0xd656, 0xd677, 0xd678, 0xd678, 0xd699, 0xd679, 0xd679, 0xd69a, 0xd699, 0xd699, 0xd6ba, 
	0xdefb, 0xdefb, 0xdefa, 0xdeda, 0xdeda, 0xdeda, 0xd6ba, 0xd6da, 0xd6da, 0xd6ba, 0xd699, 0xd699, 0xd699, 0xd679, 0xd679, 0xd679, 
	0xce58, 0xce58, 0xce78, 0xd679, 0xd679, 0xd698, 0xd698, 0xd698, 0xd698, 0xd698, 0xd698, 0xd698, 0xd677, 0xd677, 0xd657, 0xd656, 
	0xce16, 0xce16, 0xce15, 0xce36, 0xce36, 0xce16, 0xcdf5, 0xcdf5, 0xcdd4, 0xcdb3, 0xcdb3, 0xcdb2, 0xc570, 0xc570, 0xc52e, 0xbcec, 
	0xbcec, 0xbcec, 0xc50d, 0xc50d, 0xcd4e, 0xcd6f, 0xcd6f, 0xcd6f, 0xcd70, 0xcd70, 0xcd8f, 0xd5d1, 0xde34, 0xde34, 0xe6b8, 0xe71b, 
	0xe71b, 0xef5c, 0xef5d, 0xef5d, 0xef7d, 0xef7d, 0xef7d, 0xef7d, 0xef7d, 0xef7d, 0xef7d, 0xef7d, 0xef7d, 0xef7d, 0xef7c, 0xef7c, 
	0xef7d, 0xef7d, 0xef7d, 0xef7d, 0xef5d, 0xef5c, 0xef5c, 0xef5c, 0xef5d, 0xef5d, 0xef5d, 0xef5c, 0xef5c, 0xef5c, 0xef5c, 0xef5c, 
	0xef5c, 0xef5d, 0xef5d, 0xef7d, 0xef7c, 0xef7c, 0xef5c, 0xef5c, 0xef5c, 0xef5c, 0xef5c, 0xef5c, 0xef5c, 0xef5c, 0xef5c, 0xef5c, 
	0xbd0d, 0xb4ad, 0xb4ad, 0xb46c, 0xb46b, 0xb46b, 0xb48c, 0xb4cd, 0xb4cd, 0xb50e, 0xbd30, 0xbd30, 0xc573, 0xddf6, 0xddf6, 0xe637, 
	0xe657, 0xe657, 0xe637, 0xee17, 0xee17, 0xdd95, 0xd4f2, 0xd4f2, 0xd4f3, 0xe595, 0xe595, 0xe5b6, 0xddf6, 0xe617, 0xe617, 0xe5d6, 
	0xdd75, 0xdd75, 0xe595, 0xddb5, 0xddb5, 0xbcf1, 0x9c6d, 0x9c6d, 0x946d, 0x94ad, 0x94ad, 0x8c8d, 0x9d10, 0x9d10, 0xc637, 0xd69a, 
	0xd69a, 0xd69a, 0xce58, 0xce58, 0xc5f6, 0xc5f6, 0xc5d6, 0xc5d6, 0xc5f6, 0xc5f6, 0xc5f6, 0xc5f6, 0xc5f6, 0xc5f6, 0xd678, 0xe71b, 
	0xe71b, 0xf79d, 0xf79d, 0xf79d, 0xef5c, 0xe73b, 0xe73b, 0xe77c, 0xdf5d, 0xdf5d, 0xc6bb, 0xadf9, 0xadf9, 0x7c73, 0x2146, 0x2146, 
	0x2105, 0x2105, 0x10a4, 0x10a4, 0x0862, 0x10a4, 0x10a4, 0x0863, 0x0042, 0x0042, 0x0863, 0x10a4, 0x10a4, 0x0863, 0x2105, 0x2105, 
	0x424b, 0x5b2e, 0x5b2e, 0x9d36, 0xadb8, 0xadb8, 0xbe3a, 0xc63a, 0xc63a, 0xc639, 0xbdf7, 0xc5f7, 0xc5f7, 0xbdd6, 0xce15, 0xce15, 
	0xc5d4, 0xcdd3, 0xcdd3, 0xc5d4, 0xcdf5, 0xcdf5, 0xce36, 0xce57, 0xce57, 0xd699, 0xd699, 0xd699, 0xd699, 0xdeba, 0xdeba, 0xd699, 
	0xdeda, 0xdeda, 0xdeda, 0xdeba, 0xdeba, 0xdeda, 0xdedb, 0xdedb, 0xdedb, 0xdedb, 0xd6ba, 0xd6ba, 0xce79, 0xce58, 0xce58, 0xd679, 
	0xd679, 0xd679, 0xd678, 0xd678, 0xd678, 0xd678, 0xd698, 0xd698, 0xd678, 0xd657, 0xd657, 0xce36, 0xd657, 0xd657, 0xd636, 0xd636, 
	0xce16, 0xce16, 0xce15, 0xcdf5, 0xcdf5, 0xc5d4, 0xc5d4, 0xc5d4, 0xc5b3, 0xc592, 0xc592, 0xcd91, 0xc570, 0xc570, 0xbd2d, 0xbccc, 
	0xbccc, 0xbccc, 0xbcec, 0xbcec, 0xc54e, 0xcd4f, 0xcd4f, 0xcd4f, 0xcd6f, 0xcd6f, 0xd590, 0xd5b1, 0xd5f3, 0xd5f3, 0xde77, 0xe6fa, 
	0xe6fa, 0xef3c, 0xef5d, 0xef5d, 0xef7d, 0xef7d, 0xef7d, 0xef7d, 0xef7d, 0xef7d, 0xef7d, 0xef7d, 0xef7d, 0xef7d, 0xef7c, 0xef7c, 
	0xef5d, 0xef5d, 0xef5d, 0xef5d, 0xef5d, 0xef5c, 0xef5c, 0xef5c, 0xef5c, 0xef5c, 0xef5d, 0xef5c, 0xef5c, 0xef5c, 0xef5c, 0xef5c, 
	0xef5c, 0xef5c, 0xef5c, 0xef5c, 0xef5c, 0xef5c, 0xef5c, 0xef5c, 0xef5c, 0xef5c, 0xef5c, 0xef5c, 0xef5c, 0xef5c, 0xef5c, 0xef5c, 
	0xde12, 0xddd2, 0xddd2, 0xddb1, 0xd591, 0xd591, 0xcd70, 0xc54f, 0xc54f, 0xc54f, 0xc551, 0xc551, 0xcd93, 0xe617, 0xe617, 0xee37, 
	0xe617, 0xe617, 0xe616, 0xee37, 0xee37, 0xe595, 0xccd3, 0xccd3, 0xccb2, 0xe575, 0xe575, 0xedf7, 0xee38, 0xee18, 0xee18, 0xd514, 
	0xc451, 0xc451, 0xd4f3, 0xd574, 0xd574, 0xacd0, 0x840b, 0x840b, 0x840a, 0x8c6c, 0x8c6c, 0x8c6c, 0x94ad, 0x94ad, 0xb5b4, 0xce79, 
	0xce79, 0xd69a, 0xce58, 0xce58, 0xce37, 0xce17, 0xc5f6, 0xc5f6, 0xc5f6, 0xc5d5, 0xc5d5, 0xc5d5, 0xc5f6, 0xc5f6, 0xce57, 0xe71b, 
	0xe71b, 0xef7c, 0xdefa, 0xdefa, 0xd699, 0xce78, 0xce78, 0xd6b9, 0xdefb, 0xdefb, 0xc67b, 0xadd8, 0xadd8, 0x8c94, 0x4a8c, 0x4a8c, 
	0x2126, 0x2105, 0x18c4, 0x18c4, 0x0862, 0x10a4, 0x10a4, 0x10a4, 0x0843, 0x0843, 0x0022, 0x0021, 0x0021, 0x18c4, 0x31a9, 0x31a9, 
	0x52ad, 0x73d1, 0x73d1, 0x9d36, 0xb5d8, 0xb5d8, 0xad97, 0x9d15, 0x9d15, 0xad76, 0xbdf7, 0xbdf7, 0xbdf7, 0xbd95, 0xc5f5, 0xc5f5, 
	0xc5d4, 0xc5d3, 0xc5d3, 0xc5b3, 0xd615, 0xd615, 0xd657, 0xd657, 0xd657, 0xce78, 0xce79, 0xce79, 0xce79, 0xd679, 0xd679, 0xd699, 
	0xd699, 0xd699, 0xd6b9, 0xd699, 0xd699, 0xd699, 0xdeba, 0xdeda, 0xdeda, 0xdedb, 0xd6ba, 0xd6ba, 0xd699, 0xd699, 0xd699, 0xd699, 
	0xdeba, 0xdeba, 0xdeb9, 0xde99, 0xde99, 0xd699, 0xd698, 0xd698, 0xce57, 0xce36, 0xce36, 0xce36, 0xce36, 0xce36, 0xce15, 0xcdf5, 
	0xcdf4, 0xcdf4, 0xcdf4, 0xc5d4, 0xc5d4, 0xc593, 0xbd92, 0xbd92, 0xbd92, 0xc592, 0xc592, 0xcd91, 0xc54f, 0xc54f, 0xbd0d, 0xbccc, 
	0xbccc, 0xb4cb, 0xbcec, 0xbcec, 0xc52d, 0xc54e, 0xc54e, 0xcd6f, 0xcd6f, 0xcd6f, 0xcd90, 0xcd90, 0xcdb2, 0xcdb2, 0xd635, 0xded9, 
	0xded9, 0xef3b, 0xef5d, 0xef5d, 0xef7d, 0xef7d, 0xef7d, 0xef7d, 0xef7d, 0xef7d, 0xef7d, 0xef7d, 0xef7d, 0xef7d, 0xef7c, 0xef7c, 
	0xef5d, 0xef5d, 0xef5d, 0xef5d, 0xef5d, 0xef5c, 0xef5c, 0xef5c, 0xef5d, 0xef5d, 0xef5d, 0xef5c, 0xef5c, 0xef5c, 0xef5c, 0xef5c, 
	0xef5c, 0xef5c, 0xef5c, 0xef5c, 0xef5c, 0xef5c, 0xef5c, 0xef5c, 0xef5c, 0xef5c, 0xef5c, 0xef5c, 0xef5c, 0xef5c, 0xef5c, 0xef5c, 
	0xde12, 0xddd2, 0xddd2, 0xddb1, 0xd591, 0xd591, 0xcd70, 0xc54f, 0xc54f, 0xc54f, 0xc551, 0xc551, 0xcd93, 0xe617, 0xe617, 0xee37, 
	0xe617, 0xe617, 0xe616, 0xee37, 0xee37, 0xe595, 0xccd3, 0xccd3, 0xccb2, 0xe575, 0xe575, 0xedf7, 0xee38, 0xee18, 0xee18, 0xd514, 
	0xc451, 0xc451, 0xd4f3, 0xd574, 0xd574, 0xacd0, 0x840b, 0x840b, 0x840a, 0x8c6c, 0x8c6c, 0x8c6c, 0x94ad, 0x94ad, 0xb5b4, 0xce79, 
	0xce79, 0xd69a, 0xce58, 0xce58, 0xce37, 0xce17, 0xc5f6, 0xc5f6, 0xc5f6, 0xc5d5, 0xc5d5, 0xc5d5, 0xc5f6, 0xc5f6, 0xce57, 0xe71b, 
	0xe71b, 0xef7c, 0xdefa, 0xdefa, 0xd699, 0xce78, 0xce78, 0xd6b9, 0xdefb, 0xdefb, 0xc67b, 0xadd8, 0xadd8, 0x8c94, 0x4a8c, 0x4a8c, 
	0x2126, 0x2105, 0x18c4, 0x18c4, 0x0862, 0x10a4, 0x10a4, 0x10a4, 0x0843, 0x0843, 0x0022, 0x0021, 0x0021, 0x18c4, 0x31a9, 0x31a9, 
	0x52ad, 0x73d1, 0x73d1, 0x9d36, 0xb5d8, 0xb5d8, 0xad97, 0x9d15, 0x9d15, 0xad76, 0xbdf7, 0xbdf7, 0xbdf7, 0xbd95, 0xc5f5, 0xc5f5, 
	0xc5d4, 0xc5d3, 0xc5d3, 0xc5b3, 0xd615, 0xd615, 0xd657, 0xd657, 0xd657, 0xce78, 0xce79, 0xce79, 0xce79, 0xd679, 0xd679, 0xd699, 
	0xd699, 0xd699, 0xd6b9, 0xd699, 0xd699, 0xd699, 0xdeba, 0xdeda, 0xdeda, 0xdedb, 0xd6ba, 0xd6ba, 0xd699, 0xd699, 0xd699, 0xd699, 
	0xdeba, 0xdeba, 0xdeb9, 0xde99, 0xde99, 0xd699, 0xd698, 0xd698, 0xce57, 0xce36, 0xce36, 0xce36, 0xce36, 0xce36, 0xce15, 0xcdf5, 
	0xcdf4, 0xcdf4, 0xcdf4, 0xc5d4, 0xc5d4, 0xc593, 0xbd92, 0xbd92, 0xbd92, 0xc592, 0xc592, 0xcd91, 0xc54f, 0xc54f, 0xbd0d, 0xbccc, 
	0xbccc, 0xb4cb, 0xbcec, 0xbcec, 0xc52d, 0xc54e, 0xc54e, 0xcd6f, 0xcd6f, 0xcd6f, 0xcd90, 0xcd90, 0xcdb2, 0xcdb2, 0xd635, 0xded9, 
	0xded9, 0xef3b, 0xef5d, 0xef5d, 0xef7d, 0xef7d, 0xef7d, 0xef7d, 0xef7d, 0xef7d, 0xef7d, 0xef7d, 0xef7d, 0xef7d, 0xef7c, 0xef7c, 
	0xef5d, 0xef5d, 0xef5d, 0xef5d, 0xef5d, 0xef5c, 0xef5c, 0xef5c, 0xef5d, 0xef5d, 0xef5d, 0xef5c, 0xef5c, 0xef5c, 0xef5c, 0xef5c, 
	0xef5c, 0xef5c, 0xef5c, 0xef5c, 0xef5c, 0xef5c, 0xef5c, 0xef5c, 0xef5c, 0xef5c, 0xef5c, 0xef5c, 0xef5c, 0xef5c, 0xef5c, 0xef5c, 
	0xee73, 0xee54, 0xee54, 0xee53, 0xee33, 0xee33, 0xe633, 0xde12, 0xde12, 0xde12, 0xddf4, 0xddf4, 0xe615, 0xee36, 0xee36, 0xee15, 
	0xe5f5, 0xe5f5, 0xee16, 0xf657, 0xf657, 0xee18, 0xe576, 0xe576, 0xdd55, 0xe596, 0xe596, 0xe5d7, 0xedf8, 0xe5d7, 0xe5d7, 0xccb3, 
	0xb3ef, 0xb3ef, 0xc491, 0xc532, 0xc532, 0x946d, 0x6ba8, 0x6ba8, 0x7be9, 0x8c6c, 0x8c6c, 0x948c, 0x948c, 0x948c, 0xb572, 0xce58, 
	0xce58, 0xd679, 0xce58, 0xce58, 0xce37, 0xce17, 0xcdf6, 0xcdf6, 0xc5d6, 0xc5d5, 0xc5d5, 0xc5d6, 0xc616, 0xc616, 0xce37, 0xdeb9, 
	0xdeb9, 0xdefa, 0xe71a, 0xe71a, 0xe71b, 0xe73b, 0xe73b, 0xdeda, 0xce79, 0xce79, 0xbe19, 0xa576, 0xa576, 0x8432, 0x52cc, 0x52cc, 
	0x31c9, 0x18e5, 0x10a4, 0x10a4, 0x0821, 0x10a4, 0x10a4, 0x10a4, 0x10a4, 0x10a4, 0x0883, 0x2106, 0x2106, 0x39c9, 0x4a8c, 0x4a8c, 
	0x6bb1, 0x8474, 0x8474, 0xa557, 0xa577, 0xa577, 0x9d35, 0xb5d8, 0xb5d8, 0xc618, 0xce59, 0xd699, 0xd699, 0xd699, 0xd677, 0xd677, 
	0xd635, 0xcdf4, 0xcdf4, 0xc5b3, 0xcdf5, 0xcdf5, 0xd677, 0xd698, 0xd698, 0xd699, 0xd699, 0xd699, 0xd699, 0xce79, 0xce79, 0xce58, 
	0xce58, 0xce58, 0xce58, 0xd699, 0xd699, 0xd699, 0xd6b9, 0xd6ba, 0xd6ba, 0xdeda, 0xdeba, 0xdeba, 0xd699, 0xd679, 0xd679, 0xce78, 
	0xd678, 0xd678, 0xd678, 0xd678, 0xd678, 0xd678, 0xce57, 0xce57, 0xce36, 0xce35, 0xce35, 0xce15, 0xce14, 0xce14, 0xc5d3, 0xc5d3, 
	0xcdd4, 0xcdd4, 0xcdd4, 0xc5b3, 0xc5b3, 0xc5b2, 0xc592, 0xc592, 0xc592, 0xc592, 0xc592, 0xc570, 0xbd2e, 0xbd2e, 0xbced, 0xbccb, 
	0xbccb, 0xbccc, 0xbcec, 0xbcec, 0xbd0d, 0xc52e, 0xc52e, 0xc54e, 0xcd6f, 0xcd6f, 0xcd6f, 0xcd6f, 0xcdd1, 0xcdd1, 0xd655, 0xe6d9, 
	0xe6d9, 0xef3b, 0xef5c, 0xef5c, 0xef7d, 0xef7d, 0xef7d, 0xef7d, 0xef7d, 0xef7d, 0xef7d, 0xef7d, 0xef7d, 0xef7d, 0xef7d, 0xef7d, 
	0xef5d, 0xef5d, 0xef5d, 0xef5d, 0xef5c, 0xef5c, 0xef5c, 0xef5d, 0xef5d, 0xef5d, 0xef5d, 0xef5c, 0xef5c, 0xef5c, 0xef5c, 0xef5c, 
	0xef5c, 0xef5c, 0xef5c, 0xef5c, 0xef5c, 0xef5c, 0xef5c, 0xef5c, 0xef5c, 0xef5c, 0xef5c, 0xef5c, 0xef5c, 0xef5c, 0xef5c, 0xef5c, 
	0xee73, 0xee54, 0xee54, 0xee53, 0xee33, 0xee33, 0xe633, 0xde12, 0xde12, 0xde12, 0xddf4, 0xddf4, 0xe615, 0xee36, 0xee36, 0xee15, 
	0xe5f5, 0xe5f5, 0xee16, 0xf657, 0xf657, 0xee18, 0xe576, 0xe576, 0xdd55, 0xe596, 0xe596, 0xe5d7, 0xedf8, 0xe5d7, 0xe5d7, 0xccb3, 
	0xb3ef, 0xb3ef, 0xc491, 0xc532, 0xc532, 0x946d, 0x6ba8, 0x6ba8, 0x7be9, 0x8c6c, 0x8c6c, 0x948c, 0x948c, 0x948c, 0xb572, 0xce58, 
	0xce58, 0xd679, 0xce58, 0xce58, 0xce37, 0xce17, 0xcdf6, 0xcdf6, 0xc5d6, 0xc5d5, 0xc5d5, 0xc5d6, 0xc616, 0xc616, 0xce37, 0xdeb9, 
	0xdeb9, 0xdefa, 0xe71a, 0xe71a, 0xe71b, 0xe73b, 0xe73b, 0xdeda, 0xce79, 0xce79, 0xbe19, 0xa576, 0xa576, 0x8432, 0x52cc, 0x52cc, 
	0x31c9, 0x18e5, 0x10a4, 0x10a4, 0x0821, 0x10a4, 0x10a4, 0x10a4, 0x10a4, 0x10a4, 0x0883, 0x2106, 0x2106, 0x39c9, 0x4a8c, 0x4a8c, 
	0x6bb1, 0x8474, 0x8474, 0xa557, 0xa577, 0xa577, 0x9d35, 0xb5d8, 0xb5d8, 0xc618, 0xce59, 0xd699, 0xd699, 0xd699, 0xd677, 0xd677, 
	0xd635, 0xcdf4, 0xcdf4, 0xc5b3, 0xcdf5, 0xcdf5, 0xd677, 0xd698, 0xd698, 0xd699, 0xd699, 0xd699, 0xd699, 0xce79, 0xce79, 0xce58, 
	0xce58, 0xce58, 0xce58, 0xd699, 0xd699, 0xd699, 0xd6b9, 0xd6ba, 0xd6ba, 0xdeda, 0xdeba, 0xdeba, 0xd699, 0xd679, 0xd679, 0xce78, 
	0xd678, 0xd678, 0xd678, 0xd678, 0xd678, 0xd678, 0xce57, 0xce57, 0xce36, 0xce35, 0xce35, 0xce15, 0xce14, 0xce14, 0xc5d3, 0xc5d3, 
	0xcdd4, 0xcdd4, 0xcdd4, 0xc5b3, 0xc5b3, 0xc5b2, 0xc592, 0xc592, 0xc592, 0xc592, 0xc592, 0xc570, 0xbd2e, 0xbd2e, 0xbced, 0xbccb, 
	0xbccb, 0xbccc, 0xbcec, 0xbcec, 0xbd0d, 0xc52e, 0xc52e, 0xc54e, 0xcd6f, 0xcd6f, 0xcd6f, 0xcd6f, 0xcdd1, 0xcdd1, 0xd655, 0xe6d9, 
	0xe6d9, 0xef3b, 0xef5c, 0xef5c, 0xef7d, 0xef7d, 0xef7d, 0xef7d, 0xef7d, 0xef7d, 0xef7d, 0xef7d, 0xef7d, 0xef7d, 0xef7d, 0xef7d, 
	0xef5d, 0xef5d, 0xef5d, 0xef5d, 0xef5c, 0xef5c, 0xef5c, 0xef5d, 0xef5d, 0xef5d, 0xef5d, 0xef5c, 0xef5c, 0xef5c, 0xef5c, 0xef5c, 
	0xef5c, 0xef5c, 0xef5c, 0xef5c, 0xef5c, 0xef5c, 0xef5c, 0xef5c, 0xef5c, 0xef5c, 0xef5c, 0xef5c, 0xef5c, 0xef5c, 0xef5c, 0xef5c, 
	0xe611, 0xe612, 0xe612, 0xe612, 0xe632, 0xe632, 0xe632, 0xe632, 0xe632, 0xe653, 0xe654, 0xe654, 0xe654, 0xee55, 0xee55, 0xe654, 
	0xe634, 0xe634, 0xee55, 0xee96, 0xee96, 0xf676, 0xe616, 0xe616, 0xe5f6, 0xe5d5, 0xe5d5, 0xd574, 0xd552, 0xdd53, 0xdd53, 0xccb1, 
	0xbc4f, 0xbc4f, 0xbcb0, 0xb4af, 0xb4af, 0x8beb, 0x7bc9, 0x7bc9, 0x8c2b, 0x946d, 0x946d, 0x948c, 0x946c, 0x946c, 0xb572, 0xce58, 
	0xce58, 0xd679, 0xce38, 0xce38, 0xc637, 0xc5f7, 0xbdd6, 0xbdd6, 0xc5d6, 0xc5f5, 0xc5f5, 0xc5f5, 0xbdd5, 0xbdd5, 0xc5f6, 0xded9, 
	0xded9, 0xef3b, 0xf77c, 0xf77c, 0xef3b, 0xe71b, 0xe71b, 0xdeda, 0xce79, 0xce79, 0xb596, 0x8cb3, 0x8cb3, 0x7c11, 0x632e, 0x632e, 
	0x422a, 0x2966, 0x18c4, 0x18c4, 0x0842, 0x1084, 0x1084, 0x1084, 0x18c5, 0x18c5, 0x2126, 0x39e9, 0x39e9, 0x424b, 0x52cd, 0x52cd, 
	0x7c12, 0x94b5, 0x94b5, 0x94b4, 0xb5d8, 0xb5d8, 0xbe19, 0xc639, 0xc639, 0xd69a, 0xce59, 0xce58, 0xce58, 0xd657, 0xce36, 0xce36, 
	0xcdf4, 0xc5d3, 0xc5d3, 0xc5b3, 0xcdf5, 0xcdf5, 0xd657, 0xd699, 0xd699, 0xd699, 0xce79, 0xce79, 0xce58, 0xce58, 0xce58, 0xce58, 
	0xce38, 0xce38, 0xce38, 0xce38, 0xce38, 0xd659, 0xd679, 0xde99, 0xde99, 0xde99, 0xdeba, 0xdeba, 0xdeba, 0xd678, 0xd678, 0xd678, 
	0xce37, 0xce37, 0xce37, 0xd637, 0xd637, 0xd637, 0xce36, 0xce36, 0xce15, 0xce14, 0xce14, 0xc5d3, 0xc5d3, 0xc5d3, 0xcdd4, 0xcdd4, 
	0xc5b3, 0xc5b3, 0xc5b3, 0xc5b3, 0xc5b3, 0xc5b3, 0xc5b3, 0xc5b3, 0xc5b3, 0xc591, 0xc591, 0xbd50, 0xb50d, 0xb50d, 0xb4cc, 0xbccb, 
	0xbccb, 0xb4ac, 0xbcec, 0xbcec, 0xc52d, 0xc54e, 0xc54e, 0xc54e, 0xc54e, 0xc54e, 0xc54e, 0xcd6f, 0xcdb1, 0xcdb1, 0xd614, 0xde97, 
	0xde97, 0xef1a, 0xef5c, 0xef5c, 0xef5c, 0xef7c, 0xef7c, 0xef7d, 0xef7d, 0xef7d, 0xef7d, 0xef7d, 0xef7d, 0xef7d, 0xef7d, 0xef7d, 
	0xef5d, 0xef5c, 0xef5c, 0xef5c, 0xef5c, 0xef5c, 0xef5c, 0xef5d, 0xef5c, 0xef5c, 0xef5c, 0xef5c, 0xef5c, 0xef5c, 0xef5c, 0xef5c, 
	0xef5c, 0xef5c, 0xef5c, 0xef5c, 0xef5c, 0xef5c, 0xef5c, 0xef5c, 0xef5c, 0xef5c, 0xef5c, 0xef5c, 0xef5c, 0xef5c, 0xef5c, 0xef5c, 
	0xe611, 0xe612, 0xe612, 0xe612, 0xe632, 0xe632, 0xe632, 0xe632, 0xe632, 0xe653, 0xe654, 0xe654, 0xe654, 0xee55, 0xee55, 0xe654, 
	0xe634, 0xe634, 0xee55, 0xee96, 0xee96, 0xf676, 0xe616, 0xe616, 0xe5f6, 0xe5d5, 0xe5d5, 0xd574, 0xd552, 0xdd53, 0xdd53, 0xccb1, 
	0xbc4f, 0xbc4f, 0xbcb0, 0xb4af, 0xb4af, 0x8beb, 0x7bc9, 0x7bc9, 0x8c2b, 0x946d, 0x946d, 0x948c, 0x946c, 0x946c, 0xb572, 0xce58, 
	0xce58, 0xd679, 0xce38, 0xce38, 0xc637, 0xc5f7, 0xbdd6, 0xbdd6, 0xc5d6, 0xc5f5, 0xc5f5, 0xc5f5, 0xbdd5, 0xbdd5, 0xc5f6, 0xded9, 
	0xded9, 0xef3b, 0xf77c, 0xf77c, 0xef3b, 0xe71b, 0xe71b, 0xdeda, 0xce79, 0xce79, 0xb596, 0x8cb3, 0x8cb3, 0x7c11, 0x632e, 0x632e, 
	0x422a, 0x2966, 0x18c4, 0x18c4, 0x0842, 0x1084, 0x1084, 0x1084, 0x18c5, 0x18c5, 0x2126, 0x39e9, 0x39e9, 0x424b, 0x52cd, 0x52cd, 
	0x7c12, 0x94b5, 0x94b5, 0x94b4, 0xb5d8, 0xb5d8, 0xbe19, 0xc639, 0xc639, 0xd69a, 0xce59, 0xce58, 0xce58, 0xd657, 0xce36, 0xce36, 
	0xcdf4, 0xc5d3, 0xc5d3, 0xc5b3, 0xcdf5, 0xcdf5, 0xd657, 0xd699, 0xd699, 0xd699, 0xce79, 0xce79, 0xce58, 0xce58, 0xce58, 0xce58, 
	0xce38, 0xce38, 0xce38, 0xce38, 0xce38, 0xd659, 0xd679, 0xde99, 0xde99, 0xde99, 0xdeba, 0xdeba, 0xdeba, 0xd678, 0xd678, 0xd678, 
	0xce37, 0xce37, 0xce37, 0xd637, 0xd637, 0xd637, 0xce36, 0xce36, 0xce15, 0xce14, 0xce14, 0xc5d3, 0xc5d3, 0xc5d3, 0xcdd4, 0xcdd4, 
	0xc5b3, 0xc5b3, 0xc5b3, 0xc5b3, 0xc5b3, 0xc5b3, 0xc5b3, 0xc5b3, 0xc5b3, 0xc591, 0xc591, 0xbd50, 0xb50d, 0xb50d, 0xb4cc, 0xbccb, 
	0xbccb, 0xb4ac, 0xbcec, 0xbcec, 0xc52d, 0xc54e, 0xc54e, 0xc54e, 0xc54e, 0xc54e, 0xc54e, 0xcd6f, 0xcdb1, 0xcdb1, 0xd614, 0xde97, 
	0xde97, 0xef1a, 0xef5c, 0xef5c, 0xef5c, 0xef7c, 0xef7c, 0xef7d, 0xef7d, 0xef7d, 0xef7d, 0xef7d, 0xef7d, 0xef7d, 0xef7d, 0xef7d, 
	0xef5d, 0xef5c, 0xef5c, 0xef5c, 0xef5c, 0xef5c, 0xef5c, 0xef5d, 0xef5c, 0xef5c, 0xef5c, 0xef5c, 0xef5c, 0xef5c, 0xef5c, 0xef5c, 
	0xef5c, 0xef5c, 0xef5c, 0xef5c, 0xef5c, 0xef5c, 0xef5c, 0xef5c, 0xef5c, 0xef5c, 0xef5c, 0xef5c, 0xef5c, 0xef5c, 0xef5c, 0xef5c, 
	0xd5b0, 0xd5af, 0xd5af, 0xd5b0, 0xd5d0, 0xd5d0, 0xddd1, 0xddf1, 0xddf1, 0xddf1, 0xddf1, 0xddf1, 0xddf1, 0xe632, 0xe632, 0xe612, 
	0xe632, 0xe632, 0xe633, 0xe654, 0xe654, 0xee54, 0xe634, 0xe634, 0xe634, 0xe613, 0xe613, 0xd5b2, 0xcd30, 0xc4cf, 0xc4cf, 0xc4af, 
	0xc4af, 0xc4af, 0xc4f0, 0xac8e, 0xac8e, 0x944c, 0xa4ce, 0xa4ce, 0xbd71, 0xc5b2, 0xc5b2, 0xbd71, 0xacef, 0xacef, 0xb593, 0xce57, 
	0xce57, 0xce58, 0xc617, 0xc617, 0xc617, 0xc617, 0xc5f6, 0xc5f6, 0xc5d6, 0xbdd5, 0xbdd5, 0xbdd5, 0xbdd5, 0xbdd5, 0xce37, 0xe71b, 
	0xe71b, 0xef7c, 0xf77c, 0xf77c, 0xef5c, 0xe73b, 0xe73b, 0xded9, 0xce78, 0xce78, 0xbdf7, 0x9cd3, 0x9cd3, 0x6b6e, 0x52ab, 0x52ab, 
	0x4a6b, 0x39e9, 0x2946, 0x2946, 0x18c4, 0x18e5, 0x18e5, 0x18c5, 0x2126, 0x2126, 0x2947, 0x31a8, 0x31a8, 0x4a6b, 0x632e, 0x632e, 
	0x73f2, 0x9d37, 0x9d37, 0xad77, 0xb5d8, 0xb5d8, 0xbdf8, 0xad76, 0xad76, 0xbdb6, 0xb595, 0xbdb5, 0xbdb5, 0xc5d5, 0xc5b3, 0xc5b3, 
	0xc572, 0xbd72, 0xbd72, 0xc5b3, 0xc5b3, 0xc5b3, 0xd636, 0xd678, 0xd678, 0xce79, 0xce58, 0xce58, 0xce58, 0xce58, 0xce58, 0xd658, 
	0xce58, 0xce58, 0xd658, 0xd658, 0xd658, 0xce38, 0xd658, 0xd678, 0xd678, 0xd678, 0xd678, 0xd678, 0xd699, 0xd679, 0xd679, 0xce38, 
	0xce37, 0xce37, 0xd656, 0xce36, 0xce36, 0xce36, 0xce15, 0xce15, 0xce14, 0xcdf4, 0xcdf4, 0xc5b3, 0xc5b3, 0xc5b3, 0xc5d3, 0xc5b3, 
	0xc593, 0xc593, 0xc5b3, 0xc5b4, 0xc5b4, 0xcdd4, 0xcdd3, 0xcdd3, 0xc5b3, 0xc592, 0xc592, 0xbd50, 0xb4ed, 0xb4ed, 0xb4cc, 0xb4ab, 
	0xb4ab, 0xb4ab, 0xb4cc, 0xb4cc, 0xc52e, 0xc54e, 0xc54e, 0xc52e, 0xc52d, 0xc52d, 0xc52e, 0xcd4f, 0xd5b0, 0xd5b0, 0xd613, 0xe676, 
	0xe676, 0xeef9, 0xef5c, 0xef5c, 0xef5c, 0xef7c, 0xef7c, 0xef7c, 0xef7c, 0xef7c, 0xef7c, 0xef7c, 0xef7c, 0xef7c, 0xef7d, 0xef7d, 
	0xef5d, 0xef5c, 0xef5c, 0xef5c, 0xef5c, 0xef5c, 0xef5c, 0xef5d, 0xef7d, 0xef7d, 0xef7c, 0xef5c, 0xef5c, 0xef5c, 0xef5c, 0xef5c, 
	0xef5c, 0xef5c, 0xef5c, 0xef5c, 0xef5c, 0xef5c, 0xef5c, 0xef5c, 0xef5c, 0xef5c, 0xef5c, 0xef5c, 0xef5c, 0xef5c, 0xef5c, 0xef5c, 
	0xd5b0, 0xd5af, 0xd5af, 0xd5b0, 0xd5d0, 0xd5d0, 0xddd1, 0xddf1, 0xddf1, 0xddf1, 0xddf1, 0xddf1, 0xddf1, 0xe632, 0xe632, 0xe612, 
	0xe632, 0xe632, 0xe633, 0xe654, 0xe654, 0xee54, 0xe634, 0xe634, 0xe634, 0xe613, 0xe613, 0xd5b2, 0xcd30, 0xc4cf, 0xc4cf, 0xc4af, 
	0xc4af, 0xc4af, 0xc4f0, 0xac8e, 0xac8e, 0x944c, 0xa4ce, 0xa4ce, 0xbd71, 0xc5b2, 0xc5b2, 0xbd71, 0xacef, 0xacef, 0xb593, 0xce57, 
	0xce57, 0xce58, 0xc617, 0xc617, 0xc617, 0xc617, 0xc5f6, 0xc5f6, 0xc5d6, 0xbdd5, 0xbdd5, 0xbdd5, 0xbdd5, 0xbdd5, 0xce37, 0xe71b, 
	0xe71b, 0xef7c, 0xf77c, 0xf77c, 0xef5c, 0xe73b, 0xe73b, 0xded9, 0xce78, 0xce78, 0xbdf7, 0x9cd3, 0x9cd3, 0x6b6e, 0x52ab, 0x52ab, 
	0x4a6b, 0x39e9, 0x2946, 0x2946, 0x18c4, 0x18e5, 0x18e5, 0x18c5, 0x2126, 0x2126, 0x2947, 0x31a8, 0x31a8, 0x4a6b, 0x632e, 0x632e, 
	0x73f2, 0x9d37, 0x9d37, 0xad77, 0xb5d8, 0xb5d8, 0xbdf8, 0xad76, 0xad76, 0xbdb6, 0xb595, 0xbdb5, 0xbdb5, 0xc5d5, 0xc5b3, 0xc5b3, 
	0xc572, 0xbd72, 0xbd72, 0xc5b3, 0xc5b3, 0xc5b3, 0xd636, 0xd678, 0xd678, 0xce79, 0xce58, 0xce58, 0xce58, 0xce58, 0xce58, 0xd658, 
	0xce58, 0xce58, 0xd658, 0xd658, 0xd658, 0xce38, 0xd658, 0xd678, 0xd678, 0xd678, 0xd678, 0xd678, 0xd699, 0xd679, 0xd679, 0xce38, 
	0xce37, 0xce37, 0xd656, 0xce36, 0xce36, 0xce36, 0xce15, 0xce15, 0xce14, 0xcdf4, 0xcdf4, 0xc5b3, 0xc5b3, 0xc5b3, 0xc5d3, 0xc5b3, 
	0xc593, 0xc593, 0xc5b3, 0xc5b4, 0xc5b4, 0xcdd4, 0xcdd3, 0xcdd3, 0xc5b3, 0xc592, 0xc592, 0xbd50, 0xb4ed, 0xb4ed, 0xb4cc, 0xb4ab, 
	0xb4ab, 0xb4ab, 0xb4cc, 0xb4cc, 0xc52e, 0xc54e, 0xc54e, 0xc52e, 0xc52d, 0xc52d, 0xc52e, 0xcd4f, 0xd5b0, 0xd5b0, 0xd613, 0xe676, 
	0xe676, 0xeef9, 0xef5c, 0xef5c, 0xef5c, 0xef7c, 0xef7c, 0xef7c, 0xef7c, 0xef7c, 0xef7c, 0xef7c, 0xef7c, 0xef7c, 0xef7d, 0xef7d, 
	0xef5d, 0xef5c, 0xef5c, 0xef5c, 0xef5c, 0xef5c, 0xef5c, 0xef5d, 0xef7d, 0xef7d, 0xef7c, 0xef5c, 0xef5c, 0xef5c, 0xef5c, 0xef5c, 
	0xef5c, 0xef5c, 0xef5c, 0xef5c, 0xef5c, 0xef5c, 0xef5c, 0xef5c, 0xef5c, 0xef5c, 0xef5c, 0xef5c, 0xef5c, 0xef5c, 0xef5c, 0xef5c, 
	0xcdd1, 0xcdb0, 0xcdb0, 0xcdb0, 0xd5b0, 0xd5b0, 0xcd90, 0xcd90, 0xcd90, 0xcd8f, 0xd58e, 0xd58e, 0xcd8e, 0xd5ae, 0xd5ae, 0xd5ae, 
	0xd5af, 0xd5af, 0xd5b0, 0xddd1, 0xddd1, 0xddd1, 0xddd1, 0xddd1, 0xddf1, 0xddf1, 0xddf1, 0xd5d0, 0xc54e, 0xbced, 0xbced, 0xbccd, 
	0xc4ee, 0xc4ee, 0xbcef, 0xa48d, 0xa48d, 0xa4ae, 0xc592, 0xc592, 0xde35, 0xe698, 0xe698, 0xe678, 0xd616, 0xd616, 0xc5d5, 0xce37, 
	0xce37, 0xce38, 0xc617, 0xc617, 0xc617, 0xc5f7, 0xc5f6, 0xc5f6, 0xc5d6, 0xbdb5, 0xbdb5, 0xbdd5, 0xc5f6, 0xc5f6, 0xce57, 0xe73b, 
	0xe73b, 0xef7c, 0xf77c, 0xf77c, 0xef5b, 0xef3b, 0xef3b, 0xd6d9, 0xc637, 0xc637, 0xad75, 0x8c51, 0x8c51, 0x738e, 0x52ab, 0x52ab, 
	0x528b, 0x422a, 0x39e9, 0x39e9, 0x2126, 0x3188, 0x3188, 0x31a9, 0x2967, 0x2967, 0x2967, 0x39e9, 0x39e9, 0x52ad, 0x636f, 0x636f, 
	0x73f1, 0x8cb4, 0x8cb4, 0x94d5, 0x94b3, 0x94b3, 0x94b3, 0x8c71, 0x8c71, 0xb575, 0xad54, 0xb573, 0xb573, 0xbd93, 0xbd72, 0xbd72, 
	0xc572, 0xc592, 0xc592, 0xc5b2, 0xc5b3, 0xc5b3, 0xce16, 0xce38, 0xce38, 0xce58, 0xce58, 0xce58, 0xce38, 0xce38, 0xce38, 0xd658, 
	0xce58, 0xce58, 0xd658, 0xce58, 0xce58, 0xd658, 0xce37, 0xce57, 0xce57, 0xce36, 0xce16, 0xce16, 0xce36, 0xc5f6, 0xc5f6, 0xc5f6, 
	0xc5f6, 0xc5f6, 0xce15, 0xce15, 0xce15, 0xce16, 0xcdf5, 0xcdf5, 0xc5f4, 0xc5d3, 0xc5d3, 0xc593, 0xc5b3, 0xc5b3, 0xc5b3, 0xc5d3, 
	0xc5d4, 0xc5d4, 0xc5d4, 0xc5d4, 0xc5d4, 0xcdd4, 0xcdd4, 0xcdd4, 0xc5b3, 0xc571, 0xc571, 0xbd4f, 0xb4ed, 0xb4ed, 0xb4cc, 0xb4ab, 
	0xb4ab, 0xb48b, 0xb4ab, 0xb4ab, 0xbced, 0xbd0d, 0xbd0d, 0xbd0d, 0xbced, 0xbced, 0xc50d, 0xcd4e, 0xd590, 0xd590, 0xd5d2, 0xd614, 
	0xd614, 0xe6b8, 0xef3b, 0xef3b, 0xef5c, 0xef5c, 0xef5c, 0xef5c, 0xef5c, 0xef5c, 0xef5c, 0xef5c, 0xef5c, 0xef5c, 0xef7d, 0xef7d, 
	0xef5d, 0xef5c, 0xef5c, 0xef5c, 0xef5c, 0xef5c, 0xef5c, 0xef5d, 0xef5d, 0xef5d, 0xef5d, 0xef5c, 0xef5c, 0xef5c, 0xef5c, 0xef5c, 
	0xef5c, 0xef5c, 0xef5c, 0xef5c, 0xef5c, 0xef5c, 0xef5c, 0xef5c, 0xef5c, 0xef5c, 0xef5c, 0xef5c, 0xef5c, 0xef7c, 0xef7c, 0xef7c, 
	0xe739, 0xe6f7, 0xe6f7, 0xeed7, 0xe6b6, 0xe6b6, 0xe675, 0xde14, 0xde14, 0xd5d1, 0xcd8f, 0xcd8f, 0xcd6e, 0xc56d, 0xc56d, 0xc54d, 
	0xc54d, 0xc54d, 0xcd4e, 0xd56e, 0xd56e, 0xd56f, 0xd56e, 0xd56e, 0xd56e, 0xd56e, 0xd56e, 0xd56e, 0xcd4d, 0xc50d, 0xc50d, 0xbccc, 
	0xbccc, 0xbccc, 0xb4ac, 0xa46b, 0xa46b, 0xb4ee, 0xd5d4, 0xd5d4, 0xe657, 0xf6ba, 0xf6ba, 0xf6ba, 0xe659, 0xe659, 0xd5f7, 0xd5f7, 
	0xd5f7, 0xce17, 0xc617, 0xc617, 0xc616, 0xbdd5, 0xc5f6, 0xc5f6, 0xc5d5, 0xbdb5, 0xbdb5, 0xc5d5, 0xc5f6, 0xc5f6, 0xd637, 0xe71b, 
	0xe71b, 0xef5c, 0xf77c, 0xf77c, 0xef3b, 0xe73b, 0xe73b, 0xe71a, 0xd678, 0xd678, 0xbdd6, 0x94b1, 0x94b1, 0x7bce, 0x62ec, 0x62ec, 
	0x52ab, 0x4a4b, 0x4a6b, 0x4a6b, 0x31c8, 0x39e9, 0x39e9, 0x39c8, 0x31a7, 0x31a7, 0x2946, 0x31a8, 0x31a8, 0x39e8, 0x5b0d, 0x5b0d, 
	0x6b4e, 0x8c72, 0x8c72, 0x94b3, 0x94f4, 0x94f4, 0xad96, 0xa534, 0xa534, 0xb595, 0xbdb5, 0xbd94, 0xbd94, 0xbd93, 0xc593, 0xc593, 
	0xc592, 0xcdb2, 0xcdb2, 0xc592, 0xbd93, 0xbd93, 0xc5d5, 0xc5f6, 0xc5f6, 0xcdf6, 0xce17, 0xce17, 0xce17, 0xc5f6, 0xc5f6, 0xc5f6, 
	0xc5f6, 0xc5f6, 0xce16, 0xce16, 0xce16, 0xce37, 0xd657, 0xce17, 0xce17, 0xc5d5, 0xc5d5, 0xc5d5, 0xce16, 0xce16, 0xce16, 0xc5f6, 
	0xce16, 0xce16, 0xcdf5, 0xcdf4, 0xcdf4, 0xcdd5, 0xc5b3, 0xc5b3, 0xc593, 0xc593, 0xc593, 0xc593, 0xc5d4, 0xc5d4, 0xcdf5, 0xcdf5, 
	0xce16, 0xce16, 0xce16, 0xd615, 0xd615, 0xcdf4, 0xc5d3, 0xc5d3, 0xbd92, 0xb52f, 0xb52f, 0xb50e, 0xb4ed, 0xb4ed, 0xb4cc, 0xb48b, 
	0xb48b, 0xac6b, 0xb4ab, 0xb4ab, 0xbd0d, 0xbd0d, 0xbd0d, 0xbcec, 0xb4cc, 0xb4cc, 0xc52e, 0xcd4f, 0xcd90, 0xcd90, 0xcdb1, 0xde14, 
	0xde14, 0xe6b8, 0xef3b, 0xef3b, 0xef5c, 0xef5d, 0xef5d, 0xef5c, 0xef5c, 0xef5c, 0xef5c, 0xef5c, 0xef5c, 0xef5c, 0xef5c, 0xef5c, 
	0xef5d, 0xef5c, 0xef5c, 0xef5c, 0xef5c, 0xef5c, 0xef5c, 0xef7c, 0xef7c, 0xef7c, 0xef7c, 0xef5c, 0xef5c, 0xef5c, 0xef5c, 0xef5c, 
	0xef5c, 0xef5c, 0xef5c, 0xef5c, 0xef5c, 0xef5c, 0xef5c, 0xef5c, 0xef5c, 0xef5c, 0xef5c, 0xef5c, 0xef5c, 0xef5c, 0xef5c, 0xef5c, 
	0xe739, 0xe6f7, 0xe6f7, 0xeed7, 0xe6b6, 0xe6b6, 0xe675, 0xde14, 0xde14, 0xd5d1, 0xcd8f, 0xcd8f, 0xcd6e, 0xc56d, 0xc56d, 0xc54d, 
	0xc54d, 0xc54d, 0xcd4e, 0xd56e, 0xd56e, 0xd56f, 0xd56e, 0xd56e, 0xd56e, 0xd56e, 0xd56e, 0xd56e, 0xcd4d, 0xc50d, 0xc50d, 0xbccc, 
	0xbccc, 0xbccc, 0xb4ac, 0xa46b, 0xa46b, 0xb4ee, 0xd5d4, 0xd5d4, 0xe657, 0xf6ba, 0xf6ba, 0xf6ba, 0xe659, 0xe659, 0xd5f7, 0xd5f7, 
	0xd5f7, 0xce17, 0xc617, 0xc617, 0xc616, 0xbdd5, 0xc5f6, 0xc5f6, 0xc5d5, 0xbdb5, 0xbdb5, 0xc5d5, 0xc5f6, 0xc5f6, 0xd637, 0xe71b, 
	0xe71b, 0xef5c, 0xf77c, 0xf77c, 0xef3b, 0xe73b, 0xe73b, 0xe71a, 0xd678, 0xd678, 0xbdd6, 0x94b1, 0x94b1, 0x7bce, 0x62ec, 0x62ec, 
	0x52ab, 0x4a4b, 0x4a6b, 0x4a6b, 0x31c8, 0x39e9, 0x39e9, 0x39c8, 0x31a7, 0x31a7, 0x2946, 0x31a8, 0x31a8, 0x39e8, 0x5b0d, 0x5b0d, 
	0x6b4e, 0x8c72, 0x8c72, 0x94b3, 0x94f4, 0x94f4, 0xad96, 0xa534, 0xa534, 0xb595, 0xbdb5, 0xbd94, 0xbd94, 0xbd93, 0xc593, 0xc593, 
	0xc592, 0xcdb2, 0xcdb2, 0xc592, 0xbd93, 0xbd93, 0xc5d5, 0xc5f6, 0xc5f6, 0xcdf6, 0xce17, 0xce17, 0xce17, 0xc5f6, 0xc5f6, 0xc5f6, 
	0xc5f6, 0xc5f6, 0xce16, 0xce16, 0xce16, 0xce37, 0xd657, 0xce17, 0xce17, 0xc5d5, 0xc5d5, 0xc5d5, 0xce16, 0xce16, 0xce16, 0xc5f6, 
	0xce16, 0xce16, 0xcdf5, 0xcdf4, 0xcdf4, 0xcdd5, 0xc5b3, 0xc5b3, 0xc593, 0xc593, 0xc593, 0xc593, 0xc5d4, 0xc5d4, 0xcdf5, 0xcdf5, 
	0xce16, 0xce16, 0xce16, 0xd615, 0xd615, 0xcdf4, 0xc5d3, 0xc5d3, 0xbd92, 0xb52f, 0xb52f, 0xb50e, 0xb4ed, 0xb4ed, 0xb4cc, 0xb48b, 
	0xb48b, 0xac6b, 0xb4ab, 0xb4ab, 0xbd0d, 0xbd0d, 0xbd0d, 0xbcec, 0xb4cc, 0xb4cc, 0xc52e, 0xcd4f, 0xcd90, 0xcd90, 0xcdb1, 0xde14, 
	0xde14, 0xe6b8, 0xef3b, 0xef3b, 0xef5c, 0xef5d, 0xef5d, 0xef5c, 0xef5c, 0xef5c, 0xef5c, 0xef5c, 0xef5c, 0xef5c, 0xef5c, 0xef5c, 
	0xef5d, 0xef5c, 0xef5c, 0xef5c, 0xef5c, 0xef5c, 0xef5c, 0xef7c, 0xef7c, 0xef7c, 0xef7c, 0xef5c, 0xef5c, 0xef5c, 0xef5c, 0xef5c, 
	0xef5c, 0xef5c, 0xef5c, 0xef5c, 0xef5c, 0xef5c, 0xef5c, 0xef5c, 0xef5c, 0xef5c, 0xef5c, 0xef5c, 0xef5c, 0xef5c, 0xef5c, 0xef5c, 
	0xf7dd, 0xffbd, 0xffbd, 0xffbd, 0xffbc, 0xffbc, 0xff9c, 0xf77b, 0xf77b, 0xef19, 0xe6f8, 0xe6f8, 0xe6d6, 0xde95, 0xde95, 0xde75, 
	0xde33, 0xde33, 0xd5f2, 0xd5b1, 0xd5b1, 0xcd8f, 0xcd6f, 0xcd6f, 0xd56f, 0xcd6e, 0xcd6e, 0xcd4e, 0xcd4d, 0xc52d, 0xc52d, 0xbcec, 
	0xbceb, 0xbceb, 0xb4aa, 0xa449, 0xa449, 0xb4cd, 0xcd92, 0xcd92, 0xe5d6, 0xee18, 0xee18, 0xee18, 0xe5b6, 0xe5b6, 0xd554, 0xd596, 
	0xd596, 0xcdf7, 0xc617, 0xc617, 0xbdf6, 0xbdf6, 0xbdd6, 0xbdd6, 0xc5d5, 0xc5d5, 0xc5d5, 0xc5d5, 0xc5f6, 0xc5f6, 0xce37, 0xe6fa, 
	0xe6fa, 0xef5c, 0xf75c, 0xf75c, 0xf77c, 0xef5b, 0xef5b, 0xe6fa, 0xd678, 0xd678, 0xbdd6, 0x9cf2, 0x9cf2, 0x6b4d, 0x632d, 0x632d, 
	0x52ab, 0x528c, 0x4a4b, 0x4a4b, 0x39e9, 0x422a, 0x422a, 0x4229, 0x424a, 0x424a, 0x4a4b, 0x31a8, 0x31a8, 0x39e8, 0x52cc, 0x52cc, 
	0x7c11, 0x9cf4, 0x9cf4, 0xa534, 0xad75, 0xad75, 0xb595, 0xb5b5, 0xb5b5, 0xb574, 0xb553, 0xb552, 0xb552, 0xbd72, 0xc592, 0xc592, 
	0xc592, 0xbd51, 0xbd51, 0xc572, 0xc593, 0xc593, 0xbdb3, 0xc5d5, 0xc5d5, 0xcdf6, 0xc5f6, 0xc5f6, 0xc5d5, 0xc5d5, 0xc5d5, 0xc5f5, 
	0xc5f5, 0xc5f5, 0xc5f5, 0xc5f5, 0xc5f5, 0xce16, 0xce16, 0xcdf6, 0xcdf6, 0xc5d6, 0xc5d6, 0xc5d6, 0xc5d5, 0xc5d6, 0xc5d6, 0xce16, 
	0xce16, 0xce16, 0xd615, 0xcdd4, 0xcdd4, 0xc5b4, 0xc593, 0xc593, 0xc5d3, 0xcdf4, 0xcdf4, 0xcdf5, 0xce15, 0xce15, 0xce36, 0xce16, 
	0xce16, 0xce16, 0xce16, 0xd615, 0xd615, 0xcdf4, 0xc5b2, 0xc5b2, 0xbd71, 0xb52f, 0xb52f, 0xb4ee, 0xb4ed, 0xb4ed, 0xb4cc, 0xb4ac, 
	0xb4ac, 0xb4ab, 0xbd0d, 0xbd0d, 0xcd4e, 0xc52d, 0xc52d, 0xb4cc, 0xbccc, 0xbccc, 0xc52d, 0xcd4e, 0xcd90, 0xcd90, 0xcdb1, 0xde14, 
	0xde14, 0xe6b8, 0xef3b, 0xef3b, 0xef5c, 0xef5d, 0xef5d, 0xef5d, 0xef5c, 0xef5c, 0xef5c, 0xef5c, 0xef5c, 0xef5c, 0xef5c, 0xef5c, 
	0xef5d, 0xef5c, 0xef5c, 0xef5c, 0xef5c, 0xef5c, 0xef5c, 0xef7c, 0xef7c, 0xef7c, 0xef7c, 0xef5c, 0xef5c, 0xef5c, 0xef5c, 0xef5c, 
	0xef5c, 0xef5c, 0xef5c, 0xef5c, 0xef5c, 0xef5c, 0xef5c, 0xef5c, 0xef5c, 0xef5c, 0xef5c, 0xef5c, 0xef5c, 0xef5c, 0xef5c, 0xef5c, 
	0xf7dd, 0xffbd, 0xffbd, 0xffbd, 0xffbc, 0xffbc, 0xff9c, 0xf77b, 0xf77b, 0xef19, 0xe6f8, 0xe6f8, 0xe6d6, 0xde95, 0xde95, 0xde75, 
	0xde33, 0xde33, 0xd5f2, 0xd5b1, 0xd5b1, 0xcd8f, 0xcd6f, 0xcd6f, 0xd56f, 0xcd6e, 0xcd6e, 0xcd4e, 0xcd4d, 0xc52d, 0xc52d, 0xbcec, 
	0xbceb, 0xbceb, 0xb4aa, 0xa449, 0xa449, 0xb4cd, 0xcd92, 0xcd92, 0xe5d6, 0xee18, 0xee18, 0xee18, 0xe5b6, 0xe5b6, 0xd554, 0xd596, 
	0xd596, 0xcdf7, 0xc617, 0xc617, 0xbdf6, 0xbdf6, 0xbdd6, 0xbdd6, 0xc5d5, 0xc5d5, 0xc5d5, 0xc5d5, 0xc5f6, 0xc5f6, 0xce37, 0xe6fa, 
	0xe6fa, 0xef5c, 0xf75c, 0xf75c, 0xf77c, 0xef5b, 0xef5b, 0xe6fa, 0xd678, 0xd678, 0xbdd6, 0x9cf2, 0x9cf2, 0x6b4d, 0x632d, 0x632d, 
	0x52ab, 0x528c, 0x4a4b, 0x4a4b, 0x39e9, 0x422a, 0x422a, 0x4229, 0x424a, 0x424a, 0x4a4b, 0x31a8, 0x31a8, 0x39e8, 0x52cc, 0x52cc, 
	0x7c11, 0x9cf4, 0x9cf4, 0xa534, 0xad75, 0xad75, 0xb595, 0xb5b5, 0xb5b5, 0xb574, 0xb553, 0xb552, 0xb552, 0xbd72, 0xc592, 0xc592, 
	0xc592, 0xbd51, 0xbd51, 0xc572, 0xc593, 0xc593, 0xbdb3, 0xc5d5, 0xc5d5, 0xcdf6, 0xc5f6, 0xc5f6, 0xc5d5, 0xc5d5, 0xc5d5, 0xc5f5, 
	0xc5f5, 0xc5f5, 0xc5f5, 0xc5f5, 0xc5f5, 0xce16, 0xce16, 0xcdf6, 0xcdf6, 0xc5d6, 0xc5d6, 0xc5d6, 0xc5d5, 0xc5d6, 0xc5d6, 0xce16, 
	0xce16, 0xce16, 0xd615, 0xcdd4, 0xcdd4, 0xc5b4, 0xc593, 0xc593, 0xc5d3, 0xcdf4, 0xcdf4, 0xcdf5, 0xce15, 0xce15, 0xce36, 0xce16, 
	0xce16, 0xce16, 0xce16, 0xd615, 0xd615, 0xcdf4, 0xc5b2, 0xc5b2, 0xbd71, 0xb52f, 0xb52f, 0xb4ee, 0xb4ed, 0xb4ed, 0xb4cc, 0xb4ac, 
	0xb4ac, 0xb4ab, 0xbd0d, 0xbd0d, 0xcd4e, 0xc52d, 0xc52d, 0xb4cc, 0xbccc, 0xbccc, 0xc52d, 0xcd4e, 0xcd90, 0xcd90, 0xcdb1, 0xde14, 
	0xde14, 0xe6b8, 0xef3b, 0xef3b, 0xef5c, 0xef5d, 0xef5d, 0xef5d, 0xef5c, 0xef5c, 0xef5c, 0xef5c, 0xef5c, 0xef5c, 0xef5c, 0xef5c, 
	0xef5d, 0xef5c, 0xef5c, 0xef5c, 0xef5c, 0xef5c, 0xef5c, 0xef7c, 0xef7c, 0xef7c, 0xef7c, 0xef5c, 0xef5c, 0xef5c, 0xef5c, 0xef5c, 
	0xef5c, 0xef5c, 0xef5c, 0xef5c, 0xef5c, 0xef5c, 0xef5c, 0xef5c, 0xef5c, 0xef5c, 0xef5c, 0xef5c, 0xef5c, 0xef5c, 0xef5c, 0xef5c, 
	0xffde, 0xf7de, 0xf7de, 0xf7dd, 0xf7dd, 0xf7dd, 0xf7dd, 0xf7dd, 0xf7dd, 0xf7dd, 0xf7dd, 0xf7dd, 0xf7bd, 0xff9c, 0xff9c, 0xf79c, 
	0xf77b, 0xf77b, 0xf75a, 0xef18, 0xef18, 0xe696, 0xde55, 0xde55, 0xde14, 0xd5d3, 0xd5d3, 0xd5b2, 0xcdb0, 0xcd8f, 0xcd8f, 0xc54e, 
	0xc50c, 0xc50c, 0xb4aa, 0xa449, 0xa449, 0xac6b, 0xc530, 0xc530, 0xdd93, 0xe5b5, 0xe5b5, 0xdd74, 0xccf2, 0xccf2, 0xc4f2, 0xcd74, 
	0xcd74, 0xc5b6, 0xc5d6, 0xc5d6, 0xc5f6, 0xc5f6, 0xbdd6, 0xbdd6, 0xc5d5, 0xc5d6, 0xc5d6, 0xc5d6, 0xc5f6, 0xc5f6, 0xce37, 0xdeb9, 
	0xdeb9, 0xef1b, 0xef5c, 0xef5c, 0xf77d, 0xef5b, 0xef5b, 0xd6b8, 0xdeb9, 0xdeb9, 0xc617, 0xad54, 0xad54, 0x8c51, 0x62ec, 0x62ec, 
	0x3186, 0x18a3, 0x1083, 0x1083, 0x0862, 0x1062, 0x1062, 0x2146, 0x2987, 0x2987, 0x4a4b, 0x424b, 0x424b, 0x4a6b, 0x4a6a, 0x4a6a, 
	0x6b6d, 0x6b8d, 0x6b8d, 0x8c30, 0x94b1, 0x94b1, 0xa512, 0xa512, 0xa512, 0xad32, 0xb552, 0xa4af, 0xa4af, 0xb551, 0xbd72, 0xbd72, 
	0xcd92, 0xbd30, 0xbd30, 0xbd31, 0xb531, 0xb531, 0xad10, 0xb552, 0xb552, 0xb572, 0xbdd4, 0xbdd4, 0xc5f5, 0xc5d5, 0xc5d5, 0xc5f5, 
	0xc5f4, 0xc5f4, 0xce15, 0xc5f5, 0xc5f5, 0xcdf5, 0xc5b5, 0xbd94, 0xbd94, 0xc5b5, 0xc5b5, 0xc5b5, 0xc5d5, 0xc5f6, 0xc5f6, 0xce16, 
	0xce16, 0xce16, 0xc5b4, 0xc5b3, 0xc5b3, 0xc5d4, 0xc5d4, 0xc5d4, 0xcdf4, 0xce15, 0xce15, 0xce15, 0xce36, 0xce36, 0xce56, 0xc616, 
	0xcdf6, 0xcdf6, 0xcdf5, 0xc5d4, 0xc5d4, 0xbd92, 0xbd71, 0xbd71, 0xbd71, 0xbd50, 0xbd50, 0xb50e, 0xb4ed, 0xb4ed, 0xb4cc, 0xb48c, 
	0xb48c, 0xb4ab, 0xbcec, 0xbcec, 0xbd0d, 0xb4ac, 0xb4ac, 0xb4ac, 0xbced, 0xbced, 0xbd0d, 0xc52e, 0xcd6f, 0xcd6f, 0xd5d1, 0xde34, 
	0xde34, 0xe6b8, 0xe71b, 0xe71b, 0xef5c, 0xef5d, 0xef5d, 0xef5c, 0xef5c, 0xef5c, 0xef5c, 0xef5c, 0xef5c, 0xef5c, 0xef5c, 0xef5c, 
	0xef5d, 0xef5c, 0xef5c, 0xef5c, 0xef5c, 0xef5c, 0xef5c, 0xef5c, 0xef5c, 0xef5c, 0xef5c, 0xef5c, 0xef5c, 0xef5c, 0xef5c, 0xef5c, 
	0xef5c, 0xef5c, 0xef5c, 0xef5c, 0xef5c, 0xef5c, 0xef5c, 0xef5c, 0xef5c, 0xef5c, 0xef5c, 0xef5c, 0xef5c, 0xef5c, 0xef5c, 0xef5c, 
	0xffde, 0xf7de, 0xf7de, 0xf7dd, 0xf7dd, 0xf7dd, 0xf7dd, 0xf7dd, 0xf7dd, 0xf7dd, 0xf7dd, 0xf7dd, 0xf7bd, 0xff9c, 0xff9c, 0xf79c, 
	0xf77b, 0xf77b, 0xf75a, 0xef18, 0xef18, 0xe696, 0xde55, 0xde55, 0xde14, 0xd5d3, 0xd5d3, 0xd5b2, 0xcdb0, 0xcd8f, 0xcd8f, 0xc54e, 
	0xc50c, 0xc50c, 0xb4aa, 0xa449, 0xa449, 0xac6b, 0xc530, 0xc530, 0xdd93, 0xe5b5, 0xe5b5, 0xdd74, 0xccf2, 0xccf2, 0xc4f2, 0xcd74, 
	0xcd74, 0xc5b6, 0xc5d6, 0xc5d6, 0xc5f6, 0xc5f6, 0xbdd6, 0xbdd6, 0xc5d5, 0xc5d6, 0xc5d6, 0xc5d6, 0xc5f6, 0xc5f6, 0xce37, 0xdeb9, 
	0xdeb9, 0xef1b, 0xef5c, 0xef5c, 0xf77d, 0xef5b, 0xef5b, 0xd6b8, 0xdeb9, 0xdeb9, 0xc617, 0xad54, 0xad54, 0x8c51, 0x62ec, 0x62ec, 
	0x3186, 0x18a3, 0x1083, 0x1083, 0x0862, 0x1062, 0x1062, 0x2146, 0x2987, 0x2987, 0x4a4b, 0x424b, 0x424b, 0x4a6b, 0x4a6a, 0x4a6a, 
	0x6b6d, 0x6b8d, 0x6b8d, 0x8c30, 0x94b1, 0x94b1, 0xa512, 0xa512, 0xa512, 0xad32, 0xb552, 0xa4af, 0xa4af, 0xb551, 0xbd72, 0xbd72, 
	0xcd92, 0xbd30, 0xbd30, 0xbd31, 0xb531, 0xb531, 0xad10, 0xb552, 0xb552, 0xb572, 0xbdd4, 0xbdd4, 0xc5f5, 0xc5d5, 0xc5d5, 0xc5f5, 
	0xc5f4, 0xc5f4, 0xce15, 0xc5f5, 0xc5f5, 0xcdf5, 0xc5b5, 0xbd94, 0xbd94, 0xc5b5, 0xc5b5, 0xc5b5, 0xc5d5, 0xc5f6, 0xc5f6, 0xce16, 
	0xce16, 0xce16, 0xc5b4, 0xc5b3, 0xc5b3, 0xc5d4, 0xc5d4, 0xc5d4, 0xcdf4, 0xce15, 0xce15, 0xce15, 0xce36, 0xce36, 0xce56, 0xc616, 
	0xcdf6, 0xcdf6, 0xcdf5, 0xc5d4, 0xc5d4, 0xbd92, 0xbd71, 0xbd71, 0xbd71, 0xbd50, 0xbd50, 0xb50e, 0xb4ed, 0xb4ed, 0xb4cc, 0xb48c, 
	0xb48c, 0xb4ab, 0xbcec, 0xbcec, 0xbd0d, 0xb4ac, 0xb4ac, 0xb4ac, 0xbced, 0xbced, 0xbd0d, 0xc52e, 0xcd6f, 0xcd6f, 0xd5d1, 0xde34, 
	0xde34, 0xe6b8, 0xe71b, 0xe71b, 0xef5c, 0xef5d, 0xef5d, 0xef5c, 0xef5c, 0xef5c, 0xef5c, 0xef5c, 0xef5c, 0xef5c, 0xef5c, 0xef5c, 
	0xef5d, 0xef5c, 0xef5c, 0xef5c, 0xef5c, 0xef5c, 0xef5c, 0xef5c, 0xef5c, 0xef5c, 0xef5c, 0xef5c, 0xef5c, 0xef5c, 0xef5c, 0xef5c, 
	0xef5c, 0xef5c, 0xef5c, 0xef5c, 0xef5c, 0xef5c, 0xef5c, 0xef5c, 0xef5c, 0xef5c, 0xef5c, 0xef5c, 0xef5c, 0xef5c, 0xef5c, 0xef5c, 
	0xffbe, 0xf7de, 0xf7de, 0xf7de, 0xf7dd, 0xf7dd, 0xf7bd, 0xf7dd, 0xf7dd, 0xf7fd, 0xf7fe, 0xf7fe, 0xf7de, 0xffde, 0xffde, 0xffde, 
	0xffde, 0xffde, 0xffde, 0xf7dd, 0xf7dd, 0xf79c, 0xf77c, 0xf77c, 0xf77b, 0xf73a, 0xf73a, 0xef19, 0xe6b7, 0xde96, 0xde96, 0xde55, 
	0xd613, 0xd613, 0xc550, 0xb4cd, 0xb4cd, 0xacad, 0xbcef, 0xbcef, 0xcd31, 0xd552, 0xd552, 0xd552, 0xc4d0, 0xc4d0, 0xc511, 0xc593, 
	0xc593, 0xc5d5, 0xc5d6, 0xc5d6, 0xbdd6, 0xbdd6, 0xc5d6, 0xc5d6, 0xc5d6, 0xbdb5, 0xbdb5, 0xc5d6, 0xc5f6, 0xc5f6, 0xce37, 0xdeda, 
	0xdeda, 0xef3b, 0xf77c, 0xf77c, 0xef5c, 0xe71a, 0xe71a, 0xded9, 0xdeb9, 0xdeb9, 0xd678, 0xd698, 0xd698, 0xad54, 0x528a, 0x528a, 
	0x39a7, 0x18a3, 0x0842, 0x0842, 0x0000, 0x0000, 0x0000, 0x0000, 0x1063, 0x1063, 0x2968, 0x31c9, 0x31c9, 0x31c9, 0x4229, 0x4229, 
	0x632d, 0x7bce, 0x7bce, 0x9cd2, 0xa4d1, 0xa4d1, 0xad12, 0xacf1, 0xacf1, 0xb532, 0xbd52, 0xb551, 0xb551, 0xb550, 0xc591, 0xc591, 
	0xc551, 0xbd51, 0xbd51, 0xb510, 0xaccf, 0xaccf, 0x9c8f, 0xacd0, 0xacd0, 0xb551, 0xc5d4, 0xc5d4, 0xc5f5, 0xc5d4, 0xc5d4, 0xc5d4, 
	0xc5b3, 0xc5b3, 0xc5b4, 0xc5b4, 0xc5b4, 0xc593, 0xc5b3, 0xc594, 0xc594, 0xbd94, 0xcdd5, 0xcdd5, 0xcdf5, 0xce16, 0xce16, 0xce15, 
	0xc5f5, 0xc5f5, 0xc5d4, 0xcdd4, 0xcdd4, 0xcdd4, 0xce15, 0xce15, 0xce36, 0xce36, 0xce36, 0xce56, 0xce36, 0xce36, 0xce36, 0xce36, 
	0xce36, 0xce36, 0xce15, 0xc5f5, 0xc5f5, 0xcdf4, 0xcdf3, 0xcdf3, 0xc5b2, 0xbd50, 0xbd50, 0xbd2e, 0xb4ed, 0xb4ed, 0xb4ab, 0xb4ac, 
	0xb4ac, 0xb4cc, 0xbced, 0xbced, 0xbcec, 0xb4cc, 0xb4cc, 0xbccc, 0xbcec, 0xbcec, 0xbced, 0xc52d, 0xc54f, 0xc54f, 0xcdb1, 0xd5f4, 
	0xd5f4, 0xde57, 0xe6da, 0xe6da, 0xef5c, 0xef5c, 0xef5c, 0xef5c, 0xef5c, 0xef5c, 0xef5c, 0xef5d, 0xef5d, 0xef5c, 0xef5c, 0xef5c, 
	0xef5c, 0xef5c, 0xef5c, 0xef7c, 0xef7c, 0xef5c, 0xef5c, 0xef5c, 0xef5c, 0xef5c, 0xef5c, 0xef5c, 0xef5c, 0xef5c, 0xef5c, 0xef5c, 
	0xef5c, 0xef5c, 0xef5c, 0xef5c, 0xef5c, 0xef5c, 0xef5c, 0xef5c, 0xef5c, 0xef5c, 0xef5c, 0xef5c, 0xef5c, 0xef5c, 0xef5c, 0xef5c, 
	0xf7be, 0xf7be, 0xf7be, 0xf7bd, 0xf7bd, 0xf7bd, 0xf7bd, 0xf7bd, 0xf7bd, 0xf7dd, 0xf7dd, 0xf7dd, 0xf7de, 0xffde, 0xffde, 0xffde, 
	0xf7de, 0xf7de, 0xf7de, 0xf7dd, 0xf7dd, 0xffde, 0xffde, 0xffde, 0xf7de, 0xf7de, 0xf7de, 0xf7de, 0xf7bd, 0xf79d, 0xf79d, 0xf77c, 
	0xf75b, 0xf75b, 0xef1a, 0xdeb8, 0xdeb8, 0xd656, 0xcdf4, 0xcdf4, 0xcd72, 0xcd72, 0xcd72, 0xcd72, 0xbd11, 0xbd11, 0xb531, 0xbd73, 
	0xbd73, 0xc5b5, 0xbdb6, 0xbdb6, 0xbdd6, 0xbdd6, 0xbdd5, 0xbdd5, 0xbdb5, 0xbdb5, 0xbdb5, 0xc5d6, 0xc5f6, 0xc5f6, 0xce37, 0xe6da, 
	0xe6da, 0xef5c, 0xef5c, 0xef5c, 0xef3b, 0xded9, 0xded9, 0xded9, 0xded9, 0xded9, 0xdeda, 0xdeda, 0xdeda, 0xad54, 0x4a69, 0x4a69, 
	0x39c8, 0x3187, 0x2146, 0x2146, 0x10a3, 0x0841, 0x0841, 0x0000, 0x0841, 0x0841, 0x0821, 0x0842, 0x0842, 0x0862, 0x20e4, 0x20e4, 
	0x4a49, 0x7bae, 0x7bae, 0x8c2f, 0xad12, 0xad12, 0xad11, 0xb511, 0xb511, 0xad10, 0xbd52, 0xbd72, 0xbd72, 0xb551, 0xb571, 0xb571, 
	0xad10, 0xacf1, 0xacf1, 0xa4f1, 0x9c8f, 0x9c8f, 0xa4b0, 0xad11, 0xad11, 0xb552, 0xbd93, 0xbd93, 0xc5f5, 0xc5d4, 0xc5d4, 0xc5d4, 
	0xc5b4, 0xc5b4, 0xc5b3, 0xc5b3, 0xc5b3, 0xc5b3, 0xbd93, 0xc5b4, 0xc5b4, 0xcdf6, 0xd616, 0xd616, 0xd636, 0xce16, 0xce16, 0xc5f5, 
	0xc5f5, 0xc5f5, 0xc5d4, 0xc5d4, 0xc5d4, 0xcdf4, 0xce16, 0xce16, 0xce57, 0xd678, 0xd678, 0xde98, 0xd678, 0xd678, 0xd657, 0xd656, 
	0xce36, 0xce36, 0xce36, 0xce36, 0xce36, 0xcdf4, 0xcdf3, 0xcdf3, 0xcdd3, 0xc5b2, 0xc5b2, 0xbd4f, 0xbd0d, 0xbd0d, 0xb4ab, 0xb4ac, 
	0xb4ac, 0xbd0d, 0xc54e, 0xc54e, 0xbd0d, 0xb4cc, 0xb4cc, 0xbced, 0xbccc, 0xbccc, 0xbced, 0xc54e, 0xcd6f, 0xcd6f, 0xcd90, 0xd5f3, 
	0xd5f3, 0xde76, 0xeefa, 0xeefa, 0xef5b, 0xef5c, 0xef5c, 0xef5c, 0xef5c, 0xef5c, 0xef5c, 0xef5d, 0xef5d, 0xef5c, 0xef5c, 0xef5c, 
	0xef5c, 0xef5c, 0xef5c, 0xef7c, 0xef7c, 0xef5c, 0xef5c, 0xef5c, 0xef5c, 0xef5c, 0xef5c, 0xef5c, 0xef5c, 0xef5c, 0xef5c, 0xef5c, 
	0xef5c, 0xef5c, 0xef5c, 0xef5c, 0xef5c, 0xef5c, 0xef5c, 0xef5c, 0xef5c, 0xef5c, 0xef5c, 0xef5c, 0xef5c, 0xef5c, 0xef5c, 0xef5c, 
	0xf7be, 0xf7be, 0xf7be, 0xf7bd, 0xf7bd, 0xf7bd, 0xf7bd, 0xf7bd, 0xf7bd, 0xf7dd, 0xf7dd, 0xf7dd, 0xf7de, 0xffde, 0xffde, 0xffde, 
	0xf7de, 0xf7de, 0xf7de, 0xf7dd, 0xf7dd, 0xffde, 0xffde, 0xffde, 0xf7de, 0xf7de, 0xf7de, 0xf7de, 0xf7bd, 0xf79d, 0xf79d, 0xf77c, 
	0xf75b, 0xf75b, 0xef1a, 0xdeb8, 0xdeb8, 0xd656, 0xcdf4, 0xcdf4, 0xcd72, 0xcd72, 0xcd72, 0xcd72, 0xbd11, 0xbd11, 0xb531, 0xbd73, 
	0xbd73, 0xc5b5, 0xbdb6, 0xbdb6, 0xbdd6, 0xbdd6, 0xbdd5, 0xbdd5, 0xbdb5, 0xbdb5, 0xbdb5, 0xc5d6, 0xc5f6, 0xc5f6, 0xce37, 0xe6da, 
	0xe6da, 0xef5c, 0xef5c, 0xef5c, 0xef3b, 0xded9, 0xded9, 0xded9, 0xded9, 0xded9, 0xdeda, 0xdeda, 0xdeda, 0xad54, 0x4a69, 0x4a69, 
	0x39c8, 0x3187, 0x2146, 0x2146, 0x10a3, 0x0841, 0x0841, 0x0000, 0x0841, 0x0841, 0x0821, 0x0842, 0x0842, 0x0862, 0x20e4, 0x20e4, 
	0x4a49, 0x7bae, 0x7bae, 0x8c2f, 0xad12, 0xad12, 0xad11, 0xb511, 0xb511, 0xad10, 0xbd52, 0xbd72, 0xbd72, 0xb551, 0xb571, 0xb571, 
	0xad10, 0xacf1, 0xacf1, 0xa4f1, 0x9c8f, 0x9c8f, 0xa4b0, 0xad11, 0xad11, 0xb552, 0xbd93, 0xbd93, 0xc5f5, 0xc5d4, 0xc5d4, 0xc5d4, 
	0xc5b4, 0xc5b4, 0xc5b3, 0xc5b3, 0xc5b3, 0xc5b3, 0xbd93, 0xc5b4, 0xc5b4, 0xcdf6, 0xd616, 0xd616, 0xd636, 0xce16, 0xce16, 0xc5f5, 
	0xc5f5, 0xc5f5, 0xc5d4, 0xc5d4, 0xc5d4, 0xcdf4, 0xce16, 0xce16, 0xce57, 0xd678, 0xd678, 0xde98, 0xd678, 0xd678, 0xd657, 0xd656, 
	0xce36, 0xce36, 0xce36, 0xce36, 0xce36, 0xcdf4, 0xcdf3, 0xcdf3, 0xcdd3, 0xc5b2, 0xc5b2, 0xbd4f, 0xbd0d, 0xbd0d, 0xb4ab, 0xb4ac, 
	0xb4ac, 0xbd0d, 0xc54e, 0xc54e, 0xbd0d, 0xb4cc, 0xb4cc, 0xbced, 0xbccc, 0xbccc, 0xbced, 0xc54e, 0xcd6f, 0xcd6f, 0xcd90, 0xd5f3, 
	0xd5f3, 0xde76, 0xeefa, 0xeefa, 0xef5b, 0xef5c, 0xef5c, 0xef5c, 0xef5c, 0xef5c, 0xef5c, 0xef5d, 0xef5d, 0xef5c, 0xef5c, 0xef5c, 
	0xef5c, 0xef5c, 0xef5c, 0xef7c, 0xef7c, 0xef5c, 0xef5c, 0xef5c, 0xef5c, 0xef5c, 0xef5c, 0xef5c, 0xef5c, 0xef5c, 0xef5c, 0xef5c, 
	0xef5c, 0xef5c, 0xef5c, 0xef5c, 0xef5c, 0xef5c, 0xef5c, 0xef5c, 0xef5c, 0xef5c, 0xef5c, 0xef5c, 0xef5c, 0xef5c, 0xef5c, 0xef5c, 
	0xffbd, 0xffbd, 0xffbd, 0xf79d, 0xf79d, 0xf79d, 0xf79d, 0xf79d, 0xf79d, 0xf7bc, 0xf7dd, 0xf7dd, 0xffde, 0xffde, 0xffde, 0xffde, 
	0xffde, 0xffde, 0xffde, 0xffde, 0xffde, 0xffde, 0xffde, 0xffde, 0xffde, 0xf7de, 0xf7de, 0xf7df, 0xf7de, 0xf7de, 0xf7de, 0xf7de, 
	0xf7de, 0xf7de, 0xf7de, 0xf7bd, 0xf7bd, 0xf79d, 0xf77b, 0xf77b, 0xef1a, 0xe6fa, 0xe6fa, 0xdeb9, 0xd657, 0xd657, 0xce16, 0xc5f6, 
	0xc5f6, 0xc5f6, 0xc5f6, 0xc5f6, 0xc5d6, 0xbdd6, 0xbdb5, 0xbdb5, 0xbdb5, 0xc5d5, 0xc5d5, 0xc5d6, 0xc5f6, 0xc5f6, 0xce36, 0xded9, 
	0xded9, 0xef3b, 0xf75c, 0xf75c, 0xef1b, 0xe71a, 0xe71a, 0xe71a, 0xe71a, 0xe71a, 0xe6fa, 0xe6fb, 0xe6fb, 0xbdf7, 0x6b4d, 0x6b4d, 
	0x4229, 0x39e8, 0x3187, 0x3187, 0x2966, 0x2125, 0x2125, 0x18e4, 0x18a4, 0x18a4, 0x10a3, 0x1083, 0x1083, 0x0842, 0x0842, 0x0842, 
	0x18a3, 0x4208, 0x4208, 0x73ae, 0xa4f2, 0xa4f2, 0xad12, 0xb532, 0xb532, 0xbd72, 0xb553, 0xb553, 0xb553, 0xa4d1, 0x946f, 0x946f, 
	0x83cd, 0x7bae, 0x7bae, 0x5aa9, 0x630b, 0x630b, 0x730a, 0x9cb0, 0x9cb0, 0xb552, 0xb552, 0xb552, 0xbd93, 0xc5d4, 0xc5d4, 0xc5d4, 
	0xc5d4, 0xc5d4, 0xc5b3, 0xc5b3, 0xc5b3, 0xc593, 0xc593, 0xc5d5, 0xc5d5, 0xcdf6, 0xce16, 0xce16, 0xce16, 0xce15, 0xce15, 0xc5f5, 
	0xc5f5, 0xc5f5, 0xc5b4, 0xc5d4, 0xc5d4, 0xce16, 0xd636, 0xd636, 0xd657, 0xd678, 0xd678, 0xde98, 0xd678, 0xd678, 0xd657, 0xd677, 
	0xd677, 0xd677, 0xd677, 0xd656, 0xd656, 0xcdf4, 0xcdf3, 0xcdf3, 0xcdf3, 0xc591, 0xc591, 0xbd0e, 0xb4cc, 0xb4cc, 0xbcec, 0xbcec, 
	0xbcec, 0xbd0d, 0xbced, 0xbced, 0xbcec, 0xbcec, 0xbcec, 0xbcec, 0xbd0d, 0xbd0d, 0xc52d, 0xcd4e, 0xcd6f, 0xcd6f, 0xcd91, 0xd5f3, 
	0xd5f3, 0xe676, 0xe6d9, 0xe6d9, 0xef5b, 0xef5b, 0xef5b, 0xef5b, 0xef5c, 0xef5c, 0xef5c, 0xef5d, 0xef5d, 0xef5c, 0xef5c, 0xef5c, 
	0xef5c, 0xef5c, 0xef5c, 0xef7d, 0xef7d, 0xef5c, 0xef5c, 0xef5c, 0xef5c, 0xef5c, 0xef5c, 0xef5c, 0xef5c, 0xef5c, 0xef5c, 0xef5c, 
	0xef5c, 0xef5c, 0xef5c, 0xef5c, 0xef5c, 0xef5c, 0xef5c, 0xef5c, 0xef5c, 0xef5c, 0xef5c, 0xef5c, 0xef5c, 0xef5c, 0xef5c, 0xef5c, 
	0xffbd, 0xffbd, 0xffbd, 0xf79d, 0xf79d, 0xf79d, 0xf79d, 0xf79d, 0xf79d, 0xf7bc, 0xf7dd, 0xf7dd, 0xffde, 0xffde, 0xffde, 0xffde, 
	0xffde, 0xffde, 0xffde, 0xffde, 0xffde, 0xffde, 0xffde, 0xffde, 0xffde, 0xf7de, 0xf7de, 0xf7df, 0xf7de, 0xf7de, 0xf7de, 0xf7de, 
	0xf7de, 0xf7de, 0xf7de, 0xf7bd, 0xf7bd, 0xf79d, 0xf77b, 0xf77b, 0xef1a, 0xe6fa, 0xe6fa, 0xdeb9, 0xd657, 0xd657, 0xce16, 0xc5f6, 
	0xc5f6, 0xc5f6, 0xc5f6, 0xc5f6, 0xc5d6, 0xbdd6, 0xbdb5, 0xbdb5, 0xbdb5, 0xc5d5, 0xc5d5, 0xc5d6, 0xc5f6, 0xc5f6, 0xce36, 0xded9, 
	0xded9, 0xef3b, 0xf75c, 0xf75c, 0xef1b, 0xe71a, 0xe71a, 0xe71a, 0xe71a, 0xe71a, 0xe6fa, 0xe6fb, 0xe6fb, 0xbdf7, 0x6b4d, 0x6b4d, 
	0x4229, 0x39e8, 0x3187, 0x3187, 0x2966, 0x2125, 0x2125, 0x18e4, 0x18a4, 0x18a4, 0x10a3, 0x1083, 0x1083, 0x0842, 0x0842, 0x0842, 
	0x18a3, 0x4208, 0x4208, 0x73ae, 0xa4f2, 0xa4f2, 0xad12, 0xb532, 0xb532, 0xbd72, 0xb553, 0xb553, 0xb553, 0xa4d1, 0x946f, 0x946f, 
	0x83cd, 0x7bae, 0x7bae, 0x5aa9, 0x630b, 0x630b, 0x730a, 0x9cb0, 0x9cb0, 0xb552, 0xb552, 0xb552, 0xbd93, 0xc5d4, 0xc5d4, 0xc5d4, 
	0xc5d4, 0xc5d4, 0xc5b3, 0xc5b3, 0xc5b3, 0xc593, 0xc593, 0xc5d5, 0xc5d5, 0xcdf6, 0xce16, 0xce16, 0xce16, 0xce15, 0xce15, 0xc5f5, 
	0xc5f5, 0xc5f5, 0xc5b4, 0xc5d4, 0xc5d4, 0xce16, 0xd636, 0xd636, 0xd657, 0xd678, 0xd678, 0xde98, 0xd678, 0xd678, 0xd657, 0xd677, 
	0xd677, 0xd677, 0xd677, 0xd656, 0xd656, 0xcdf4, 0xcdf3, 0xcdf3, 0xcdf3, 0xc591, 0xc591, 0xbd0e, 0xb4cc, 0xb4cc, 0xbcec, 0xbcec, 
	0xbcec, 0xbd0d, 0xbced, 0xbced, 0xbcec, 0xbcec, 0xbcec, 0xbcec, 0xbd0d, 0xbd0d, 0xc52d, 0xcd4e, 0xcd6f, 0xcd6f, 0xcd91, 0xd5f3, 
	0xd5f3, 0xe676, 0xe6d9, 0xe6d9, 0xef5b, 0xef5b, 0xef5b, 0xef5b, 0xef5c, 0xef5c, 0xef5c, 0xef5d, 0xef5d, 0xef5c, 0xef5c, 0xef5c, 
	0xef5c, 0xef5c, 0xef5c, 0xef7d, 0xef7d, 0xef5c, 0xef5c, 0xef5c, 0xef5c, 0xef5c, 0xef5c, 0xef5c, 0xef5c, 0xef5c, 0xef5c, 0xef5c, 
	0xef5c, 0xef5c, 0xef5c, 0xef5c, 0xef5c, 0xef5c, 0xef5c, 0xef5c, 0xef5c, 0xef5c, 0xef5c, 0xef5c, 0xef5c, 0xef5c, 0xef5c, 0xef5c, 
	0xf79c, 0xf79c, 0xf79c, 0xf79c, 0xf79c, 0xf79c, 0xf79c, 0xf79c, 0xf79c, 0xf79d, 0xf7bd, 0xf7bd, 0xf7bd, 0xf7bd, 0xf7bd, 0xf7dd, 
	0xffbd, 0xffbd, 0xffbd, 0xffbd, 0xffbd, 0xffde, 0xffde, 0xffde, 0xffde, 0xffde, 0xffde, 0xf7de, 0xf7de, 0xf7de, 0xf7de, 0xf7ff, 
	0xf7df, 0xf7df, 0xf7df, 0xf7df, 0xf7df, 0xffdf, 0xffdf, 0xffdf, 0xffde, 0xffde, 0xffde, 0xf7be, 0xf79d, 0xf79d, 0xef7d, 0xef5c, 
	0xef5c, 0xe71b, 0xdefb, 0xdefb, 0xded9, 0xd699, 0xd678, 0xd678, 0xce58, 0xce58, 0xce58, 0xce58, 0xce57, 0xce57, 0xce56, 0xdeb8, 
	0xdeb8, 0xef3a, 0xf77b, 0xf77b, 0xef3b, 0xef3b, 0xef3b, 0xef3b, 0xe71a, 0xe71a, 0xe6fa, 0xdeb9, 0xdeb9, 0xce38, 0x9490, 0x9490, 
	0x5aea, 0x4a49, 0x3187, 0x3187, 0x2946, 0x2126, 0x2126, 0x2125, 0x2105, 0x2105, 0x2126, 0x20e6, 0x20e6, 0x18c4, 0x18a4, 0x18a4, 
	0x18a4, 0x18c3, 0x18c3, 0x31c6, 0x4a69, 0x4a69, 0x734c, 0xa4d2, 0xa4d2, 0x8c0e, 0x6b2b, 0x62ca, 0x62ca, 0x4a27, 0x41c6, 0x41c6, 
	0x3144, 0x3986, 0x3986, 0x3166, 0x39c7, 0x39c7, 0x62ca, 0x9470, 0x9470, 0xb553, 0xb552, 0xb552, 0xbd72, 0xc5b3, 0xc5b3, 0xc5b3, 
	0xc5b3, 0xc5b3, 0xc5b3, 0xc5b3, 0xc5b3, 0xc593, 0xc5b4, 0xcdf5, 0xcdf5, 0xce16, 0xce16, 0xce16, 0xce16, 0xc5f5, 0xc5f5, 0xc5d5, 
	0xc5d5, 0xc5d5, 0xc5d5, 0xce16, 0xce16, 0xce36, 0xd656, 0xd656, 0xd677, 0xd678, 0xd678, 0xd678, 0xce57, 0xce57, 0xce36, 0xce36, 
	0xce35, 0xce35, 0xce35, 0xd615, 0xd615, 0xd614, 0xcdf3, 0xcdf3, 0xc570, 0xbd0e, 0xbd0e, 0xb4cd, 0xbced, 0xbced, 0xc4ec, 0xbccc, 
	0xbccc, 0xb4cb, 0xb4cb, 0xb4cb, 0xb4cb, 0xb4cb, 0xb4cb, 0xbceb, 0xc50c, 0xc50c, 0xc50d, 0xc52d, 0xcd6f, 0xcd6f, 0xd590, 0xd5b2, 
	0xd5b2, 0xde15, 0xe6b7, 0xe6b7, 0xef1a, 0xef5b, 0xef5b, 0xef5c, 0xef5c, 0xef5c, 0xef5c, 0xef5c, 0xef5c, 0xef5c, 0xef5c, 0xef5c, 
	0xef5c, 0xef5c, 0xef5c, 0xef7c, 0xef7c, 0xef7c, 0xef7c, 0xef5c, 0xef7c, 0xef7c, 0xef7c, 0xef5c, 0xef5c, 0xef5c, 0xef5c, 0xef5c, 
	0xef5c, 0xef5c, 0xef5c, 0xef5c, 0xef5c, 0xef5c, 0xef5c, 0xef5c, 0xef5c, 0xef5c, 0xef5c, 0xef5c, 0xef5c, 0xef5c, 0xef5c, 0xef5c, 
	0xf79c, 0xf79c, 0xf79c, 0xf79c, 0xf79c, 0xf79c, 0xf79c, 0xf79c, 0xf79c, 0xf79d, 0xf7bd, 0xf7bd, 0xf7bd, 0xf7bd, 0xf7bd, 0xf7dd, 
	0xffbd, 0xffbd, 0xffbd, 0xffbd, 0xffbd, 0xffde, 0xffde, 0xffde, 0xffde, 0xffde, 0xffde, 0xf7de, 0xf7de, 0xf7de, 0xf7de, 0xf7ff, 
	0xf7df, 0xf7df, 0xf7df, 0xf7df, 0xf7df, 0xffdf, 0xffdf, 0xffdf, 0xffde, 0xffde, 0xffde, 0xf7be, 0xf79d, 0xf79d, 0xef7d, 0xef5c, 
	0xef5c, 0xe71b, 0xdefb, 0xdefb, 0xded9, 0xd699, 0xd678, 0xd678, 0xce58, 0xce58, 0xce58, 0xce58, 0xce57, 0xce57, 0xce56, 0xdeb8, 
	0xdeb8, 0xef3a, 0xf77b, 0xf77b, 0xef3b, 0xef3b, 0xef3b, 0xef3b, 0xe71a, 0xe71a, 0xe6fa, 0xdeb9, 0xdeb9, 0xce38, 0x9490, 0x9490, 
	0x5aea, 0x4a49, 0x3187, 0x3187, 0x2946, 0x2126, 0x2126, 0x2125, 0x2105, 0x2105, 0x2126, 0x20e6, 0x20e6, 0x18c4, 0x18a4, 0x18a4, 
	0x18a4, 0x18c3, 0x18c3, 0x31c6, 0x4a69, 0x4a69, 0x734c, 0xa4d2, 0xa4d2, 0x8c0e, 0x6b2b, 0x62ca, 0x62ca, 0x4a27, 0x41c6, 0x41c6, 
	0x3144, 0x3986, 0x3986, 0x3166, 0x39c7, 0x39c7, 0x62ca, 0x9470, 0x9470, 0xb553, 0xb552, 0xb552, 0xbd72, 0xc5b3, 0xc5b3, 0xc5b3, 
	0xc5b3, 0xc5b3, 0xc5b3, 0xc5b3, 0xc5b3, 0xc593, 0xc5b4, 0xcdf5, 0xcdf5, 0xce16, 0xce16, 0xce16, 0xce16, 0xc5f5, 0xc5f5, 0xc5d5, 
	0xc5d5, 0xc5d5, 0xc5d5, 0xce16, 0xce16, 0xce36, 0xd656, 0xd656, 0xd677, 0xd678, 0xd678, 0xd678, 0xce57, 0xce57, 0xce36, 0xce36, 
	0xce35, 0xce35, 0xce35, 0xd615, 0xd615, 0xd614, 0xcdf3, 0xcdf3, 0xc570, 0xbd0e, 0xbd0e, 0xb4cd, 0xbced, 0xbced, 0xc4ec, 0xbccc, 
	0xbccc, 0xb4cb, 0xb4cb, 0xb4cb, 0xb4cb, 0xb4cb, 0xb4cb, 0xbceb, 0xc50c, 0xc50c, 0xc50d, 0xc52d, 0xcd6f, 0xcd6f, 0xd590, 0xd5b2, 
	0xd5b2, 0xde15, 0xe6b7, 0xe6b7, 0xef1a, 0xef5b, 0xef5b, 0xef5c, 0xef5c, 0xef5c, 0xef5c, 0xef5c, 0xef5c, 0xef5c, 0xef5c, 0xef5c, 
	0xef5c, 0xef5c, 0xef5c, 0xef7c, 0xef7c, 0xef7c, 0xef7c, 0xef5c, 0xef7c, 0xef7c, 0xef7c, 0xef5c, 0xef5c, 0xef5c, 0xef5c, 0xef5c, 
	0xef5c, 0xef5c, 0xef5c, 0xef5c, 0xef5c, 0xef5c, 0xef5c, 0xef5c, 0xef5c, 0xef5c, 0xef5c, 0xef5c, 0xef5c, 0xef5c, 0xef5c, 0xef5c, 
	0xf75b, 0xf77c, 0xf77c, 0xf77c, 0xf77c, 0xf77c, 0xf77c, 0xf77c, 0xf77c, 0xf77c, 0xf77c, 0xf77c, 0xf79d, 0xf7bd, 0xf7bd, 0xf7bd, 
	0xf7bd, 0xf7bd, 0xffbd, 0xffbd, 0xffbd, 0xffbd, 0xffbd, 0xffbd, 0xf7bd, 0xf7de, 0xf7de, 0xf7de, 0xf7de, 0xf7de, 0xf7de, 0xf7df, 
	0xf7de, 0xf7de, 0xf7fe, 0xf7fe, 0xf7fe, 0xf7ff, 0xf7ff, 0xf7ff, 0xf7df, 0xf7df, 0xf7df, 0xf7df, 0xf7df, 0xf7df, 0xf7df, 0xf7df, 
	0xf7df, 0xf7de, 0xf7de, 0xf7de, 0xf7be, 0xf79d, 0xef7d, 0xef7d, 0xef5c, 0xef5c, 0xef5c, 0xe73c, 0xe73b, 0xe73b, 0xe73a, 0xef3a, 
	0xef3a, 0xef5b, 0xef5b, 0xef5b, 0xef3b, 0xef3b, 0xef3b, 0xef3b, 0xe71a, 0xe71a, 0xded9, 0xde99, 0xde99, 0xd658, 0xb595, 0xb595, 
	0x8c2f, 0x6b4d, 0x4a49, 0x4a49, 0x39a7, 0x2966, 0x2966, 0x2946, 0x2105, 0x2105, 0x2125, 0x2125, 0x2125, 0x2105, 0x2947, 0x2947, 
	0x2106, 0x18e4, 0x18e4, 0x18e4, 0x18a2, 0x18a2, 0x2945, 0x5a8a, 0x5a8a, 0x3164, 0x20c2, 0x2103, 0x2103, 0x1882, 0x20c3, 0x20c3, 
	0x39a7, 0x41c7, 0x41c7, 0x5a8a, 0x6b4c, 0x6b4c, 0x9450, 0xad12, 0xad12, 0xbd73, 0xb552, 0xb552, 0xc593, 0xc5b3, 0xc5b3, 0xc5b3, 
	0xbd92, 0xbd92, 0xbd72, 0xc593, 0xc593, 0xcdd4, 0xce16, 0xce16, 0xce16, 0xce16, 0xcdf6, 0xcdf6, 0xc5f6, 0xc5f5, 0xc5f5, 0xc5f5, 
	0xc5f5, 0xc5f5, 0xce16, 0xd656, 0xd656, 0xd656, 0xd656, 0xd656, 0xd677, 0xd657, 0xd657, 0xce37, 0xce37, 0xce37, 0xce36, 0xce36, 
	0xce15, 0xce15, 0xce15, 0xcdf5, 0xcdf5, 0xcdd3, 0xc5b1, 0xc5b1, 0xbd2f, 0xb4ed, 0xb4ed, 0xb4cc, 0xbcab, 0xbcab, 0xb48a, 0xb4ab, 
	0xb4ab, 0xbceb, 0xb4cb, 0xb4cb, 0xb4ab, 0xb4cb, 0xb4cb, 0xbd0c, 0xc50c, 0xc50c, 0xbcec, 0xc50d, 0xcd6e, 0xcd6e, 0xcd90, 0xd591, 
	0xd591, 0xd5f3, 0xde55, 0xde55, 0xe6d8, 0xef3b, 0xef3b, 0xef5c, 0xef5c, 0xef5c, 0xef5c, 0xef5c, 0xef5c, 0xef5c, 0xef5c, 0xef5c, 
	0xef5c, 0xef5c, 0xef5c, 0xef5c, 0xef5c, 0xef5c, 0xef5c, 0xef5c, 0xef7c, 0xef7c, 0xef7c, 0xef5c, 0xef5c, 0xef5c, 0xef5c, 0xef5c, 
	0xef5c, 0xef5c, 0xef5c, 0xef5c, 0xef5c, 0xef5c, 0xef5c, 0xef5c, 0xef5c, 0xef5c, 0xef5c, 0xef5c, 0xef5c, 0xef5c, 0xef5c, 0xef5c, 
	0xf75b, 0xef5b, 0xef5b, 0xf75b, 0xf77c, 0xf77c, 0xf77c, 0xf77c, 0xf77c, 0xf77c, 0xf77c, 0xf77c, 0xf77c, 0xf77c, 0xf77c, 0xf77c, 
	0xf79d, 0xf79d, 0xf79d, 0xffbd, 0xffbd, 0xffbd, 0xffbd, 0xffbd, 0xf7bd, 0xf7bd, 0xf7bd, 0xf7bd, 0xf7be, 0xf7be, 0xf7be, 0xf7de, 
	0xf7de, 0xf7de, 0xf7de, 0xf7de, 0xf7de, 0xf7de, 0xf7ff, 0xf7ff, 0xf7df, 0xf7df, 0xf7df, 0xf7df, 0xf7df, 0xf7df, 0xf7df, 0xf7df, 
	0xf7df, 0xf7df, 0xf7df, 0xf7df, 0xffff, 0xffff, 0xf7df, 0xf7df, 0xf7de, 0xf7de, 0xf7de, 0xf7de, 0xf7de, 0xf7de, 0xf7de, 0xf79c, 
	0xf79c, 0xf77b, 0xef3b, 0xef3b, 0xef3b, 0xef3b, 0xef3b, 0xef3b, 0xe6fa, 0xe6fa, 0xdeb8, 0xd678, 0xd678, 0xd678, 0xc617, 0xc617, 
	0xb574, 0x9cb2, 0x6b2d, 0x6b2d, 0x4228, 0x4229, 0x4229, 0x39e7, 0x2965, 0x2965, 0x39e8, 0x3187, 0x3187, 0x2945, 0x31a8, 0x31a8, 
	0x31a8, 0x3187, 0x3187, 0x2946, 0x2125, 0x2125, 0x18c2, 0x20e2, 0x20e2, 0x4227, 0x4207, 0x4207, 0x4207, 0x39c6, 0x41e7, 0x41e7, 
	0x4a48, 0x630a, 0x630a, 0x7bac, 0x83cd, 0x83cd, 0x9cb0, 0xb553, 0xb553, 0xbd94, 0xc5d4, 0xc5d4, 0xbd93, 0xc592, 0xc592, 0xc592, 
	0xbd71, 0xbd71, 0xc592, 0xcdd4, 0xcdd4, 0xd615, 0xd616, 0xce17, 0xce17, 0xce37, 0xc5f5, 0xc5f5, 0xc5d5, 0xc5f5, 0xc5f5, 0xce36, 
	0xce16, 0xce16, 0xce16, 0xce36, 0xce36, 0xd656, 0xd657, 0xd657, 0xce56, 0xce16, 0xce16, 0xce16, 0xce36, 0xce36, 0xce36, 0xce36, 
	0xce35, 0xce35, 0xd635, 0xcdf4, 0xcdf4, 0xc591, 0xc570, 0xc570, 0xc56f, 0xbd2d, 0xbd2d, 0xbcec, 0xb4ab, 0xb4ab, 0xb46a, 0xbccb, 
	0xbccb, 0xbceb, 0xbccb, 0xbccb, 0xb4aa, 0xbceb, 0xbceb, 0xbd0c, 0xbceb, 0xbceb, 0xbcec, 0xc52d, 0xc54d, 0xc54d, 0xc54e, 0xcd70, 
	0xcd70, 0xd5d3, 0xde55, 0xde55, 0xe6d8, 0xef3b, 0xef3b, 0xef5c, 0xef5c, 0xef5c, 0xef5c, 0xef5c, 0xef5c, 0xef5c, 0xef5c, 0xef5c, 
	0xef5c, 0xef5c, 0xef5c, 0xef5c, 0xef5c, 0xef5c, 0xef5c, 0xef5c, 0xef7c, 0xef7c, 0xef7c, 0xef5c, 0xef5c, 0xef5c, 0xef5c, 0xef5c, 
	0xef5c, 0xef5c, 0xef5c, 0xef5c, 0xef5c, 0xef5c, 0xef5c, 0xef5c, 0xef5c, 0xef5c, 0xef5c, 0xef5c, 0xef5c, 0xef5c, 0xef5c, 0xef5c, 
	0xf75b, 0xef5b, 0xef5b, 0xf75b, 0xf77c, 0xf77c, 0xf77c, 0xf77c, 0xf77c, 0xf77c, 0xf77c, 0xf77c, 0xf77c, 0xf77c, 0xf77c, 0xf77c, 
	0xf79d, 0xf79d, 0xf79d, 0xffbd, 0xffbd, 0xffbd, 0xffbd, 0xffbd, 0xf7bd, 0xf7bd, 0xf7bd, 0xf7bd, 0xf7be, 0xf7be, 0xf7be, 0xf7de, 
	0xf7de, 0xf7de, 0xf7de, 0xf7de, 0xf7de, 0xf7de, 0xf7ff, 0xf7ff, 0xf7df, 0xf7df, 0xf7df, 0xf7df, 0xf7df, 0xf7df, 0xf7df, 0xf7df, 
	0xf7df, 0xf7df, 0xf7df, 0xf7df, 0xffff, 0xffff, 0xf7df, 0xf7df, 0xf7de, 0xf7de, 0xf7de, 0xf7de, 0xf7de, 0xf7de, 0xf7de, 0xf79c, 
	0xf79c, 0xf77b, 0xef3b, 0xef3b, 0xef3b, 0xef3b, 0xef3b, 0xef3b, 0xe6fa, 0xe6fa, 0xdeb8, 0xd678, 0xd678, 0xd678, 0xc617, 0xc617, 
	0xb574, 0x9cb2, 0x6b2d, 0x6b2d, 0x4228, 0x4229, 0x4229, 0x39e7, 0x2965, 0x2965, 0x39e8, 0x3187, 0x3187, 0x2945, 0x31a8, 0x31a8, 
	0x31a8, 0x3187, 0x3187, 0x2946, 0x2125, 0x2125, 0x18c2, 0x20e2, 0x20e2, 0x4227, 0x4207, 0x4207, 0x4207, 0x39c6, 0x41e7, 0x41e7, 
	0x4a48, 0x630a, 0x630a, 0x7bac, 0x83cd, 0x83cd, 0x9cb0, 0xb553, 0xb553, 0xbd94, 0xc5d4, 0xc5d4, 0xbd93, 0xc592, 0xc592, 0xc592, 
	0xbd71, 0xbd71, 0xc592, 0xcdd4, 0xcdd4, 0xd615, 0xd616, 0xce17, 0xce17, 0xce37, 0xc5f5, 0xc5f5, 0xc5d5, 0xc5f5, 0xc5f5, 0xce36, 
	0xce16, 0xce16, 0xce16, 0xce36, 0xce36, 0xd656, 0xd657, 0xd657, 0xce56, 0xce16, 0xce16, 0xce16, 0xce36, 0xce36, 0xce36, 0xce36, 
	0xce35, 0xce35, 0xd635, 0xcdf4, 0xcdf4, 0xc591, 0xc570, 0xc570, 0xc56f, 0xbd2d, 0xbd2d, 0xbcec, 0xb4ab, 0xb4ab, 0xb46a, 0xbccb, 
	0xbccb, 0xbceb, 0xbccb, 0xbccb, 0xb4aa, 0xbceb, 0xbceb, 0xbd0c, 0xbceb, 0xbceb, 0xbcec, 0xc52d, 0xc54d, 0xc54d, 0xc54e, 0xcd70, 
	0xcd70, 0xd5d3, 0xde55, 0xde55, 0xe6d8, 0xef3b, 0xef3b, 0xef5c, 0xef5c, 0xef5c, 0xef5c, 0xef5c, 0xef5c, 0xef5c, 0xef5c, 0xef5c, 
	0xef5c, 0xef5c, 0xef5c, 0xef5c, 0xef5c, 0xef5c, 0xef5c, 0xef5c, 0xef7c, 0xef7c, 0xef7c, 0xef5c, 0xef5c, 0xef5c, 0xef5c, 0xef5c, 
	0xef5c, 0xef5c, 0xef5c, 0xef5c, 0xef5c, 0xef5c, 0xef5c, 0xef5c, 0xef5c, 0xef5c, 0xef5c, 0xef5c, 0xef5c, 0xef5c, 0xef5c, 0xef5c, 
	0xf75b, 0xf75b, 0xf75b, 0xf75b, 0xf75b, 0xf75b, 0xf75b, 0xf77b, 0xf77b, 0xf77b, 0xf77b, 0xf77b, 0xf75b, 0xf75b, 0xf75b, 0xf75b, 
	0xf77c, 0xf77c, 0xf79c, 0xf79c, 0xf79c, 0xf79c, 0xf79c, 0xf79c, 0xf79c, 0xf77c, 0xf77c, 0xf79c, 0xf7bd, 0xffbd, 0xffbd, 0xf7bd, 
	0xf7dd, 0xf7dd, 0xf7de, 0xf7de, 0xf7de, 0xf7de, 0xf7de, 0xf7de, 0xf7df, 0xf7df, 0xf7df, 0xf7df, 0xf7df, 0xf7df, 0xf7df, 0xf7df, 
	0xf7df, 0xf7df, 0xf7df, 0xf7df, 0xf7df, 0xf7df, 0xf7df, 0xf7df, 0xf7df, 0xf7df, 0xf7df, 0xf7de, 0xffde, 0xffde, 0xffde, 0xffbc, 
	0xffbc, 0xf77b, 0xe71a, 0xe71a, 0xe71a, 0xef3a, 0xef3a, 0xef1a, 0xe71a, 0xe71a, 0xe6f9, 0xded9, 0xded9, 0xdeb8, 0xce37, 0xce37, 
	0xc5f6, 0xad33, 0x8c0f, 0x8c0f, 0x630c, 0x5aaa, 0x5aaa, 0x5289, 0x5269, 0x5269, 0x5aab, 0x528b, 0x528b, 0x528b, 0x528b, 0x528b, 
	0x526a, 0x4a29, 0x4a29, 0x41e8, 0x3165, 0x3165, 0x3164, 0x41e6, 0x41e6, 0x5aa9, 0x5aa9, 0x62ea, 0x62ea, 0x630b, 0x6b2b, 0x6b2b, 
	0x738c, 0x736a, 0x736a, 0x8c2d, 0xad11, 0xad11, 0xb532, 0xc5b4, 0xc5b4, 0xcdf5, 0xcdf5, 0xcdf5, 0xc5b3, 0xc5b2, 0xc5b2, 0xc5b2, 
	0xc592, 0xc592, 0xc592, 0xc5b4, 0xc5b4, 0xcdf6, 0xd616, 0xc5f6, 0xc5f6, 0xc5f5, 0xce15, 0xce15, 0xce36, 0xce56, 0xce56, 0xce36, 
	0xce36, 0xce36, 0xce15, 0xce15, 0xce15, 0xce16, 0xce16, 0xce16, 0xce15, 0xce15, 0xce15, 0xce15, 0xce15, 0xce15, 0xcdf5, 0xcdf5, 
	0xcdf4, 0xcdf4, 0xc5d3, 0xc592, 0xc592, 0xcd91, 0xcd90, 0xcd90, 0xc54e, 0xb4ec, 0xb4ec, 0xb4cc, 0xbccc, 0xbccc, 0xb4ab, 0xb48a, 
	0xb48a, 0xbcaa, 0xb4aa, 0xb4aa, 0xb48a, 0xb46a, 0xb46a, 0xb4aa, 0xbcab, 0xbcab, 0xbccb, 0xc50d, 0xc52d, 0xc52d, 0xc52d, 0xcd4e, 
	0xcd4e, 0xd5b1, 0xde35, 0xde35, 0xeef9, 0xef3b, 0xef3b, 0xef5c, 0xef5d, 0xef5d, 0xef5d, 0xef5c, 0xef5c, 0xef5c, 0xef5c, 0xef5c, 
	0xef5c, 0xef5c, 0xef5c, 0xef5c, 0xef5c, 0xef5c, 0xef5c, 0xef5c, 0xef5c, 0xef5c, 0xef5c, 0xef5c, 0xef5c, 0xef5c, 0xef5c, 0xef5c, 
	0xef5c, 0xef5c, 0xef5c, 0xef5c, 0xef5c, 0xef5c, 0xef5c, 0xef5c, 0xef5c, 0xef5c, 0xef5c, 0xef5c, 0xef5c, 0xef5c, 0xef5c, 0xef5c, 
	0xf75b, 0xf75b, 0xf75b, 0xf75b, 0xf75b, 0xf75b, 0xf75b, 0xf77b, 0xf77b, 0xf77b, 0xf77b, 0xf77b, 0xf75b, 0xf75b, 0xf75b, 0xf75b, 
	0xf77c, 0xf77c, 0xf79c, 0xf79c, 0xf79c, 0xf79c, 0xf79c, 0xf79c, 0xf79c, 0xf77c, 0xf77c, 0xf79c, 0xf7bd, 0xffbd, 0xffbd, 0xf7bd, 
	0xf7dd, 0xf7dd, 0xf7de, 0xf7de, 0xf7de, 0xf7de, 0xf7de, 0xf7de, 0xf7df, 0xf7df, 0xf7df, 0xf7df, 0xf7df, 0xf7df, 0xf7df, 0xf7df, 
	0xf7df, 0xf7df, 0xf7df, 0xf7df, 0xf7df, 0xf7df, 0xf7df, 0xf7df, 0xf7df, 0xf7df, 0xf7df, 0xf7de, 0xffde, 0xffde, 0xffde, 0xffbc, 
	0xffbc, 0xf77b, 0xe71a, 0xe71a, 0xe71a, 0xef3a, 0xef3a, 0xef1a, 0xe71a, 0xe71a, 0xe6f9, 0xded9, 0xded9, 0xdeb8, 0xce37, 0xce37, 
	0xc5f6, 0xad33, 0x8c0f, 0x8c0f, 0x630c, 0x5aaa, 0x5aaa, 0x5289, 0x5269, 0x5269, 0x5aab, 0x528b, 0x528b, 0x528b, 0x528b, 0x528b, 
	0x526a, 0x4a29, 0x4a29, 0x41e8, 0x3165, 0x3165, 0x3164, 0x41e6, 0x41e6, 0x5aa9, 0x5aa9, 0x62ea, 0x62ea, 0x630b, 0x6b2b, 0x6b2b, 
	0x738c, 0x736a, 0x736a, 0x8c2d, 0xad11, 0xad11, 0xb532, 0xc5b4, 0xc5b4, 0xcdf5, 0xcdf5, 0xcdf5, 0xc5b3, 0xc5b2, 0xc5b2, 0xc5b2, 
	0xc592, 0xc592, 0xc592, 0xc5b4, 0xc5b4, 0xcdf6, 0xd616, 0xc5f6, 0xc5f6, 0xc5f5, 0xce15, 0xce15, 0xce36, 0xce56, 0xce56, 0xce36, 
	0xce36, 0xce36, 0xce15, 0xce15, 0xce15, 0xce16, 0xce16, 0xce16, 0xce15, 0xce15, 0xce15, 0xce15, 0xce15, 0xce15, 0xcdf5, 0xcdf5, 
	0xcdf4, 0xcdf4, 0xc5d3, 0xc592, 0xc592, 0xcd91, 0xcd90, 0xcd90, 0xc54e, 0xb4ec, 0xb4ec, 0xb4cc, 0xbccc, 0xbccc, 0xb4ab, 0xb48a, 
	0xb48a, 0xbcaa, 0xb4aa, 0xb4aa, 0xb48a, 0xb46a, 0xb46a, 0xb4aa, 0xbcab, 0xbcab, 0xbccb, 0xc50d, 0xc52d, 0xc52d, 0xc52d, 0xcd4e, 
	0xcd4e, 0xd5b1, 0xde35, 0xde35, 0xeef9, 0xef3b, 0xef3b, 0xef5c, 0xef5d, 0xef5d, 0xef5d, 0xef5c, 0xef5c, 0xef5c, 0xef5c, 0xef5c, 
	0xef5c, 0xef5c, 0xef5c, 0xef5c, 0xef5c, 0xef5c, 0xef5c, 0xef5c, 0xef5c, 0xef5c, 0xef5c, 0xef5c, 0xef5c, 0xef5c, 0xef5c, 0xef5c, 
	0xef5c, 0xef5c, 0xef5c, 0xef5c, 0xef5c, 0xef5c, 0xef5c, 0xef5c, 0xef5c, 0xef5c, 0xef5c, 0xef5c, 0xef5c, 0xef5c, 0xef5c, 0xef5c, 
	0xef3a, 0xef3a, 0xef3a, 0xef3a, 0xef3b, 0xef3b, 0xef5b, 0xf75b, 0xf75b, 0xf75b, 0xf75b, 0xf75b, 0xf75b, 0xf75b, 0xf75b, 0xf75b, 
	0xf75b, 0xf75b, 0xf77c, 0xf77c, 0xf77c, 0xf77c, 0xf77c, 0xf77c, 0xf77c, 0xf77c, 0xf77c, 0xf77c, 0xf79c, 0xf79d, 0xf79d, 0xf7bd, 
	0xf7bd, 0xf7bd, 0xf7bd, 0xf7bd, 0xf7bd, 0xf7bd, 0xf7dd, 0xf7dd, 0xf7de, 0xf7de, 0xf7de, 0xf7de, 0xf7de, 0xf7de, 0xf7de, 0xf7de, 
	0xf7de, 0xf7de, 0xf7de, 0xf7de, 0xf7de, 0xf7de, 0xf7df, 0xf7df, 0xf7df, 0xf7de, 0xf7de, 0xf7de, 0xffde, 0xffde, 0xffde, 0xffdd, 
	0xffdd, 0xf7bd, 0xe73b, 0xe73b, 0xe71a, 0xef3a, 0xef3a, 0xef3a, 0xef3a, 0xef3a, 0xef1a, 0xe6f9, 0xe6f9, 0xde97, 0xd677, 0xd677, 
	0xce36, 0xb554, 0xa4d1, 0xa4d1, 0x83ce, 0x6b4c, 0x6b4c, 0x736c, 0x7b8d, 0x7b8d, 0x734d, 0x7b8f, 0x7b8f, 0x7b8e, 0x7bae, 0x7bae, 
	0x7bad, 0x736d, 0x736d, 0x62ca, 0x5aa9, 0x5aa9, 0x5aa9, 0x7b8c, 0x7b8c, 0x83ad, 0x8bcd, 0x8bcc, 0x8bcc, 0x8bac, 0x8bcc, 0x8bcc, 
	0x942d, 0x942d, 0x942d, 0x9c8e, 0xb552, 0xb552, 0xbd93, 0xc5b3, 0xc5b3, 0xc5d4, 0xcdf5, 0xcdf5, 0xc5b3, 0xc5b2, 0xc5b2, 0xc592, 
	0xc5b2, 0xc5b2, 0xc5d3, 0xc5b4, 0xc5b4, 0xcdd5, 0xcdf5, 0xcdf5, 0xcdf5, 0xce16, 0xce16, 0xce16, 0xce16, 0xce15, 0xce15, 0xc5f5, 
	0xc5f5, 0xc5f5, 0xce15, 0xce15, 0xce15, 0xce15, 0xc615, 0xc615, 0xcdf5, 0xcdf4, 0xcdf4, 0xcdf4, 0xcdf4, 0xcdf4, 0xcdf4, 0xcdd4, 
	0xc5b3, 0xc5b3, 0xc572, 0xc572, 0xc572, 0xc571, 0xc54f, 0xc54f, 0xb4ec, 0xb4cb, 0xb4cb, 0xb4ab, 0xbccc, 0xbccc, 0xb4ab, 0xb4ab, 
	0xb4ab, 0xb48a, 0xb46a, 0xb46a, 0xb469, 0xb46a, 0xb46a, 0xb46a, 0xb48a, 0xb48a, 0xb4ab, 0xc4ec, 0xc52c, 0xc52c, 0xc54d, 0xcd6e, 
	0xcd6e, 0xcd90, 0xde35, 0xde35, 0xe6b8, 0xef1a, 0xef1a, 0xef5c, 0xef5d, 0xef5d, 0xef5d, 0xef5c, 0xef5c, 0xef5c, 0xef5c, 0xef5c, 
	0xef5c, 0xef5c, 0xef5c, 0xef5c, 0xef5c, 0xef5c, 0xef5c, 0xef7c, 0xef7c, 0xef7c, 0xef7c, 0xef5c, 0xef5c, 0xef5c, 0xef5c, 0xef5c, 
	0xef5c, 0xef5c, 0xef5c, 0xef5c, 0xef5c, 0xef5c, 0xef5c, 0xef5c, 0xef5c, 0xef5c, 0xef5c, 0xef5c, 0xef5c, 0xef5c, 0xef5c, 0xef5c, 
	0xef3a, 0xef3a, 0xef3a, 0xef3a, 0xef3b, 0xef3b, 0xef5b, 0xf75b, 0xf75b, 0xf75b, 0xf75b, 0xf75b, 0xf75b, 0xf75b, 0xf75b, 0xf75b, 
	0xf75b, 0xf75b, 0xf77c, 0xf77c, 0xf77c, 0xf77c, 0xf77c, 0xf77c, 0xf77c, 0xf77c, 0xf77c, 0xf77c, 0xf79c, 0xf79d, 0xf79d, 0xf7bd, 
	0xf7bd, 0xf7bd, 0xf7bd, 0xf7bd, 0xf7bd, 0xf7bd, 0xf7dd, 0xf7dd, 0xf7de, 0xf7de, 0xf7de, 0xf7de, 0xf7de, 0xf7de, 0xf7de, 0xf7de, 
	0xf7de, 0xf7de, 0xf7de, 0xf7de, 0xf7de, 0xf7de, 0xf7df, 0xf7df, 0xf7df, 0xf7de, 0xf7de, 0xf7de, 0xffde, 0xffde, 0xffde, 0xffdd, 
	0xffdd, 0xf7bd, 0xe73b, 0xe73b, 0xe71a, 0xef3a, 0xef3a, 0xef3a, 0xef3a, 0xef3a, 0xef1a, 0xe6f9, 0xe6f9, 0xde97, 0xd677, 0xd677, 
	0xce36, 0xb554, 0xa4d1, 0xa4d1, 0x83ce, 0x6b4c, 0x6b4c, 0x736c, 0x7b8d, 0x7b8d, 0x734d, 0x7b8f, 0x7b8f, 0x7b8e, 0x7bae, 0x7bae, 
	0x7bad, 0x736d, 0x736d, 0x62ca, 0x5aa9, 0x5aa9, 0x5aa9, 0x7b8c, 0x7b8c, 0x83ad, 0x8bcd, 0x8bcc, 0x8bcc, 0x8bac, 0x8bcc, 0x8bcc, 
	0x942d, 0x942d, 0x942d, 0x9c8e, 0xb552, 0xb552, 0xbd93, 0xc5b3, 0xc5b3, 0xc5d4, 0xcdf5, 0xcdf5, 0xc5b3, 0xc5b2, 0xc5b2, 0xc592, 
	0xc5b2, 0xc5b2, 0xc5d3, 0xc5b4, 0xc5b4, 0xcdd5, 0xcdf5, 0xcdf5, 0xcdf5, 0xce16, 0xce16, 0xce16, 0xce16, 0xce15, 0xce15, 0xc5f5, 
	0xc5f5, 0xc5f5, 0xce15, 0xce15, 0xce15, 0xce15, 0xc615, 0xc615, 0xcdf5, 0xcdf4, 0xcdf4, 0xcdf4, 0xcdf4, 0xcdf4, 0xcdf4, 0xcdd4, 
	0xc5b3, 0xc5b3, 0xc572, 0xc572, 0xc572, 0xc571, 0xc54f, 0xc54f, 0xb4ec, 0xb4cb, 0xb4cb, 0xb4ab, 0xbccc, 0xbccc, 0xb4ab, 0xb4ab, 
	0xb4ab, 0xb48a, 0xb46a, 0xb46a, 0xb469, 0xb46a, 0xb46a, 0xb46a, 0xb48a, 0xb48a, 0xb4ab, 0xc4ec, 0xc52c, 0xc52c, 0xc54d, 0xcd6e, 
	0xcd6e, 0xcd90, 0xde35, 0xde35, 0xe6b8, 0xef1a, 0xef1a, 0xef5c, 0xef5d, 0xef5d, 0xef5d, 0xef5c, 0xef5c, 0xef5c, 0xef5c, 0xef5c, 
	0xef5c, 0xef5c, 0xef5c, 0xef5c, 0xef5c, 0xef5c, 0xef5c, 0xef7c, 0xef7c, 0xef7c, 0xef7c, 0xef5c, 0xef5c, 0xef5c, 0xef5c, 0xef5c, 
	0xef5c, 0xef5c, 0xef5c, 0xef5c, 0xef5c, 0xef5c, 0xef5c, 0xef5c, 0xef5c, 0xef5c, 0xef5c, 0xef5c, 0xef5c, 0xef5c, 0xef5c, 0xef5c, 
	0xef1a, 0xef3a, 0xef3a, 0xef3a, 0xef3a, 0xef3a, 0xef3a, 0xf75a, 0xf75a, 0xf75a, 0xf75b, 0xf75b, 0xf75b, 0xf75b, 0xf75b, 0xf75b, 
	0xf75b, 0xf75b, 0xf75b, 0xf75b, 0xf75b, 0xf75b, 0xf77b, 0xf77b, 0xf77b, 0xf77c, 0xf77c, 0xf77c, 0xf77c, 0xf77c, 0xf77c, 0xf79c, 
	0xf7bc, 0xf7bc, 0xffbc, 0xf7bc, 0xf7bc, 0xf7bc, 0xf7bd, 0xf7bd, 0xf7bd, 0xf7bd, 0xf7bd, 0xf7bd, 0xf7dd, 0xf7dd, 0xf7dd, 0xf7dd, 
	0xf7dd, 0xf7dd, 0xf7dd, 0xf7dd, 0xf7de, 0xf7de, 0xf7de, 0xf7de, 0xf7de, 0xffde, 0xffde, 0xffde, 0xffde, 0xffde, 0xffde, 0xf7de, 
	0xf7de, 0xf7bd, 0xef5b, 0xef5b, 0xe71a, 0xef3a, 0xef3a, 0xef3b, 0xef3a, 0xef3a, 0xe6f9, 0xe6d8, 0xe6d8, 0xde97, 0xd676, 0xd676, 
	0xd636, 0xce15, 0xbd73, 0xbd73, 0x944f, 0x7b8c, 0x7b8c, 0x7b8c, 0x8bee, 0x8bee, 0x83cd, 0x83ad, 0x83ad, 0x8bce, 0x9c70, 0x9c70, 
	0x9c90, 0x9c70, 0x9c70, 0x83cd, 0x83ac, 0x83ac, 0x83cd, 0x9c70, 0x9c70, 0x9c2e, 0x9c2d, 0x940c, 0x940c, 0x9c4d, 0x9c6d, 0x9c6d, 
	0xa4ae, 0xaccf, 0xaccf, 0xb531, 0xbd72, 0xbd72, 0xc593, 0xcdf4, 0xcdf4, 0xc5d3, 0xcdd4, 0xcdd4, 0xc5b3, 0xc592, 0xc592, 0xbd92, 
	0xc592, 0xc592, 0xbd92, 0xc593, 0xc593, 0xc5b3, 0xc5d4, 0xcdf5, 0xcdf5, 0xc5f5, 0xc5f5, 0xc5f5, 0xc5f5, 0xc5f5, 0xc5f5, 0xc5f5, 
	0xc5f5, 0xc5f5, 0xce15, 0xce15, 0xce15, 0xce15, 0xc5f5, 0xc5f5, 0xc5f5, 0xcdf4, 0xcdf4, 0xcdf4, 0xcdf4, 0xcdf4, 0xcdd4, 0xcdb3, 
	0xc572, 0xc572, 0xc571, 0xcd71, 0xcd71, 0xc550, 0xbcee, 0xbcee, 0xb4ec, 0xbcec, 0xbcec, 0xbccc, 0xb4ab, 0xb4ab, 0xb48b, 0xac6a, 
	0xac6a, 0xb46a, 0xb46a, 0xb46a, 0xb46a, 0xac49, 0xac49, 0xb449, 0xac69, 0xac69, 0xb48a, 0xbccb, 0xc50c, 0xc50c, 0xc54d, 0xcd4d, 
	0xcd4d, 0xcd6f, 0xd5d2, 0xd5d2, 0xe697, 0xef1a, 0xef1a, 0xef5c, 0xf77d, 0xf77d, 0xf77d, 0xef9d, 0xef9d, 0xef9d, 0xef7d, 0xef7d, 
	0xef7d, 0xef7d, 0xef7d, 0xef7d, 0xef7d, 0xef7d, 0xef7d, 0xef7c, 0xef7c, 0xef7c, 0xef7c, 0xef7c, 0xef7c, 0xef7c, 0xef7c, 0xef7c, 
	0xef5c, 0xef5c, 0xef5c, 0xef5c, 0xef5c, 0xef5c, 0xef5c, 0xef5c, 0xef5c, 0xef5c, 0xef5c, 0xef5c, 0xef7c, 0xef7c, 0xef7c, 0xef5c, 
	0xef1a, 0xef1a, 0xef1a, 0xef1a, 0xef1a, 0xef1a, 0xf73a, 0xf73a, 0xf73a, 0xf73a, 0xf73a, 0xf73a, 0xf73a, 0xf73a, 0xf73a, 0xf73a, 
	0xf73a, 0xf73a, 0xf73a, 0xf75b, 0xf75b, 0xf75b, 0xff5b, 0xff5b, 0xf75b, 0xf77b, 0xf77b, 0xf77b, 0xf77b, 0xf77b, 0xf77b, 0xf77b, 
	0xf79c, 0xf79c, 0xf79c, 0xf79c, 0xf79c, 0xf77c, 0xf79c, 0xf79c, 0xf7bc, 0xf7bd, 0xf7bd, 0xf7bd, 0xf7bd, 0xf7bd, 0xf7bd, 0xf7bd, 
	0xf7bd, 0xffbd, 0xffbd, 0xffbd, 0xffbd, 0xffbd, 0xffbd, 0xffbd, 0xffbd, 0xffde, 0xffde, 0xffde, 0xffde, 0xffde, 0xffde, 0xf7be, 
	0xf7be, 0xf7bd, 0xef7b, 0xef7b, 0xe71a, 0xef3a, 0xef3a, 0xf75b, 0xef1a, 0xef1a, 0xeef9, 0xe6b8, 0xe6b8, 0xde76, 0xd655, 0xd655, 
	0xd656, 0xce15, 0xcdf5, 0xcdf5, 0xb553, 0x942e, 0x942e, 0x83cc, 0x8c2d, 0x8c2d, 0x942e, 0x942e, 0x942e, 0x9c4f, 0x9c90, 0x9c90, 
	0xa4d1, 0xb512, 0xb512, 0xa4b0, 0x9c8f, 0x9c8f, 0xa48f, 0xb4d0, 0xb4d0, 0xa48f, 0x9c4d, 0xa46d, 0xa46d, 0xacae, 0xb50f, 0xb50f, 
	0xb50f, 0xbd51, 0xbd51, 0xc572, 0xcdb3, 0xcdb3, 0xc5b3, 0xc5d3, 0xc5d3, 0xcdd3, 0xc5b3, 0xc5b3, 0xbd92, 0xbd92, 0xbd92, 0xbd92, 
	0xbd92, 0xbd92, 0xc593, 0xc5b3, 0xc5b3, 0xc5b3, 0xc5b4, 0xcdd4, 0xcdd4, 0xc5f5, 0xce15, 0xce15, 0xc5f5, 0xce16, 0xce16, 0xce16, 
	0xce16, 0xce16, 0xce16, 0xce15, 0xce15, 0xc5f5, 0xc5f5, 0xc5f5, 0xc5f4, 0xc5f4, 0xc5f4, 0xcdf4, 0xcdf4, 0xcdf4, 0xd5f3, 0xcdf2, 
	0xc591, 0xc591, 0xc571, 0xc550, 0xc550, 0xc52f, 0xbced, 0xbced, 0xbcec, 0xbd0c, 0xbd0c, 0xc50d, 0xbcec, 0xbcec, 0xbcac, 0xb4ab, 
	0xb4ab, 0xb46a, 0xac49, 0xac49, 0xb449, 0xac29, 0xac29, 0xac29, 0xac49, 0xac49, 0xb4ab, 0xbd0c, 0xc52d, 0xc52d, 0xc52d, 0xc52d, 
	0xc52d, 0xc54e, 0xcdb1, 0xcdb1, 0xe676, 0xf719, 0xf719, 0xf79c, 0xf7bd, 0xf7bd, 0xf7bd, 0xf7bd, 0xf7bd, 0xf7bd, 0xf7dd, 0xf7dd, 
	0xf7dd, 0xf7dd, 0xf7dd, 0xf7dd, 0xf7dd, 0xf7dd, 0xf7dd, 0xf7dd, 0xf7dd, 0xf7dd, 0xf7bd, 0xf7bd, 0xf7bd, 0xf7bd, 0xf7bd, 0xf7bd, 
	0xf7bd, 0xf7bd, 0xf7bd, 0xf7bd, 0xf7bd, 0xf7bd, 0xf79d, 0xf79d, 0xf79d, 0xf79d, 0xf79d, 0xf79d, 0xf79d, 0xf7bd, 0xf7bd, 0xf79d, 
	0xef1a, 0xef1a, 0xef1a, 0xef1a, 0xef1a, 0xef1a, 0xf73a, 0xf73a, 0xf73a, 0xf73a, 0xf73a, 0xf73a, 0xf73a, 0xf73a, 0xf73a, 0xf73a, 
	0xf73a, 0xf73a, 0xf73a, 0xf75b, 0xf75b, 0xf75b, 0xff5b, 0xff5b, 0xf75b, 0xf77b, 0xf77b, 0xf77b, 0xf77b, 0xf77b, 0xf77b, 0xf77b, 
	0xf79c, 0xf79c, 0xf79c, 0xf79c, 0xf79c, 0xf77c, 0xf79c, 0xf79c, 0xf7bc, 0xf7bd, 0xf7bd, 0xf7bd, 0xf7bd, 0xf7bd, 0xf7bd, 0xf7bd, 
	0xf7bd, 0xffbd, 0xffbd, 0xffbd, 0xffbd, 0xffbd, 0xffbd, 0xffbd, 0xffbd, 0xffde, 0xffde, 0xffde, 0xffde, 0xffde, 0xffde, 0xf7be, 
	0xf7be, 0xf7bd, 0xef7b, 0xef7b, 0xe71a, 0xef3a, 0xef3a, 0xf75b, 0xef1a, 0xef1a, 0xeef9, 0xe6b8, 0xe6b8, 0xde76, 0xd655, 0xd655, 
	0xd656, 0xce15, 0xcdf5, 0xcdf5, 0xb553, 0x942e, 0x942e, 0x83cc, 0x8c2d, 0x8c2d, 0x942e, 0x942e, 0x942e, 0x9c4f, 0x9c90, 0x9c90, 
	0xa4d1, 0xb512, 0xb512, 0xa4b0, 0x9c8f, 0x9c8f, 0xa48f, 0xb4d0, 0xb4d0, 0xa48f, 0x9c4d, 0xa46d, 0xa46d, 0xacae, 0xb50f, 0xb50f, 
	0xb50f, 0xbd51, 0xbd51, 0xc572, 0xcdb3, 0xcdb3, 0xc5b3, 0xc5d3, 0xc5d3, 0xcdd3, 0xc5b3, 0xc5b3, 0xbd92, 0xbd92, 0xbd92, 0xbd92, 
	0xbd92, 0xbd92, 0xc593, 0xc5b3, 0xc5b3, 0xc5b3, 0xc5b4, 0xcdd4, 0xcdd4, 0xc5f5, 0xce15, 0xce15, 0xc5f5, 0xce16, 0xce16, 0xce16, 
	0xce16, 0xce16, 0xce16, 0xce15, 0xce15, 0xc5f5, 0xc5f5, 0xc5f5, 0xc5f4, 0xc5f4, 0xc5f4, 0xcdf4, 0xcdf4, 0xcdf4, 0xd5f3, 0xcdf2, 
	0xc591, 0xc591, 0xc571, 0xc550, 0xc550, 0xc52f, 0xbced, 0xbced, 0xbcec, 0xbd0c, 0xbd0c, 0xc50d, 0xbcec, 0xbcec, 0xbcac, 0xb4ab, 
	0xb4ab, 0xb46a, 0xac49, 0xac49, 0xb449, 0xac29, 0xac29, 0xac29, 0xac49, 0xac49, 0xb4ab, 0xbd0c, 0xc52d, 0xc52d, 0xc52d, 0xc52d, 
	0xc52d, 0xc54e, 0xcdb1, 0xcdb1, 0xe676, 0xf719, 0xf719, 0xf79c, 0xf7bd, 0xf7bd, 0xf7bd, 0xf7bd, 0xf7bd, 0xf7bd, 0xf7dd, 0xf7dd, 
	0xf7dd, 0xf7dd, 0xf7dd, 0xf7dd, 0xf7dd, 0xf7dd, 0xf7dd, 0xf7dd, 0xf7dd, 0xf7dd, 0xf7bd, 0xf7bd, 0xf7bd, 0xf7bd, 0xf7bd, 0xf7bd, 
	0xf7bd, 0xf7bd, 0xf7bd, 0xf7bd, 0xf7bd, 0xf7bd, 0xf79d, 0xf79d, 0xf79d, 0xf79d, 0xf79d, 0xf79d, 0xf79d, 0xf7bd, 0xf7bd, 0xf79d, 
	0xef19, 0xef19, 0xef19, 0xef1a, 0xef1a, 0xef1a, 0xef1a, 0xef1a, 0xef1a, 0xef1a, 0xef1a, 0xef1a, 0xef3a, 0xef3a, 0xef3a, 0xef1a, 
	0xef1a, 0xef1a, 0xef1a, 0xf73a, 0xf73a, 0xf73a, 0xf75b, 0xf75b, 0xf75b, 0xf75b, 0xf75b, 0xf75b, 0xf75b, 0xf75b, 0xf75b, 0xf75b, 
	0xf77b, 0xf77b, 0xf77b, 0xf77b, 0xf77b, 0xf77b, 0xf77b, 0xf77b, 0xf77c, 0xf79c, 0xf79c, 0xf79c, 0xf79c, 0xf79c, 0xf79c, 0xf79c, 
	0xf79c, 0xf79c, 0xf7bc, 0xf7bc, 0xf79d, 0xf79d, 0xf7bd, 0xf7bd, 0xffbd, 0xffbd, 0xffbd, 0xf7bd, 0xf7be, 0xf7be, 0xf7be, 0xf7be, 
	0xf7be, 0xf7bd, 0xf79c, 0xf79c, 0xef3a, 0xef3a, 0xef3a, 0xef3a, 0xef1a, 0xef1a, 0xe6d9, 0xe6b8, 0xe6b8, 0xde76, 0xd655, 0xd655, 
	0xd656, 0xd656, 0xd656, 0xd656, 0xce15, 0xbd73, 0xbd73, 0xacd0, 0xa4b0, 0xa4b0, 0xacf1, 0xb511, 0xb511, 0xacd0, 0xacf0, 0xacf0, 
	0xbd72, 0xbd52, 0xbd52, 0xb531, 0xacef, 0xacef, 0xb510, 0xb4f0, 0xb4f0, 0xb4ef, 0xb4ef, 0xbd50, 0xbd50, 0xbd51, 0xc571, 0xc571, 
	0xc592, 0xcdb3, 0xcdb3, 0xcdd3, 0xcdd3, 0xcdd3, 0xcdd3, 0xc5d3, 0xc5d3, 0xc5d3, 0xc5b3, 0xc5b3, 0xc592, 0xbd92, 0xbd92, 0xbd92, 
	0xbd72, 0xbd72, 0xc592, 0xc593, 0xc593, 0xc5b3, 0xc5b3, 0xc5d4, 0xc5d4, 0xcdf5, 0xce15, 0xce15, 0xc5d5, 0xce15, 0xce15, 0xce36, 
	0xd698, 0xd698, 0xd657, 0xce16, 0xce16, 0xce16, 0xce16, 0xce16, 0xce15, 0xc5f4, 0xc5f4, 0xc5d3, 0xcdb3, 0xcdb3, 0xcd92, 0xc570, 
	0xbd70, 0xbd70, 0xc570, 0xc52f, 0xc52f, 0xc50e, 0xb4cc, 0xb4cc, 0xb48a, 0xac6a, 0xac6a, 0xb4ab, 0xbccb, 0xbccb, 0xbcec, 0xbccb, 
	0xbccb, 0xbcab, 0xb44a, 0xb44a, 0xa408, 0xa408, 0xa408, 0xac09, 0xac6a, 0xac6a, 0xb48a, 0xbccc, 0xbd0c, 0xbd0c, 0xc50d, 0xc50c, 
	0xc50c, 0xc56e, 0xcdb1, 0xcdb1, 0xd613, 0xe6d7, 0xe6d7, 0xf77b, 0xf7bd, 0xf7bd, 0xf7dd, 0xf7dd, 0xf7dd, 0xf7dd, 0xf7dd, 0xf7dd, 
	0xf7dd, 0xf7dd, 0xf7dd, 0xf7dd, 0xf7dd, 0xf7dd, 0xf7dd, 0xf7dd, 0xf7dd, 0xf7dd, 0xf7dd, 0xf7dd, 0xf7dd, 0xf7dd, 0xf7dd, 0xf7dd, 
	0xf7dd, 0xf7bd, 0xf7bd, 0xf7bd, 0xf7bd, 0xf7bd, 0xf7bd, 0xf7bd, 0xf7bd, 0xf7bd, 0xf7bd, 0xf7bd, 0xf7bd, 0xf7bd, 0xf7bd, 0xf7bd, 
	0xef19, 0xef19, 0xef19, 0xef1a, 0xef1a, 0xef1a, 0xef1a, 0xef1a, 0xef1a, 0xef1a, 0xef1a, 0xef1a, 0xef3a, 0xef3a, 0xef3a, 0xef1a, 
	0xef1a, 0xef1a, 0xef1a, 0xf73a, 0xf73a, 0xf73a, 0xf75b, 0xf75b, 0xf75b, 0xf75b, 0xf75b, 0xf75b, 0xf75b, 0xf75b, 0xf75b, 0xf75b, 
	0xf77b, 0xf77b, 0xf77b, 0xf77b, 0xf77b, 0xf77b, 0xf77b, 0xf77b, 0xf77c, 0xf79c, 0xf79c, 0xf79c, 0xf79c, 0xf79c, 0xf79c, 0xf79c, 
	0xf79c, 0xf79c, 0xf7bc, 0xf7bc, 0xf79d, 0xf79d, 0xf7bd, 0xf7bd, 0xffbd, 0xffbd, 0xffbd, 0xf7bd, 0xf7be, 0xf7be, 0xf7be, 0xf7be, 
	0xf7be, 0xf7bd, 0xf79c, 0xf79c, 0xef3a, 0xef3a, 0xef3a, 0xef3a, 0xef1a, 0xef1a, 0xe6d9, 0xe6b8, 0xe6b8, 0xde76, 0xd655, 0xd655, 
	0xd656, 0xd656, 0xd656, 0xd656, 0xce15, 0xbd73, 0xbd73, 0xacd0, 0xa4b0, 0xa4b0, 0xacf1, 0xb511, 0xb511, 0xacd0, 0xacf0, 0xacf0, 
	0xbd72, 0xbd52, 0xbd52, 0xb531, 0xacef, 0xacef, 0xb510, 0xb4f0, 0xb4f0, 0xb4ef, 0xb4ef, 0xbd50, 0xbd50, 0xbd51, 0xc571, 0xc571, 
	0xc592, 0xcdb3, 0xcdb3, 0xcdd3, 0xcdd3, 0xcdd3, 0xcdd3, 0xc5d3, 0xc5d3, 0xc5d3, 0xc5b3, 0xc5b3, 0xc592, 0xbd92, 0xbd92, 0xbd92, 
	0xbd72, 0xbd72, 0xc592, 0xc593, 0xc593, 0xc5b3, 0xc5b3, 0xc5d4, 0xc5d4, 0xcdf5, 0xce15, 0xce15, 0xc5d5, 0xce15, 0xce15, 0xce36, 
	0xd698, 0xd698, 0xd657, 0xce16, 0xce16, 0xce16, 0xce16, 0xce16, 0xce15, 0xc5f4, 0xc5f4, 0xc5d3, 0xcdb3, 0xcdb3, 0xcd92, 0xc570, 
	0xbd70, 0xbd70, 0xc570, 0xc52f, 0xc52f, 0xc50e, 0xb4cc, 0xb4cc, 0xb48a, 0xac6a, 0xac6a, 0xb4ab, 0xbccb, 0xbccb, 0xbcec, 0xbccb, 
	0xbccb, 0xbcab, 0xb44a, 0xb44a, 0xa408, 0xa408, 0xa408, 0xac09, 0xac6a, 0xac6a, 0xb48a, 0xbccc, 0xbd0c, 0xbd0c, 0xc50d, 0xc50c, 
	0xc50c, 0xc56e, 0xcdb1, 0xcdb1, 0xd613, 0xe6d7, 0xe6d7, 0xf77b, 0xf7bd, 0xf7bd, 0xf7dd, 0xf7dd, 0xf7dd, 0xf7dd, 0xf7dd, 0xf7dd, 
	0xf7dd, 0xf7dd, 0xf7dd, 0xf7dd, 0xf7dd, 0xf7dd, 0xf7dd, 0xf7dd, 0xf7dd, 0xf7dd, 0xf7dd, 0xf7dd, 0xf7dd, 0xf7dd, 0xf7dd, 0xf7dd, 
	0xf7dd, 0xf7bd, 0xf7bd, 0xf7bd, 0xf7bd, 0xf7bd, 0xf7bd, 0xf7bd, 0xf7bd, 0xf7bd, 0xf7bd, 0xf7bd, 0xf7bd, 0xf7bd, 0xf7bd, 0xf7bd, 
	0xe6f9, 0xeef9, 0xeef9, 0xeef9, 0xeef9, 0xeef9, 0xef19, 0xef1a, 0xef1a, 0xef1a, 0xef1a, 0xef1a, 0xf73a, 0xf73a, 0xf73a, 0xef1a, 
	0xef1a, 0xef1a, 0xef1a, 0xef3a, 0xef3a, 0xf73a, 0xf73a, 0xf73a, 0xf75b, 0xf75b, 0xf75b, 0xf75b, 0xf75b, 0xf75b, 0xf75b, 0xf75b, 
	0xef5b, 0xef5b, 0xef5b, 0xef5b, 0xef5b, 0xef5b, 0xf75b, 0xf75b, 0xf75b, 0xf77b, 0xf77b, 0xf79c, 0xf77c, 0xf77c, 0xf79c, 0xf79c, 
	0xf79c, 0xf79c, 0xf79c, 0xf79c, 0xf79c, 0xf79c, 0xf79c, 0xf79c, 0xf7bc, 0xffbc, 0xffbc, 0xf7bd, 0xf7bd, 0xf7bd, 0xf7bd, 0xf7be, 
	0xf7be, 0xf7bd, 0xf7bc, 0xf7bc, 0xef5b, 0xe71a, 0xe71a, 0xef19, 0xeef9, 0xeef9, 0xe6d9, 0xe6b8, 0xe6b8, 0xde76, 0xd676, 0xd676, 
	0xd656, 0xde77, 0xd656, 0xd656, 0xd635, 0xce15, 0xce15, 0xc5b4, 0xc593, 0xc593, 0xc5b3, 0xc5d3, 0xc5d3, 0xc593, 0xbd72, 0xbd72, 
	0xbd72, 0xbd92, 0xbd92, 0xbd71, 0xb551, 0xb551, 0xbd71, 0xc572, 0xc572, 0xc592, 0xc592, 0xcdb2, 0xcdb2, 0xcdb2, 0xcdd3, 0xcdd3, 
	0xcdd3, 0xcdb3, 0xcdb3, 0xcdb3, 0xcdb3, 0xcdb3, 0xc5b3, 0xc593, 0xc593, 0xbd92, 0xc593, 0xc593, 0xc5b3, 0xc5b3, 0xc5b3, 0xc5b3, 
	0xc593, 0xc593, 0xbd92, 0xbd72, 0xbd72, 0xbd72, 0xc593, 0xc5b4, 0xc5b4, 0xc5b4, 0xc5f5, 0xc5f5, 0xce15, 0xc5f6, 0xc5f6, 0xce36, 
	0xd678, 0xd678, 0xd678, 0xce37, 0xce37, 0xce37, 0xce15, 0xce15, 0xce15, 0xce14, 0xce14, 0xcdf4, 0xc592, 0xc592, 0xc550, 0xbd4f, 
	0xbd4f, 0xbd4f, 0xc54f, 0xbced, 0xbced, 0xbccc, 0xbccc, 0xbccc, 0xb4ab, 0xb4ab, 0xb4ab, 0xb4ab, 0xbccb, 0xbccb, 0xbccb, 0xbcaa, 
	0xbcaa, 0xbc6b, 0xb44a, 0xb44a, 0xac09, 0xac09, 0xac09, 0xac29, 0xac6a, 0xac6a, 0xac8a, 0xb4ab, 0xbcec, 0xbcec, 0xbd0c, 0xc50c, 
	0xc50c, 0xc54e, 0xcd90, 0xcd90, 0xd5f2, 0xe6b6, 0xe6b6, 0xf77a, 0xf7bc, 0xf7bc, 0xf7dc, 0xffdd, 0xffdd, 0xffdd, 0xf7bd, 0xf7bd, 
	0xf7bd, 0xf7bd, 0xf7bd, 0xf7bd, 0xf7bd, 0xf7bd, 0xf7bd, 0xf7bd, 0xf7bc, 0xf7bc, 0xf7bc, 0xf7bc, 0xf7bc, 0xf7bd, 0xf7bd, 0xf7bd, 
	0xf7bc, 0xf7bc, 0xf7bc, 0xf7bc, 0xf7bc, 0xf7bc, 0xf7bc, 0xf7bc, 0xf7bc, 0xf7bc, 0xf7bc, 0xf7bc, 0xf7bc, 0xf7bc, 0xf7bc, 0xf7bc, 
	0xe6f9, 0xeef9, 0xeef9, 0xeef9, 0xeef9, 0xeef9, 0xef19, 0xef1a, 0xef1a, 0xef1a, 0xef1a, 0xef1a, 0xf73a, 0xf73a, 0xf73a, 0xef1a, 
	0xef1a, 0xef1a, 0xef1a, 0xef3a, 0xef3a, 0xf73a, 0xf73a, 0xf73a, 0xf75b, 0xf75b, 0xf75b, 0xf75b, 0xf75b, 0xf75b, 0xf75b, 0xf75b, 
	0xef5b, 0xef5b, 0xef5b, 0xef5b, 0xef5b, 0xef5b, 0xf75b, 0xf75b, 0xf75b, 0xf77b, 0xf77b, 0xf79c, 0xf77c, 0xf77c, 0xf79c, 0xf79c, 
	0xf79c, 0xf79c, 0xf79c, 0xf79c, 0xf79c, 0xf79c, 0xf79c, 0xf79c, 0xf7bc, 0xffbc, 0xffbc, 0xf7bd, 0xf7bd, 0xf7bd, 0xf7bd, 0xf7be, 
	0xf7be, 0xf7bd, 0xf7bc, 0xf7bc, 0xef5b, 0xe71a, 0xe71a, 0xef19, 0xeef9, 0xeef9, 0xe6d9, 0xe6b8, 0xe6b8, 0xde76, 0xd676, 0xd676, 
	0xd656, 0xde77, 0xd656, 0xd656, 0xd635, 0xce15, 0xce15, 0xc5b4, 0xc593, 0xc593, 0xc5b3, 0xc5d3, 0xc5d3, 0xc593, 0xbd72, 0xbd72, 
	0xbd72, 0xbd92, 0xbd92, 0xbd71, 0xb551, 0xb551, 0xbd71, 0xc572, 0xc572, 0xc592, 0xc592, 0xcdb2, 0xcdb2, 0xcdb2, 0xcdd3, 0xcdd3, 
	0xcdd3, 0xcdb3, 0xcdb3, 0xcdb3, 0xcdb3, 0xcdb3, 0xc5b3, 0xc593, 0xc593, 0xbd92, 0xc593, 0xc593, 0xc5b3, 0xc5b3, 0xc5b3, 0xc5b3, 
	0xc593, 0xc593, 0xbd92, 0xbd72, 0xbd72, 0xbd72, 0xc593, 0xc5b4, 0xc5b4, 0xc5b4, 0xc5f5, 0xc5f5, 0xce15, 0xc5f6, 0xc5f6, 0xce36, 
	0xd678, 0xd678, 0xd678, 0xce37, 0xce37, 0xce37, 0xce15, 0xce15, 0xce15, 0xce14, 0xce14, 0xcdf4, 0xc592, 0xc592, 0xc550, 0xbd4f, 
	0xbd4f, 0xbd4f, 0xc54f, 0xbced, 0xbced, 0xbccc, 0xbccc, 0xbccc, 0xb4ab, 0xb4ab, 0xb4ab, 0xb4ab, 0xbccb, 0xbccb, 0xbccb, 0xbcaa, 
	0xbcaa, 0xbc6b, 0xb44a, 0xb44a, 0xac09, 0xac09, 0xac09, 0xac29, 0xac6a, 0xac6a, 0xac8a, 0xb4ab, 0xbcec, 0xbcec, 0xbd0c, 0xc50c, 
	0xc50c, 0xc54e, 0xcd90, 0xcd90, 0xd5f2, 0xe6b6, 0xe6b6, 0xf77a, 0xf7bc, 0xf7bc, 0xf7dc, 0xffdd, 0xffdd, 0xffdd, 0xf7bd, 0xf7bd, 
	0xf7bd, 0xf7bd, 0xf7bd, 0xf7bd, 0xf7bd, 0xf7bd, 0xf7bd, 0xf7bd, 0xf7bc, 0xf7bc, 0xf7bc, 0xf7bc, 0xf7bc, 0xf7bd, 0xf7bd, 0xf7bd, 
	0xf7bc, 0xf7bc, 0xf7bc, 0xf7bc, 0xf7bc, 0xf7bc, 0xf7bc, 0xf7bc, 0xf7bc, 0xf7bc, 0xf7bc, 0xf7bc, 0xf7bc, 0xf7bc, 0xf7bc, 0xf7bc, 
	0xe6d9, 0xe6d9, 0xe6d9, 0xeef9, 0xeef9, 0xeef9, 0xeef9, 0xeef9, 0xeef9, 0xef19, 0xef19, 0xef19, 0xef19, 0xef19, 0xef19, 0xef19, 
	0xef1a, 0xef1a, 0xef1a, 0xef1a, 0xef1a, 0xef1a, 0xf73a, 0xf73a, 0xef3a, 0xef3a, 0xef3a, 0xef3a, 0xef3a, 0xef3a, 0xef3a, 0xef5b, 
	0xf75b, 0xf75b, 0xf75b, 0xf75b, 0xf75b, 0xf75b, 0xf75b, 0xf75b, 0xf75b, 0xf77b, 0xf77b, 0xf77b, 0xf77b, 0xf77b, 0xf77b, 0xf77b, 
	0xf77b, 0xf77b, 0xf79b, 0xf79b, 0xf79b, 0xf79b, 0xf79b, 0xf79b, 0xf79b, 0xff9c, 0xff9c, 0xf7bc, 0xf7bc, 0xf7bc, 0xffbd, 0xffbd, 
	0xffbd, 0xffbd, 0xf7bc, 0xf7bc, 0xf77b, 0xe719, 0xe719, 0xe6f9, 0xeef9, 0xeef9, 0xe6d8, 0xde97, 0xde97, 0xde76, 0xde76, 0xde76, 
	0xd656, 0xde76, 0xd636, 0xd636, 0xde56, 0xd655, 0xd655, 0xd635, 0xcdf4, 0xcdf4, 0xcdf4, 0xcdd4, 0xcdd4, 0xcdf4, 0xc5d3, 0xc5d3, 
	0xc5b3, 0xc5d3, 0xc5d3, 0xc5b3, 0xc5b2, 0xc5b2, 0xc592, 0xcdb3, 0xcdb3, 0xc592, 0xc591, 0xc591, 0xc591, 0xc592, 0xc592, 0xc592, 
	0xc592, 0xc572, 0xc572, 0xc572, 0xc572, 0xc572, 0xbd72, 0xbd72, 0xbd72, 0xbd72, 0xbd72, 0xbd72, 0xbd92, 0xc593, 0xc593, 0xc593, 
	0xbd92, 0xbd92, 0xc593, 0xbd92, 0xbd92, 0xbd93, 0xc594, 0xc5b4, 0xc5b4, 0xc5d4, 0xc5f5, 0xc5f5, 0xce36, 0xce16, 0xce16, 0xce16, 
	0xce37, 0xce37, 0xce37, 0xc5f6, 0xc5f6, 0xce16, 0xc615, 0xc615, 0xc5d3, 0xc5d3, 0xc5d3, 0xc5b3, 0xc551, 0xc551, 0xc550, 0xbd4f, 
	0xbd4e, 0xbd4e, 0xc52e, 0xbcec, 0xbcec, 0xbccb, 0xbccc, 0xbccc, 0xbccb, 0xb4ab, 0xb4ab, 0xbccb, 0xbccb, 0xbccb, 0xb489, 0xb469, 
	0xb469, 0xb429, 0xb429, 0xb429, 0xb429, 0xac29, 0xac29, 0xb429, 0xb48a, 0xb48a, 0xb4ab, 0xb4cb, 0xb4cb, 0xb4cb, 0xbccc, 0xc50c, 
	0xc50c, 0xcd6e, 0xcdb0, 0xcdb0, 0xde12, 0xe6b6, 0xe6b6, 0xf77a, 0xf7bc, 0xf7bc, 0xffdc, 0xffbc, 0xffbc, 0xffbc, 0xffbc, 0xffbc, 
	0xf7bc, 0xf7bc, 0xf7bc, 0xf7bc, 0xf7bc, 0xf7bc, 0xf7bc, 0xf7bc, 0xf7bc, 0xf7bc, 0xf7bc, 0xf7bc, 0xf7bc, 0xf7bc, 0xf7bc, 0xf7bc, 
	0xf7bc, 0xf7bc, 0xf7bc, 0xf7bc, 0xf7bc, 0xf7bc, 0xf7bc, 0xf7bc, 0xf7bc, 0xf7bc, 0xf7bc, 0xf7bc, 0xf7bc, 0xf7bc, 0xf7bc, 0xf7bc, 
	0xe6d9, 0xe6d9, 0xe6d9, 0xeef9, 0xeef9, 0xeef9, 0xeef9, 0xeef9, 0xeef9, 0xef19, 0xef19, 0xef19, 0xef19, 0xef19, 0xef19, 0xef19, 
	0xef1a, 0xef1a, 0xef1a, 0xef1a, 0xef1a, 0xef1a, 0xf73a, 0xf73a, 0xef3a, 0xef3a, 0xef3a, 0xef3a, 0xef3a, 0xef3a, 0xef3a, 0xef5b, 
	0xf75b, 0xf75b, 0xf75b, 0xf75b, 0xf75b, 0xf75b, 0xf75b, 0xf75b, 0xf75b, 0xf77b, 0xf77b, 0xf77b, 0xf77b, 0xf77b, 0xf77b, 0xf77b, 
	0xf77b, 0xf77b, 0xf79b, 0xf79b, 0xf79b, 0xf79b, 0xf79b, 0xf79b, 0xf79b, 0xff9c, 0xff9c, 0xf7bc, 0xf7bc, 0xf7bc, 0xffbd, 0xffbd, 
	0xffbd, 0xffbd, 0xf7bc, 0xf7bc, 0xf77b, 0xe719, 0xe719, 0xe6f9, 0xeef9, 0xeef9, 0xe6d8, 0xde97, 0xde97, 0xde76, 0xde76, 0xde76, 
	0xd656, 0xde76, 0xd636, 0xd636, 0xde56, 0xd655, 0xd655, 0xd635, 0xcdf4, 0xcdf4, 0xcdf4, 0xcdd4, 0xcdd4, 0xcdf4, 0xc5d3, 0xc5d3, 
	0xc5b3, 0xc5d3, 0xc5d3, 0xc5b3, 0xc5b2, 0xc5b2, 0xc592, 0xcdb3, 0xcdb3, 0xc592, 0xc591, 0xc591, 0xc591, 0xc592, 0xc592, 0xc592, 
	0xc592, 0xc572, 0xc572, 0xc572, 0xc572, 0xc572, 0xbd72, 0xbd72, 0xbd72, 0xbd72, 0xbd72, 0xbd72, 0xbd92, 0xc593, 0xc593, 0xc593, 
	0xbd92, 0xbd92, 0xc593, 0xbd92, 0xbd92, 0xbd93, 0xc594, 0xc5b4, 0xc5b4, 0xc5d4, 0xc5f5, 0xc5f5, 0xce36, 0xce16, 0xce16, 0xce16, 
	0xce37, 0xce37, 0xce37, 0xc5f6, 0xc5f6, 0xce16, 0xc615, 0xc615, 0xc5d3, 0xc5d3, 0xc5d3, 0xc5b3, 0xc551, 0xc551, 0xc550, 0xbd4f, 
	0xbd4e, 0xbd4e, 0xc52e, 0xbcec, 0xbcec, 0xbccb, 0xbccc, 0xbccc, 0xbccb, 0xb4ab, 0xb4ab, 0xbccb, 0xbccb, 0xbccb, 0xb489, 0xb469, 
	0xb469, 0xb429, 0xb429, 0xb429, 0xb429, 0xac29, 0xac29, 0xb429, 0xb48a, 0xb48a, 0xb4ab, 0xb4cb, 0xb4cb, 0xb4cb, 0xbccc, 0xc50c, 
	0xc50c, 0xcd6e, 0xcdb0, 0xcdb0, 0xde12, 0xe6b6, 0xe6b6, 0xf77a, 0xf7bc, 0xf7bc, 0xffdc, 0xffbc, 0xffbc, 0xffbc, 0xffbc, 0xffbc, 
	0xf7bc, 0xf7bc, 0xf7bc, 0xf7bc, 0xf7bc, 0xf7bc, 0xf7bc, 0xf7bc, 0xf7bc, 0xf7bc, 0xf7bc, 0xf7bc, 0xf7bc, 0xf7bc, 0xf7bc, 0xf7bc, 
	0xf7bc, 0xf7bc, 0xf7bc, 0xf7bc, 0xf7bc, 0xf7bc, 0xf7bc, 0xf7bc, 0xf7bc, 0xf7bc, 0xf7bc, 0xf7bc, 0xf7bc, 0xf7bc, 0xf7bc, 0xf7bc, 
	0xe6d8, 0xe6d9, 0xe6d9, 0xe6d9, 0xe6d9, 0xe6d9, 0xe6d9, 0xe6d9, 0xe6d9, 0xe6d8, 0xe6f9, 0xe6f9, 0xeef9, 0xeef9, 0xeef9, 0xef19, 
	0xef19, 0xef19, 0xef1a, 0xef1a, 0xef1a, 0xef1a, 0xef1a, 0xef1a, 0xef1a, 0xef1a, 0xef1a, 0xef1a, 0xef1a, 0xef3a, 0xef3a, 0xef3a, 
	0xef3a, 0xef3a, 0xef3a, 0xef3a, 0xef3a, 0xef3a, 0xef3a, 0xef3a, 0xef3a, 0xef5a, 0xef5a, 0xf75b, 0xf75b, 0xf75b, 0xf75b, 0xf75b, 
	0xf75b, 0xf77b, 0xf77b, 0xf77b, 0xf79b, 0xf79b, 0xf79b, 0xf79b, 0xf79b, 0xf79b, 0xf79b, 0xf79b, 0xf7bc, 0xf7bc, 0xf79d, 0xf79d, 
	0xf79d, 0xf7bc, 0xffbc, 0xffbc, 0xf79b, 0xef3a, 0xef3a, 0xe6f9, 0xeef9, 0xeef9, 0xe6d8, 0xdeb8, 0xdeb8, 0xde97, 0xde77, 0xde77, 
	0xd656, 0xde56, 0xde76, 0xde76, 0xde96, 0xde76, 0xde76, 0xde96, 0xd636, 0xd636, 0xce15, 0xcdf4, 0xcdf4, 0xcdd4, 0xcdd3, 0xcdd3, 
	0xcdd3, 0xcdd4, 0xcdd4, 0xc5d3, 0xc5b3, 0xc5b3, 0xbd92, 0xc592, 0xc592, 0xbd71, 0xbd71, 0xbd72, 0xbd72, 0xc572, 0xc592, 0xc592, 
	0xc592, 0xbd51, 0xbd51, 0xbd51, 0xbd72, 0xbd72, 0xbd72, 0xb552, 0xb552, 0xb552, 0xbd52, 0xbd52, 0xbd72, 0xbd92, 0xbd92, 0xbd92, 
	0xbd72, 0xbd72, 0xbd73, 0xc594, 0xc594, 0xc5d4, 0xc5b4, 0xc5b4, 0xc5b4, 0xcdf5, 0xce16, 0xce16, 0xd656, 0xd678, 0xd678, 0xd678, 
	0xd658, 0xd658, 0xd677, 0xd657, 0xd657, 0xc5f5, 0xc5d4, 0xc5d4, 0xc5f4, 0xcdf4, 0xcdf4, 0xc5d3, 0xbd51, 0xbd51, 0xbd30, 0xbd4f, 
	0xbd4e, 0xbd4e, 0xbd0d, 0xbccc, 0xbccc, 0xbcab, 0xb48a, 0xb48a, 0xb48a, 0xbcab, 0xbcab, 0xbccb, 0xb48a, 0xb48a, 0xb46a, 0xb46a, 
	0xb46a, 0xac09, 0xac09, 0xac09, 0xac29, 0xac29, 0xac29, 0xb44a, 0xb46a, 0xb46a, 0xb4ab, 0xbcec, 0xbcec, 0xbcec, 0xb4ab, 0xbcec, 
	0xbcec, 0xcd4e, 0xd5d0, 0xd5d0, 0xde33, 0xeed7, 0xeed7, 0xf77b, 0xf7bc, 0xf7bc, 0xf7bc, 0xf7bc, 0xf7bc, 0xf7bc, 0xf7bc, 0xf7bc, 
	0xf7bc, 0xf7bc, 0xf7bc, 0xf7bc, 0xf7bc, 0xf7bc, 0xf7bc, 0xf7bc, 0xf7bc, 0xf7bc, 0xf7bc, 0xf7bc, 0xf7bc, 0xf7bc, 0xf7bc, 0xf7bc, 
	0xf7bc, 0xf7bc, 0xf7bc, 0xf7bc, 0xf7bc, 0xf7bc, 0xf7bc, 0xf7bc, 0xf7bc, 0xf7bc, 0xf7bc, 0xf7bc, 0xf7bc, 0xf7bc, 0xf7bc, 0xf7bc, 
	0xe6b8, 0xe6d8, 0xe6d8, 0xe6d8, 0xe6d8, 0xe6d8, 0xe6d8, 0xe6d9, 0xe6d9, 0xe6d8, 0xe6d8, 0xe6d8, 0xeef9, 0xeef9, 0xeef9, 0xef19, 
	0xef19, 0xef19, 0xeef9, 0xeef9, 0xeef9, 0xef19, 0xef19, 0xef19, 0xef1a, 0xef19, 0xef19, 0xef19, 0xef19, 0xef19, 0xef19, 0xef3a, 
	0xef1a, 0xef1a, 0xef19, 0xef3a, 0xef3a, 0xef3a, 0xef3a, 0xef3a, 0xef3a, 0xef3a, 0xef3a, 0xef3a, 0xef3b, 0xef3b, 0xf75b, 0xf75b, 
	0xf75b, 0xf75b, 0xf77b, 0xf77b, 0xf77b, 0xf77b, 0xf79b, 0xf79b, 0xf77b, 0xf77b, 0xf77b, 0xf79b, 0xf79c, 0xf79c, 0xf79c, 0xf79c, 
	0xf79c, 0xf7bc, 0xf7bc, 0xf7bc, 0xf79b, 0xef3a, 0xef3a, 0xe6f8, 0xe6f9, 0xe6f9, 0xe6d9, 0xe6d8, 0xe6d8, 0xe6b7, 0xde76, 0xde76, 
	0xd656, 0xde76, 0xde76, 0xde76, 0xd656, 0xd635, 0xd635, 0xde76, 0xde56, 0xde56, 0xd615, 0xcdf4, 0xcdf4, 0xcdd3, 0xc5b3, 0xc5b3, 
	0xc5b3, 0xc5b3, 0xc5b3, 0xc592, 0xc572, 0xc572, 0xbd51, 0xbd52, 0xbd52, 0xbd52, 0xc572, 0xc572, 0xc572, 0xc572, 0xc592, 0xc592, 
	0xc572, 0xb530, 0xb530, 0xb530, 0xbd31, 0xbd31, 0xbd52, 0xbd72, 0xbd72, 0xbd72, 0xbd52, 0xbd52, 0xbd31, 0xb551, 0xb551, 0xbd72, 
	0xbd93, 0xbd93, 0xc5b4, 0xcdd5, 0xcdd5, 0xcdd5, 0xcdf5, 0xce15, 0xce15, 0xc5d5, 0xc5f5, 0xc5f5, 0xce16, 0xce16, 0xce16, 0xce37, 
	0xd636, 0xd636, 0xd636, 0xce36, 0xce36, 0xce16, 0xcdf5, 0xcdf5, 0xc5f4, 0xc5d3, 0xc5d3, 0xc592, 0xc572, 0xc572, 0xc571, 0xc56f, 
	0xc54f, 0xc54f, 0xbd2d, 0xbcec, 0xbcec, 0xb48a, 0xb48a, 0xb48a, 0xb48b, 0xbcab, 0xbcab, 0xbcab, 0xb44a, 0xb44a, 0xabe9, 0xa3e9, 
	0xa3e9, 0xabe8, 0xabc8, 0xabc8, 0xabe8, 0xac09, 0xac09, 0xb44a, 0xb48a, 0xb48a, 0xbcab, 0xbcec, 0xbcec, 0xbcec, 0xbcec, 0xc52d, 
	0xc52d, 0xcd6e, 0xd5b0, 0xd5b0, 0xde13, 0xe696, 0xe696, 0xf75a, 0xf79b, 0xf79b, 0xf7bc, 0xf7bc, 0xf7bc, 0xf7bb, 0xf7bb, 0xf7bb, 
	0xf7bc, 0xf79c, 0xf79c, 0xf79c, 0xf79c, 0xf79c, 0xf79c, 0xf79c, 0xf7bc, 0xf7bc, 0xf79b, 0xf7bc, 0xf7bc, 0xf79c, 0xf79b, 0xf79b, 
	0xf79b, 0xf79b, 0xf79b, 0xf79b, 0xf79b, 0xf79b, 0xf79b, 0xf79b, 0xf79b, 0xf79c, 0xf79b, 0xf79b, 0xf79b, 0xf79b, 0xf79b, 0xf79b, 
	0xe6b8, 0xe6d8, 0xe6d8, 0xe6d8, 0xe6d8, 0xe6d8, 0xe6d8, 0xe6d9, 0xe6d9, 0xe6d8, 0xe6d8, 0xe6d8, 0xeef9, 0xeef9, 0xeef9, 0xef19, 
	0xef19, 0xef19, 0xeef9, 0xeef9, 0xeef9, 0xef19, 0xef19, 0xef19, 0xef1a, 0xef19, 0xef19, 0xef19, 0xef19, 0xef19, 0xef19, 0xef3a, 
	0xef1a, 0xef1a, 0xef19, 0xef3a, 0xef3a, 0xef3a, 0xef3a, 0xef3a, 0xef3a, 0xef3a, 0xef3a, 0xef3a, 0xef3b, 0xef3b, 0xf75b, 0xf75b, 
	0xf75b, 0xf75b, 0xf77b, 0xf77b, 0xf77b, 0xf77b, 0xf79b, 0xf79b, 0xf77b, 0xf77b, 0xf77b, 0xf79b, 0xf79c, 0xf79c, 0xf79c, 0xf79c, 
	0xf79c, 0xf7bc, 0xf7bc, 0xf7bc, 0xf79b, 0xef3a, 0xef3a, 0xe6f8, 0xe6f9, 0xe6f9, 0xe6d9, 0xe6d8, 0xe6d8, 0xe6b7, 0xde76, 0xde76, 
	0xd656, 0xde76, 0xde76, 0xde76, 0xd656, 0xd635, 0xd635, 0xde76, 0xde56, 0xde56, 0xd615, 0xcdf4, 0xcdf4, 0xcdd3, 0xc5b3, 0xc5b3, 
	0xc5b3, 0xc5b3, 0xc5b3, 0xc592, 0xc572, 0xc572, 0xbd51, 0xbd52, 0xbd52, 0xbd52, 0xc572, 0xc572, 0xc572, 0xc572, 0xc592, 0xc592, 
	0xc572, 0xb530, 0xb530, 0xb530, 0xbd31, 0xbd31, 0xbd52, 0xbd72, 0xbd72, 0xbd72, 0xbd52, 0xbd52, 0xbd31, 0xb551, 0xb551, 0xbd72, 
	0xbd93, 0xbd93, 0xc5b4, 0xcdd5, 0xcdd5, 0xcdd5, 0xcdf5, 0xce15, 0xce15, 0xc5d5, 0xc5f5, 0xc5f5, 0xce16, 0xce16, 0xce16, 0xce37, 
	0xd636, 0xd636, 0xd636, 0xce36, 0xce36, 0xce16, 0xcdf5, 0xcdf5, 0xc5f4, 0xc5d3, 0xc5d3, 0xc592, 0xc572, 0xc572, 0xc571, 0xc56f, 
	0xc54f, 0xc54f, 0xbd2d, 0xbcec, 0xbcec, 0xb48a, 0xb48a, 0xb48a, 0xb48b, 0xbcab, 0xbcab, 0xbcab, 0xb44a, 0xb44a, 0xabe9, 0xa3e9, 
	0xa3e9, 0xabe8, 0xabc8, 0xabc8, 0xabe8, 0xac09, 0xac09, 0xb44a, 0xb48a, 0xb48a, 0xbcab, 0xbcec, 0xbcec, 0xbcec, 0xbcec, 0xc52d, 
	0xc52d, 0xcd6e, 0xd5b0, 0xd5b0, 0xde13, 0xe696, 0xe696, 0xf75a, 0xf79b, 0xf79b, 0xf7bc, 0xf7bc, 0xf7bc, 0xf7bb, 0xf7bb, 0xf7bb, 
	0xf7bc, 0xf79c, 0xf79c, 0xf79c, 0xf79c, 0xf79c, 0xf79c, 0xf79c, 0xf7bc, 0xf7bc, 0xf79b, 0xf7bc, 0xf7bc, 0xf79c, 0xf79b, 0xf79b, 
	0xf79b, 0xf79b, 0xf79b, 0xf79b, 0xf79b, 0xf79b, 0xf79b, 0xf79b, 0xf79b, 0xf79c, 0xf79b, 0xf79b, 0xf79b, 0xf79b, 0xf79b, 0xf79b, 
	0xe6b8, 0xe6b8, 0xe6b8, 0xe6b8, 0xe6b8, 0xe6b8, 0xe6d8, 0xe6d8, 0xe6d8, 0xe6d8, 0xeed8, 0xeed8, 0xeef9, 0xeef9, 0xeef9, 0xeef9, 
	0xeef9, 0xeef9, 0xeef9, 0xeef9, 0xeef9, 0xeef9, 0xef19, 0xef19, 0xef19, 0xef19, 0xef19, 0xef19, 0xef19, 0xef19, 0xef19, 0xef19, 
	0xef19, 0xef19, 0xf719, 0xf71a, 0xf71a, 0xef3a, 0xf73a, 0xf73a, 0xf73a, 0xf73a, 0xf73a, 0xf73a, 0xef3a, 0xef3a, 0xf75b, 0xf75b, 
	0xf75b, 0xf75b, 0xf75b, 0xf75b, 0xf75b, 0xf75b, 0xf77b, 0xf77b, 0xf77b, 0xf77b, 0xf77b, 0xf77b, 0xf79b, 0xf79b, 0xf79b, 0xff9c, 
	0xff9c, 0xff9c, 0xffbc, 0xffbc, 0xef7b, 0xe719, 0xe719, 0xe6d7, 0xe6d8, 0xe6d8, 0xe6d8, 0xe6b7, 0xe6b7, 0xe6b7, 0xde76, 0xde76, 
	0xde76, 0xd676, 0xde56, 0xde56, 0xd635, 0xd635, 0xd635, 0xd635, 0xd635, 0xd635, 0xd614, 0xd614, 0xd614, 0xd5f3, 0xcdd3, 0xcdd3, 
	0xcdb3, 0xcdb2, 0xcdb2, 0xcdb3, 0xc592, 0xc592, 0xc572, 0xc573, 0xc573, 0xc572, 0xc572, 0xc572, 0xc572, 0xc572, 0xc572, 0xc572, 
	0xc572, 0xbd71, 0xbd71, 0xbd71, 0xbd51, 0xbd51, 0xbd31, 0xbd31, 0xbd31, 0xbd52, 0xc572, 0xc572, 0xc572, 0xbd72, 0xbd72, 0xbd72, 
	0xc593, 0xc593, 0xcdd5, 0xd616, 0xd616, 0xd637, 0xce36, 0xce36, 0xce36, 0xce36, 0xce36, 0xce36, 0xce36, 0xce36, 0xce36, 0xc5f5, 
	0xc5d5, 0xc5d5, 0xcdf4, 0xce15, 0xce15, 0xcdf5, 0xce15, 0xce15, 0xcdf4, 0xc5b3, 0xc5b3, 0xc572, 0xc571, 0xc571, 0xc550, 0xc54f, 
	0xbd2e, 0xbd2e, 0xbd2d, 0xbcec, 0xbcec, 0xb4ab, 0xb4ab, 0xb4ab, 0xbcab, 0xbcac, 0xbcac, 0xac2a, 0xabe9, 0xabe9, 0xabe9, 0xabe9, 
	0xabe9, 0xabc9, 0xabc9, 0xabc9, 0xabe9, 0xac29, 0xac29, 0xb44a, 0xb48a, 0xb48a, 0xbcab, 0xc4ec, 0xbcec, 0xbcec, 0xbcec, 0xc52d, 
	0xc52d, 0xcd6e, 0xd590, 0xd590, 0xde12, 0xe696, 0xe696, 0xeef8, 0xf77b, 0xf77b, 0xff9c, 0xf79c, 0xf79c, 0xf79c, 0xf79c, 0xf79c, 
	0xf79c, 0xf79c, 0xf79c, 0xf79c, 0xf79c, 0xf79c, 0xf79c, 0xf79b, 0xf79b, 0xf79b, 0xf79c, 0xf77b, 0xf77b, 0xf77b, 0xf77b, 0xf77b, 
	0xf77b, 0xf77b, 0xf77b, 0xf77b, 0xf77b, 0xf77b, 0xf77b, 0xf77b, 0xf77b, 0xf79c, 0xf79b, 0xf79b, 0xf79b, 0xf79b, 0xf79b, 0xf77b, 
	0xe6b8, 0xe6b8, 0xe6b8, 0xe6b8, 0xe6b8, 0xe6b8, 0xe6d8, 0xe6d8, 0xe6d8, 0xe6d8, 0xeed8, 0xeed8, 0xeef9, 0xeef9, 0xeef9, 0xeef9, 
	0xeef9, 0xeef9, 0xeef9, 0xeef9, 0xeef9, 0xeef9, 0xef19, 0xef19, 0xef19, 0xef19, 0xef19, 0xef19, 0xef19, 0xef19, 0xef19, 0xef19, 
	0xef19, 0xef19, 0xf719, 0xf71a, 0xf71a, 0xef3a, 0xf73a, 0xf73a, 0xf73a, 0xf73a, 0xf73a, 0xf73a, 0xef3a, 0xef3a, 0xf75b, 0xf75b, 
	0xf75b, 0xf75b, 0xf75b, 0xf75b, 0xf75b, 0xf75b, 0xf77b, 0xf77b, 0xf77b, 0xf77b, 0xf77b, 0xf77b, 0xf79b, 0xf79b, 0xf79b, 0xff9c, 
	0xff9c, 0xff9c, 0xffbc, 0xffbc, 0xef7b, 0xe719, 0xe719, 0xe6d7, 0xe6d8, 0xe6d8, 0xe6d8, 0xe6b7, 0xe6b7, 0xe6b7, 0xde76, 0xde76, 
	0xde76, 0xd676, 0xde56, 0xde56, 0xd635, 0xd635, 0xd635, 0xd635, 0xd635, 0xd635, 0xd614, 0xd614, 0xd614, 0xd5f3, 0xcdd3, 0xcdd3, 
	0xcdb3, 0xcdb2, 0xcdb2, 0xcdb3, 0xc592, 0xc592, 0xc572, 0xc573, 0xc573, 0xc572, 0xc572, 0xc572, 0xc572, 0xc572, 0xc572, 0xc572, 
	0xc572, 0xbd71, 0xbd71, 0xbd71, 0xbd51, 0xbd51, 0xbd31, 0xbd31, 0xbd31, 0xbd52, 0xc572, 0xc572, 0xc572, 0xbd72, 0xbd72, 0xbd72, 
	0xc593, 0xc593, 0xcdd5, 0xd616, 0xd616, 0xd637, 0xce36, 0xce36, 0xce36, 0xce36, 0xce36, 0xce36, 0xce36, 0xce36, 0xce36, 0xc5f5, 
	0xc5d5, 0xc5d5, 0xcdf4, 0xce15, 0xce15, 0xcdf5, 0xce15, 0xce15, 0xcdf4, 0xc5b3, 0xc5b3, 0xc572, 0xc571, 0xc571, 0xc550, 0xc54f, 
	0xbd2e, 0xbd2e, 0xbd2d, 0xbcec, 0xbcec, 0xb4ab, 0xb4ab, 0xb4ab, 0xbcab, 0xbcac, 0xbcac, 0xac2a, 0xabe9, 0xabe9, 0xabe9, 0xabe9, 
	0xabe9, 0xabc9, 0xabc9, 0xabc9, 0xabe9, 0xac29, 0xac29, 0xb44a, 0xb48a, 0xb48a, 0xbcab, 0xc4ec, 0xbcec, 0xbcec, 0xbcec, 0xc52d, 
	0xc52d, 0xcd6e, 0xd590, 0xd590, 0xde12, 0xe696, 0xe696, 0xeef8, 0xf77b, 0xf77b, 0xff9c, 0xf79c, 0xf79c, 0xf79c, 0xf79c, 0xf79c, 
	0xf79c, 0xf79c, 0xf79c, 0xf79c, 0xf79c, 0xf79c, 0xf79c, 0xf79b, 0xf79b, 0xf79b, 0xf79c, 0xf77b, 0xf77b, 0xf77b, 0xf77b, 0xf77b, 
	0xf77b, 0xf77b, 0xf77b, 0xf77b, 0xf77b, 0xf77b, 0xf77b, 0xf77b, 0xf77b, 0xf79c, 0xf79b, 0xf79b, 0xf79b, 0xf79b, 0xf79b, 0xf77b, 
	0xe6b7, 0xe6b8, 0xe6b8, 0xe6b8, 0xe6b8, 0xe6b8, 0xe6b8, 0xe6b8, 0xe6b8, 0xe6b8, 0xe6d8, 0xe6d8, 0xe6d8, 0xeed8, 0xeed8, 0xe6d8, 
	0xe6f9, 0xe6f9, 0xeef9, 0xeef9, 0xeef9, 0xeef9, 0xeef9, 0xeef9, 0xeef9, 0xef19, 0xef19, 0xeef9, 0xeef9, 0xeef9, 0xeef9, 0xef19, 
	0xef19, 0xef19, 0xef19, 0xef19, 0xef19, 0xef1a, 0xef3a, 0xef3a, 0xef3a, 0xef3a, 0xef3a, 0xef1a, 0xef3a, 0xef3a, 0xef3a, 0xef5a, 
	0xef5a, 0xf75b, 0xf75b, 0xf75b, 0xf75b, 0xf75b, 0xf75b, 0xf75b, 0xf77b, 0xf77b, 0xf77b, 0xf77b, 0xf77b, 0xf77b, 0xf77b, 0xf79c, 
	0xf79c, 0xf79c, 0xffbc, 0xffbc, 0xf75a, 0xe6f8, 0xe6f8, 0xde96, 0xde96, 0xde96, 0xe6b7, 0xe6b7, 0xe6b7, 0xdeb6, 0xde96, 0xde96, 
	0xd676, 0xde76, 0xde76, 0xde76, 0xd635, 0xd615, 0xd615, 0xd635, 0xd634, 0xd634, 0xce14, 0xd613, 0xd613, 0xd614, 0xce13, 0xce13, 
	0xd614, 0xd5f3, 0xd5f3, 0xcdd3, 0xcdb3, 0xcdb3, 0xc592, 0xcdb3, 0xcdb3, 0xcdb3, 0xc572, 0xbd52, 0xbd52, 0xc572, 0xbd52, 0xbd52, 
	0xc572, 0xc572, 0xc572, 0xbd72, 0xbd72, 0xbd72, 0xbd52, 0xbd52, 0xbd52, 0xbd31, 0xbd52, 0xbd52, 0xc572, 0xc5b3, 0xc5b3, 0xc5d3, 
	0xc5d4, 0xc5d4, 0xc5d4, 0xce16, 0xce16, 0xce37, 0xce37, 0xce57, 0xce57, 0xce36, 0xce16, 0xce16, 0xce36, 0xce16, 0xce16, 0xc5f5, 
	0xc5b4, 0xc5b4, 0xc5b3, 0xc5b4, 0xc5b4, 0xc5b4, 0xcdd4, 0xcdd4, 0xc593, 0xbd92, 0xbd92, 0xc593, 0xc572, 0xc572, 0xc570, 0xc54f, 
	0xbd4e, 0xbd4e, 0xbd0d, 0xbd0c, 0xbd0c, 0xbcec, 0xbccb, 0xbccb, 0xbcab, 0xac2a, 0xac2a, 0xac09, 0xa3a8, 0xa3a8, 0xa3a8, 0xabe9, 
	0xabe9, 0xabca, 0xabea, 0xabea, 0xb42a, 0xb46b, 0xb46b, 0xbc8b, 0xbccb, 0xbccb, 0xbccb, 0xbccc, 0xbcec, 0xbcec, 0xc50d, 0xc52d, 
	0xc52d, 0xcd4e, 0xd590, 0xd590, 0xd5d2, 0xde34, 0xde34, 0xeef9, 0xff7b, 0xff7b, 0xf79b, 0xf79c, 0xf79c, 0xf79c, 0xf79c, 0xf79c, 
	0xf79c, 0xf79c, 0xf79c, 0xf79c, 0xf79c, 0xf79c, 0xf79c, 0xf79c, 0xf79c, 0xf79c, 0xf79b, 0xf77b, 0xf77b, 0xf77b, 0xf77b, 0xf77b, 
	0xf77b, 0xf77b, 0xf77b, 0xf77b, 0xf77b, 0xf77b, 0xf77b, 0xf77b, 0xf77b, 0xf79c, 0xf79b, 0xf79b, 0xf79b, 0xf77b, 0xf77b, 0xf77b, 
	0xe6b7, 0xe6b8, 0xe6b8, 0xe6b8, 0xe6b8, 0xe6b8, 0xe6b8, 0xe6b8, 0xe6b8, 0xe6b8, 0xe6d8, 0xe6d8, 0xe6d8, 0xeed8, 0xeed8, 0xe6d8, 
	0xe6f9, 0xe6f9, 0xeef9, 0xeef9, 0xeef9, 0xeef9, 0xeef9, 0xeef9, 0xeef9, 0xef19, 0xef19, 0xeef9, 0xeef9, 0xeef9, 0xeef9, 0xef19, 
	0xef19, 0xef19, 0xef19, 0xef19, 0xef19, 0xef1a, 0xef3a, 0xef3a, 0xef3a, 0xef3a, 0xef3a, 0xef1a, 0xef3a, 0xef3a, 0xef3a, 0xef5a, 
	0xef5a, 0xf75b, 0xf75b, 0xf75b, 0xf75b, 0xf75b, 0xf75b, 0xf75b, 0xf77b, 0xf77b, 0xf77b, 0xf77b, 0xf77b, 0xf77b, 0xf77b, 0xf79c, 
	0xf79c, 0xf79c, 0xffbc, 0xffbc, 0xf75a, 0xe6f8, 0xe6f8, 0xde96, 0xde96, 0xde96, 0xe6b7, 0xe6b7, 0xe6b7, 0xdeb6, 0xde96, 0xde96, 
	0xd676, 0xde76, 0xde76, 0xde76, 0xd635, 0xd615, 0xd615, 0xd635, 0xd634, 0xd634, 0xce14, 0xd613, 0xd613, 0xd614, 0xce13, 0xce13, 
	0xd614, 0xd5f3, 0xd5f3, 0xcdd3, 0xcdb3, 0xcdb3, 0xc592, 0xcdb3, 0xcdb3, 0xcdb3, 0xc572, 0xbd52, 0xbd52, 0xc572, 0xbd52, 0xbd52, 
	0xc572, 0xc572, 0xc572, 0xbd72, 0xbd72, 0xbd72, 0xbd52, 0xbd52, 0xbd52, 0xbd31, 0xbd52, 0xbd52, 0xc572, 0xc5b3, 0xc5b3, 0xc5d3, 
	0xc5d4, 0xc5d4, 0xc5d4, 0xce16, 0xce16, 0xce37, 0xce37, 0xce57, 0xce57, 0xce36, 0xce16, 0xce16, 0xce36, 0xce16, 0xce16, 0xc5f5, 
	0xc5b4, 0xc5b4, 0xc5b3, 0xc5b4, 0xc5b4, 0xc5b4, 0xcdd4, 0xcdd4, 0xc593, 0xbd92, 0xbd92, 0xc593, 0xc572, 0xc572, 0xc570, 0xc54f, 
	0xbd4e, 0xbd4e, 0xbd0d, 0xbd0c, 0xbd0c, 0xbcec, 0xbccb, 0xbccb, 0xbcab, 0xac2a, 0xac2a, 0xac09, 0xa3a8, 0xa3a8, 0xa3a8, 0xabe9, 
	0xabe9, 0xabca, 0xabea, 0xabea, 0xb42a, 0xb46b, 0xb46b, 0xbc8b, 0xbccb, 0xbccb, 0xbccb, 0xbccc, 0xbcec, 0xbcec, 0xc50d, 0xc52d, 
	0xc52d, 0xcd4e, 0xd590, 0xd590, 0xd5d2, 0xde34, 0xde34, 0xeef9, 0xff7b, 0xff7b, 0xf79b, 0xf79c, 0xf79c, 0xf79c, 0xf79c, 0xf79c, 
	0xf79c, 0xf79c, 0xf79c, 0xf79c, 0xf79c, 0xf79c, 0xf79c, 0xf79c, 0xf79c, 0xf79c, 0xf79b, 0xf77b, 0xf77b, 0xf77b, 0xf77b, 0xf77b, 
	0xf77b, 0xf77b, 0xf77b, 0xf77b, 0xf77b, 0xf77b, 0xf77b, 0xf77b, 0xf77b, 0xf79c, 0xf79b, 0xf79b, 0xf79b, 0xf77b, 0xf77b, 0xf77b, 
	0xe6b8, 0xe6b8, 0xe6b8, 0xe6b8, 0xe6b8, 0xe6b8, 0xe6b8, 0xe6b8, 0xe6b8, 0xe6b8, 0xe6b8, 0xe6b8, 0xe6b8, 0xe6d8, 0xe6d8, 0xe6d8, 
	0xe6d8, 0xe6d8, 0xe6d8, 0xe6f9, 0xe6f9, 0xe6f9, 0xe6f9, 0xe6f9, 0xe6f9, 0xeef9, 0xeef9, 0xeef9, 0xeef9, 0xeef9, 0xeef9, 0xeef9, 
	0xeef9, 0xeef9, 0xef19, 0xef19, 0xef19, 0xef1a, 0xef1a, 0xef1a, 0xef1a, 0xef1a, 0xef1a, 0xef1a, 0xef1a, 0xef1a, 0xef3a, 0xf73a, 
	0xf73a, 0xf75a, 0xf73a, 0xf73a, 0xf73a, 0xf73a, 0xf75b, 0xf75b, 0xf75b, 0xf75b, 0xf75b, 0xf77b, 0xf77b, 0xf77b, 0xf77b, 0xf77b, 
	0xf77b, 0xf77b, 0xf79b, 0xf79b, 0xf75a, 0xeef8, 0xeef8, 0xe696, 0xde55, 0xde55, 0xe676, 0xde96, 0xde96, 0xde96, 0xde76, 0xde76, 
	0xde76, 0xde76, 0xde56, 0xde56, 0xd635, 0xd615, 0xd615, 0xd635, 0xd614, 0xd614, 0xcdd3, 0xd5f3, 0xd5f3, 0xd614, 0xd614, 0xd614, 
	0xd614, 0xd613, 0xd613, 0xcdd3, 0xcdb3, 0xcdb3, 0xbd51, 0xc592, 0xc592, 0xcdb2, 0xc592, 0xc572, 0xc572, 0xbd31, 0xc571, 0xc571, 
	0xc572, 0xc572, 0xc572, 0xc572, 0xbd51, 0xbd51, 0xc572, 0xc572, 0xc572, 0xc572, 0xc572, 0xc572, 0xc572, 0xbd72, 0xbd72, 0xc5d4, 
	0xd636, 0xd636, 0xce36, 0xc5d5, 0xc5d5, 0xce36, 0xce57, 0xd698, 0xd698, 0xde78, 0xd657, 0xd657, 0xce16, 0xcdf6, 0xcdf6, 0xcdf6, 
	0xcdf5, 0xcdf5, 0xcdf4, 0xc5b3, 0xc5b3, 0xc593, 0xc5b3, 0xc5b3, 0xc592, 0xbd92, 0xbd92, 0xc572, 0xc572, 0xc572, 0xc570, 0xc56f, 
	0xbd4e, 0xbd4e, 0xbd0d, 0xb4cc, 0xb4cc, 0xb4ab, 0xb4ab, 0xb4ab, 0xb46a, 0xac0a, 0xac0a, 0xa3e9, 0xa3c9, 0xa3c9, 0xa3c9, 0xa3a9, 
	0xa3a9, 0xa3c9, 0xabe9, 0xabe9, 0xac2a, 0xb46b, 0xb46b, 0xb48b, 0xb4ab, 0xb4ab, 0xb4ac, 0xbccc, 0xbccc, 0xbccc, 0xc52d, 0xc54e, 
	0xc54e, 0xcd8f, 0xcdb0, 0xcdb0, 0xd5d2, 0xde55, 0xde55, 0xeed8, 0xf75a, 0xf75a, 0xf79b, 0xf79c, 0xf79c, 0xf79b, 0xf79c, 0xf79c, 
	0xf79c, 0xf79c, 0xf79c, 0xf79c, 0xf79c, 0xf79c, 0xf79c, 0xf79c, 0xf79c, 0xf79c, 0xf79b, 0xf77b, 0xf77b, 0xf77b, 0xf77b, 0xf77b, 
	0xf77b, 0xf77b, 0xf77b, 0xf77b, 0xf77b, 0xf77b, 0xf77b, 0xf77b, 0xf77b, 0xf77b, 0xf79b, 0xf79b, 0xf79c, 0xf77b, 0xf77b, 0xf77b, 
	0xe6b7, 0xe6b7, 0xe6b7, 0xe6b7, 0xe6b7, 0xe6b7, 0xe6b7, 0xe6b8, 0xe6b8, 0xe6b8, 0xe6b8, 0xe6b8, 0xe6b8, 0xe6b8, 0xe6b8, 0xe6b8, 
	0xe6b8, 0xe6b8, 0xe6d8, 0xe6d8, 0xe6d8, 0xe6d8, 0xe6d8, 0xe6d8, 0xe6d8, 0xe6d8, 0xe6d8, 0xe6d8, 0xeef9, 0xeef9, 0xeef9, 0xeef9, 
	0xeef9, 0xeef9, 0xeef9, 0xeef9, 0xeef9, 0xef19, 0xef1a, 0xef1a, 0xef1a, 0xef1a, 0xef1a, 0xef1a, 0xef19, 0xef19, 0xef19, 0xf719, 
	0xf719, 0xf73a, 0xf73a, 0xf73a, 0xf73a, 0xf73a, 0xf75a, 0xf75a, 0xf75a, 0xf75a, 0xf75a, 0xf75b, 0xf75b, 0xf75b, 0xf77b, 0xf75b, 
	0xf75b, 0xf77b, 0xf77b, 0xf77b, 0xf739, 0xeef8, 0xeef8, 0xe696, 0xde34, 0xde34, 0xde55, 0xde95, 0xde95, 0xde75, 0xde56, 0xde56, 
	0xde76, 0xde76, 0xde76, 0xde76, 0xd635, 0xd615, 0xd615, 0xd615, 0xd5f4, 0xd5f4, 0xcdd3, 0xcdd3, 0xcdd3, 0xcdf3, 0xd614, 0xd614, 
	0xd614, 0xd5f3, 0xd5f3, 0xcdd3, 0xcdb2, 0xcdb2, 0xc571, 0xbd71, 0xbd71, 0xc592, 0xcdb2, 0xc592, 0xc592, 0xbd51, 0xbd51, 0xbd51, 
	0xc571, 0xc592, 0xc592, 0xc572, 0xbd51, 0xbd51, 0xbd71, 0xc571, 0xc571, 0xc572, 0xc572, 0xc572, 0xc592, 0xcdd3, 0xcdd3, 0xc5d4, 
	0xd616, 0xd616, 0xd677, 0xd657, 0xd657, 0xce56, 0xce36, 0xc616, 0xc616, 0xce17, 0xce17, 0xce17, 0xd637, 0xce16, 0xce16, 0xce16, 
	0xcdd5, 0xcdd5, 0xbd93, 0xbd92, 0xbd92, 0xc5b2, 0xc5b3, 0xc5b3, 0xc5b2, 0xc592, 0xc592, 0xc592, 0xcd92, 0xcd92, 0xcd91, 0xc590, 
	0xc54e, 0xc54e, 0xb50c, 0xbced, 0xbced, 0xbccb, 0xb44a, 0xb44a, 0xb44a, 0xb44b, 0xb44b, 0xac09, 0xa3c9, 0xa3c9, 0xa3c9, 0xa3a9, 
	0xa3a9, 0xa3e9, 0xac09, 0xac09, 0xac2a, 0xb46b, 0xb46b, 0xbcac, 0xbccc, 0xbccc, 0xbced, 0xbced, 0xbd0d, 0xbd0d, 0xc54e, 0xcd8f, 
	0xcd8f, 0xcd70, 0xcd91, 0xcd91, 0xde13, 0xe675, 0xe675, 0xeed8, 0xf77a, 0xf77a, 0xf79b, 0xf79c, 0xf79c, 0xf79b, 0xf79b, 0xf79b, 
	0xf79b, 0xf79b, 0xf79b, 0xf79c, 0xf79c, 0xf79c, 0xf79c, 0xf79b, 0xf79b, 0xf79b, 0xf79b, 0xf77b, 0xf77b, 0xf77b, 0xf77b, 0xf77b, 
	0xf77b, 0xf77b, 0xf77b, 0xf77b, 0xf77b, 0xf77b, 0xf77b, 0xf77b, 0xf77b, 0xf77b, 0xf77b, 0xf77b, 0xf79c, 0xf79b, 0xf79b, 0xf77b, 
	0xe6b7, 0xe6b7, 0xe6b7, 0xe6b7, 0xe6b7, 0xe6b7, 0xe6b7, 0xe6b8, 0xe6b8, 0xe6b8, 0xe6b8, 0xe6b8, 0xe6b8, 0xe6b8, 0xe6b8, 0xe6b8, 
	0xe6b8, 0xe6b8, 0xe6d8, 0xe6d8, 0xe6d8, 0xe6d8, 0xe6d8, 0xe6d8, 0xe6d8, 0xe6d8, 0xe6d8, 0xe6d8, 0xeef9, 0xeef9, 0xeef9, 0xeef9, 
	0xeef9, 0xeef9, 0xeef9, 0xeef9, 0xeef9, 0xef19, 0xef1a, 0xef1a, 0xef1a, 0xef1a, 0xef1a, 0xef1a, 0xef19, 0xef19, 0xef19, 0xf719, 
	0xf719, 0xf73a, 0xf73a, 0xf73a, 0xf73a, 0xf73a, 0xf75a, 0xf75a, 0xf75a, 0xf75a, 0xf75a, 0xf75b, 0xf75b, 0xf75b, 0xf77b, 0xf75b, 
	0xf75b, 0xf77b, 0xf77b, 0xf77b, 0xf739, 0xeef8, 0xeef8, 0xe696, 0xde34, 0xde34, 0xde55, 0xde95, 0xde95, 0xde75, 0xde56, 0xde56, 
	0xde76, 0xde76, 0xde76, 0xde76, 0xd635, 0xd615, 0xd615, 0xd615, 0xd5f4, 0xd5f4, 0xcdd3, 0xcdd3, 0xcdd3, 0xcdf3, 0xd614, 0xd614, 
	0xd614, 0xd5f3, 0xd5f3, 0xcdd3, 0xcdb2, 0xcdb2, 0xc571, 0xbd71, 0xbd71, 0xc592, 0xcdb2, 0xc592, 0xc592, 0xbd51, 0xbd51, 0xbd51, 
	0xc571, 0xc592, 0xc592, 0xc572, 0xbd51, 0xbd51, 0xbd71, 0xc571, 0xc571, 0xc572, 0xc572, 0xc572, 0xc592, 0xcdd3, 0xcdd3, 0xc5d4, 
	0xd616, 0xd616, 0xd677, 0xd657, 0xd657, 0xce56, 0xce36, 0xc616, 0xc616, 0xce17, 0xce17, 0xce17, 0xd637, 0xce16, 0xce16, 0xce16, 
	0xcdd5, 0xcdd5, 0xbd93, 0xbd92, 0xbd92, 0xc5b2, 0xc5b3, 0xc5b3, 0xc5b2, 0xc592, 0xc592, 0xc592, 0xcd92, 0xcd92, 0xcd91, 0xc590, 
	0xc54e, 0xc54e, 0xb50c, 0xbced, 0xbced, 0xbccb, 0xb44a, 0xb44a, 0xb44a, 0xb44b, 0xb44b, 0xac09, 0xa3c9, 0xa3c9, 0xa3c9, 0xa3a9, 
	0xa3a9, 0xa3e9, 0xac09, 0xac09, 0xac2a, 0xb46b, 0xb46b, 0xbcac, 0xbccc, 0xbccc, 0xbced, 0xbced, 0xbd0d, 0xbd0d, 0xc54e, 0xcd8f, 
	0xcd8f, 0xcd70, 0xcd91, 0xcd91, 0xde13, 0xe675, 0xe675, 0xeed8, 0xf77a, 0xf77a, 0xf79b, 0xf79c, 0xf79c, 0xf79b, 0xf79b, 0xf79b, 
	0xf79b, 0xf79b, 0xf79b, 0xf79c, 0xf79c, 0xf79c, 0xf79c, 0xf79b, 0xf79b, 0xf79b, 0xf79b, 0xf77b, 0xf77b, 0xf77b, 0xf77b, 0xf77b, 
	0xf77b, 0xf77b, 0xf77b, 0xf77b, 0xf77b, 0xf77b, 0xf77b, 0xf77b, 0xf77b, 0xf77b, 0xf77b, 0xf77b, 0xf79c, 0xf79b, 0xf79b, 0xf77b, 
	0xde97, 0xde97, 0xde97, 0xde97, 0xde97, 0xde97, 0xde97, 0xe697, 0xe697, 0xe697, 0xe6b8, 0xe6b8, 0xe6b8, 0xe6b8, 0xe6b8, 0xe6b8, 
	0xe6b8, 0xe6b8, 0xe6b8, 0xe6b8, 0xe6b8, 0xe6d8, 0xe6d8, 0xe6d8, 0xe6d8, 0xe6d8, 0xe6d8, 0xe6d8, 0xe6d8, 0xeef9, 0xeef9, 0xeef9, 
	0xeef9, 0xeef9, 0xeef9, 0xeef9, 0xeef9, 0xeef9, 0xeef9, 0xeef9, 0xeef9, 0xef19, 0xef19, 0xef19, 0xef19, 0xef19, 0xef19, 0xef19, 
	0xef19, 0xef19, 0xf73a, 0xf73a, 0xf73a, 0xf73a, 0xf73a, 0xf73a, 0xef5a, 0xf75a, 0xf75a, 0xf75a, 0xf75b, 0xf75b, 0xf75b, 0xf75b, 
	0xf75b, 0xf75b, 0xef3a, 0xef3a, 0xef19, 0xeed7, 0xeed7, 0xe696, 0xde54, 0xde54, 0xde34, 0xde74, 0xde74, 0xd655, 0xd655, 0xd655, 
	0xde56, 0xde76, 0xde76, 0xde76, 0xd635, 0xd635, 0xd635, 0xd615, 0xd5f4, 0xd5f4, 0xcdf3, 0xcdf3, 0xcdf3, 0xcdd3, 0xd5f3, 0xd5f3, 
	0xd5f3, 0xcdd3, 0xcdd3, 0xcdd3, 0xcdb2, 0xcdb2, 0xc592, 0xbd51, 0xbd51, 0xc592, 0xc592, 0xc592, 0xc592, 0xc592, 0xbd71, 0xbd71, 
	0xbd51, 0xbd71, 0xbd71, 0xc571, 0xbd51, 0xbd51, 0xbd51, 0xbd71, 0xbd71, 0xbd71, 0xbd72, 0xbd72, 0xc572, 0xc5b3, 0xc5b3, 0xcdf5, 
	0xd616, 0xd616, 0xce56, 0xd677, 0xd677, 0xd677, 0xce56, 0xce36, 0xce36, 0xce16, 0xcdd5, 0xcdd5, 0xcdd5, 0xd616, 0xd616, 0xd616, 
	0xc5d4, 0xc5d4, 0xc5b4, 0xc5b3, 0xc5b3, 0xc5d3, 0xc5d3, 0xc5d3, 0xbd92, 0xbd71, 0xbd71, 0xbd51, 0xc572, 0xc572, 0xcd91, 0xc56f, 
	0xbd4e, 0xbd4e, 0xbd2d, 0xbd0d, 0xbd0d, 0xbd0c, 0xbccc, 0xbccc, 0xbcab, 0xb44a, 0xb44a, 0xac09, 0xabe9, 0xabe9, 0xb409, 0xb42a, 
	0xb42a, 0xb44a, 0xb44a, 0xb44a, 0xb46a, 0xbccc, 0xbccc, 0xc50d, 0xc52d, 0xc52d, 0xc50d, 0xc50d, 0xc54f, 0xc54f, 0xcd6f, 0xcd90, 
	0xcd90, 0xcdb1, 0xd5b2, 0xd5b2, 0xd5f3, 0xde55, 0xde55, 0xeef8, 0xf75a, 0xf75a, 0xf77b, 0xef9b, 0xef9b, 0xf77b, 0xf77b, 0xf77b, 
	0xf77b, 0xf77b, 0xf77b, 0xf77b, 0xf79b, 0xf77b, 0xf77b, 0xf77b, 0xf77b, 0xf77b, 0xf77b, 0xf77b, 0xf77b, 0xf77b, 0xf77b, 0xf77b, 
	0xf77b, 0xf77b, 0xf77b, 0xf77b, 0xf77b, 0xf77b, 0xf77b, 0xf77b, 0xf77b, 0xf77b, 0xf77b, 0xf77b, 0xf77b, 0xf77b, 0xf77b, 0xf77b, 
	0xde97, 0xde97, 0xde97, 0xde97, 0xde97, 0xde97, 0xde97, 0xe697, 0xe697, 0xe697, 0xe6b8, 0xe6b8, 0xe6b8, 0xe6b8, 0xe6b8, 0xe6b8, 
	0xe6b8, 0xe6b8, 0xe6b8, 0xe6b8, 0xe6b8, 0xe6d8, 0xe6d8, 0xe6d8, 0xe6d8, 0xe6d8, 0xe6d8, 0xe6d8, 0xe6d8, 0xeef9, 0xeef9, 0xeef9, 
	0xeef9, 0xeef9, 0xeef9, 0xeef9, 0xeef9, 0xeef9, 0xeef9, 0xeef9, 0xeef9, 0xef19, 0xef19, 0xef19, 0xef19, 0xef19, 0xef19, 0xef19, 
	0xef19, 0xef19, 0xf73a, 0xf73a, 0xf73a, 0xf73a, 0xf73a, 0xf73a, 0xef5a, 0xf75a, 0xf75a, 0xf75a, 0xf75b, 0xf75b, 0xf75b, 0xf75b, 
	0xf75b, 0xf75b, 0xef3a, 0xef3a, 0xef19, 0xeed7, 0xeed7, 0xe696, 0xde54, 0xde54, 0xde34, 0xde74, 0xde74, 0xd655, 0xd655, 0xd655, 
	0xde56, 0xde76, 0xde76, 0xde76, 0xd635, 0xd635, 0xd635, 0xd615, 0xd5f4, 0xd5f4, 0xcdf3, 0xcdf3, 0xcdf3, 0xcdd3, 0xd5f3, 0xd5f3, 
	0xd5f3, 0xcdd3, 0xcdd3, 0xcdd3, 0xcdb2, 0xcdb2, 0xc592, 0xbd51, 0xbd51, 0xc592, 0xc592, 0xc592, 0xc592, 0xc592, 0xbd71, 0xbd71, 
	0xbd51, 0xbd71, 0xbd71, 0xc571, 0xbd51, 0xbd51, 0xbd51, 0xbd71, 0xbd71, 0xbd71, 0xbd72, 0xbd72, 0xc572, 0xc5b3, 0xc5b3, 0xcdf5, 
	0xd616, 0xd616, 0xce56, 0xd677, 0xd677, 0xd677, 0xce56, 0xce36, 0xce36, 0xce16, 0xcdd5, 0xcdd5, 0xcdd5, 0xd616, 0xd616, 0xd616, 
	0xc5d4, 0xc5d4, 0xc5b4, 0xc5b3, 0xc5b3, 0xc5d3, 0xc5d3, 0xc5d3, 0xbd92, 0xbd71, 0xbd71, 0xbd51, 0xc572, 0xc572, 0xcd91, 0xc56f, 
	0xbd4e, 0xbd4e, 0xbd2d, 0xbd0d, 0xbd0d, 0xbd0c, 0xbccc, 0xbccc, 0xbcab, 0xb44a, 0xb44a, 0xac09, 0xabe9, 0xabe9, 0xb409, 0xb42a, 
	0xb42a, 0xb44a, 0xb44a, 0xb44a, 0xb46a, 0xbccc, 0xbccc, 0xc50d, 0xc52d, 0xc52d, 0xc50d, 0xc50d, 0xc54f, 0xc54f, 0xcd6f, 0xcd90, 
	0xcd90, 0xcdb1, 0xd5b2, 0xd5b2, 0xd5f3, 0xde55, 0xde55, 0xeef8, 0xf75a, 0xf75a, 0xf77b, 0xef9b, 0xef9b, 0xf77b, 0xf77b, 0xf77b, 
	0xf77b, 0xf77b, 0xf77b, 0xf77b, 0xf79b, 0xf77b, 0xf77b, 0xf77b, 0xf77b, 0xf77b, 0xf77b, 0xf77b, 0xf77b, 0xf77b, 0xf77b, 0xf77b, 
	0xf77b, 0xf77b, 0xf77b, 0xf77b, 0xf77b, 0xf77b, 0xf77b, 0xf77b, 0xf77b, 0xf77b, 0xf77b, 0xf77b, 0xf77b, 0xf77b, 0xf77b, 0xf77b, 
	0xde97, 0xde97, 0xde97, 0xde97, 0xde97, 0xde97, 0xde97, 0xde97, 0xde97, 0xde97, 0xe6b7, 0xe6b7, 0xe6b8, 0xe6b8, 0xe6b8, 0xe6b8, 
	0xe6b8, 0xe6b8, 0xe6b8, 0xe6b8, 0xe6b8, 0xe6b8, 0xe6d8, 0xe6d8, 0xe6d8, 0xe6d8, 0xe6d8, 0xe6d8, 0xe6d8, 0xeed8, 0xeed8, 0xeef9, 
	0xeef9, 0xeef9, 0xeef9, 0xeef9, 0xeef9, 0xeef9, 0xeef9, 0xeef9, 0xeef9, 0xeef9, 0xeef9, 0xef19, 0xef19, 0xef19, 0xef19, 0xef19, 
	0xef19, 0xeef9, 0xf719, 0xf719, 0xf719, 0xf719, 0xf739, 0xf739, 0xf73a, 0xf73a, 0xf73a, 0xf73a, 0xf75a, 0xf75a, 0xf75a, 0xf75a, 
	0xf75a, 0xf73a, 0xef39, 0xef39, 0xef19, 0xe6b7, 0xe6b7, 0xde76, 0xde55, 0xde55, 0xde34, 0xde54, 0xde54, 0xd634, 0xd635, 0xd635, 
	0xde56, 0xde56, 0xde56, 0xde56, 0xde36, 0xd635, 0xd635, 0xd614, 0xd614, 0xd614, 0xcdf3, 0xcdf3, 0xcdf3, 0xcdd3, 0xcdd3, 0xcdd3, 
	0xcdf3, 0xcdb3, 0xcdb3, 0xc592, 0xc592, 0xc592, 0xc592, 0xc571, 0xc571, 0xbd71, 0xc571, 0xc592, 0xc592, 0xc592, 0xc571, 0xc571, 
	0xbd71, 0xc571, 0xc571, 0xc571, 0xc571, 0xc571, 0xbd71, 0xbd71, 0xbd71, 0xbd71, 0xbd51, 0xbd51, 0xbd51, 0xcdd4, 0xcdd4, 0xcdf5, 
	0xcdf5, 0xcdf5, 0xce16, 0xd656, 0xd656, 0xd656, 0xd656, 0xce36, 0xce36, 0xcdf5, 0xd616, 0xd616, 0xcdf5, 0xcdd4, 0xcdd4, 0xc5b3, 
	0xc593, 0xc593, 0xcdd4, 0xc5d3, 0xc5d3, 0xcdf4, 0xcdd3, 0xcdd3, 0xbd92, 0xbd72, 0xbd72, 0xbd51, 0xc551, 0xc551, 0xc530, 0xbd2f, 
	0xc54e, 0xc54e, 0xc54e, 0xc52e, 0xc52e, 0xbcec, 0xbcab, 0xbcab, 0xb46a, 0xac29, 0xac29, 0xac29, 0xac29, 0xac29, 0xb42a, 0xb409, 
	0xb409, 0xb449, 0xb48a, 0xb48a, 0xc4ec, 0xcd2e, 0xcd2e, 0xc52d, 0xbd0d, 0xbd0d, 0xbd0d, 0xc52e, 0xcd70, 0xcd70, 0xcd70, 0xcdb1, 
	0xcdb1, 0xd5d2, 0xd5d3, 0xd5d3, 0xd613, 0xde96, 0xde96, 0xef19, 0xf77b, 0xf77b, 0xf77b, 0xf77b, 0xf77b, 0xf77b, 0xf77b, 0xf77b, 
	0xf77b, 0xf77b, 0xf77b, 0xf77b, 0xf77b, 0xf77b, 0xf77b, 0xf77b, 0xf77b, 0xf77b, 0xf77b, 0xf77b, 0xf77b, 0xf77b, 0xf77b, 0xf77b, 
	0xf77b, 0xf77b, 0xf77b, 0xf77b, 0xf77b, 0xf77b, 0xef5b, 0xef5b, 0xef5b, 0xf77b, 0xf77b, 0xf77b, 0xf77b, 0xef5b, 0xef5b, 0xef5b, 
	0xde97, 0xde97, 0xde97, 0xde97, 0xde97, 0xde97, 0xde97, 0xde97, 0xde97, 0xde97, 0xe6b7, 0xe6b7, 0xe6b8, 0xe6b8, 0xe6b8, 0xe6b8, 
	0xe6b8, 0xe6b8, 0xe6b8, 0xe6b8, 0xe6b8, 0xe6b8, 0xe6d8, 0xe6d8, 0xe6d8, 0xe6d8, 0xe6d8, 0xe6d8, 0xe6d8, 0xeed8, 0xeed8, 0xeef9, 
	0xeef9, 0xeef9, 0xeef9, 0xeef9, 0xeef9, 0xeef9, 0xeef9, 0xeef9, 0xeef9, 0xeef9, 0xeef9, 0xef19, 0xef19, 0xef19, 0xef19, 0xef19, 
	0xef19, 0xeef9, 0xf719, 0xf719, 0xf719, 0xf719, 0xf739, 0xf739, 0xf73a, 0xf73a, 0xf73a, 0xf73a, 0xf75a, 0xf75a, 0xf75a, 0xf75a, 
	0xf75a, 0xf73a, 0xef39, 0xef39, 0xef19, 0xe6b7, 0xe6b7, 0xde76, 0xde55, 0xde55, 0xde34, 0xde54, 0xde54, 0xd634, 0xd635, 0xd635, 
	0xde56, 0xde56, 0xde56, 0xde56, 0xde36, 0xd635, 0xd635, 0xd614, 0xd614, 0xd614, 0xcdf3, 0xcdf3, 0xcdf3, 0xcdd3, 0xcdd3, 0xcdd3, 
	0xcdf3, 0xcdb3, 0xcdb3, 0xc592, 0xc592, 0xc592, 0xc592, 0xc571, 0xc571, 0xbd71, 0xc571, 0xc592, 0xc592, 0xc592, 0xc571, 0xc571, 
	0xbd71, 0xc571, 0xc571, 0xc571, 0xc571, 0xc571, 0xbd71, 0xbd71, 0xbd71, 0xbd71, 0xbd51, 0xbd51, 0xbd51, 0xcdd4, 0xcdd4, 0xcdf5, 
	0xcdf5, 0xcdf5, 0xce16, 0xd656, 0xd656, 0xd656, 0xd656, 0xce36, 0xce36, 0xcdf5, 0xd616, 0xd616, 0xcdf5, 0xcdd4, 0xcdd4, 0xc5b3, 
	0xc593, 0xc593, 0xcdd4, 0xc5d3, 0xc5d3, 0xcdf4, 0xcdd3, 0xcdd3, 0xbd92, 0xbd72, 0xbd72, 0xbd51, 0xc551, 0xc551, 0xc530, 0xbd2f, 
	0xc54e, 0xc54e, 0xc54e, 0xc52e, 0xc52e, 0xbcec, 0xbcab, 0xbcab, 0xb46a, 0xac29, 0xac29, 0xac29, 0xac29, 0xac29, 0xb42a, 0xb409, 
	0xb409, 0xb449, 0xb48a, 0xb48a, 0xc4ec, 0xcd2e, 0xcd2e, 0xc52d, 0xbd0d, 0xbd0d, 0xbd0d, 0xc52e, 0xcd70, 0xcd70, 0xcd70, 0xcdb1, 
	0xcdb1, 0xd5d2, 0xd5d3, 0xd5d3, 0xd613, 0xde96, 0xde96, 0xef19, 0xf77b, 0xf77b, 0xf77b, 0xf77b, 0xf77b, 0xf77b, 0xf77b, 0xf77b, 
	0xf77b, 0xf77b, 0xf77b, 0xf77b, 0xf77b, 0xf77b, 0xf77b, 0xf77b, 0xf77b, 0xf77b, 0xf77b, 0xf77b, 0xf77b, 0xf77b, 0xf77b, 0xf77b, 
	0xf77b, 0xf77b, 0xf77b, 0xf77b, 0xf77b, 0xf77b, 0xef5b, 0xef5b, 0xef5b, 0xf77b, 0xf77b, 0xf77b, 0xf77b, 0xef5b, 0xef5b, 0xef5b, 
	0xde76, 0xde77, 0xde77, 0xde97, 0xde97, 0xde97, 0xde97, 0xde97, 0xde97, 0xde97, 0xe697, 0xe697, 0xe6b7, 0xe6b8, 0xe6b8, 0xe6b8, 
	0xe6b8, 0xe6b8, 0xe6b8, 0xe6b8, 0xe6b8, 0xe6b8, 0xe6b8, 0xe6b8, 0xe6b8, 0xe6b8, 0xe6b8, 0xe6d8, 0xe6d8, 0xe6d8, 0xe6d8, 0xe6d8, 
	0xe6d8, 0xe6d8, 0xeed8, 0xeef9, 0xeef9, 0xeef9, 0xeef9, 0xeef9, 0xeef9, 0xeef9, 0xeef9, 0xeef9, 0xeef9, 0xeef9, 0xeef9, 0xeef9, 
	0xeef9, 0xeef9, 0xeef9, 0xeef9, 0xef19, 0xef19, 0xef19, 0xef19, 0xf719, 0xf719, 0xf719, 0xf73a, 0xf73a, 0xf73a, 0xf73a, 0xf75a, 
	0xf75a, 0xf73a, 0xf739, 0xf739, 0xef19, 0xe6b7, 0xe6b7, 0xde76, 0xde55, 0xde55, 0xde34, 0xde34, 0xde34, 0xd634, 0xd634, 0xd634, 
	0xd634, 0xde35, 0xde55, 0xde55, 0xde35, 0xd635, 0xd635, 0xd614, 0xd614, 0xd614, 0xce13, 0xcdf3, 0xcdf3, 0xcdf3, 0xcdd3, 0xcdd3, 
	0xcdd3, 0xcdb2, 0xcdb2, 0xc592, 0xc592, 0xc592, 0xc592, 0xc591, 0xc591, 0xbd71, 0xbd71, 0xc571, 0xc571, 0xc591, 0xc591, 0xc591, 
	0xbd70, 0xc571, 0xc571, 0xc571, 0xc571, 0xc571, 0xc571, 0xbd51, 0xbd51, 0xbd51, 0xbd50, 0xbd50, 0xbd50, 0xc5b3, 0xc5b3, 0xcdf5, 
	0xce15, 0xce15, 0xcdf5, 0xcdf5, 0xcdf5, 0xd635, 0xd615, 0xcdf5, 0xcdf5, 0xcdd4, 0xcdd4, 0xcdd4, 0xcdf4, 0xc5b3, 0xc5b3, 0xbd72, 
	0xbd72, 0xbd72, 0xc5d3, 0xcdf4, 0xcdf4, 0xcdf4, 0xc5d3, 0xc5d3, 0xc593, 0xbd92, 0xbd92, 0xc592, 0xc571, 0xc571, 0xc530, 0xc52f, 
	0xc54e, 0xc54e, 0xc54e, 0xc52d, 0xc52d, 0xbccc, 0xb4ab, 0xb4ab, 0xb46a, 0xb46a, 0xb46a, 0xb46a, 0xb44a, 0xb44a, 0xb44a, 0xb44a, 
	0xb44a, 0xac6a, 0xbcec, 0xbcec, 0xcd4e, 0xc52e, 0xc52e, 0xc52e, 0xbd4e, 0xbd4e, 0xc54f, 0xcd90, 0xcd91, 0xcd91, 0xcdb1, 0xd5d2, 
	0xd5d2, 0xd5f3, 0xd5d3, 0xd5d3, 0xd614, 0xe6b6, 0xe6b6, 0xef19, 0xf77b, 0xf77b, 0xf77b, 0xf77b, 0xf77b, 0xf77b, 0xf77b, 0xf77b, 
	0xf77b, 0xf77b, 0xf77b, 0xf77b, 0xf77b, 0xf77b, 0xf77b, 0xf77b, 0xf77b, 0xf77b, 0xf77b, 0xf77b, 0xf77b, 0xf77b, 0xf77b, 0xf77b, 
	0xef5b, 0xef5b, 0xef5b, 0xef5b, 0xef5b, 0xef5b, 0xef5b, 0xef5b, 0xef5b, 0xf77b, 0xf77b, 0xf77b, 0xf77b, 0xf77b, 0xf77b, 0xef5b, 
	0xde76, 0xde76, 0xde76, 0xde76, 0xde76, 0xde76, 0xde76, 0xde76, 0xde76, 0xde97, 0xde97, 0xde97, 0xe697, 0xe6b8, 0xe6b8, 0xe6b8, 
	0xe6b8, 0xe6b8, 0xe6b8, 0xe6b8, 0xe6b8, 0xe6b8, 0xe6b8, 0xe6b8, 0xe6b8, 0xe6b8, 0xe6b8, 0xe6b8, 0xe6b8, 0xe6b8, 0xe6b8, 0xe6b8, 
	0xe6d8, 0xe6d8, 0xe6d8, 0xeef9, 0xeef9, 0xeef9, 0xeef9, 0xeef9, 0xeef9, 0xeef9, 0xeef9, 0xeef9, 0xeef9, 0xeef9, 0xeef9, 0xeef9, 
	0xeef9, 0xeef9, 0xeef9, 0xeef9, 0xeef9, 0xef19, 0xef19, 0xef19, 0xef19, 0xef19, 0xef19, 0xf73a, 0xf73a, 0xf73a, 0xf73a, 0xf73a, 
	0xf73a, 0xf73a, 0xf739, 0xf739, 0xef19, 0xe6b7, 0xe6b7, 0xe696, 0xde75, 0xde75, 0xde54, 0xde34, 0xde34, 0xd634, 0xd613, 0xd613, 
	0xd5f3, 0xd613, 0xd634, 0xd634, 0xde35, 0xde35, 0xde35, 0xd614, 0xd614, 0xd614, 0xd5f3, 0xcdf3, 0xcdf3, 0xcdd3, 0xcdd3, 0xcdd3, 
	0xcdd3, 0xcdb2, 0xcdb2, 0xc592, 0xc592, 0xc592, 0xc592, 0xc591, 0xc591, 0xc571, 0xc571, 0xbd70, 0xbd70, 0xc571, 0xc571, 0xc571, 
	0xbd50, 0xbd50, 0xbd50, 0xc571, 0xc571, 0xc571, 0xbd51, 0xbd50, 0xbd50, 0xbd51, 0xbd71, 0xbd71, 0xbd51, 0xc592, 0xc592, 0xcdd3, 
	0xcdf4, 0xcdf4, 0xcdd4, 0xc5b3, 0xc5b3, 0xcdd4, 0xcdf4, 0xcdf4, 0xcdf4, 0xcdf4, 0xc5d3, 0xc5d3, 0xc592, 0xbd72, 0xbd72, 0xbd72, 
	0xbd52, 0xbd52, 0xc593, 0xc5d3, 0xc5d3, 0xc5b3, 0xc5b3, 0xc5b3, 0xc5b3, 0xc5b3, 0xc5b3, 0xcdd3, 0xcdb2, 0xcdb2, 0xcd92, 0xcd91, 
	0xc54f, 0xc54f, 0xbd0d, 0xbced, 0xbced, 0xbccc, 0xb48a, 0xb48a, 0xb46a, 0xb46a, 0xb46a, 0xb46a, 0xb46a, 0xb46a, 0xac4a, 0xb48b, 
	0xb48b, 0xb4cc, 0xc52e, 0xc52e, 0xcd6f, 0xc56f, 0xc56f, 0xc56f, 0xc570, 0xc570, 0xc5b0, 0xcdd1, 0xcdb2, 0xcdb2, 0xcdd2, 0xd613, 
	0xd613, 0xd613, 0xd613, 0xd613, 0xde54, 0xe6d7, 0xe6d7, 0xef39, 0xef5b, 0xef5b, 0xf77b, 0xf77b, 0xf77b, 0xf77b, 0xf77b, 0xf77b, 
	0xf77b, 0xf77b, 0xf77b, 0xf77b, 0xf77b, 0xf77b, 0xf77b, 0xf77b, 0xf77b, 0xf77b, 0xf77b, 0xf77b, 0xf77b, 0xf77b, 0xf75b, 0xf75b, 
	0xef5b, 0xef5b, 0xef5b, 0xef5b, 0xef5b, 0xef5b, 0xef5b, 0xef5b, 0xef5b, 0xef5b, 0xef5b, 0xef5b, 0xef5b, 0xef5b, 0xef5b, 0xef5b, 
	0xde76, 0xde76, 0xde76, 0xde76, 0xde76, 0xde76, 0xde76, 0xde76, 0xde76, 0xde97, 0xde97, 0xde97, 0xe697, 0xe6b8, 0xe6b8, 0xe6b8, 
	0xe6b8, 0xe6b8, 0xe6b8, 0xe6b8, 0xe6b8, 0xe6b8, 0xe6b8, 0xe6b8, 0xe6b8, 0xe6b8, 0xe6b8, 0xe6b8, 0xe6b8, 0xe6b8, 0xe6b8, 0xe6b8, 
	0xe6d8, 0xe6d8, 0xe6d8, 0xeef9, 0xeef9, 0xeef9, 0xeef9, 0xeef9, 0xeef9, 0xeef9, 0xeef9, 0xeef9, 0xeef9, 0xeef9, 0xeef9, 0xeef9, 
	0xeef9, 0xeef9, 0xeef9, 0xeef9, 0xeef9, 0xef19, 0xef19, 0xef19, 0xef19, 0xef19, 0xef19, 0xf73a, 0xf73a, 0xf73a, 0xf73a, 0xf73a, 
	0xf73a, 0xf73a, 0xf739, 0xf739, 0xef19, 0xe6b7, 0xe6b7, 0xe696, 0xde75, 0xde75, 0xde54, 0xde34, 0xde34, 0xd634, 0xd613, 0xd613, 
	0xd5f3, 0xd613, 0xd634, 0xd634, 0xde35, 0xde35, 0xde35, 0xd614, 0xd614, 0xd614, 0xd5f3, 0xcdf3, 0xcdf3, 0xcdd3, 0xcdd3, 0xcdd3, 
	0xcdd3, 0xcdb2, 0xcdb2, 0xc592, 0xc592, 0xc592, 0xc592, 0xc591, 0xc591, 0xc571, 0xc571, 0xbd70, 0xbd70, 0xc571, 0xc571, 0xc571, 
	0xbd50, 0xbd50, 0xbd50, 0xc571, 0xc571, 0xc571, 0xbd51, 0xbd50, 0xbd50, 0xbd51, 0xbd71, 0xbd71, 0xbd51, 0xc592, 0xc592, 0xcdd3, 
	0xcdf4, 0xcdf4, 0xcdd4, 0xc5b3, 0xc5b3, 0xcdd4, 0xcdf4, 0xcdf4, 0xcdf4, 0xcdf4, 0xc5d3, 0xc5d3, 0xc592, 0xbd72, 0xbd72, 0xbd72, 
	0xbd52, 0xbd52, 0xc593, 0xc5d3, 0xc5d3, 0xc5b3, 0xc5b3, 0xc5b3, 0xc5b3, 0xc5b3, 0xc5b3, 0xcdd3, 0xcdb2, 0xcdb2, 0xcd92, 0xcd91, 
	0xc54f, 0xc54f, 0xbd0d, 0xbced, 0xbced, 0xbccc, 0xb48a, 0xb48a, 0xb46a, 0xb46a, 0xb46a, 0xb46a, 0xb46a, 0xb46a, 0xac4a, 0xb48b, 
	0xb48b, 0xb4cc, 0xc52e, 0xc52e, 0xcd6f, 0xc56f, 0xc56f, 0xc56f, 0xc570, 0xc570, 0xc5b0, 0xcdd1, 0xcdb2, 0xcdb2, 0xcdd2, 0xd613, 
	0xd613, 0xd613, 0xd613, 0xd613, 0xde54, 0xe6d7, 0xe6d7, 0xef39, 0xef5b, 0xef5b, 0xf77b, 0xf77b, 0xf77b, 0xf77b, 0xf77b, 0xf77b, 
	0xf77b, 0xf77b, 0xf77b, 0xf77b, 0xf77b, 0xf77b, 0xf77b, 0xf77b, 0xf77b, 0xf77b, 0xf77b, 0xf77b, 0xf77b, 0xf77b, 0xf75b, 0xf75b, 
	0xef5b, 0xef5b, 0xef5b, 0xef5b, 0xef5b, 0xef5b, 0xef5b, 0xef5b, 0xef5b, 0xef5b, 0xef5b, 0xef5b, 0xef5b, 0xef5b, 0xef5b, 0xef5b, 
	0xde76, 0xde76, 0xde76, 0xde76, 0xde76, 0xde76, 0xde76, 0xde76, 0xde76, 0xde97, 0xde97, 0xde97, 0xde97, 0xde97, 0xde97, 0xe6b7, 
	0xe6b7, 0xe6b7, 0xe6b7, 0xe6b7, 0xe6b7, 0xe6b7, 0xe6b7, 0xe6b7, 0xe6b7, 0xe6b7, 0xe6b7, 0xe6b7, 0xe6b7, 0xe6b7, 0xe6b7, 0xe6b7, 
	0xe6b8, 0xe6b8, 0xe6d8, 0xe6d8, 0xe6d8, 0xeed8, 0xeef9, 0xeef9, 0xeef9, 0xeef9, 0xeef9, 0xeef9, 0xeef9, 0xeef9, 0xeef9, 0xeef9, 
	0xeef9, 0xeef9, 0xeef9, 0xeef9, 0xeef9, 0xeef9, 0xeef9, 0xeef9, 0xeef9, 0xef19, 0xef19, 0xef19, 0xf719, 0xf719, 0xf719, 0xef19, 
	0xef19, 0xf719, 0xf719, 0xf719, 0xeef8, 0xe6b7, 0xe6b7, 0xe696, 0xe676, 0xe676, 0xde55, 0xde34, 0xde34, 0xd633, 0xd613, 0xd613, 
	0xd5f2, 0xd5d2, 0xd5f3, 0xd5f3, 0xd613, 0xd634, 0xd634, 0xd614, 0xd613, 0xd613, 0xd5f3, 0xcdf3, 0xcdf3, 0xcdf3, 0xcdf3, 0xcdf3, 
	0xcdd3, 0xcdd2, 0xcdd2, 0xcdb2, 0xcd92, 0xcd92, 0xc592, 0xc592, 0xc592, 0xc551, 0xc591, 0xbd70, 0xbd70, 0xbd70, 0xbd70, 0xbd70, 
	0xbd50, 0xbd2f, 0xbd2f, 0xc591, 0xc591, 0xc591, 0xbd50, 0xbd50, 0xbd50, 0xbd71, 0xbd50, 0xbd50, 0xbd71, 0xbd71, 0xbd71, 0xc592, 
	0xc5b2, 0xc5b2, 0xc572, 0xc572, 0xc572, 0xc592, 0xcdb2, 0xcdb2, 0xcdb2, 0xc592, 0xc592, 0xc592, 0xc592, 0xbd72, 0xbd72, 0xc5b3, 
	0xcdf4, 0xcdf4, 0xcdf4, 0xcdf4, 0xcdf4, 0xcdf4, 0xcdf4, 0xcdf4, 0xcdd3, 0xc5b3, 0xc5b3, 0xcdb2, 0xcdb2, 0xcdb2, 0xcd91, 0xc570, 
	0xc52e, 0xc52e, 0xbced, 0xb4cc, 0xb4cc, 0xb48b, 0xac6a, 0xac6a, 0xac6a, 0xb46a, 0xb46a, 0xb46a, 0xac4a, 0xac4a, 0xac49, 0xb48b, 
	0xb48b, 0xbd0e, 0xc54f, 0xc54f, 0xc570, 0xc570, 0xc570, 0xc550, 0xc5b1, 0xc5b1, 0xcdd2, 0xcdd2, 0xcdd3, 0xcdd3, 0xd5f4, 0xd614, 
	0xd614, 0xd5f3, 0xd614, 0xd614, 0xde75, 0xe6d7, 0xe6d7, 0xef39, 0xef5b, 0xef5b, 0xf77b, 0xf77b, 0xf77b, 0xf77b, 0xf77b, 0xf77b, 
	0xf77b, 0xf77b, 0xf77b, 0xf77b, 0xf77b, 0xf77b, 0xf77b, 0xef5b, 0xef5b, 0xef5b, 0xef5b, 0xef5b, 0xef5b, 0xf75b, 0xef5b, 0xef5b, 
	0xef5b, 0xef5b, 0xef5b, 0xef5b, 0xef5b, 0xef5b, 0xef5b, 0xef5b, 0xef5b, 0xef5b, 0xef5b, 0xef5b, 0xef5b, 0xef5b, 0xef5b, 0xef5b, 
	0xde76, 0xde76, 0xde76, 0xde76, 0xde76, 0xde76, 0xde76, 0xde76, 0xde76, 0xde97, 0xde97, 0xde97, 0xde97, 0xde97, 0xde97, 0xe6b7, 
	0xe6b7, 0xe6b7, 0xe6b7, 0xe6b7, 0xe6b7, 0xe6b7, 0xe6b7, 0xe6b7, 0xe6b7, 0xe6b7, 0xe6b7, 0xe6b7, 0xe6b7, 0xe6b7, 0xe6b7, 0xe6b7, 
	0xe6b8, 0xe6b8, 0xe6d8, 0xe6d8, 0xe6d8, 0xeed8, 0xeef9, 0xeef9, 0xeef9, 0xeef9, 0xeef9, 0xeef9, 0xeef9, 0xeef9, 0xeef9, 0xeef9, 
	0xeef9, 0xeef9, 0xeef9, 0xeef9, 0xeef9, 0xeef9, 0xeef9, 0xeef9, 0xeef9, 0xef19, 0xef19, 0xef19, 0xf719, 0xf719, 0xf719, 0xef19, 
	0xef19, 0xf719, 0xf719, 0xf719, 0xeef8, 0xe6b7, 0xe6b7, 0xe696, 0xe676, 0xe676, 0xde55, 0xde34, 0xde34, 0xd633, 0xd613, 0xd613, 
	0xd5f2, 0xd5d2, 0xd5f3, 0xd5f3, 0xd613, 0xd634, 0xd634, 0xd614, 0xd613, 0xd613, 0xd5f3, 0xcdf3, 0xcdf3, 0xcdf3, 0xcdf3, 0xcdf3, 
	0xcdd3, 0xcdd2, 0xcdd2, 0xcdb2, 0xcd92, 0xcd92, 0xc592, 0xc592, 0xc592, 0xc551, 0xc591, 0xbd70, 0xbd70, 0xbd70, 0xbd70, 0xbd70, 
	0xbd50, 0xbd2f, 0xbd2f, 0xc591, 0xc591, 0xc591, 0xbd50, 0xbd50, 0xbd50, 0xbd71, 0xbd50, 0xbd50, 0xbd71, 0xbd71, 0xbd71, 0xc592, 
	0xc5b2, 0xc5b2, 0xc572, 0xc572, 0xc572, 0xc592, 0xcdb2, 0xcdb2, 0xcdb2, 0xc592, 0xc592, 0xc592, 0xc592, 0xbd72, 0xbd72, 0xc5b3, 
	0xcdf4, 0xcdf4, 0xcdf4, 0xcdf4, 0xcdf4, 0xcdf4, 0xcdf4, 0xcdf4, 0xcdd3, 0xc5b3, 0xc5b3, 0xcdb2, 0xcdb2, 0xcdb2, 0xcd91, 0xc570, 
	0xc52e, 0xc52e, 0xbced, 0xb4cc, 0xb4cc, 0xb48b, 0xac6a, 0xac6a, 0xac6a, 0xb46a, 0xb46a, 0xb46a, 0xac4a, 0xac4a, 0xac49, 0xb48b, 
	0xb48b, 0xbd0e, 0xc54f, 0xc54f, 0xc570, 0xc570, 0xc570, 0xc550, 0xc5b1, 0xc5b1, 0xcdd2, 0xcdd2, 0xcdd3, 0xcdd3, 0xd5f4, 0xd614, 
	0xd614, 0xd5f3, 0xd614, 0xd614, 0xde75, 0xe6d7, 0xe6d7, 0xef39, 0xef5b, 0xef5b, 0xf77b, 0xf77b, 0xf77b, 0xf77b, 0xf77b, 0xf77b, 
	0xf77b, 0xf77b, 0xf77b, 0xf77b, 0xf77b, 0xf77b, 0xf77b, 0xef5b, 0xef5b, 0xef5b, 0xef5b, 0xef5b, 0xef5b, 0xf75b, 0xef5b, 0xef5b, 
	0xef5b, 0xef5b, 0xef5b, 0xef5b, 0xef5b, 0xef5b, 0xef5b, 0xef5b, 0xef5b, 0xef5b, 0xef5b, 0xef5b, 0xef5b, 0xef5b, 0xef5b, 0xef5b, 
	0xde76, 0xde76, 0xde76, 0xde76, 0xde76, 0xde76, 0xde76, 0xde76, 0xde76, 0xde96, 0xde96, 0xde96, 0xde96, 0xde96, 0xde96, 0xde96, 
	0xde97, 0xde97, 0xe6b7, 0xe6b7, 0xe6b7, 0xe6b7, 0xe6b7, 0xe6b7, 0xe6b7, 0xe6b7, 0xe6b7, 0xe6b7, 0xe6b7, 0xe6b7, 0xe6b7, 0xe6b7, 
	0xe6b8, 0xe6b8, 0xe6d8, 0xe6d8, 0xe6d8, 0xe6d8, 0xe6d8, 0xe6d8, 0xeed8, 0xeef9, 0xeef9, 0xeef9, 0xeef9, 0xeef9, 0xeef9, 0xeef9, 
	0xeef9, 0xeef9, 0xeef9, 0xeef9, 0xeef9, 0xeef9, 0xeef9, 0xeef9, 0xeef9, 0xef19, 0xef19, 0xef19, 0xef19, 0xef19, 0xef19, 0xef19, 
	0xef19, 0xef19, 0xef19, 0xef19, 0xeef8, 0xe6b7, 0xe6b7, 0xe696, 0xe676, 0xe676, 0xde55, 0xde54, 0xde54, 0xde54, 0xde13, 0xde13, 
	0xd5f3, 0xd5d2, 0xcdd2, 0xcdd2, 0xcdf2, 0xd5f3, 0xd5f3, 0xd613, 0xd613, 0xd613, 0xd5f3, 0xcdf3, 0xcdf3, 0xcdf3, 0xcdf3, 0xcdf3, 
	0xcdd2, 0xcdd2, 0xcdd2, 0xcdd2, 0xcdb2, 0xcdb2, 0xcd92, 0xcd92, 0xcd92, 0xc551, 0xc591, 0xc591, 0xc591, 0xc571, 0xbd70, 0xbd70, 
	0xbd4f, 0xbd4f, 0xbd4f, 0xc591, 0xbd70, 0xbd70, 0xbd71, 0xbd71, 0xbd71, 0xbd70, 0xbd50, 0xbd50, 0xbd50, 0xbd70, 0xbd70, 0xbd50, 
	0xc591, 0xc591, 0xbd50, 0xbd30, 0xbd30, 0xbd71, 0xc571, 0xc592, 0xc592, 0xbd50, 0xbd51, 0xbd51, 0xc592, 0xc5b3, 0xc5b3, 0xcdd4, 
	0xcdd4, 0xcdd4, 0xc5b3, 0xcdd3, 0xcdd3, 0xcdf3, 0xbd92, 0xbd92, 0xc5b2, 0xc5b3, 0xc5b3, 0xc592, 0xc571, 0xc571, 0xbd2f, 0xc52f, 
	0xc54f, 0xc54f, 0xbd0d, 0xb4ed, 0xb4ed, 0xbccc, 0xb4cc, 0xb4cc, 0xb4ac, 0xb46b, 0xb46b, 0xac4a, 0xb46b, 0xb46b, 0xb4ac, 0xbced, 
	0xbced, 0xbd2e, 0xbd2e, 0xbd2e, 0xbd2f, 0xbd50, 0xbd50, 0xcdb2, 0xcdb2, 0xcdb2, 0xc5b2, 0xcdd2, 0xd5f4, 0xd5f4, 0xcdf4, 0xcdd3, 
	0xcdd3, 0xcdd3, 0xd614, 0xd614, 0xde76, 0xe6f8, 0xe6f8, 0xef3a, 0xef5b, 0xef5b, 0xf77b, 0xf77b, 0xf77b, 0xf77b, 0xf77b, 0xf77b, 
	0xf77b, 0xf77b, 0xf77b, 0xf77b, 0xf77b, 0xf77b, 0xf77b, 0xef5b, 0xef5b, 0xef5b, 0xef5b, 0xef5b, 0xef5b, 0xef5b, 0xef5b, 0xef5b, 
	0xef5b, 0xef5b, 0xef5b, 0xef5b, 0xef5b, 0xef5b, 0xef5b, 0xef5b, 0xef5b, 0xef5b, 0xef5b, 0xef5b, 0xef5b, 0xef5b, 0xef5b, 0xef5b, 
	0xde76, 0xde76, 0xde76, 0xde76, 0xde76, 0xde76, 0xde76, 0xde76, 0xde76, 0xde96, 0xde96, 0xde96, 0xde96, 0xde96, 0xde96, 0xde96, 
	0xde97, 0xde97, 0xe6b7, 0xe6b7, 0xe6b7, 0xe6b7, 0xe6b7, 0xe6b7, 0xe6b7, 0xe6b7, 0xe6b7, 0xe6b7, 0xe6b7, 0xe6b7, 0xe6b7, 0xe6b7, 
	0xe6b8, 0xe6b8, 0xe6d8, 0xe6d8, 0xe6d8, 0xe6d8, 0xe6d8, 0xe6d8, 0xeed8, 0xeef9, 0xeef9, 0xeef9, 0xeef9, 0xeef9, 0xeef9, 0xeef9, 
	0xeef9, 0xeef9, 0xeef9, 0xeef9, 0xeef9, 0xeef9, 0xeef9, 0xeef9, 0xeef9, 0xef19, 0xef19, 0xef19, 0xef19, 0xef19, 0xef19, 0xef19, 
	0xef19, 0xef19, 0xef19, 0xef19, 0xeef8, 0xe6b7, 0xe6b7, 0xe696, 0xe676, 0xe676, 0xde55, 0xde54, 0xde54, 0xde54, 0xde13, 0xde13, 
	0xd5f3, 0xd5d2, 0xcdd2, 0xcdd2, 0xcdf2, 0xd5f3, 0xd5f3, 0xd613, 0xd613, 0xd613, 0xd5f3, 0xcdf3, 0xcdf3, 0xcdf3, 0xcdf3, 0xcdf3, 
	0xcdd2, 0xcdd2, 0xcdd2, 0xcdd2, 0xcdb2, 0xcdb2, 0xcd92, 0xcd92, 0xcd92, 0xc551, 0xc591, 0xc591, 0xc591, 0xc571, 0xbd70, 0xbd70, 
	0xbd4f, 0xbd4f, 0xbd4f, 0xc591, 0xbd70, 0xbd70, 0xbd71, 0xbd71, 0xbd71, 0xbd70, 0xbd50, 0xbd50, 0xbd50, 0xbd70, 0xbd70, 0xbd50, 
	0xc591, 0xc591, 0xbd50, 0xbd30, 0xbd30, 0xbd71, 0xc571, 0xc592, 0xc592, 0xbd50, 0xbd51, 0xbd51, 0xc592, 0xc5b3, 0xc5b3, 0xcdd4, 
	0xcdd4, 0xcdd4, 0xc5b3, 0xcdd3, 0xcdd3, 0xcdf3, 0xbd92, 0xbd92, 0xc5b2, 0xc5b3, 0xc5b3, 0xc592, 0xc571, 0xc571, 0xbd2f, 0xc52f, 
	0xc54f, 0xc54f, 0xbd0d, 0xb4ed, 0xb4ed, 0xbccc, 0xb4cc, 0xb4cc, 0xb4ac, 0xb46b, 0xb46b, 0xac4a, 0xb46b, 0xb46b, 0xb4ac, 0xbced, 
	0xbced, 0xbd2e, 0xbd2e, 0xbd2e, 0xbd2f, 0xbd50, 0xbd50, 0xcdb2, 0xcdb2, 0xcdb2, 0xc5b2, 0xcdd2, 0xd5f4, 0xd5f4, 0xcdf4, 0xcdd3, 
	0xcdd3, 0xcdd3, 0xd614, 0xd614, 0xde76, 0xe6f8, 0xe6f8, 0xef3a, 0xef5b, 0xef5b, 0xf77b, 0xf77b, 0xf77b, 0xf77b, 0xf77b, 0xf77b, 
	0xf77b, 0xf77b, 0xf77b, 0xf77b, 0xf77b, 0xf77b, 0xf77b, 0xef5b, 0xef5b, 0xef5b, 0xef5b, 0xef5b, 0xef5b, 0xef5b, 0xef5b, 0xef5b, 
	0xef5b, 0xef5b, 0xef5b, 0xef5b, 0xef5b, 0xef5b, 0xef5b, 0xef5b, 0xef5b, 0xef5b, 0xef5b, 0xef5b, 0xef5b, 0xef5b, 0xef5b, 0xef5b, 
	0xde56, 0xde56, 0xde56, 0xde76, 0xde76, 0xde76, 0xde76, 0xde76, 0xde76, 0xde76, 0xde76, 0xde76, 0xde76, 0xde76, 0xde76, 0xde76, 
	0xde96, 0xde96, 0xde97, 0xde97, 0xde97, 0xde97, 0xde97, 0xde97, 0xde97, 0xde97, 0xde97, 0xe6b7, 0xe6b7, 0xe6b7, 0xe6b7, 0xe6b7, 
	0xe6b8, 0xe6b8, 0xe6b8, 0xe6b8, 0xe6b8, 0xe6b8, 0xe6d8, 0xe6d8, 0xe6d8, 0xe6d8, 0xe6d8, 0xeed8, 0xeed9, 0xeed9, 0xeed9, 0xeed9, 
	0xeed9, 0xeed9, 0xeed9, 0xeed9, 0xeef9, 0xeef9, 0xeed8, 0xeed8, 0xeed8, 0xeef9, 0xeef9, 0xeef9, 0xef19, 0xef19, 0xef19, 0xef19, 
	0xef19, 0xef19, 0xef19, 0xef19, 0xeef8, 0xe6b7, 0xe6b7, 0xe696, 0xe676, 0xe676, 0xe676, 0xde54, 0xde54, 0xde54, 0xde34, 0xde34, 
	0xd5f3, 0xd5f3, 0xcdf2, 0xcdf2, 0xcdd2, 0xcdd2, 0xcdd2, 0xcdd2, 0xcdd2, 0xcdd2, 0xd5f3, 0xd5f3, 0xd5f3, 0xce13, 0xcdd3, 0xcdd3, 
	0xcdd2, 0xcdd2, 0xcdd2, 0xcdd2, 0xcdb2, 0xcdb2, 0xcd92, 0xcd92, 0xcd92, 0xc551, 0xc571, 0xc591, 0xc591, 0xc591, 0xbd70, 0xbd70, 
	0xbd4f, 0xbd70, 0xbd70, 0xbd70, 0xbd70, 0xbd70, 0xbd70, 0xbd50, 0xbd50, 0xbd50, 0xbd50, 0xbd50, 0xbd50, 0xbd70, 0xbd70, 0xbd50, 
	0xbd70, 0xbd70, 0xb52f, 0xb50f, 0xb50f, 0xb52f, 0xbd50, 0xbd30, 0xbd30, 0xc571, 0xbd51, 0xbd51, 0xbd51, 0xbd52, 0xbd52, 0xbd72, 
	0xc5b3, 0xc5b3, 0xcdd3, 0xcdf3, 0xcdf3, 0xc5b3, 0xbd71, 0xbd71, 0xbd51, 0xbd72, 0xbd72, 0xcd92, 0xcd91, 0xcd91, 0xcd71, 0xcd70, 
	0xc52e, 0xc52e, 0xc52e, 0xc54e, 0xc54e, 0xc52e, 0xc50d, 0xc50d, 0xbccc, 0xbccc, 0xbccc, 0xbced, 0xbced, 0xbced, 0xbced, 0xbced, 
	0xbced, 0xbd4f, 0xbd2e, 0xbd2e, 0xbd70, 0xcdd2, 0xcdd2, 0xcdd2, 0xcdd3, 0xcdd3, 0xcdd3, 0xd5f4, 0xcdd4, 0xcdd4, 0xcdf4, 0xcdf3, 
	0xcdf3, 0xd5f3, 0xde35, 0xde35, 0xe696, 0xe6f8, 0xe6f8, 0xef3a, 0xef5b, 0xef5b, 0xf77b, 0xf77b, 0xf77b, 0xf77b, 0xf77b, 0xf77b, 
	0xef5b, 0xef5b, 0xef5b, 0xef5b, 0xef5b, 0xef5b, 0xef5b, 0xef5b, 0xef5b, 0xef5b, 0xef5b, 0xef5b, 0xef5b, 0xef5b, 0xef5b, 0xef5b, 
	0xef5b, 0xef5b, 0xef5b, 0xef5b, 0xef5b, 0xef5b, 0xef5b, 0xef5b, 0xef5b, 0xef5b, 0xef5b, 0xef5b, 0xef3b, 0xef5b, 0xef5b, 0xef5b, 
	0xde56, 0xde56, 0xde56, 0xde56, 0xde56, 0xde56, 0xde76, 0xde76, 0xde76, 0xde76, 0xde76, 0xde76, 0xde76, 0xde76, 0xde76, 0xde76, 
	0xde76, 0xde76, 0xde96, 0xde96, 0xde96, 0xde96, 0xde96, 0xde96, 0xde96, 0xde96, 0xde96, 0xde97, 0xe6b7, 0xe6b7, 0xe6b7, 0xe6b7, 
	0xe6b8, 0xe6b8, 0xe6b8, 0xe6b8, 0xe6b8, 0xe6b8, 0xe6b8, 0xe6b8, 0xe6b8, 0xe6b8, 0xe6b8, 0xe6d8, 0xe6d8, 0xe6d8, 0xe6d8, 0xe6d8, 
	0xe6d8, 0xe6d8, 0xe6d8, 0xe6d8, 0xe6d8, 0xe6d8, 0xeed8, 0xeed8, 0xeed8, 0xeef9, 0xeef9, 0xeef9, 0xeef9, 0xeef9, 0xeef9, 0xef19, 
	0xef19, 0xef19, 0xef19, 0xef19, 0xeef9, 0xe6b8, 0xe6b8, 0xe697, 0xe676, 0xe676, 0xe676, 0xe655, 0xe655, 0xde55, 0xde34, 0xde34, 
	0xd613, 0xd613, 0xd5f3, 0xd5f3, 0xcdd2, 0xcdb2, 0xcdb2, 0xc591, 0xc591, 0xc591, 0xcdb2, 0xcdd2, 0xcdd2, 0xcdf2, 0xcdd2, 0xcdd2, 
	0xcdd2, 0xcdb2, 0xcdb2, 0xcdd2, 0xcdd2, 0xcdd2, 0xcdb1, 0xcdb1, 0xcdb1, 0xc570, 0xbd70, 0xc590, 0xc590, 0xc590, 0xbd6f, 0xbd6f, 
	0xbd4f, 0xbd4f, 0xbd4f, 0xbd4f, 0xbd50, 0xbd50, 0xbd50, 0xbd4f, 0xbd4f, 0xbd50, 0xbd30, 0xbd30, 0xbd30, 0xbd30, 0xbd30, 0xbd30, 
	0xbd2f, 0xbd2f, 0xb50f, 0xacce, 0xacce, 0xb50f, 0xb50f, 0xbd50, 0xbd50, 0xbd92, 0xc5b3, 0xc5b3, 0xc593, 0xc5b3, 0xc5b3, 0xcdd4, 
	0xd615, 0xd615, 0xc5d3, 0xbd71, 0xbd71, 0xb530, 0xbd71, 0xbd71, 0xc5b2, 0xcdb2, 0xcdb2, 0xcdb2, 0xcd91, 0xcd91, 0xc54f, 0xc54f, 
	0xc54f, 0xc54f, 0xc54f, 0xbd4e, 0xbd4e, 0xc54e, 0xc54e, 0xc54e, 0xbd2e, 0xbd4e, 0xbd4e, 0xc54f, 0xc56f, 0xc56f, 0xc56f, 0xcdb0, 
	0xcdb0, 0xcdb2, 0xcdb2, 0xcdb2, 0xcdd2, 0xcdd3, 0xcdd3, 0xc5d3, 0xcdf4, 0xcdf4, 0xce14, 0xd615, 0xd615, 0xd615, 0xd614, 0xce13, 
	0xce13, 0xce13, 0xd635, 0xd635, 0xde96, 0xef19, 0xef19, 0xef5b, 0xf77b, 0xf77b, 0xef5b, 0xf77b, 0xf77b, 0xf77b, 0xef5b, 0xef5b, 
	0xef5b, 0xef5b, 0xef5b, 0xef5b, 0xef5b, 0xef5b, 0xef5b, 0xef5b, 0xef5b, 0xef5b, 0xef5b, 0xef5b, 0xef5b, 0xef5b, 0xef5b, 0xef5b, 
	0xef5b, 0xef5b, 0xef5b, 0xef5b, 0xef3b, 0xef3b, 0xef3b, 0xef3b, 0xef3b, 0xef3b, 0xef3b, 0xef3b, 0xef3b, 0xef5b, 0xef5b, 0xef5b, 
	0xde56, 0xde56, 0xde56, 0xde56, 0xde56, 0xde56, 0xde76, 0xde76, 0xde76, 0xde76, 0xde76, 0xde76, 0xde76, 0xde76, 0xde76, 0xde76, 
	0xde76, 0xde76, 0xde96, 0xde96, 0xde96, 0xde96, 0xde96, 0xde96, 0xde96, 0xde96, 0xde96, 0xde97, 0xe6b7, 0xe6b7, 0xe6b7, 0xe6b7, 
	0xe6b8, 0xe6b8, 0xe6b8, 0xe6b8, 0xe6b8, 0xe6b8, 0xe6b8, 0xe6b8, 0xe6b8, 0xe6b8, 0xe6b8, 0xe6d8, 0xe6d8, 0xe6d8, 0xe6d8, 0xe6d8, 
	0xe6d8, 0xe6d8, 0xe6d8, 0xe6d8, 0xe6d8, 0xe6d8, 0xeed8, 0xeed8, 0xeed8, 0xeef9, 0xeef9, 0xeef9, 0xeef9, 0xeef9, 0xeef9, 0xef19, 
	0xef19, 0xef19, 0xef19, 0xef19, 0xeef9, 0xe6b8, 0xe6b8, 0xe697, 0xe676, 0xe676, 0xe676, 0xe655, 0xe655, 0xde55, 0xde34, 0xde34, 
	0xd613, 0xd613, 0xd5f3, 0xd5f3, 0xcdd2, 0xcdb2, 0xcdb2, 0xc591, 0xc591, 0xc591, 0xcdb2, 0xcdd2, 0xcdd2, 0xcdf2, 0xcdd2, 0xcdd2, 
	0xcdd2, 0xcdb2, 0xcdb2, 0xcdd2, 0xcdd2, 0xcdd2, 0xcdb1, 0xcdb1, 0xcdb1, 0xc570, 0xbd70, 0xc590, 0xc590, 0xc590, 0xbd6f, 0xbd6f, 
	0xbd4f, 0xbd4f, 0xbd4f, 0xbd4f, 0xbd50, 0xbd50, 0xbd50, 0xbd4f, 0xbd4f, 0xbd50, 0xbd30, 0xbd30, 0xbd30, 0xbd30, 0xbd30, 0xbd30, 
	0xbd2f, 0xbd2f, 0xb50f, 0xacce, 0xacce, 0xb50f, 0xb50f, 0xbd50, 0xbd50, 0xbd92, 0xc5b3, 0xc5b3, 0xc593, 0xc5b3, 0xc5b3, 0xcdd4, 
	0xd615, 0xd615, 0xc5d3, 0xbd71, 0xbd71, 0xb530, 0xbd71, 0xbd71, 0xc5b2, 0xcdb2, 0xcdb2, 0xcdb2, 0xcd91, 0xcd91, 0xc54f, 0xc54f, 
	0xc54f, 0xc54f, 0xc54f, 0xbd4e, 0xbd4e, 0xc54e, 0xc54e, 0xc54e, 0xbd2e, 0xbd4e, 0xbd4e, 0xc54f, 0xc56f, 0xc56f, 0xc56f, 0xcdb0, 
	0xcdb0, 0xcdb2, 0xcdb2, 0xcdb2, 0xcdd2, 0xcdd3, 0xcdd3, 0xc5d3, 0xcdf4, 0xcdf4, 0xce14, 0xd615, 0xd615, 0xd615, 0xd614, 0xce13, 
	0xce13, 0xce13, 0xd635, 0xd635, 0xde96, 0xef19, 0xef19, 0xef5b, 0xf77b, 0xf77b, 0xef5b, 0xf77b, 0xf77b, 0xf77b, 0xef5b, 0xef5b, 
	0xef5b, 0xef5b, 0xef5b, 0xef5b, 0xef5b, 0xef5b, 0xef5b, 0xef5b, 0xef5b, 0xef5b, 0xef5b, 0xef5b, 0xef5b, 0xef5b, 0xef5b, 0xef5b, 
	0xef5b, 0xef5b, 0xef5b, 0xef5b, 0xef3b, 0xef3b, 0xef3b, 0xef3b, 0xef3b, 0xef3b, 0xef3b, 0xef3b, 0xef3b, 0xef5b, 0xef5b, 0xef5b, 
	0xde56, 0xde56, 0xde56, 0xde56, 0xde76, 0xde76, 0xde76, 0xde76, 0xde76, 0xde76, 0xde76, 0xde76, 0xde76, 0xde76, 0xde76, 0xde76, 
	0xde76, 0xde76, 0xde96, 0xde96, 0xde96, 0xde96, 0xde96, 0xde96, 0xde96, 0xde96, 0xde96, 0xde96, 0xe6b7, 0xe6b7, 0xe6b7, 0xe6b7, 
	0xe6b7, 0xe6b7, 0xe6b8, 0xe6b8, 0xe6b8, 0xe6b8, 0xe6b8, 0xe6b8, 0xe6b8, 0xe6b8, 0xe6b8, 0xe6b8, 0xe6d8, 0xe6d8, 0xe6d8, 0xe6d8, 
	0xe6d8, 0xe6d8, 0xe6d8, 0xe6d8, 0xe6d8, 0xe6d8, 0xeed8, 0xeed8, 0xeed8, 0xeef9, 0xeef9, 0xeef9, 0xeef9, 0xeef9, 0xeef9, 0xef19, 
	0xef19, 0xef19, 0xef19, 0xef19, 0xeef9, 0xe6d8, 0xe6d8, 0xe6b7, 0xe697, 0xe697, 0xde96, 0xde56, 0xde56, 0xde55, 0xde35, 0xde35, 
	0xd633, 0xd633, 0xd613, 0xd613, 0xd5f3, 0xcdd2, 0xcdd2, 0xc591, 0xc591, 0xc591, 0xc591, 0xc591, 0xc591, 0xc5b1, 0xcdd1, 0xcdd1, 
	0xcdb1, 0xc590, 0xc590, 0xcdb1, 0xcdb1, 0xcdb1, 0xcdb1, 0xc590, 0xc590, 0xbd6f, 0xbd4f, 0xbd6f, 0xbd6f, 0xbd6f, 0xbd4f, 0xbd4f, 
	0xbd6f, 0xbd4f, 0xbd4f, 0xb52f, 0xb52f, 0xb52f, 0xbd50, 0xb50f, 0xb50f, 0xb50f, 0xb50f, 0xb50f, 0xb50f, 0xb50f, 0xb50f, 0xb50f, 
	0xb4ef, 0xb4ef, 0xb4ee, 0xacad, 0xacad, 0xb50f, 0xb52f, 0xc571, 0xc571, 0xc5b3, 0xcdd4, 0xcdd4, 0xc5b3, 0xcdd3, 0xcdd3, 0xcdf4, 
	0xc5b3, 0xc5b3, 0xbd72, 0xbd71, 0xbd71, 0xbd71, 0xbd71, 0xbd71, 0xc5b2, 0xc591, 0xc591, 0xbd71, 0xc571, 0xc571, 0xc570, 0xc550, 
	0xc570, 0xc570, 0xc54f, 0xbd0e, 0xbd0e, 0xb4ed, 0xaccc, 0xaccc, 0xb4ed, 0xbd4f, 0xbd4f, 0xcdb1, 0xcdb2, 0xcdb2, 0xcdf2, 0xd613, 
	0xd613, 0xcdd3, 0xcdf3, 0xcdf3, 0xd614, 0xd635, 0xd635, 0xd614, 0xd615, 0xd615, 0xce15, 0xce15, 0xd635, 0xd635, 0xd634, 0xd634, 
	0xd634, 0xce13, 0xd635, 0xd635, 0xde96, 0xef19, 0xef19, 0xef5a, 0xef5b, 0xef5b, 0xef5b, 0xf77b, 0xf77b, 0xf77b, 0xef5b, 0xef5b, 
	0xef5b, 0xef5b, 0xef5b, 0xef5b, 0xef5b, 0xef5b, 0xef5b, 0xef5b, 0xef5b, 0xef5b, 0xef5b, 0xef5b, 0xef5b, 0xef5b, 0xef5b, 0xef5b, 
	0xef5b, 0xef5b, 0xef5b, 0xef5b, 0xef3a, 0xef3a, 0xef3a, 0xef3b, 0xef3b, 0xef3b, 0xef3b, 0xef3b, 0xef3b, 0xef5b, 0xef5b, 0xef5b, 
	0xde56, 0xde56, 0xde56, 0xde56, 0xde76, 0xde76, 0xde76, 0xde76, 0xde76, 0xde76, 0xde76, 0xde76, 0xde76, 0xde76, 0xde76, 0xde76, 
	0xde76, 0xde76, 0xde96, 0xde96, 0xde96, 0xde96, 0xde96, 0xde96, 0xde96, 0xde96, 0xde96, 0xde96, 0xe6b7, 0xe6b7, 0xe6b7, 0xe6b7, 
	0xe6b7, 0xe6b7, 0xe6b8, 0xe6b8, 0xe6b8, 0xe6b8, 0xe6b8, 0xe6b8, 0xe6b8, 0xe6b8, 0xe6b8, 0xe6b8, 0xe6d8, 0xe6d8, 0xe6d8, 0xe6d8, 
	0xe6d8, 0xe6d8, 0xe6d8, 0xe6d8, 0xe6d8, 0xe6d8, 0xeed8, 0xeed8, 0xeed8, 0xeef9, 0xeef9, 0xeef9, 0xeef9, 0xeef9, 0xeef9, 0xef19, 
	0xef19, 0xef19, 0xef19, 0xef19, 0xeef9, 0xe6d8, 0xe6d8, 0xe6b7, 0xe697, 0xe697, 0xde96, 0xde56, 0xde56, 0xde55, 0xde35, 0xde35, 
	0xd633, 0xd633, 0xd613, 0xd613, 0xd5f3, 0xcdd2, 0xcdd2, 0xc591, 0xc591, 0xc591, 0xc591, 0xc591, 0xc591, 0xc5b1, 0xcdd1, 0xcdd1, 
	0xcdb1, 0xc590, 0xc590, 0xcdb1, 0xcdb1, 0xcdb1, 0xcdb1, 0xc590, 0xc590, 0xbd6f, 0xbd4f, 0xbd6f, 0xbd6f, 0xbd6f, 0xbd4f, 0xbd4f, 
	0xbd6f, 0xbd4f, 0xbd4f, 0xb52f, 0xb52f, 0xb52f, 0xbd50, 0xb50f, 0xb50f, 0xb50f, 0xb50f, 0xb50f, 0xb50f, 0xb50f, 0xb50f, 0xb50f, 
	0xb4ef, 0xb4ef, 0xb4ee, 0xacad, 0xacad, 0xb50f, 0xb52f, 0xc571, 0xc571, 0xc5b3, 0xcdd4, 0xcdd4, 0xc5b3, 0xcdd3, 0xcdd3, 0xcdf4, 
	0xc5b3, 0xc5b3, 0xbd72, 0xbd71, 0xbd71, 0xbd71, 0xbd71, 0xbd71, 0xc5b2, 0xc591, 0xc591, 0xbd71, 0xc571, 0xc571, 0xc570, 0xc550, 
	0xc570, 0xc570, 0xc54f, 0xbd0e, 0xbd0e, 0xb4ed, 0xaccc, 0xaccc, 0xb4ed, 0xbd4f, 0xbd4f, 0xcdb1, 0xcdb2, 0xcdb2, 0xcdf2, 0xd613, 
	0xd613, 0xcdd3, 0xcdf3, 0xcdf3, 0xd614, 0xd635, 0xd635, 0xd614, 0xd615, 0xd615, 0xce15, 0xce15, 0xd635, 0xd635, 0xd634, 0xd634, 
	0xd634, 0xce13, 0xd635, 0xd635, 0xde96, 0xef19, 0xef19, 0xef5a, 0xef5b, 0xef5b, 0xef5b, 0xf77b, 0xf77b, 0xf77b, 0xef5b, 0xef5b, 
	0xef5b, 0xef5b, 0xef5b, 0xef5b, 0xef5b, 0xef5b, 0xef5b, 0xef5b, 0xef5b, 0xef5b, 0xef5b, 0xef5b, 0xef5b, 0xef5b, 0xef5b, 0xef5b, 
	0xef5b, 0xef5b, 0xef5b, 0xef5b, 0xef3a, 0xef3a, 0xef3a, 0xef3b, 0xef3b, 0xef3b, 0xef3b, 0xef3b, 0xef3b, 0xef5b, 0xef5b, 0xef5b, 
	0xde56, 0xde56, 0xde56, 0xde56, 0xde76, 0xde76, 0xde76, 0xde76, 0xde76, 0xde76, 0xde76, 0xde76, 0xde76, 0xde56, 0xde56, 0xde76, 
	0xde76, 0xde76, 0xde76, 0xde76, 0xde76, 0xde76, 0xde76, 0xde76, 0xde76, 0xde76, 0xde76, 0xde96, 0xde97, 0xde97, 0xde97, 0xde97, 
	0xe697, 0xe697, 0xe6b7, 0xe6b8, 0xe6b8, 0xe6b8, 0xe6b8, 0xe6b8, 0xe6b8, 0xe6b8, 0xe6b8, 0xe6b8, 0xe6d8, 0xe6d8, 0xe6d8, 0xe6d8, 
	0xe6d8, 0xeed8, 0xeed8, 0xeed8, 0xeed8, 0xeed8, 0xeed8, 0xeed8, 0xeed8, 0xeef9, 0xeef9, 0xeef9, 0xeef9, 0xeef9, 0xeef9, 0xef19, 
	0xef19, 0xef19, 0xf719, 0xf719, 0xef19, 0xeef9, 0xeef9, 0xe6d8, 0xe6b7, 0xe6b7, 0xdeb7, 0xde96, 0xde96, 0xde96, 0xde76, 0xde76, 
	0xde34, 0xd634, 0xd613, 0xd613, 0xd613, 0xcdf3, 0xcdf3, 0xcdb2, 0xc591, 0xc591, 0xc590, 0xbd6f, 0xbd6f, 0xbd4f, 0xc56f, 0xc56f, 
	0xbd6f, 0xbd4f, 0xbd4f, 0xc56f, 0xc56f, 0xc56f, 0xc590, 0xc570, 0xc570, 0xbd4f, 0xb52e, 0xb52e, 0xb52e, 0xb50e, 0xb52e, 0xb52e, 
	0xbd4f, 0xb52f, 0xb52f, 0xb50e, 0xb50f, 0xb50f, 0xb52f, 0xb50f, 0xb50f, 0xb4ee, 0xacce, 0xacce, 0xacce, 0xb4ef, 0xb4ef, 0xb4ef, 
	0xb4ef, 0xb4ef, 0xacad, 0xb4ee, 0xb4ee, 0xbd50, 0xbd51, 0xc593, 0xc593, 0xc593, 0xc5d3, 0xc5d3, 0xbd72, 0xc593, 0xc593, 0xc593, 
	0xbd72, 0xbd72, 0xc5b2, 0xc5b3, 0xc5b3, 0xcdf3, 0xc592, 0xc592, 0xcdf3, 0xcdf3, 0xcdf3, 0xcdb2, 0xc591, 0xc591, 0xc571, 0xc571, 
	0xbd50, 0xbd50, 0xb4ee, 0xb4ce, 0xb4ce, 0xa4ac, 0xacac, 0xacac, 0xb50d, 0xc5b0, 0xc5b0, 0xcdf3, 0xcdf3, 0xcdf3, 0xcdf4, 0xcdf4, 
	0xcdf4, 0xcdf4, 0xce14, 0xce14, 0xd635, 0xce15, 0xce15, 0xce15, 0xd615, 0xd615, 0xd635, 0xd635, 0xd655, 0xd655, 0xd655, 0xd654, 
	0xd654, 0xd634, 0xd635, 0xd635, 0xe6b7, 0xef19, 0xef19, 0xef5a, 0xf77b, 0xf77b, 0xf77b, 0xef5b, 0xef5b, 0xef5b, 0xef5b, 0xef5b, 
	0xf77b, 0xef5b, 0xef5b, 0xef5b, 0xef5b, 0xef5b, 0xef5b, 0xef5b, 0xef5b, 0xef5b, 0xef5b, 0xef5b, 0xef5b, 0xef5b, 0xef5b, 0xef5b, 
	0xef5b, 0xef5b, 0xef5b, 0xef3b, 0xef3a, 0xef3a, 0xef3a, 0xef3a, 0xef3a, 0xef3b, 0xef3b, 0xef3b, 0xef3b, 0xef3b, 0xef3b, 0xef3b, 
	0xde56, 0xde56, 0xde56, 0xde56, 0xde76, 0xde76, 0xde76, 0xde76, 0xde76, 0xde76, 0xde76, 0xde76, 0xde76, 0xde56, 0xde56, 0xde76, 
	0xde76, 0xde76, 0xde76, 0xde76, 0xde76, 0xde76, 0xde76, 0xde76, 0xde76, 0xde76, 0xde76, 0xde96, 0xde97, 0xde97, 0xde97, 0xde97, 
	0xe697, 0xe697, 0xe6b7, 0xe6b8, 0xe6b8, 0xe6b8, 0xe6b8, 0xe6b8, 0xe6b8, 0xe6b8, 0xe6b8, 0xe6b8, 0xe6d8, 0xe6d8, 0xe6d8, 0xe6d8, 
	0xe6d8, 0xeed8, 0xeed8, 0xeed8, 0xeed8, 0xeed8, 0xeed8, 0xeed8, 0xeed8, 0xeef9, 0xeef9, 0xeef9, 0xeef9, 0xeef9, 0xeef9, 0xef19, 
	0xef19, 0xef19, 0xf719, 0xf719, 0xef19, 0xeef9, 0xeef9, 0xe6d8, 0xe6b7, 0xe6b7, 0xdeb7, 0xde96, 0xde96, 0xde96, 0xde76, 0xde76, 
	0xde34, 0xd634, 0xd613, 0xd613, 0xd613, 0xcdf3, 0xcdf3, 0xcdb2, 0xc591, 0xc591, 0xc590, 0xbd6f, 0xbd6f, 0xbd4f, 0xc56f, 0xc56f, 
	0xbd6f, 0xbd4f, 0xbd4f, 0xc56f, 0xc56f, 0xc56f, 0xc590, 0xc570, 0xc570, 0xbd4f, 0xb52e, 0xb52e, 0xb52e, 0xb50e, 0xb52e, 0xb52e, 
	0xbd4f, 0xb52f, 0xb52f, 0xb50e, 0xb50f, 0xb50f, 0xb52f, 0xb50f, 0xb50f, 0xb4ee, 0xacce, 0xacce, 0xacce, 0xb4ef, 0xb4ef, 0xb4ef, 
	0xb4ef, 0xb4ef, 0xacad, 0xb4ee, 0xb4ee, 0xbd50, 0xbd51, 0xc593, 0xc593, 0xc593, 0xc5d3, 0xc5d3, 0xbd72, 0xc593, 0xc593, 0xc593, 
	0xbd72, 0xbd72, 0xc5b2, 0xc5b3, 0xc5b3, 0xcdf3, 0xc592, 0xc592, 0xcdf3, 0xcdf3, 0xcdf3, 0xcdb2, 0xc591, 0xc591, 0xc571, 0xc571, 
	0xbd50, 0xbd50, 0xb4ee, 0xb4ce, 0xb4ce, 0xa4ac, 0xacac, 0xacac, 0xb50d, 0xc5b0, 0xc5b0, 0xcdf3, 0xcdf3, 0xcdf3, 0xcdf4, 0xcdf4, 
	0xcdf4, 0xcdf4, 0xce14, 0xce14, 0xd635, 0xce15, 0xce15, 0xce15, 0xd615, 0xd615, 0xd635, 0xd635, 0xd655, 0xd655, 0xd655, 0xd654, 
	0xd654, 0xd634, 0xd635, 0xd635, 0xe6b7, 0xef19, 0xef19, 0xef5a, 0xf77b, 0xf77b, 0xf77b, 0xef5b, 0xef5b, 0xef5b, 0xef5b, 0xef5b, 
	0xf77b, 0xef5b, 0xef5b, 0xef5b, 0xef5b, 0xef5b, 0xef5b, 0xef5b, 0xef5b, 0xef5b, 0xef5b, 0xef5b, 0xef5b, 0xef5b, 0xef5b, 0xef5b, 
	0xef5b, 0xef5b, 0xef5b, 0xef3b, 0xef3a, 0xef3a, 0xef3a, 0xef3a, 0xef3a, 0xef3b, 0xef3b, 0xef3b, 0xef3b, 0xef3b, 0xef3b, 0xef3b, 
	0xd636, 0xd656, 0xd656, 0xde56, 0xde56, 0xde56, 0xde56, 0xde56, 0xde56, 0xde56, 0xde56, 0xde56, 0xde56, 0xde56, 0xde56, 0xde56, 
	0xde56, 0xde56, 0xde76, 0xde76, 0xde76, 0xde56, 0xde76, 0xde76, 0xde76, 0xde76, 0xde76, 0xde76, 0xde76, 0xde96, 0xde96, 0xde76, 
	0xde97, 0xde97, 0xde97, 0xde97, 0xde97, 0xde97, 0xe697, 0xe697, 0xe6b7, 0xe6b8, 0xe6b8, 0xe6b8, 0xe6b8, 0xe6b8, 0xe6b8, 0xe6d8, 
	0xe6d8, 0xe6d8, 0xe6d8, 0xe6d8, 0xe6d9, 0xe6d9, 0xe6d9, 0xe6d9, 0xeed9, 0xe6d9, 0xe6d9, 0xe6d8, 0xeed8, 0xeed8, 0xeef9, 0xeef9, 
	0xeef9, 0xef19, 0xf73a, 0xf73a, 0xef19, 0xeef9, 0xeef9, 0xe6f8, 0xe6d8, 0xe6d8, 0xded8, 0xdeb7, 0xdeb7, 0xdeb7, 0xde76, 0xde76, 
	0xde75, 0xd655, 0xd634, 0xd634, 0xd614, 0xcdf4, 0xcdf4, 0xcdd3, 0xcdb2, 0xcdb2, 0xc591, 0xbd4f, 0xbd4f, 0xb50e, 0xb4ed, 0xb4ed, 
	0xb4ed, 0xb50e, 0xb50e, 0xb50e, 0xbd0e, 0xbd0e, 0xbd2f, 0xbd4f, 0xbd4f, 0xbd0e, 0xacad, 0xb4cd, 0xb4cd, 0xacac, 0xaccd, 0xaccd, 
	0xb50e, 0xaced, 0xaced, 0xaccd, 0xb4ee, 0xb4ee, 0xaccd, 0xb4ee, 0xb4ee, 0xb50e, 0xacee, 0xacee, 0xacce, 0xb4ee, 0xb4ee, 0xb50f, 
	0xb510, 0xb510, 0xacf0, 0xbd51, 0xbd51, 0xbd51, 0xbd72, 0xc5b3, 0xc5b3, 0xc5b3, 0xc5b3, 0xc5b3, 0xbd72, 0xc5b3, 0xc5b3, 0xcdd4, 
	0xcdf4, 0xcdf4, 0xcdf4, 0xcdd3, 0xcdd3, 0xcdd3, 0xcdd3, 0xcdd3, 0xc5b2, 0xcdb2, 0xcdb2, 0xcdb2, 0xcdb2, 0xcdb2, 0xc592, 0xbd51, 
	0xb50f, 0xb50f, 0xb4ef, 0xbd30, 0xbd30, 0xbd50, 0xc591, 0xc591, 0xcdf3, 0xce14, 0xce14, 0xcdf3, 0xcdd3, 0xcdd3, 0xc5d3, 0xcdf4, 
	0xcdf4, 0xcdf5, 0xc5f5, 0xc5f5, 0xc5f5, 0xce15, 0xce15, 0xce16, 0xd636, 0xd636, 0xce16, 0xce15, 0xce35, 0xce35, 0xd635, 0xd634, 
	0xd634, 0xd614, 0xd614, 0xd614, 0xe6b7, 0xf739, 0xf739, 0xf75a, 0xef5b, 0xef5b, 0xef5b, 0xef5b, 0xef5b, 0xef5b, 0xef5b, 0xef5b, 
	0xef5b, 0xef5b, 0xef5b, 0xef3a, 0xef3a, 0xef3b, 0xef3b, 0xef3b, 0xef3b, 0xef3b, 0xef3b, 0xef3b, 0xef3b, 0xef3b, 0xef3b, 0xef3b, 
	0xef3b, 0xef3b, 0xef3b, 0xef3a, 0xef3a, 0xef3a, 0xef3a, 0xef3a, 0xef3a, 0xef3a, 0xef3a, 0xef3a, 0xef3a, 0xef3a, 0xef3a, 0xef3a, 
	0xd636, 0xd656, 0xd656, 0xde56, 0xde56, 0xde56, 0xde56, 0xde56, 0xde56, 0xde56, 0xde56, 0xde56, 0xde56, 0xde56, 0xde56, 0xde56, 
	0xde56, 0xde56, 0xde76, 0xde76, 0xde76, 0xde56, 0xde76, 0xde76, 0xde76, 0xde76, 0xde76, 0xde76, 0xde76, 0xde96, 0xde96, 0xde76, 
	0xde97, 0xde97, 0xde97, 0xde97, 0xde97, 0xde97, 0xe697, 0xe697, 0xe6b7, 0xe6b8, 0xe6b8, 0xe6b8, 0xe6b8, 0xe6b8, 0xe6b8, 0xe6d8, 
	0xe6d8, 0xe6d8, 0xe6d8, 0xe6d8, 0xe6d9, 0xe6d9, 0xe6d9, 0xe6d9, 0xeed9, 0xe6d9, 0xe6d9, 0xe6d8, 0xeed8, 0xeed8, 0xeef9, 0xeef9, 
	0xeef9, 0xef19, 0xf73a, 0xf73a, 0xef19, 0xeef9, 0xeef9, 0xe6f8, 0xe6d8, 0xe6d8, 0xded8, 0xdeb7, 0xdeb7, 0xdeb7, 0xde76, 0xde76, 
	0xde75, 0xd655, 0xd634, 0xd634, 0xd614, 0xcdf4, 0xcdf4, 0xcdd3, 0xcdb2, 0xcdb2, 0xc591, 0xbd4f, 0xbd4f, 0xb50e, 0xb4ed, 0xb4ed, 
	0xb4ed, 0xb50e, 0xb50e, 0xb50e, 0xbd0e, 0xbd0e, 0xbd2f, 0xbd4f, 0xbd4f, 0xbd0e, 0xacad, 0xb4cd, 0xb4cd, 0xacac, 0xaccd, 0xaccd, 
	0xb50e, 0xaced, 0xaced, 0xaccd, 0xb4ee, 0xb4ee, 0xaccd, 0xb4ee, 0xb4ee, 0xb50e, 0xacee, 0xacee, 0xacce, 0xb4ee, 0xb4ee, 0xb50f, 
	0xb510, 0xb510, 0xacf0, 0xbd51, 0xbd51, 0xbd51, 0xbd72, 0xc5b3, 0xc5b3, 0xc5b3, 0xc5b3, 0xc5b3, 0xbd72, 0xc5b3, 0xc5b3, 0xcdd4, 
	0xcdf4, 0xcdf4, 0xcdf4, 0xcdd3, 0xcdd3, 0xcdd3, 0xcdd3, 0xcdd3, 0xc5b2, 0xcdb2, 0xcdb2, 0xcdb2, 0xcdb2, 0xcdb2, 0xc592, 0xbd51, 
	0xb50f, 0xb50f, 0xb4ef, 0xbd30, 0xbd30, 0xbd50, 0xc591, 0xc591, 0xcdf3, 0xce14, 0xce14, 0xcdf3, 0xcdd3, 0xcdd3, 0xc5d3, 0xcdf4, 
	0xcdf4, 0xcdf5, 0xc5f5, 0xc5f5, 0xc5f5, 0xce15, 0xce15, 0xce16, 0xd636, 0xd636, 0xce16, 0xce15, 0xce35, 0xce35, 0xd635, 0xd634, 
	0xd634, 0xd614, 0xd614, 0xd614, 0xe6b7, 0xf739, 0xf739, 0xf75a, 0xef5b, 0xef5b, 0xef5b, 0xef5b, 0xef5b, 0xef5b, 0xef5b, 0xef5b, 
	0xef5b, 0xef5b, 0xef5b, 0xef3a, 0xef3a, 0xef3b, 0xef3b, 0xef3b, 0xef3b, 0xef3b, 0xef3b, 0xef3b, 0xef3b, 0xef3b, 0xef3b, 0xef3b, 
	0xef3b, 0xef3b, 0xef3b, 0xef3a, 0xef3a, 0xef3a, 0xef3a, 0xef3a, 0xef3a, 0xef3a, 0xef3a, 0xef3a, 0xef3a, 0xef3a, 0xef3a, 0xef3a, 
	0xd635, 0xd636, 0xd636, 0xd656, 0xd656, 0xd656, 0xd656, 0xd656, 0xd656, 0xd656, 0xde56, 0xde56, 0xde56, 0xd656, 0xd656, 0xde56, 
	0xde56, 0xde56, 0xde56, 0xde76, 0xde76, 0xde56, 0xde76, 0xde76, 0xde76, 0xde76, 0xde76, 0xde76, 0xde76, 0xde76, 0xde76, 0xde76, 
	0xde76, 0xde76, 0xde97, 0xde97, 0xde97, 0xde97, 0xde97, 0xde97, 0xe697, 0xe6b7, 0xe6b7, 0xe6b7, 0xe6b8, 0xe6b8, 0xe6b8, 0xe6b8, 
	0xe6b8, 0xe6d8, 0xe6d8, 0xe6d8, 0xe6b8, 0xe6b8, 0xe6d9, 0xe6d9, 0xe6d9, 0xe6d9, 0xe6d9, 0xe6d8, 0xe6d8, 0xe6d8, 0xeed8, 0xeef9, 
	0xeef9, 0xef19, 0xf73a, 0xf73a, 0xf719, 0xeef9, 0xeef9, 0xe6f8, 0xe6f8, 0xe6f8, 0xded8, 0xe6b7, 0xe6b7, 0xdeb7, 0xde76, 0xde76, 
	0xde56, 0xd655, 0xd635, 0xd635, 0xd634, 0xce14, 0xce14, 0xd5f4, 0xcdd3, 0xcdd3, 0xc5b2, 0xbd50, 0xbd50, 0xb52e, 0xb4cd, 0xb4cd, 
	0xb4cc, 0xb4cd, 0xb4cd, 0xaccd, 0xb4cd, 0xb4cd, 0xb4ed, 0xb4ed, 0xb4ed, 0xaccd, 0xac8c, 0xacac, 0xacac, 0xa48c, 0xa48c, 0xa48c, 
	0xacac, 0xa48c, 0xa48c, 0xacad, 0xacad, 0xacad, 0xacad, 0xacee, 0xacee, 0xb50e, 0xacce, 0xacce, 0xacee, 0xacee, 0xacee, 0xb530, 
	0xb551, 0xb551, 0xb552, 0xc5b3, 0xc5b3, 0xc5d4, 0xcdd5, 0xcdf5, 0xcdf5, 0xcdf5, 0xcdd4, 0xcdd4, 0xc5d4, 0xcdf4, 0xcdf4, 0xd615, 
	0xce14, 0xce14, 0xcdf3, 0xc592, 0xc592, 0xc592, 0xbd71, 0xbd71, 0xc592, 0xcdb3, 0xcdb3, 0xcdd3, 0xcdb2, 0xcdb2, 0xc592, 0xc592, 
	0xc592, 0xc592, 0xc592, 0xcdf4, 0xcdf4, 0xce14, 0xd614, 0xd614, 0xd635, 0xd635, 0xd635, 0xcdf4, 0xcdf4, 0xcdf4, 0xcdf4, 0xcdf5, 
	0xcdf5, 0xce15, 0xce15, 0xce15, 0xce36, 0xce36, 0xce36, 0xce56, 0xd636, 0xd636, 0xce15, 0xce15, 0xce35, 0xce35, 0xce14, 0xcdf3, 
	0xcdf3, 0xcdd3, 0xd5f3, 0xd5f3, 0xe696, 0xef19, 0xef19, 0xf75a, 0xef5b, 0xef5b, 0xef5b, 0xef5b, 0xef5b, 0xef5b, 0xef5b, 0xef5b, 
	0xef5b, 0xef3b, 0xef3b, 0xef3b, 0xef3a, 0xef3a, 0xef3a, 0xef3a, 0xef3a, 0xef3a, 0xef3a, 0xef3a, 0xef3a, 0xef3a, 0xef3a, 0xef3a, 
	0xef3a, 0xef3a, 0xef3a, 0xef3a, 0xef3a, 0xef3a, 0xef3a, 0xef3a, 0xef3a, 0xef3a, 0xef3a, 0xef3a, 0xef3a, 0xef3a, 0xef3a, 0xef3a, 
	0xd635, 0xd636, 0xd636, 0xd636, 0xd656, 0xd656, 0xd656, 0xd656, 0xd656, 0xd656, 0xd656, 0xd656, 0xd656, 0xd656, 0xd656, 0xd656, 
	0xd656, 0xd656, 0xde56, 0xd656, 0xd656, 0xd656, 0xde56, 0xde56, 0xde56, 0xde56, 0xde56, 0xde76, 0xde76, 0xde76, 0xde76, 0xde76, 
	0xde76, 0xde76, 0xde97, 0xde97, 0xde97, 0xde97, 0xde97, 0xde97, 0xde97, 0xde97, 0xde97, 0xde97, 0xe6b8, 0xe6b8, 0xe6b8, 0xe6b8, 
	0xe6b8, 0xe6b8, 0xe6b8, 0xe6b8, 0xe6b8, 0xe6b8, 0xe6b8, 0xe6b8, 0xe6d9, 0xe6d9, 0xe6d9, 0xe6d8, 0xe6d8, 0xe6d8, 0xe6d8, 0xeef9, 
	0xeef9, 0xef19, 0xf73a, 0xf73a, 0xf719, 0xef19, 0xef19, 0xe719, 0xe719, 0xe719, 0xe6f8, 0xe6d8, 0xe6d8, 0xdeb8, 0xde77, 0xde77, 
	0xde56, 0xd635, 0xd615, 0xd615, 0xce14, 0xce14, 0xce14, 0xd5f4, 0xcdf3, 0xcdf3, 0xcdd2, 0xc590, 0xc590, 0xbd4f, 0xb50e, 0xb50e, 
	0xb4ed, 0xb4cd, 0xb4cd, 0xb4cd, 0xb4cd, 0xb4cd, 0xb4ee, 0xb4ed, 0xb4ed, 0xb4cd, 0xacac, 0xac8c, 0xac8c, 0xac8c, 0xa4ac, 0xa4ac, 
	0xa4ac, 0xa48c, 0xa48c, 0xa4ad, 0xacad, 0xacad, 0xacce, 0xb4ee, 0xb4ee, 0xb50f, 0xb530, 0xb530, 0xb530, 0xb530, 0xb530, 0xbd72, 
	0xbd93, 0xbd93, 0xbdb4, 0xc5d4, 0xc5d4, 0xcdf5, 0xcdd5, 0xcdd5, 0xcdd5, 0xc5d4, 0xc5b4, 0xc5b4, 0xc5d4, 0xcdd4, 0xcdd4, 0xcdf4, 
	0xcdd4, 0xcdd4, 0xc5b3, 0xc5b2, 0xc5b2, 0xc5d3, 0xc5d3, 0xc5d3, 0xc5d3, 0xcdb2, 0xcdb2, 0xcdd3, 0xcdd3, 0xcdd3, 0xd5f3, 0xcdd3, 
	0xc5b3, 0xc5b3, 0xc593, 0xc5d3, 0xc5d3, 0xcdf5, 0xd636, 0xd636, 0xd636, 0xd636, 0xd636, 0xd656, 0xd656, 0xd656, 0xd636, 0xd636, 
	0xd636, 0xd677, 0xd677, 0xd677, 0xd677, 0xd677, 0xd677, 0xd677, 0xd656, 0xd656, 0xd656, 0xd656, 0xd656, 0xd656, 0xd635, 0xcdf3, 
	0xcdf3, 0xcdd3, 0xd5f3, 0xd5f3, 0xde55, 0xeed8, 0xeed8, 0xef3a, 0xef5b, 0xef5b, 0xef5b, 0xef5b, 0xef5b, 0xef5b, 0xef3b, 0xef3b, 
	0xef3b, 0xef3b, 0xef3b, 0xef3b, 0xef3a, 0xef3a, 0xef3a, 0xef3a, 0xef3a, 0xef3a, 0xef3a, 0xef3a, 0xef3a, 0xef3a, 0xef3a, 0xef3a, 
	0xef3a, 0xef3a, 0xef3a, 0xef3a, 0xef3a, 0xef3a, 0xef3a, 0xef3a, 0xef3a, 0xef3a, 0xef3a, 0xef3a, 0xef3a, 0xef3a, 0xef3a, 0xef3a, 
	0xd635, 0xd636, 0xd636, 0xd636, 0xd656, 0xd656, 0xd656, 0xd656, 0xd656, 0xd656, 0xd656, 0xd656, 0xd656, 0xd656, 0xd656, 0xd656, 
	0xd656, 0xd656, 0xde56, 0xd656, 0xd656, 0xd656, 0xde56, 0xde56, 0xde56, 0xde56, 0xde56, 0xde76, 0xde76, 0xde76, 0xde76, 0xde76, 
	0xde76, 0xde76, 0xde97, 0xde97, 0xde97, 0xde97, 0xde97, 0xde97, 0xde97, 0xde97, 0xde97, 0xde97, 0xe6b8, 0xe6b8, 0xe6b8, 0xe6b8, 
	0xe6b8, 0xe6b8, 0xe6b8, 0xe6b8, 0xe6b8, 0xe6b8, 0xe6b8, 0xe6b8, 0xe6d9, 0xe6d9, 0xe6d9, 0xe6d8, 0xe6d8, 0xe6d8, 0xe6d8, 0xeef9, 
	0xeef9, 0xef19, 0xf73a, 0xf73a, 0xf719, 0xef19, 0xef19, 0xe719, 0xe719, 0xe719, 0xe6f8, 0xe6d8, 0xe6d8, 0xdeb8, 0xde77, 0xde77, 
	0xde56, 0xd635, 0xd615, 0xd615, 0xce14, 0xce14, 0xce14, 0xd5f4, 0xcdf3, 0xcdf3, 0xcdd2, 0xc590, 0xc590, 0xbd4f, 0xb50e, 0xb50e, 
	0xb4ed, 0xb4cd, 0xb4cd, 0xb4cd, 0xb4cd, 0xb4cd, 0xb4ee, 0xb4ed, 0xb4ed, 0xb4cd, 0xacac, 0xac8c, 0xac8c, 0xac8c, 0xa4ac, 0xa4ac, 
	0xa4ac, 0xa48c, 0xa48c, 0xa4ad, 0xacad, 0xacad, 0xacce, 0xb4ee, 0xb4ee, 0xb50f, 0xb530, 0xb530, 0xb530, 0xb530, 0xb530, 0xbd72, 
	0xbd93, 0xbd93, 0xbdb4, 0xc5d4, 0xc5d4, 0xcdf5, 0xcdd5, 0xcdd5, 0xcdd5, 0xc5d4, 0xc5b4, 0xc5b4, 0xc5d4, 0xcdd4, 0xcdd4, 0xcdf4, 
	0xcdd4, 0xcdd4, 0xc5b3, 0xc5b2, 0xc5b2, 0xc5d3, 0xc5d3, 0xc5d3, 0xc5d3, 0xcdb2, 0xcdb2, 0xcdd3, 0xcdd3, 0xcdd3, 0xd5f3, 0xcdd3, 
	0xc5b3, 0xc5b3, 0xc593, 0xc5d3, 0xc5d3, 0xcdf5, 0xd636, 0xd636, 0xd636, 0xd636, 0xd636, 0xd656, 0xd656, 0xd656, 0xd636, 0xd636, 
	0xd636, 0xd677, 0xd677, 0xd677, 0xd677, 0xd677, 0xd677, 0xd677, 0xd656, 0xd656, 0xd656, 0xd656, 0xd656, 0xd656, 0xd635, 0xcdf3, 
	0xcdf3, 0xcdd3, 0xd5f3, 0xd5f3, 0xde55, 0xeed8, 0xeed8, 0xef3a, 0xef5b, 0xef5b, 0xef5b, 0xef5b, 0xef5b, 0xef5b, 0xef3b, 0xef3b, 
	0xef3b, 0xef3b, 0xef3b, 0xef3b, 0xef3a, 0xef3a, 0xef3a, 0xef3a, 0xef3a, 0xef3a, 0xef3a, 0xef3a, 0xef3a, 0xef3a, 0xef3a, 0xef3a, 
	0xef3a, 0xef3a, 0xef3a, 0xef3a, 0xef3a, 0xef3a, 0xef3a, 0xef3a, 0xef3a, 0xef3a, 0xef3a, 0xef3a, 0xef3a, 0xef3a, 0xef3a, 0xef3a, 
	0xd615, 0xd635, 0xd635, 0xd635, 0xd635, 0xd635, 0xd635, 0xd635, 0xd635, 0xd635, 0xd636, 0xd636, 0xd636, 0xd636, 0xd636, 0xd636, 
	0xd636, 0xd636, 0xd636, 0xd636, 0xd636, 0xd656, 0xd656, 0xd656, 0xde56, 0xde56, 0xde56, 0xde56, 0xde56, 0xde76, 0xde76, 0xde76, 
	0xde76, 0xde76, 0xde76, 0xde76, 0xde76, 0xde76, 0xde76, 0xde76, 0xde76, 0xde76, 0xde76, 0xde97, 0xe697, 0xe697, 0xe6b8, 0xe6b8, 
	0xe6b8, 0xe6b8, 0xe6b8, 0xe6b8, 0xe6b8, 0xe6b8, 0xe6b8, 0xe6b8, 0xe6b8, 0xe6b8, 0xe6b8, 0xe6b8, 0xe6b8, 0xe6b8, 0xe6b8, 0xeed8, 
	0xeed8, 0xef19, 0xef3a, 0xef3a, 0xef3a, 0xef3a, 0xef3a, 0xe71a, 0xe719, 0xe719, 0xe6f9, 0xded9, 0xded9, 0xdeb8, 0xde77, 0xde77, 
	0xde76, 0xd636, 0xd615, 0xd615, 0xd615, 0xce14, 0xce14, 0xd613, 0xcdf2, 0xcdf2, 0xcdd2, 0xcdb1, 0xcdb1, 0xc570, 0xbd4f, 0xbd4f, 
	0xb50f, 0xb4ee, 0xb4ee, 0xb4ee, 0xb4ee, 0xb4ee, 0xaced, 0xaced, 0xaced, 0xaccd, 0xaccd, 0xacac, 0xacac, 0xa4ac, 0xa4ac, 0xa4ac, 
	0xa48c, 0xacad, 0xacad, 0xacce, 0xacee, 0xacee, 0xad0e, 0xb50f, 0xb50f, 0xb530, 0xbd71, 0xbd71, 0xbd92, 0xbd93, 0xbd93, 0xc5d5, 
	0xcdf5, 0xcdf5, 0xc5f5, 0xce15, 0xce15, 0xce16, 0xce16, 0xc5f5, 0xc5f5, 0xc5d5, 0xb572, 0xb572, 0xbdb2, 0xce14, 0xce14, 0xcdf4, 
	0xc5d3, 0xc5d3, 0xc5b3, 0xc5b3, 0xc5b3, 0xc5d3, 0xcdf4, 0xcdf4, 0xcdd4, 0xcdd3, 0xcdd3, 0xc5b2, 0xcdd3, 0xcdd3, 0xcdf3, 0xc592, 
	0xc5b2, 0xc5b2, 0xce14, 0xd635, 0xd635, 0xd656, 0xd677, 0xd677, 0xd677, 0xde98, 0xde98, 0xd677, 0xd656, 0xd656, 0xd676, 0xd676, 
	0xd676, 0xde97, 0xd677, 0xd677, 0xd677, 0xd677, 0xd677, 0xd656, 0xd657, 0xd657, 0xd677, 0xd656, 0xd636, 0xd636, 0xce14, 0xd5f4, 
	0xd5f4, 0xd5f4, 0xd5d3, 0xd5d3, 0xde14, 0xe6b7, 0xe6b7, 0xef19, 0xef3a, 0xef3a, 0xef3b, 0xef3b, 0xef3b, 0xef3b, 0xef3b, 0xef3b, 
	0xef3b, 0xef3b, 0xef3b, 0xef3b, 0xef3a, 0xef3a, 0xef3a, 0xef3a, 0xef3a, 0xef3a, 0xef3a, 0xef3a, 0xef3a, 0xef3a, 0xef3a, 0xef3a, 
	0xef3a, 0xef3a, 0xef3a, 0xef3a, 0xef3a, 0xef3a, 0xe71a, 0xe71a, 0xe71a, 0xe71a, 0xe71a, 0xe71a, 0xe71a, 0xef3a, 0xef3a, 0xe71a, 
	0xd615, 0xd635, 0xd635, 0xd635, 0xd635, 0xd635, 0xd635, 0xd635, 0xd635, 0xd635, 0xd636, 0xd636, 0xd636, 0xd636, 0xd636, 0xd636, 
	0xd636, 0xd636, 0xd636, 0xd636, 0xd636, 0xd656, 0xd656, 0xd656, 0xde56, 0xde56, 0xde56, 0xde56, 0xde56, 0xde76, 0xde76, 0xde76, 
	0xde76, 0xde76, 0xde76, 0xde76, 0xde76, 0xde76, 0xde76, 0xde76, 0xde76, 0xde76, 0xde76, 0xde97, 0xe697, 0xe697, 0xe6b8, 0xe6b8, 
	0xe6b8, 0xe6b8, 0xe6b8, 0xe6b8, 0xe6b8, 0xe6b8, 0xe6b8, 0xe6b8, 0xe6b8, 0xe6b8, 0xe6b8, 0xe6b8, 0xe6b8, 0xe6b8, 0xe6b8, 0xeed8, 
	0xeed8, 0xef19, 0xef3a, 0xef3a, 0xef3a, 0xef3a, 0xef3a, 0xe71a, 0xe719, 0xe719, 0xe6f9, 0xded9, 0xded9, 0xdeb8, 0xde77, 0xde77, 
	0xde76, 0xd636, 0xd615, 0xd615, 0xd615, 0xce14, 0xce14, 0xd613, 0xcdf2, 0xcdf2, 0xcdd2, 0xcdb1, 0xcdb1, 0xc570, 0xbd4f, 0xbd4f, 
	0xb50f, 0xb4ee, 0xb4ee, 0xb4ee, 0xb4ee, 0xb4ee, 0xaced, 0xaced, 0xaced, 0xaccd, 0xaccd, 0xacac, 0xacac, 0xa4ac, 0xa4ac, 0xa4ac, 
	0xa48c, 0xacad, 0xacad, 0xacce, 0xacee, 0xacee, 0xad0e, 0xb50f, 0xb50f, 0xb530, 0xbd71, 0xbd71, 0xbd92, 0xbd93, 0xbd93, 0xc5d5, 
	0xcdf5, 0xcdf5, 0xc5f5, 0xce15, 0xce15, 0xce16, 0xce16, 0xc5f5, 0xc5f5, 0xc5d5, 0xb572, 0xb572, 0xbdb2, 0xce14, 0xce14, 0xcdf4, 
	0xc5d3, 0xc5d3, 0xc5b3, 0xc5b3, 0xc5b3, 0xc5d3, 0xcdf4, 0xcdf4, 0xcdd4, 0xcdd3, 0xcdd3, 0xc5b2, 0xcdd3, 0xcdd3, 0xcdf3, 0xc592, 
	0xc5b2, 0xc5b2, 0xce14, 0xd635, 0xd635, 0xd656, 0xd677, 0xd677, 0xd677, 0xde98, 0xde98, 0xd677, 0xd656, 0xd656, 0xd676, 0xd676, 
	0xd676, 0xde97, 0xd677, 0xd677, 0xd677, 0xd677, 0xd677, 0xd656, 0xd657, 0xd657, 0xd677, 0xd656, 0xd636, 0xd636, 0xce14, 0xd5f4, 
	0xd5f4, 0xd5f4, 0xd5d3, 0xd5d3, 0xde14, 0xe6b7, 0xe6b7, 0xef19, 0xef3a, 0xef3a, 0xef3b, 0xef3b, 0xef3b, 0xef3b, 0xef3b, 0xef3b, 
	0xef3b, 0xef3b, 0xef3b, 0xef3b, 0xef3a, 0xef3a, 0xef3a, 0xef3a, 0xef3a, 0xef3a, 0xef3a, 0xef3a, 0xef3a, 0xef3a, 0xef3a, 0xef3a, 
	0xef3a, 0xef3a, 0xef3a, 0xef3a, 0xef3a, 0xef3a, 0xe71a, 0xe71a, 0xe71a, 0xe71a, 0xe71a, 0xe71a, 0xe71a, 0xef3a, 0xef3a, 0xe71a, 
	0xd615, 0xd635, 0xd635, 0xd635, 0xd635, 0xd635, 0xd635, 0xd635, 0xd635, 0xd635, 0xd635, 0xd635, 0xd635, 0xd636, 0xd636, 0xd636, 
	0xd636, 0xd636, 0xd636, 0xd636, 0xd636, 0xd636, 0xd656, 0xd656, 0xde56, 0xde56, 0xde56, 0xde56, 0xde56, 0xde76, 0xde76, 0xde76, 
	0xde76, 0xde76, 0xde76, 0xde76, 0xde76, 0xde76, 0xde76, 0xde76, 0xde76, 0xde76, 0xde76, 0xde76, 0xde97, 0xde97, 0xe697, 0xe6b7, 
	0xe6b7, 0xe6b7, 0xe6b7, 0xe6b7, 0xe697, 0xe6b7, 0xe6b8, 0xe6b8, 0xe6b8, 0xe6b8, 0xe6b8, 0xe6b8, 0xe6b8, 0xe6b8, 0xe6b8, 0xe6d8, 
	0xe6d8, 0xf73a, 0xf73a, 0xf73a, 0xef3a, 0xef3a, 0xef3a, 0xef1a, 0xe71a, 0xe71a, 0xe6f9, 0xded9, 0xded9, 0xdeb8, 0xd677, 0xd677, 
	0xde77, 0xde76, 0xd656, 0xd656, 0xd635, 0xce14, 0xce14, 0xcdf3, 0xcdb2, 0xcdb2, 0xcdb1, 0xcdb2, 0xcdb2, 0xc591, 0xc571, 0xc571, 
	0xbd50, 0xbd2f, 0xbd2f, 0xb52f, 0xb50f, 0xb50f, 0xb50e, 0xb50e, 0xb50e, 0xb52e, 0xb52e, 0xbd2e, 0xbd2e, 0xb4ed, 0xaccd, 0xaccd, 
	0xacce, 0xacce, 0xacce, 0xacee, 0xa4ad, 0xa4ad, 0xa4ce, 0xb510, 0xb510, 0xbd72, 0xbd72, 0xbd72, 0xc593, 0xcdd4, 0xcdd4, 0xc5d5, 
	0xc5d5, 0xc5d5, 0xce36, 0xce36, 0xce36, 0xce15, 0xc5f5, 0xbdb4, 0xbdb4, 0xb552, 0xb552, 0xb552, 0xc614, 0xcdf4, 0xcdf4, 0xc5b3, 
	0xc5d3, 0xc5d3, 0xc5d3, 0xcdf4, 0xcdf4, 0xce14, 0xce15, 0xce15, 0xce15, 0xcdf4, 0xcdf4, 0xc5d3, 0xcdf4, 0xcdf4, 0xcdf4, 0xcdf4, 
	0xce14, 0xce14, 0xd655, 0xd655, 0xd655, 0xd677, 0xd677, 0xd677, 0xd677, 0xd677, 0xd677, 0xd677, 0xd676, 0xd676, 0xd656, 0xd656, 
	0xd656, 0xd656, 0xd656, 0xd656, 0xce36, 0xce36, 0xce36, 0xd656, 0xce36, 0xce36, 0xce16, 0xce36, 0xce36, 0xce36, 0xd615, 0xd614, 
	0xd614, 0xde14, 0xd5f2, 0xd5f2, 0xd613, 0xe6b7, 0xe6b7, 0xef19, 0xef3a, 0xef3a, 0xef3b, 0xef3b, 0xef3b, 0xef3b, 0xef3b, 0xef3b, 
	0xef3b, 0xef3b, 0xef3b, 0xef3b, 0xef3a, 0xef3a, 0xef3a, 0xef3a, 0xef3a, 0xef3a, 0xef3a, 0xef3a, 0xef3a, 0xe71a, 0xe71a, 0xe71a, 
	0xe71a, 0xef3a, 0xef3a, 0xef3a, 0xef1a, 0xef1a, 0xe71a, 0xe71a, 0xe71a, 0xe71a, 0xe71a, 0xe71a, 0xe71a, 0xe71a, 0xe71a, 0xe71a, 
	0xd615, 0xd635, 0xd635, 0xd635, 0xd635, 0xd635, 0xd635, 0xd635, 0xd635, 0xd635, 0xd635, 0xd635, 0xd635, 0xd636, 0xd636, 0xd636, 
	0xd636, 0xd636, 0xd636, 0xd636, 0xd636, 0xd636, 0xd656, 0xd656, 0xde56, 0xde56, 0xde56, 0xde56, 0xde56, 0xde76, 0xde76, 0xde76, 
	0xde76, 0xde76, 0xde76, 0xde76, 0xde76, 0xde76, 0xde76, 0xde76, 0xde76, 0xde76, 0xde76, 0xde76, 0xde97, 0xde97, 0xe697, 0xe6b7, 
	0xe6b7, 0xe6b7, 0xe6b7, 0xe6b7, 0xe697, 0xe6b7, 0xe6b8, 0xe6b8, 0xe6b8, 0xe6b8, 0xe6b8, 0xe6b8, 0xe6b8, 0xe6b8, 0xe6b8, 0xe6d8, 
	0xe6d8, 0xf73a, 0xf73a, 0xf73a, 0xef3a, 0xef3a, 0xef3a, 0xef1a, 0xe71a, 0xe71a, 0xe6f9, 0xded9, 0xded9, 0xdeb8, 0xd677, 0xd677, 
	0xde77, 0xde76, 0xd656, 0xd656, 0xd635, 0xce14, 0xce14, 0xcdf3, 0xcdb2, 0xcdb2, 0xcdb1, 0xcdb2, 0xcdb2, 0xc591, 0xc571, 0xc571, 
	0xbd50, 0xbd2f, 0xbd2f, 0xb52f, 0xb50f, 0xb50f, 0xb50e, 0xb50e, 0xb50e, 0xb52e, 0xb52e, 0xbd2e, 0xbd2e, 0xb4ed, 0xaccd, 0xaccd, 
	0xacce, 0xacce, 0xacce, 0xacee, 0xa4ad, 0xa4ad, 0xa4ce, 0xb510, 0xb510, 0xbd72, 0xbd72, 0xbd72, 0xc593, 0xcdd4, 0xcdd4, 0xc5d5, 
	0xc5d5, 0xc5d5, 0xce36, 0xce36, 0xce36, 0xce15, 0xc5f5, 0xbdb4, 0xbdb4, 0xb552, 0xb552, 0xb552, 0xc614, 0xcdf4, 0xcdf4, 0xc5b3, 
	0xc5d3, 0xc5d3, 0xc5d3, 0xcdf4, 0xcdf4, 0xce14, 0xce15, 0xce15, 0xce15, 0xcdf4, 0xcdf4, 0xc5d3, 0xcdf4, 0xcdf4, 0xcdf4, 0xcdf4, 
	0xce14, 0xce14, 0xd655, 0xd655, 0xd655, 0xd677, 0xd677, 0xd677, 0xd677, 0xd677, 0xd677, 0xd677, 0xd676, 0xd676, 0xd656, 0xd656, 
	0xd656, 0xd656, 0xd656, 0xd656, 0xce36, 0xce36, 0xce36, 0xd656, 0xce36, 0xce36, 0xce16, 0xce36, 0xce36, 0xce36, 0xd615, 0xd614, 
	0xd614, 0xde14, 0xd5f2, 0xd5f2, 0xd613, 0xe6b7, 0xe6b7, 0xef19, 0xef3a, 0xef3a, 0xef3b, 0xef3b, 0xef3b, 0xef3b, 0xef3b, 0xef3b, 
	0xef3b, 0xef3b, 0xef3b, 0xef3b, 0xef3a, 0xef3a, 0xef3a, 0xef3a, 0xef3a, 0xef3a, 0xef3a, 0xef3a, 0xef3a, 0xe71a, 0xe71a, 0xe71a, 
	0xe71a, 0xef3a, 0xef3a, 0xef3a, 0xef1a, 0xef1a, 0xe71a, 0xe71a, 0xe71a, 0xe71a, 0xe71a, 0xe71a, 0xe71a, 0xe71a, 0xe71a, 0xe71a, 
	0xd615, 0xd635, 0xd635, 0xd635, 0xd635, 0xd635, 0xd635, 0xd635, 0xd635, 0xd635, 0xd635, 0xd635, 0xd635, 0xd636, 0xd636, 0xd636, 
	0xd636, 0xd636, 0xd636, 0xd636, 0xd636, 0xd636, 0xd636, 0xd636, 0xd656, 0xd656, 0xd656, 0xde56, 0xde56, 0xde56, 0xde56, 0xde76, 
	0xde76, 0xde76, 0xde76, 0xde76, 0xde76, 0xde76, 0xde76, 0xde76, 0xde76, 0xde76, 0xde76, 0xde76, 0xde97, 0xde97, 0xde97, 0xde97, 
	0xde97, 0xde97, 0xde97, 0xde97, 0xde97, 0xe697, 0xe6b8, 0xe6b8, 0xe6b8, 0xe6b8, 0xe6b8, 0xe6b8, 0xe6b8, 0xe6b8, 0xe6b8, 0xe6d8, 
	0xe6d8, 0xf73a, 0xf75a, 0xf75a, 0xf75b, 0xef3a, 0xef3a, 0xef3a, 0xe71a, 0xe71a, 0xe6f9, 0xded9, 0xded9, 0xdeb8, 0xde77, 0xde77, 
	0xde77, 0xd676, 0xde56, 0xde56, 0xd635, 0xd614, 0xd614, 0xcdf3, 0xcdb2, 0xcdb2, 0xcdb2, 0xcdb2, 0xcdb2, 0xcd92, 0xc592, 0xc592, 
	0xc571, 0xbd30, 0xbd30, 0xb50f, 0xb50f, 0xb50f, 0xb50e, 0xb50e, 0xb50e, 0xb52e, 0xbd2e, 0xbd4f, 0xbd4f, 0xbd2e, 0xb50e, 0xb50e, 
	0xbd2f, 0xbd50, 0xbd50, 0xbd71, 0xbd50, 0xbd50, 0xb550, 0xbd52, 0xbd52, 0xbd73, 0xcdd4, 0xcdd4, 0xcdd4, 0xcdf5, 0xcdf5, 0xcdd5, 
	0xce16, 0xce16, 0xd656, 0xce36, 0xce36, 0xc5f5, 0xc5d4, 0xbdb3, 0xbdb3, 0xb572, 0xb592, 0xb592, 0xc5f3, 0xc5d3, 0xc5d3, 0xcdf4, 
	0xc5d3, 0xc5d3, 0xc5d4, 0xce15, 0xce15, 0xce35, 0xce35, 0xce35, 0xce35, 0xcdf5, 0xcdf5, 0xcdf4, 0xce15, 0xce15, 0xcdf5, 0xce15, 
	0xd636, 0xd636, 0xce56, 0xce36, 0xce36, 0xd656, 0xd677, 0xd677, 0xd677, 0xd677, 0xd677, 0xd677, 0xd676, 0xd676, 0xd656, 0xd656, 
	0xd656, 0xd656, 0xce36, 0xce36, 0xd656, 0xce36, 0xce36, 0xce36, 0xce16, 0xce16, 0xce16, 0xce36, 0xd636, 0xd636, 0xd635, 0xd614, 
	0xd614, 0xd5d3, 0xcdb1, 0xcdb1, 0xcdb2, 0xe6b7, 0xe6b7, 0xef19, 0xef3a, 0xef3a, 0xef3b, 0xef3b, 0xef3b, 0xef3b, 0xef3b, 0xef3b, 
	0xef3b, 0xef3b, 0xef3b, 0xef3b, 0xe71a, 0xe71a, 0xe71a, 0xe71a, 0xe71a, 0xe71a, 0xe71a, 0xef3a, 0xef3a, 0xe71a, 0xe71a, 0xe71a, 
	0xe71a, 0xe71a, 0xe71a, 0xe71a, 0xe71a, 0xe71a, 0xe719, 0xe71a, 0xe71a, 0xe71a, 0xe71a, 0xe71a, 0xe71a, 0xe71a, 0xe71a, 0xe71a, 
	0xd615, 0xd615, 0xd615, 0xd615, 0xd615, 0xd615, 0xd615, 0xd615, 0xd615, 0xd615, 0xd615, 0xd615, 0xd615, 0xd615, 0xd615, 0xd635, 
	0xd635, 0xd635, 0xd636, 0xd636, 0xd636, 0xd636, 0xd636, 0xd636, 0xd636, 0xde36, 0xde36, 0xde56, 0xde56, 0xde56, 0xde56, 0xde56, 
	0xde56, 0xde56, 0xde56, 0xde56, 0xde56, 0xde76, 0xde76, 0xde76, 0xde76, 0xde76, 0xde76, 0xde76, 0xde76, 0xde76, 0xde76, 0xde76, 
	0xde76, 0xde76, 0xde97, 0xde97, 0xde97, 0xde97, 0xde97, 0xde97, 0xdeb8, 0xdeb8, 0xdeb8, 0xe698, 0xe698, 0xe698, 0xe6b8, 0xe6d9, 
	0xe6d9, 0xf71a, 0xf75b, 0xf75b, 0xf75b, 0xef3b, 0xef3b, 0xef3b, 0xe73b, 0xe73b, 0xe71a, 0xdef9, 0xdef9, 0xded9, 0xde98, 0xde98, 
	0xde77, 0xd676, 0xd656, 0xd656, 0xd656, 0xd635, 0xd635, 0xce14, 0xcdf3, 0xcdf3, 0xcdd3, 0xc592, 0xc592, 0xc592, 0xc571, 0xc571, 
	0xc571, 0xc571, 0xc571, 0xbd70, 0xbd4f, 0xbd4f, 0xb52f, 0xb4ee, 0xb4ee, 0xacce, 0xaccd, 0xb52e, 0xb52e, 0xb50e, 0xb52f, 0xb52f, 
	0xb50f, 0xb551, 0xb551, 0xbd92, 0xbd72, 0xbd72, 0xbd92, 0xbd73, 0xbd73, 0xc5b4, 0xcdf5, 0xcdf5, 0xd636, 0xce15, 0xce15, 0xc5d5, 
	0xce16, 0xce16, 0xc5f5, 0xc5d5, 0xc5d5, 0xbdb4, 0xc5d3, 0xc5d4, 0xc5d4, 0xc5d3, 0xbdd3, 0xbdd3, 0xbdd3, 0xc5b3, 0xc5b3, 0xbd93, 
	0xc5b3, 0xc5b3, 0xd635, 0xd635, 0xd635, 0xce15, 0xce15, 0xce15, 0xce35, 0xd636, 0xd636, 0xd636, 0xd636, 0xd636, 0xd636, 0xd636, 
	0xd677, 0xd677, 0xd677, 0xce56, 0xce56, 0xd656, 0xd697, 0xd697, 0xd697, 0xd677, 0xd677, 0xd656, 0xd657, 0xd657, 0xde97, 0xdeb8, 
	0xdeb8, 0xde98, 0xd677, 0xd677, 0xd657, 0xce36, 0xce36, 0xce36, 0xd657, 0xd657, 0xd656, 0xd676, 0xd656, 0xd656, 0xd614, 0xd5f3, 
	0xd5f3, 0xd5d2, 0xcdb1, 0xcdb1, 0xcdb1, 0xe696, 0xe696, 0xef1a, 0xef1b, 0xef1b, 0xef1b, 0xef3b, 0xef3b, 0xef3b, 0xef3b, 0xef3b, 
	0xef3b, 0xef1b, 0xef1b, 0xe71b, 0xe71a, 0xe71a, 0xe71a, 0xe71a, 0xe71a, 0xe71a, 0xe71a, 0xe71a, 0xe71a, 0xe71a, 0xe71a, 0xe71a, 
	0xe71a, 0xe71a, 0xe71a, 0xe71a, 0xe71a, 0xe71a, 0xe71a, 0xe71a, 0xe71a, 0xe71a, 0xe71a, 0xe71a, 0xe71a, 0xe71a, 0xe71a, 0xe71a, 
	0xd615, 0xd615, 0xd615, 0xd615, 0xd615, 0xd615, 0xd615, 0xd615, 0xd615, 0xd615, 0xd615, 0xd615, 0xd615, 0xd615, 0xd615, 0xd635, 
	0xd635, 0xd635, 0xd636, 0xd636, 0xd636, 0xd636, 0xd636, 0xd636, 0xd636, 0xde36, 0xde36, 0xde56, 0xde56, 0xde56, 0xde56, 0xde56, 
	0xde56, 0xde56, 0xde56, 0xde56, 0xde56, 0xde76, 0xde76, 0xde76, 0xde76, 0xde76, 0xde76, 0xde76, 0xde76, 0xde76, 0xde76, 0xde76, 
	0xde76, 0xde76, 0xde97, 0xde97, 0xde97, 0xde97, 0xde97, 0xde97, 0xdeb8, 0xdeb8, 0xdeb8, 0xe698, 0xe698, 0xe698, 0xe6b8, 0xe6d9, 
	0xe6d9, 0xf71a, 0xf75b, 0xf75b, 0xf75b, 0xef3b, 0xef3b, 0xef3b, 0xe73b, 0xe73b, 0xe71a, 0xdef9, 0xdef9, 0xded9, 0xde98, 0xde98, 
	0xde77, 0xd676, 0xd656, 0xd656, 0xd656, 0xd635, 0xd635, 0xce14, 0xcdf3, 0xcdf3, 0xcdd3, 0xc592, 0xc592, 0xc592, 0xc571, 0xc571, 
	0xc571, 0xc571, 0xc571, 0xbd70, 0xbd4f, 0xbd4f, 0xb52f, 0xb4ee, 0xb4ee, 0xacce, 0xaccd, 0xb52e, 0xb52e, 0xb50e, 0xb52f, 0xb52f, 
	0xb50f, 0xb551, 0xb551, 0xbd92, 0xbd72, 0xbd72, 0xbd92, 0xbd73, 0xbd73, 0xc5b4, 0xcdf5, 0xcdf5, 0xd636, 0xce15, 0xce15, 0xc5d5, 
	0xce16, 0xce16, 0xc5f5, 0xc5d5, 0xc5d5, 0xbdb4, 0xc5d3, 0xc5d4, 0xc5d4, 0xc5d3, 0xbdd3, 0xbdd3, 0xbdd3, 0xc5b3, 0xc5b3, 0xbd93, 
	0xc5b3, 0xc5b3, 0xd635, 0xd635, 0xd635, 0xce15, 0xce15, 0xce15, 0xce35, 0xd636, 0xd636, 0xd636, 0xd636, 0xd636, 0xd636, 0xd636, 
	0xd677, 0xd677, 0xd677, 0xce56, 0xce56, 0xd656, 0xd697, 0xd697, 0xd697, 0xd677, 0xd677, 0xd656, 0xd657, 0xd657, 0xde97, 0xdeb8, 
	0xdeb8, 0xde98, 0xd677, 0xd677, 0xd657, 0xce36, 0xce36, 0xce36, 0xd657, 0xd657, 0xd656, 0xd676, 0xd656, 0xd656, 0xd614, 0xd5f3, 
	0xd5f3, 0xd5d2, 0xcdb1, 0xcdb1, 0xcdb1, 0xe696, 0xe696, 0xef1a, 0xef1b, 0xef1b, 0xef1b, 0xef3b, 0xef3b, 0xef3b, 0xef3b, 0xef3b, 
	0xef3b, 0xef1b, 0xef1b, 0xe71b, 0xe71a, 0xe71a, 0xe71a, 0xe71a, 0xe71a, 0xe71a, 0xe71a, 0xe71a, 0xe71a, 0xe71a, 0xe71a, 0xe71a, 
	0xe71a, 0xe71a, 0xe71a, 0xe71a, 0xe71a, 0xe71a, 0xe71a, 0xe71a, 0xe71a, 0xe71a, 0xe71a, 0xe71a, 0xe71a, 0xe71a, 0xe71a, 0xe71a, 
	0xd5f5, 0xd615, 0xd615, 0xd615, 0xd615, 0xd615, 0xd615, 0xd615, 0xd615, 0xd615, 0xd615, 0xd615, 0xd615, 0xd615, 0xd615, 0xd615, 
	0xd635, 0xd635, 0xd635, 0xd635, 0xd635, 0xd636, 0xd636, 0xd636, 0xd636, 0xde36, 0xde36, 0xde36, 0xde36, 0xde36, 0xde36, 0xde36, 
	0xd656, 0xd656, 0xde56, 0xde56, 0xde56, 0xde76, 0xde76, 0xde76, 0xde76, 0xde76, 0xde76, 0xde76, 0xde76, 0xde76, 0xde76, 0xde76, 
	0xde76, 0xde76, 0xde76, 0xde76, 0xde97, 0xde97, 0xde97, 0xde97, 0xde97, 0xde97, 0xde97, 0xde98, 0xde98, 0xde98, 0xde98, 0xe6d8, 
	0xe6d8, 0xf719, 0xf75a, 0xf75a, 0xf75b, 0xf75b, 0xf75b, 0xef5b, 0xef3b, 0xef3b, 0xe73a, 0xe719, 0xe719, 0xded9, 0xde98, 0xde98, 
	0xde97, 0xde76, 0xd656, 0xd656, 0xd635, 0xce34, 0xce34, 0xce14, 0xcdf3, 0xcdf3, 0xc5b2, 0xc571, 0xc571, 0xbd51, 0xbd71, 0xbd71, 
	0xbd71, 0xbd50, 0xbd50, 0xbd50, 0xbd70, 0xbd70, 0xbd50, 0xb52f, 0xb52f, 0xb50e, 0xaced, 0xb50e, 0xb50e, 0xb4ee, 0xb50e, 0xb50e, 
	0xbd50, 0xbd51, 0xbd51, 0xbd72, 0xbd92, 0xbd92, 0xbd72, 0xbd52, 0xbd52, 0xbd93, 0xcdd5, 0xcdd5, 0xd636, 0xd636, 0xd636, 0xc5f5, 
	0xce15, 0xce15, 0xc5f5, 0xc5f5, 0xc5f5, 0xc5d5, 0xc5f5, 0xc5d4, 0xc5d4, 0xc5f5, 0xce15, 0xce15, 0xce36, 0xc5b3, 0xc5b3, 0xbd93, 
	0xc5b3, 0xc5b3, 0xc5d4, 0xc5b3, 0xc5b3, 0xce15, 0xce15, 0xce15, 0xce15, 0xd656, 0xd656, 0xd656, 0xd636, 0xd636, 0xd636, 0xd657, 
	0xd677, 0xd677, 0xce56, 0xd697, 0xd697, 0xdeb8, 0xdeb8, 0xdeb8, 0xd697, 0xd677, 0xd677, 0xd656, 0xd677, 0xd677, 0xde98, 0xdeb8, 
	0xdeb8, 0xd697, 0xd677, 0xd677, 0xd697, 0xdeb8, 0xdeb8, 0xdeb8, 0xdeb9, 0xdeb9, 0xde97, 0xd676, 0xd655, 0xd655, 0xd614, 0xcdf3, 
	0xcdf3, 0xcdd2, 0xcd91, 0xcd91, 0xcd90, 0xde55, 0xde55, 0xe6d9, 0xe6fa, 0xe6fa, 0xef1a, 0xef1b, 0xef1b, 0xef3b, 0xef1b, 0xef1b, 
	0xef1b, 0xef1b, 0xef1b, 0xe71a, 0xe71a, 0xe71a, 0xe71a, 0xe71a, 0xe71a, 0xe71a, 0xe71a, 0xe71a, 0xe71a, 0xe71a, 0xe71a, 0xe71a, 
	0xe71a, 0xe71a, 0xe71a, 0xe6fa, 0xe71a, 0xe71a, 0xe6fa, 0xe71a, 0xe71a, 0xe71a, 0xe6fa, 0xe6fa, 0xe6fa, 0xe6fa, 0xe6fa, 0xe6fa, 
	0xd5f5, 0xd615, 0xd615, 0xd615, 0xd615, 0xd615, 0xd615, 0xd615, 0xd615, 0xd615, 0xd615, 0xd615, 0xd615, 0xd615, 0xd615, 0xd615, 
	0xd635, 0xd635, 0xd635, 0xd635, 0xd635, 0xd636, 0xd636, 0xd636, 0xd636, 0xde36, 0xde36, 0xde36, 0xde36, 0xde36, 0xde36, 0xde36, 
	0xd656, 0xd656, 0xde56, 0xde56, 0xde56, 0xde76, 0xde76, 0xde76, 0xde76, 0xde76, 0xde76, 0xde76, 0xde76, 0xde76, 0xde76, 0xde76, 
	0xde76, 0xde76, 0xde76, 0xde76, 0xde97, 0xde97, 0xde97, 0xde97, 0xde97, 0xde97, 0xde97, 0xde98, 0xde98, 0xde98, 0xde98, 0xe6d8, 
	0xe6d8, 0xf719, 0xf75a, 0xf75a, 0xf75b, 0xf75b, 0xf75b, 0xef5b, 0xef3b, 0xef3b, 0xe73a, 0xe719, 0xe719, 0xded9, 0xde98, 0xde98, 
	0xde97, 0xde76, 0xd656, 0xd656, 0xd635, 0xce34, 0xce34, 0xce14, 0xcdf3, 0xcdf3, 0xc5b2, 0xc571, 0xc571, 0xbd51, 0xbd71, 0xbd71, 
	0xbd71, 0xbd50, 0xbd50, 0xbd50, 0xbd70, 0xbd70, 0xbd50, 0xb52f, 0xb52f, 0xb50e, 0xaced, 0xb50e, 0xb50e, 0xb4ee, 0xb50e, 0xb50e, 
	0xbd50, 0xbd51, 0xbd51, 0xbd72, 0xbd92, 0xbd92, 0xbd72, 0xbd52, 0xbd52, 0xbd93, 0xcdd5, 0xcdd5, 0xd636, 0xd636, 0xd636, 0xc5f5, 
	0xce15, 0xce15, 0xc5f5, 0xc5f5, 0xc5f5, 0xc5d5, 0xc5f5, 0xc5d4, 0xc5d4, 0xc5f5, 0xce15, 0xce15, 0xce36, 0xc5b3, 0xc5b3, 0xbd93, 
	0xc5b3, 0xc5b3, 0xc5d4, 0xc5b3, 0xc5b3, 0xce15, 0xce15, 0xce15, 0xce15, 0xd656, 0xd656, 0xd656, 0xd636, 0xd636, 0xd636, 0xd657, 
	0xd677, 0xd677, 0xce56, 0xd697, 0xd697, 0xdeb8, 0xdeb8, 0xdeb8, 0xd697, 0xd677, 0xd677, 0xd656, 0xd677, 0xd677, 0xde98, 0xdeb8, 
	0xdeb8, 0xd697, 0xd677, 0xd677, 0xd697, 0xdeb8, 0xdeb8, 0xdeb8, 0xdeb9, 0xdeb9, 0xde97, 0xd676, 0xd655, 0xd655, 0xd614, 0xcdf3, 
	0xcdf3, 0xcdd2, 0xcd91, 0xcd91, 0xcd90, 0xde55, 0xde55, 0xe6d9, 0xe6fa, 0xe6fa, 0xef1a, 0xef1b, 0xef1b, 0xef3b, 0xef1b, 0xef1b, 
	0xef1b, 0xef1b, 0xef1b, 0xe71a, 0xe71a, 0xe71a, 0xe71a, 0xe71a, 0xe71a, 0xe71a, 0xe71a, 0xe71a, 0xe71a, 0xe71a, 0xe71a, 0xe71a, 
	0xe71a, 0xe71a, 0xe71a, 0xe6fa, 0xe71a, 0xe71a, 0xe6fa, 0xe71a, 0xe71a, 0xe71a, 0xe6fa, 0xe6fa, 0xe6fa, 0xe6fa, 0xe6fa, 0xe6fa, 
	0xd5f5, 0xd5f5, 0xd5f5, 0xd5f5, 0xd615, 0xd615, 0xd615, 0xd615, 0xd615, 0xd5f5, 0xd615, 0xd615, 0xd615, 0xd615, 0xd615, 0xd615, 
	0xd635, 0xd635, 0xd635, 0xd635, 0xd635, 0xd636, 0xd636, 0xd636, 0xd636, 0xde36, 0xde36, 0xde36, 0xde36, 0xde36, 0xde36, 0xde36, 
	0xd656, 0xd656, 0xde56, 0xde56, 0xde56, 0xde56, 0xde76, 0xde76, 0xde76, 0xde76, 0xde76, 0xde76, 0xde56, 0xde56, 0xde56, 0xde56, 
	0xde56, 0xde56, 0xde76, 0xde76, 0xde76, 0xde77, 0xde97, 0xde97, 0xde97, 0xde97, 0xde97, 0xde98, 0xde98, 0xde98, 0xde98, 0xe6b7, 
	0xe6b7, 0xef18, 0xf73a, 0xf73a, 0xef5b, 0xf75b, 0xf75b, 0xef5b, 0xef3b, 0xef3b, 0xe73a, 0xe719, 0xe719, 0xded9, 0xde98, 0xde98, 
	0xde97, 0xde76, 0xd656, 0xd656, 0xd635, 0xce34, 0xce34, 0xce14, 0xcdd3, 0xcdd3, 0xc5d2, 0xcdb2, 0xcdb2, 0xc572, 0xc591, 0xc591, 
	0xc571, 0xbd70, 0xbd70, 0xbd70, 0xbd70, 0xbd70, 0xbd70, 0xbd2f, 0xbd2f, 0xb4ee, 0xaced, 0xb50e, 0xb50e, 0xb52e, 0xb50f, 0xb50f, 
	0xb530, 0xbd71, 0xbd71, 0xb551, 0xbd71, 0xbd71, 0xc593, 0xc5b3, 0xc5b3, 0xc594, 0xbd73, 0xbd73, 0xc5b4, 0xc5f5, 0xc5f5, 0xc5f5, 
	0xce15, 0xce15, 0xc5f5, 0xc5d5, 0xc5d5, 0xc5f5, 0xce16, 0xce36, 0xce36, 0xce16, 0xce16, 0xce16, 0xce16, 0xcdf4, 0xcdf4, 0xce15, 
	0xc5d4, 0xc5d4, 0xb552, 0xb531, 0xb531, 0xc5b4, 0xcdd4, 0xcdd4, 0xce15, 0xce15, 0xce15, 0xce15, 0xd636, 0xd636, 0xde57, 0xd677, 
	0xce56, 0xce56, 0xd677, 0xd698, 0xd698, 0xdeb8, 0xd697, 0xd697, 0xce56, 0xce36, 0xce36, 0xd656, 0xd677, 0xd677, 0xd697, 0xd697, 
	0xd697, 0xd677, 0xd677, 0xd677, 0xde98, 0xdeb8, 0xdeb8, 0xdeb8, 0xde98, 0xde98, 0xd656, 0xce35, 0xce14, 0xce14, 0xce14, 0xcdf3, 
	0xcdf3, 0xcdb2, 0xcd70, 0xcd70, 0xcd70, 0xde55, 0xde55, 0xe6fa, 0xe71a, 0xe71a, 0xe71a, 0xe71a, 0xe71a, 0xe71a, 0xe71a, 0xe71a, 
	0xef1b, 0xe71a, 0xe71a, 0xe71a, 0xe71a, 0xe71a, 0xe71a, 0xe71a, 0xe71a, 0xe71a, 0xe71a, 0xe71a, 0xe71a, 0xe71a, 0xe71a, 0xe71a, 
	0xe71a, 0xe71a, 0xe71a, 0xe6fa, 0xe71a, 0xe71a, 0xe71a, 0xe71a, 0xe71a, 0xe71a, 0xe6fa, 0xe6fa, 0xe6fa, 0xe6fa, 0xe6fa, 0xe6fa, 
	0xd5f5, 0xd5f5, 0xd5f5, 0xd5f5, 0xd615, 0xd615, 0xd615, 0xd615, 0xd615, 0xd5f5, 0xd615, 0xd615, 0xd615, 0xd615, 0xd615, 0xd615, 
	0xd635, 0xd635, 0xd635, 0xd635, 0xd635, 0xd636, 0xd636, 0xd636, 0xd636, 0xde36, 0xde36, 0xde36, 0xde36, 0xde36, 0xde36, 0xde36, 
	0xd656, 0xd656, 0xde56, 0xde56, 0xde56, 0xde56, 0xde76, 0xde76, 0xde76, 0xde76, 0xde76, 0xde76, 0xde56, 0xde56, 0xde56, 0xde56, 
	0xde56, 0xde56, 0xde76, 0xde76, 0xde76, 0xde77, 0xde97, 0xde97, 0xde97, 0xde97, 0xde97, 0xde98, 0xde98, 0xde98, 0xde98, 0xe6b7, 
	0xe6b7, 0xef18, 0xf73a, 0xf73a, 0xef5b, 0xf75b, 0xf75b, 0xef5b, 0xef3b, 0xef3b, 0xe73a, 0xe719, 0xe719, 0xded9, 0xde98, 0xde98, 
	0xde97, 0xde76, 0xd656, 0xd656, 0xd635, 0xce34, 0xce34, 0xce14, 0xcdd3, 0xcdd3, 0xc5d2, 0xcdb2, 0xcdb2, 0xc572, 0xc591, 0xc591, 
	0xc571, 0xbd70, 0xbd70, 0xbd70, 0xbd70, 0xbd70, 0xbd70, 0xbd2f, 0xbd2f, 0xb4ee, 0xaced, 0xb50e, 0xb50e, 0xb52e, 0xb50f, 0xb50f, 
	0xb530, 0xbd71, 0xbd71, 0xb551, 0xbd71, 0xbd71, 0xc593, 0xc5b3, 0xc5b3, 0xc594, 0xbd73, 0xbd73, 0xc5b4, 0xc5f5, 0xc5f5, 0xc5f5, 
	0xce15, 0xce15, 0xc5f5, 0xc5d5, 0xc5d5, 0xc5f5, 0xce16, 0xce36, 0xce36, 0xce16, 0xce16, 0xce16, 0xce16, 0xcdf4, 0xcdf4, 0xce15, 
	0xc5d4, 0xc5d4, 0xb552, 0xb531, 0xb531, 0xc5b4, 0xcdd4, 0xcdd4, 0xce15, 0xce15, 0xce15, 0xce15, 0xd636, 0xd636, 0xde57, 0xd677, 
	0xce56, 0xce56, 0xd677, 0xd698, 0xd698, 0xdeb8, 0xd697, 0xd697, 0xce56, 0xce36, 0xce36, 0xd656, 0xd677, 0xd677, 0xd697, 0xd697, 
	0xd697, 0xd677, 0xd677, 0xd677, 0xde98, 0xdeb8, 0xdeb8, 0xdeb8, 0xde98, 0xde98, 0xd656, 0xce35, 0xce14, 0xce14, 0xce14, 0xcdf3, 
	0xcdf3, 0xcdb2, 0xcd70, 0xcd70, 0xcd70, 0xde55, 0xde55, 0xe6fa, 0xe71a, 0xe71a, 0xe71a, 0xe71a, 0xe71a, 0xe71a, 0xe71a, 0xe71a, 
	0xef1b, 0xe71a, 0xe71a, 0xe71a, 0xe71a, 0xe71a, 0xe71a, 0xe71a, 0xe71a, 0xe71a, 0xe71a, 0xe71a, 0xe71a, 0xe71a, 0xe71a, 0xe71a, 
	0xe71a, 0xe71a, 0xe71a, 0xe6fa, 0xe71a, 0xe71a, 0xe71a, 0xe71a, 0xe71a, 0xe71a, 0xe6fa, 0xe6fa, 0xe6fa, 0xe6fa, 0xe6fa, 0xe6fa, 
	0xd5f5, 0xd5f5, 0xd5f5, 0xd5f5, 0xd615, 0xd615, 0xd615, 0xd615, 0xd615, 0xd5f5, 0xd5f5, 0xd5f5, 0xd615, 0xd615, 0xd615, 0xd615, 
	0xd635, 0xd635, 0xd635, 0xd635, 0xd635, 0xd635, 0xd635, 0xd635, 0xd635, 0xd635, 0xd635, 0xd636, 0xde36, 0xde36, 0xde36, 0xde36, 
	0xd636, 0xd636, 0xd656, 0xd656, 0xd656, 0xd656, 0xde56, 0xde56, 0xde56, 0xde56, 0xde56, 0xde56, 0xde56, 0xde56, 0xde56, 0xde56, 
	0xde56, 0xde56, 0xde56, 0xde56, 0xde76, 0xde76, 0xde76, 0xde76, 0xde77, 0xde97, 0xde97, 0xde98, 0xde97, 0xde97, 0xde97, 0xde97, 
	0xde97, 0xe6b7, 0xef19, 0xef19, 0xef3a, 0xef5a, 0xef5a, 0xef3b, 0xef1a, 0xef1a, 0xe6fb, 0xe6fa, 0xe6fa, 0xded8, 0xde97, 0xde97, 
	0xde97, 0xde76, 0xd656, 0xd656, 0xd655, 0xd635, 0xd635, 0xce14, 0xc5d3, 0xc5d3, 0xc5b2, 0xc592, 0xc592, 0xc592, 0xc571, 0xc571, 
	0xbd50, 0xbd50, 0xbd50, 0xbd50, 0xbd50, 0xbd50, 0xbd71, 0xbd50, 0xbd50, 0xb50f, 0xb50f, 0xb52f, 0xb52f, 0xbd50, 0xb550, 0xb550, 
	0xb530, 0xb551, 0xb551, 0xbd72, 0xb531, 0xb531, 0xbd93, 0xc5b4, 0xc5b4, 0xbd73, 0xb553, 0xb553, 0xb573, 0xbdd4, 0xbdd4, 0xc5f5, 
	0xc615, 0xc615, 0xc5f5, 0xc5f5, 0xc5f5, 0xce16, 0xce36, 0xce36, 0xce36, 0xce36, 0xce36, 0xce36, 0xce36, 0xce16, 0xce16, 0xce16, 
	0xce15, 0xce15, 0xbd73, 0xacf1, 0xacf1, 0xb552, 0xc594, 0xc594, 0xcdf5, 0xce15, 0xce15, 0xce36, 0xd656, 0xd656, 0xd656, 0xd657, 
	0xd677, 0xd677, 0xd677, 0xd677, 0xd677, 0xd657, 0xd656, 0xd656, 0xce36, 0xd656, 0xd656, 0xd657, 0xd677, 0xd677, 0xd677, 0xd677, 
	0xd677, 0xd658, 0xd678, 0xd678, 0xde98, 0xdeb8, 0xdeb8, 0xdeb8, 0xd657, 0xd657, 0xd635, 0xd635, 0xd634, 0xd634, 0xd634, 0xd5f3, 
	0xd5f3, 0xcdb1, 0xcd6f, 0xcd6f, 0xc570, 0xde75, 0xde75, 0xe6d9, 0xe6fa, 0xe6fa, 0xe6fa, 0xe6fa, 0xe6fa, 0xe6fa, 0xe71a, 0xe71a, 
	0xe71a, 0xe71a, 0xe71a, 0xe71a, 0xe71a, 0xe6fa, 0xe6fa, 0xe71a, 0xe71a, 0xe71a, 0xe71a, 0xe71a, 0xe71a, 0xe6fa, 0xe71a, 0xe71a, 
	0xe71a, 0xe6fa, 0xe6fa, 0xe6fa, 0xe71a, 0xe71a, 0xe71a, 0xe71a, 0xe71a, 0xe6fa, 0xe6fa, 0xe6fa, 0xe6fa, 0xe6f9, 0xe6f9, 0xe6fa, 
	0xd5f5, 0xd5f5, 0xd5f5, 0xd5f5, 0xd5f5, 0xd5f5, 0xd5f5, 0xd5f5, 0xd5f5, 0xd5f5, 0xd5f5, 0xd5f5, 0xd5f5, 0xd615, 0xd615, 0xd615, 
	0xd615, 0xd615, 0xd615, 0xd635, 0xd635, 0xd635, 0xd635, 0xd635, 0xd635, 0xd635, 0xd635, 0xd635, 0xd635, 0xde35, 0xde35, 0xd635, 
	0xd636, 0xd636, 0xd636, 0xd636, 0xd636, 0xd636, 0xde56, 0xde56, 0xde56, 0xde56, 0xde56, 0xde56, 0xde56, 0xde56, 0xde56, 0xde56, 
	0xde56, 0xde56, 0xde56, 0xde56, 0xde76, 0xde76, 0xde76, 0xde76, 0xde76, 0xde97, 0xde97, 0xde77, 0xde77, 0xde77, 0xde76, 0xde76, 
	0xde76, 0xde96, 0xef18, 0xef18, 0xef39, 0xef39, 0xef39, 0xef19, 0xe71a, 0xe71a, 0xe6fa, 0xe6d9, 0xe6d9, 0xdeb8, 0xdeb8, 0xdeb8, 
	0xde97, 0xde76, 0xd656, 0xd656, 0xd656, 0xd635, 0xd635, 0xce14, 0xcdf3, 0xcdf3, 0xc5d3, 0xc5d2, 0xc5d2, 0xcdb2, 0xc571, 0xc571, 
	0xbd50, 0xbd50, 0xbd50, 0xc571, 0xbd50, 0xbd50, 0xbd50, 0xbd50, 0xbd50, 0xbd30, 0xb52f, 0xb52f, 0xb52f, 0xbd50, 0xbd71, 0xbd71, 
	0xc592, 0xbd92, 0xbd92, 0xbd92, 0xc5b3, 0xc5b3, 0xc5b3, 0xc5d4, 0xc5d4, 0xcdf5, 0xce16, 0xce16, 0xce36, 0xce36, 0xce36, 0xce15, 
	0xc5d5, 0xc5d5, 0xc5f5, 0xce15, 0xce15, 0xce36, 0xce16, 0xce15, 0xce15, 0xce36, 0xc615, 0xc615, 0xce36, 0xcdf5, 0xcdf5, 0xce15, 
	0xcdf5, 0xcdf5, 0xcdf5, 0xcdf5, 0xcdf5, 0xc5d4, 0xc5b4, 0xc5b4, 0xcdf5, 0xce15, 0xce15, 0xc5f5, 0xce36, 0xce36, 0xce36, 0xce56, 
	0xd677, 0xd677, 0xd697, 0xdeb8, 0xdeb8, 0xde98, 0xd677, 0xd677, 0xce56, 0xd657, 0xd657, 0xd657, 0xce36, 0xce36, 0xce36, 0xce36, 
	0xce36, 0xd658, 0xd678, 0xd678, 0xde98, 0xde98, 0xde98, 0xde98, 0xde77, 0xde77, 0xd656, 0xd655, 0xd635, 0xd635, 0xd613, 0xd5f2, 
	0xd5f2, 0xcdb1, 0xcd6f, 0xcd6f, 0xc56f, 0xd635, 0xd635, 0xe6d9, 0xe6fa, 0xe6fa, 0xe6fa, 0xe71a, 0xe71a, 0xe71a, 0xe71a, 0xe71a, 
	0xe71a, 0xe6fa, 0xe6fa, 0xe6fa, 0xe6fa, 0xe6fa, 0xe6fa, 0xe6fa, 0xe71a, 0xe71a, 0xe71a, 0xe6fa, 0xe6fa, 0xe6fa, 0xe6fa, 0xe6fa, 
	0xe6fa, 0xe6fa, 0xe6fa, 0xe6fa, 0xe6fa, 0xe6fa, 0xe71a, 0xe6fa, 0xe6fa, 0xe6fa, 0xe6fa, 0xe6fa, 0xe6fa, 0xded9, 0xded9, 0xe6fa, 
	0xd5f5, 0xd5f5, 0xd5f5, 0xd5f5, 0xd5f5, 0xd5f5, 0xd5f5, 0xd5f5, 0xd5f5, 0xd5f5, 0xd5f5, 0xd5f5, 0xd5f5, 0xd615, 0xd615, 0xd615, 
	0xd615, 0xd615, 0xd615, 0xd635, 0xd635, 0xd635, 0xd635, 0xd635, 0xd635, 0xd635, 0xd635, 0xd635, 0xd635, 0xde35, 0xde35, 0xd635, 
	0xd636, 0xd636, 0xd636, 0xd636, 0xd636, 0xd636, 0xde56, 0xde56, 0xde56, 0xde56, 0xde56, 0xde56, 0xde56, 0xde56, 0xde56, 0xde56, 
	0xde56, 0xde56, 0xde56, 0xde56, 0xde76, 0xde76, 0xde76, 0xde76, 0xde76, 0xde97, 0xde97, 0xde77, 0xde77, 0xde77, 0xde76, 0xde76, 
	0xde76, 0xde96, 0xef18, 0xef18, 0xef39, 0xef39, 0xef39, 0xef19, 0xe71a, 0xe71a, 0xe6fa, 0xe6d9, 0xe6d9, 0xdeb8, 0xdeb8, 0xdeb8, 
	0xde97, 0xde76, 0xd656, 0xd656, 0xd656, 0xd635, 0xd635, 0xce14, 0xcdf3, 0xcdf3, 0xc5d3, 0xc5d2, 0xc5d2, 0xcdb2, 0xc571, 0xc571, 
	0xbd50, 0xbd50, 0xbd50, 0xc571, 0xbd50, 0xbd50, 0xbd50, 0xbd50, 0xbd50, 0xbd30, 0xb52f, 0xb52f, 0xb52f, 0xbd50, 0xbd71, 0xbd71, 
	0xc592, 0xbd92, 0xbd92, 0xbd92, 0xc5b3, 0xc5b3, 0xc5b3, 0xc5d4, 0xc5d4, 0xcdf5, 0xce16, 0xce16, 0xce36, 0xce36, 0xce36, 0xce15, 
	0xc5d5, 0xc5d5, 0xc5f5, 0xce15, 0xce15, 0xce36, 0xce16, 0xce15, 0xce15, 0xce36, 0xc615, 0xc615, 0xce36, 0xcdf5, 0xcdf5, 0xce15, 
	0xcdf5, 0xcdf5, 0xcdf5, 0xcdf5, 0xcdf5, 0xc5d4, 0xc5b4, 0xc5b4, 0xcdf5, 0xce15, 0xce15, 0xc5f5, 0xce36, 0xce36, 0xce36, 0xce56, 
	0xd677, 0xd677, 0xd697, 0xdeb8, 0xdeb8, 0xde98, 0xd677, 0xd677, 0xce56, 0xd657, 0xd657, 0xd657, 0xce36, 0xce36, 0xce36, 0xce36, 
	0xce36, 0xd658, 0xd678, 0xd678, 0xde98, 0xde98, 0xde98, 0xde98, 0xde77, 0xde77, 0xd656, 0xd655, 0xd635, 0xd635, 0xd613, 0xd5f2, 
	0xd5f2, 0xcdb1, 0xcd6f, 0xcd6f, 0xc56f, 0xd635, 0xd635, 0xe6d9, 0xe6fa, 0xe6fa, 0xe6fa, 0xe71a, 0xe71a, 0xe71a, 0xe71a, 0xe71a, 
	0xe71a, 0xe6fa, 0xe6fa, 0xe6fa, 0xe6fa, 0xe6fa, 0xe6fa, 0xe6fa, 0xe71a, 0xe71a, 0xe71a, 0xe6fa, 0xe6fa, 0xe6fa, 0xe6fa, 0xe6fa, 
	0xe6fa, 0xe6fa, 0xe6fa, 0xe6fa, 0xe6fa, 0xe6fa, 0xe71a, 0xe6fa, 0xe6fa, 0xe6fa, 0xe6fa, 0xe6fa, 0xe6fa, 0xded9, 0xded9, 0xe6fa, 
	0xcdd4, 0xcdd4, 0xcdd4, 0xcdd4, 0xd5d4, 0xd5d4, 0xd5f4, 0xd5f5, 0xd5f5, 0xd5f5, 0xd5f5, 0xd5f5, 0xd5f5, 0xd615, 0xd615, 0xd615, 
	0xd615, 0xd615, 0xd615, 0xd615, 0xd615, 0xd615, 0xd635, 0xd635, 0xd635, 0xd635, 0xd635, 0xd635, 0xd635, 0xd615, 0xd615, 0xd635, 
	0xd636, 0xd636, 0xd636, 0xd636, 0xd636, 0xd636, 0xd656, 0xd656, 0xd656, 0xd656, 0xd656, 0xd656, 0xd656, 0xd656, 0xd656, 0xd656, 
	0xd656, 0xd656, 0xd656, 0xd656, 0xd656, 0xd656, 0xd656, 0xd656, 0xde56, 0xde76, 0xde76, 0xde57, 0xde56, 0xde56, 0xde76, 0xde75, 
	0xde75, 0xde96, 0xef17, 0xef17, 0xef38, 0xf719, 0xf719, 0xef19, 0xe719, 0xe719, 0xe6f9, 0xdeb9, 0xdeb9, 0xdeb8, 0xdeb8, 0xdeb8, 
	0xde97, 0xde76, 0xd656, 0xd656, 0xd635, 0xd635, 0xd635, 0xce14, 0xcdf3, 0xcdf3, 0xc5b2, 0xcdd3, 0xcdd3, 0xcdb2, 0xc591, 0xc591, 
	0xbd50, 0xbd30, 0xbd30, 0xbd50, 0xbd50, 0xbd50, 0xbd50, 0xb52f, 0xb52f, 0xbd30, 0xbd50, 0xbd50, 0xbd50, 0xbd50, 0xbd72, 0xbd72, 
	0xbd93, 0xc5b3, 0xc5b3, 0xc5b3, 0xc5b3, 0xc5b3, 0xc5d4, 0xcdf5, 0xcdf5, 0xce36, 0xce36, 0xce36, 0xce16, 0xce16, 0xce16, 0xce15, 
	0xbdb4, 0xbdb4, 0xbd94, 0xbdb4, 0xbdb4, 0xc5d5, 0xc5d4, 0xc5f5, 0xc5f5, 0xc5f5, 0xc5d4, 0xc5d4, 0xc5d5, 0xce16, 0xce16, 0xd616, 
	0xcdf5, 0xcdf5, 0xd636, 0xce16, 0xce16, 0xce16, 0xd656, 0xd656, 0xd636, 0xc5f5, 0xc5f5, 0xc5d5, 0xce16, 0xce16, 0xce56, 0xd677, 
	0xde98, 0xde98, 0xd698, 0xd698, 0xd698, 0xd657, 0xce36, 0xce36, 0xce16, 0xce36, 0xce36, 0xce36, 0xce16, 0xce16, 0xce16, 0xce36, 
	0xce36, 0xd658, 0xd678, 0xd678, 0xd657, 0xce56, 0xce56, 0xce16, 0xc5f5, 0xc5f5, 0xcdd4, 0xce14, 0xcdf4, 0xcdf4, 0xcdd3, 0xcdb1, 
	0xcdb1, 0xc570, 0xc52e, 0xc52e, 0xc54f, 0xd634, 0xd634, 0xe6d9, 0xe6fa, 0xe6fa, 0xe6fa, 0xe6fa, 0xe6fa, 0xe6fa, 0xe6fa, 0xe6fa, 
	0xe6fa, 0xe6fa, 0xe6fa, 0xe6fa, 0xe6fa, 0xe6fa, 0xe6fa, 0xe6fa, 0xe6fa, 0xe6fa, 0xe6fa, 0xe6fa, 0xe6fa, 0xe6fa, 0xe6f9, 0xe6f9, 
	0xe6f9, 0xe6f9, 0xe6f9, 0xe6fa, 0xe6fa, 0xe6fa, 0xe6fa, 0xe6fa, 0xe6fa, 0xe6fa, 0xe6fa, 0xe6fa, 0xded9, 0xded9, 0xded9, 0xded9, 
	0xcdd4, 0xcdd4, 0xcdd4, 0xcdd4, 0xd5d4, 0xd5d4, 0xd5f4, 0xd5f5, 0xd5f5, 0xd5f5, 0xd5f5, 0xd5f5, 0xd5f5, 0xd615, 0xd615, 0xd615, 
	0xd615, 0xd615, 0xd615, 0xd615, 0xd615, 0xd615, 0xd635, 0xd635, 0xd635, 0xd635, 0xd635, 0xd635, 0xd635, 0xd615, 0xd615, 0xd635, 
	0xd636, 0xd636, 0xd636, 0xd636, 0xd636, 0xd636, 0xd656, 0xd656, 0xd656, 0xd656, 0xd656, 0xd656, 0xd656, 0xd656, 0xd656, 0xd656, 
	0xd656, 0xd656, 0xd656, 0xd656, 0xd656, 0xd656, 0xd656, 0xd656, 0xde56, 0xde76, 0xde76, 0xde57, 0xde56, 0xde56, 0xde76, 0xde75, 
	0xde75, 0xde96, 0xef17, 0xef17, 0xef38, 0xf719, 0xf719, 0xef19, 0xe719, 0xe719, 0xe6f9, 0xdeb9, 0xdeb9, 0xdeb8, 0xdeb8, 0xdeb8, 
	0xde97, 0xde76, 0xd656, 0xd656, 0xd635, 0xd635, 0xd635, 0xce14, 0xcdf3, 0xcdf3, 0xc5b2, 0xcdd3, 0xcdd3, 0xcdb2, 0xc591, 0xc591, 
	0xbd50, 0xbd30, 0xbd30, 0xbd50, 0xbd50, 0xbd50, 0xbd50, 0xb52f, 0xb52f, 0xbd30, 0xbd50, 0xbd50, 0xbd50, 0xbd50, 0xbd72, 0xbd72, 
	0xbd93, 0xc5b3, 0xc5b3, 0xc5b3, 0xc5b3, 0xc5b3, 0xc5d4, 0xcdf5, 0xcdf5, 0xce36, 0xce36, 0xce36, 0xce16, 0xce16, 0xce16, 0xce15, 
	0xbdb4, 0xbdb4, 0xbd94, 0xbdb4, 0xbdb4, 0xc5d5, 0xc5d4, 0xc5f5, 0xc5f5, 0xc5f5, 0xc5d4, 0xc5d4, 0xc5d5, 0xce16, 0xce16, 0xd616, 
	0xcdf5, 0xcdf5, 0xd636, 0xce16, 0xce16, 0xce16, 0xd656, 0xd656, 0xd636, 0xc5f5, 0xc5f5, 0xc5d5, 0xce16, 0xce16, 0xce56, 0xd677, 
	0xde98, 0xde98, 0xd698, 0xd698, 0xd698, 0xd657, 0xce36, 0xce36, 0xce16, 0xce36, 0xce36, 0xce36, 0xce16, 0xce16, 0xce16, 0xce36, 
	0xce36, 0xd658, 0xd678, 0xd678, 0xd657, 0xce56, 0xce56, 0xce16, 0xc5f5, 0xc5f5, 0xcdd4, 0xce14, 0xcdf4, 0xcdf4, 0xcdd3, 0xcdb1, 
	0xcdb1, 0xc570, 0xc52e, 0xc52e, 0xc54f, 0xd634, 0xd634, 0xe6d9, 0xe6fa, 0xe6fa, 0xe6fa, 0xe6fa, 0xe6fa, 0xe6fa, 0xe6fa, 0xe6fa, 
	0xe6fa, 0xe6fa, 0xe6fa, 0xe6fa, 0xe6fa, 0xe6fa, 0xe6fa, 0xe6fa, 0xe6fa, 0xe6fa, 0xe6fa, 0xe6fa, 0xe6fa, 0xe6fa, 0xe6f9, 0xe6f9, 
	0xe6f9, 0xe6f9, 0xe6f9, 0xe6fa, 0xe6fa, 0xe6fa, 0xe6fa, 0xe6fa, 0xe6fa, 0xe6fa, 0xe6fa, 0xe6fa, 0xded9, 0xded9, 0xded9, 0xded9, 
	0xcdd4, 0xcdd4, 0xcdd4, 0xcdd4, 0xcdd4, 0xcdd4, 0xcdd4, 0xd5f5, 0xd5f5, 0xd5f5, 0xd5f5, 0xd5f5, 0xd5f5, 0xd615, 0xd615, 0xd615, 
	0xd615, 0xd615, 0xce15, 0xce15, 0xce15, 0xd615, 0xd615, 0xd615, 0xd615, 0xd615, 0xd615, 0xd635, 0xd615, 0xd615, 0xd615, 0xd615, 
	0xd615, 0xd615, 0xd615, 0xd615, 0xd615, 0xde35, 0xde36, 0xde36, 0xd636, 0xd656, 0xd656, 0xd656, 0xd656, 0xd656, 0xd656, 0xd656, 
	0xd656, 0xd656, 0xd656, 0xd656, 0xd656, 0xd656, 0xd656, 0xd656, 0xd656, 0xd676, 0xd676, 0xd676, 0xde56, 0xde56, 0xde56, 0xde74, 
	0xde74, 0xe695, 0xeef6, 0xeef6, 0xef17, 0xef18, 0xef18, 0xe718, 0xe6f9, 0xe6f9, 0xe6f9, 0xe6d8, 0xe6d8, 0xe6b8, 0xde97, 0xde97, 
	0xde77, 0xde76, 0xd656, 0xd656, 0xd635, 0xd635, 0xd635, 0xce14, 0xcdf3, 0xcdf3, 0xcdf4, 0xcdd3, 0xcdd3, 0xcdd3, 0xcdb3, 0xcdb3, 
	0xc571, 0xb530, 0xb530, 0xb50f, 0xb530, 0xb530, 0xbd50, 0xb530, 0xb530, 0xb50f, 0xbd50, 0xbd50, 0xbd50, 0xbd4f, 0xbd71, 0xbd71, 
	0xbd92, 0xbd72, 0xbd72, 0xc594, 0xc5b4, 0xc5b4, 0xbdb4, 0xc5f5, 0xc5f5, 0xce16, 0xce36, 0xce36, 0xce56, 0xce36, 0xce36, 0xcdd5, 
	0xbd73, 0xbd73, 0xc5b4, 0xc5b4, 0xc5b4, 0xc5b4, 0xc5d4, 0xbdb4, 0xbdb4, 0xbdb4, 0xc5f5, 0xc5f5, 0xce36, 0xce36, 0xce36, 0xd656, 
	0xce56, 0xce56, 0xce36, 0xc615, 0xc615, 0xce36, 0xd677, 0xd677, 0xd697, 0xc5f5, 0xc5f5, 0xbdb3, 0xbdb4, 0xbdb4, 0xc615, 0xce57, 
	0xce58, 0xce58, 0xce57, 0xce37, 0xce37, 0xce37, 0xd658, 0xd658, 0xde99, 0xde98, 0xde98, 0xde78, 0xd678, 0xd678, 0xd678, 0xde78, 
	0xde78, 0xde98, 0xde98, 0xde98, 0xd677, 0xd636, 0xd636, 0xd635, 0xce15, 0xce15, 0xce14, 0xce13, 0xcdf3, 0xcdf3, 0xcdd2, 0xcdb0, 
	0xcdb0, 0xc54f, 0xc52e, 0xc52e, 0xc50d, 0xd5f3, 0xd5f3, 0xe6b8, 0xe6fa, 0xe6fa, 0xe6fa, 0xe6fa, 0xe6fa, 0xe6fa, 0xe6fa, 0xe6fa, 
	0xe6fa, 0xe6fa, 0xe6fa, 0xe6fa, 0xe6fa, 0xe6fa, 0xe6fa, 0xe6fa, 0xe6fa, 0xe6fa, 0xe6fa, 0xe6da, 0xe6da, 0xe6fa, 0xe6f9, 0xe6f9, 
	0xded9, 0xded9, 0xded9, 0xe6fa, 0xe6fa, 0xe6fa, 0xded9, 0xded9, 0xded9, 0xded9, 0xded9, 0xded9, 0xded9, 0xded9, 0xded9, 0xdeb9, 
	0xcdd4, 0xcdd4, 0xcdd4, 0xcdd4, 0xcdd4, 0xcdd4, 0xcdd4, 0xd5f5, 0xd5f5, 0xd5f5, 0xd5f5, 0xd5f5, 0xd5f5, 0xd615, 0xd615, 0xd615, 
	0xd615, 0xd615, 0xce15, 0xce15, 0xce15, 0xd615, 0xd615, 0xd615, 0xd615, 0xd615, 0xd615, 0xd635, 0xd615, 0xd615, 0xd615, 0xd615, 
	0xd615, 0xd615, 0xd615, 0xd615, 0xd615, 0xde35, 0xde36, 0xde36, 0xd636, 0xd656, 0xd656, 0xd656, 0xd656, 0xd656, 0xd656, 0xd656, 
	0xd656, 0xd656, 0xd656, 0xd656, 0xd656, 0xd656, 0xd656, 0xd656, 0xd656, 0xd676, 0xd676, 0xd676, 0xde56, 0xde56, 0xde56, 0xde74, 
	0xde74, 0xe695, 0xeef6, 0xeef6, 0xef17, 0xef18, 0xef18, 0xe718, 0xe6f9, 0xe6f9, 0xe6f9, 0xe6d8, 0xe6d8, 0xe6b8, 0xde97, 0xde97, 
	0xde77, 0xde76, 0xd656, 0xd656, 0xd635, 0xd635, 0xd635, 0xce14, 0xcdf3, 0xcdf3, 0xcdf4, 0xcdd3, 0xcdd3, 0xcdd3, 0xcdb3, 0xcdb3, 
	0xc571, 0xb530, 0xb530, 0xb50f, 0xb530, 0xb530, 0xbd50, 0xb530, 0xb530, 0xb50f, 0xbd50, 0xbd50, 0xbd50, 0xbd4f, 0xbd71, 0xbd71, 
	0xbd92, 0xbd72, 0xbd72, 0xc594, 0xc5b4, 0xc5b4, 0xbdb4, 0xc5f5, 0xc5f5, 0xce16, 0xce36, 0xce36, 0xce56, 0xce36, 0xce36, 0xcdd5, 
	0xbd73, 0xbd73, 0xc5b4, 0xc5b4, 0xc5b4, 0xc5b4, 0xc5d4, 0xbdb4, 0xbdb4, 0xbdb4, 0xc5f5, 0xc5f5, 0xce36, 0xce36, 0xce36, 0xd656, 
	0xce56, 0xce56, 0xce36, 0xc615, 0xc615, 0xce36, 0xd677, 0xd677, 0xd697, 0xc5f5, 0xc5f5, 0xbdb3, 0xbdb4, 0xbdb4, 0xc615, 0xce57, 
	0xce58, 0xce58, 0xce57, 0xce37, 0xce37, 0xce37, 0xd658, 0xd658, 0xde99, 0xde98, 0xde98, 0xde78, 0xd678, 0xd678, 0xd678, 0xde78, 
	0xde78, 0xde98, 0xde98, 0xde98, 0xd677, 0xd636, 0xd636, 0xd635, 0xce15, 0xce15, 0xce14, 0xce13, 0xcdf3, 0xcdf3, 0xcdd2, 0xcdb0, 
	0xcdb0, 0xc54f, 0xc52e, 0xc52e, 0xc50d, 0xd5f3, 0xd5f3, 0xe6b8, 0xe6fa, 0xe6fa, 0xe6fa, 0xe6fa, 0xe6fa, 0xe6fa, 0xe6fa, 0xe6fa, 
	0xe6fa, 0xe6fa, 0xe6fa, 0xe6fa, 0xe6fa, 0xe6fa, 0xe6fa, 0xe6fa, 0xe6fa, 0xe6fa, 0xe6fa, 0xe6da, 0xe6da, 0xe6fa, 0xe6f9, 0xe6f9, 
	0xded9, 0xded9, 0xded9, 0xe6fa, 0xe6fa, 0xe6fa, 0xded9, 0xded9, 0xded9, 0xded9, 0xded9, 0xded9, 0xded9, 0xded9, 0xded9, 0xdeb9, 
	0xcdd4, 0xcdd4, 0xcdd4, 0xcdd4, 0xcdd4, 0xcdd4, 0xcdd4, 0xd5f4, 0xd5f4, 0xcdd4, 0xd5f5, 0xd5f5, 0xd5f5, 0xd5f5, 0xd5f5, 0xd5f5, 
	0xce15, 0xce15, 0xce14, 0xce14, 0xce14, 0xce15, 0xce15, 0xce15, 0xce15, 0xd615, 0xd615, 0xd615, 0xd615, 0xd615, 0xd615, 0xd5f5, 
	0xd5f5, 0xd5f5, 0xd5f5, 0xd5f5, 0xd5f5, 0xd615, 0xd635, 0xd635, 0xd635, 0xd635, 0xd635, 0xd635, 0xd635, 0xd635, 0xd635, 0xd635, 
	0xd635, 0xd635, 0xd636, 0xd636, 0xd656, 0xd656, 0xd656, 0xd656, 0xd656, 0xde56, 0xde56, 0xde56, 0xde55, 0xde55, 0xe635, 0xe654, 
	0xe654, 0xe695, 0xeed6, 0xeed6, 0xeef7, 0xeef7, 0xeef7, 0xe6f8, 0xe6d8, 0xe6d8, 0xdeb8, 0xe6b8, 0xe6b8, 0xdeb8, 0xde97, 0xde97, 
	0xde77, 0xd656, 0xd636, 0xd636, 0xd636, 0xd635, 0xd635, 0xd615, 0xcdf4, 0xcdf4, 0xcdd4, 0xcdd3, 0xcdd3, 0xcdb3, 0xcdb2, 0xcdb2, 
	0xc592, 0xbd30, 0xbd30, 0xb50f, 0xb50f, 0xb50f, 0xb530, 0xbd30, 0xbd30, 0xb530, 0xbd50, 0xbd50, 0xbd50, 0xbd50, 0xbd91, 0xbd91, 
	0xbd92, 0xbd72, 0xbd72, 0xb552, 0xbd93, 0xbd93, 0xbdb4, 0xbdb4, 0xbdb4, 0xc5d5, 0xce15, 0xce15, 0xc5f5, 0xc5d4, 0xc5d4, 0xcdf5, 
	0xcdf5, 0xcdf5, 0xce15, 0xcdf5, 0xcdf5, 0xc5d5, 0xce15, 0xc5f5, 0xc5f5, 0xbd93, 0xc5f5, 0xc5f5, 0xc5d4, 0xce15, 0xce15, 0xce36, 
	0xc5f5, 0xc5f5, 0xc615, 0xce56, 0xce56, 0xce56, 0xd677, 0xd677, 0xc615, 0x9cef, 0x9cef, 0xa50f, 0xb572, 0xb572, 0xbdd4, 0xce36, 
	0xce58, 0xce58, 0xd658, 0xd678, 0xd678, 0xd678, 0xd698, 0xd698, 0xd699, 0xdeb9, 0xdeb9, 0xd698, 0xd698, 0xd698, 0xdeb9, 0xdeb9, 
	0xdeb9, 0xde98, 0xde98, 0xde98, 0xde78, 0xde77, 0xde77, 0xde76, 0xd655, 0xd655, 0xd635, 0xce14, 0xcdf2, 0xcdf2, 0xcdd1, 0xcd90, 
	0xcd90, 0xcd6f, 0xc54d, 0xc54d, 0xc52d, 0xd5f3, 0xd5f3, 0xdeb8, 0xe6fa, 0xe6fa, 0xdefa, 0xe6fa, 0xe6fa, 0xe6fa, 0xe6f9, 0xe6f9, 
	0xe6fa, 0xe6fa, 0xe6fa, 0xe6fa, 0xe6fa, 0xe6f9, 0xe6f9, 0xe6fa, 0xe6fa, 0xe6fa, 0xe6d9, 0xe6da, 0xe6da, 0xded9, 0xded9, 0xded9, 
	0xe6d9, 0xe6da, 0xe6da, 0xded9, 0xded9, 0xded9, 0xded9, 0xdeb9, 0xdeb9, 0xdeb9, 0xdeb9, 0xdeb9, 0xdeb9, 0xdeb9, 0xdeb9, 0xdeb9, 
	0xcdd4, 0xcdd4, 0xcdd4, 0xcdd4, 0xcdd4, 0xcdd4, 0xcdd4, 0xcdd4, 0xcdd4, 0xcdd4, 0xd5f4, 0xd5f4, 0xd5f5, 0xd5f5, 0xd5f5, 0xd5f5, 
	0xcdf4, 0xcdf4, 0xce14, 0xce14, 0xce14, 0xce15, 0xce15, 0xce15, 0xce15, 0xcdf5, 0xcdf5, 0xcdf5, 0xd5f5, 0xd5f5, 0xd5f5, 0xd5f5, 
	0xd5f5, 0xd5f5, 0xd5f5, 0xd5f5, 0xd5f5, 0xd5f5, 0xd615, 0xd615, 0xd615, 0xd615, 0xd615, 0xd615, 0xd634, 0xd634, 0xd634, 0xd635, 
	0xd635, 0xd615, 0xd635, 0xd635, 0xd656, 0xd656, 0xd655, 0xd655, 0xde35, 0xde55, 0xde55, 0xde35, 0xe634, 0xe634, 0xe634, 0xee75, 
	0xee75, 0xee96, 0xeed6, 0xeed6, 0xef17, 0xeef8, 0xeef8, 0xe6f8, 0xe6f8, 0xe6f8, 0xded8, 0xdeb8, 0xdeb8, 0xde97, 0xde97, 0xde97, 
	0xde76, 0xd656, 0xd656, 0xd656, 0xd656, 0xd656, 0xd656, 0xd636, 0xd615, 0xd615, 0xcdf4, 0xcdd3, 0xcdd3, 0xcdb3, 0xc592, 0xc592, 
	0xc592, 0xb530, 0xb530, 0xb4ee, 0xb52f, 0xb52f, 0xbd50, 0xbd50, 0xbd50, 0xbd50, 0xb52f, 0xb52f, 0xb52f, 0xb52f, 0xb50f, 0xb50f, 
	0xbd92, 0xcdf4, 0xcdf4, 0xcdf5, 0xcdd5, 0xcdd5, 0xc5d4, 0xbdd4, 0xbdd4, 0xc615, 0xce16, 0xce16, 0xc5d4, 0xc5d5, 0xc5d5, 0xcdf5, 
	0xc5d4, 0xc5d4, 0xcdd5, 0xcdd5, 0xcdd5, 0xc5d5, 0xc5f5, 0xbd93, 0xbd93, 0xb552, 0xbdb4, 0xbdb4, 0xc5f5, 0xce36, 0xce36, 0xd656, 
	0xc615, 0xc615, 0xc5f5, 0xc615, 0xc615, 0xc615, 0xc616, 0xc616, 0xbdb4, 0xb592, 0xb592, 0xb572, 0xbdb3, 0xbdb3, 0xc5f5, 0xce36, 
	0xd678, 0xd678, 0xdeb9, 0xdeb9, 0xdeb9, 0xdeda, 0xded9, 0xded9, 0xded9, 0xded9, 0xded9, 0xd6b9, 0xd6b9, 0xd6b9, 0xded9, 0xded9, 
	0xded9, 0xde99, 0xdeb9, 0xdeb9, 0xde98, 0xde77, 0xde77, 0xde76, 0xd656, 0xd656, 0xd635, 0xd613, 0xcdf2, 0xcdf2, 0xcdb0, 0xc56e, 
	0xc56e, 0xc54d, 0xc52d, 0xc52d, 0xc50d, 0xcdd2, 0xcdd2, 0xde98, 0xded9, 0xded9, 0xdef9, 0xe6fa, 0xe6fa, 0xe6fa, 0xded9, 0xded9, 
	0xded9, 0xe6d9, 0xe6d9, 0xe6d9, 0xe6d9, 0xded9, 0xded9, 0xe6fa, 0xe6fa, 0xe6fa, 0xded9, 0xe6da, 0xe6da, 0xded9, 0xded9, 0xded9, 
	0xdeb9, 0xdeb9, 0xdeb9, 0xdeb9, 0xdeb9, 0xdeb9, 0xdeb9, 0xdeb9, 0xdeb9, 0xdeb9, 0xdeb9, 0xdeb9, 0xdeb9, 0xdeb9, 0xdeb9, 0xdeb9, 
	0xcdd4, 0xcdd4, 0xcdd4, 0xcdd4, 0xcdd4, 0xcdd4, 0xcdd4, 0xcdd4, 0xcdd4, 0xcdd4, 0xd5f4, 0xd5f4, 0xd5f5, 0xd5f5, 0xd5f5, 0xd5f5, 
	0xcdf4, 0xcdf4, 0xce14, 0xce14, 0xce14, 0xce15, 0xce15, 0xce15, 0xce15, 0xcdf5, 0xcdf5, 0xcdf5, 0xd5f5, 0xd5f5, 0xd5f5, 0xd5f5, 
	0xd5f5, 0xd5f5, 0xd5f5, 0xd5f5, 0xd5f5, 0xd5f5, 0xd615, 0xd615, 0xd615, 0xd615, 0xd615, 0xd615, 0xd634, 0xd634, 0xd634, 0xd635, 
	0xd635, 0xd615, 0xd635, 0xd635, 0xd656, 0xd656, 0xd655, 0xd655, 0xde35, 0xde55, 0xde55, 0xde35, 0xe634, 0xe634, 0xe634, 0xee75, 
	0xee75, 0xee96, 0xeed6, 0xeed6, 0xef17, 0xeef8, 0xeef8, 0xe6f8, 0xe6f8, 0xe6f8, 0xded8, 0xdeb8, 0xdeb8, 0xde97, 0xde97, 0xde97, 
	0xde76, 0xd656, 0xd656, 0xd656, 0xd656, 0xd656, 0xd656, 0xd636, 0xd615, 0xd615, 0xcdf4, 0xcdd3, 0xcdd3, 0xcdb3, 0xc592, 0xc592, 
	0xc592, 0xb530, 0xb530, 0xb4ee, 0xb52f, 0xb52f, 0xbd50, 0xbd50, 0xbd50, 0xbd50, 0xb52f, 0xb52f, 0xb52f, 0xb52f, 0xb50f, 0xb50f, 
	0xbd92, 0xcdf4, 0xcdf4, 0xcdf5, 0xcdd5, 0xcdd5, 0xc5d4, 0xbdd4, 0xbdd4, 0xc615, 0xce16, 0xce16, 0xc5d4, 0xc5d5, 0xc5d5, 0xcdf5, 
	0xc5d4, 0xc5d4, 0xcdd5, 0xcdd5, 0xcdd5, 0xc5d5, 0xc5f5, 0xbd93, 0xbd93, 0xb552, 0xbdb4, 0xbdb4, 0xc5f5, 0xce36, 0xce36, 0xd656, 
	0xc615, 0xc615, 0xc5f5, 0xc615, 0xc615, 0xc615, 0xc616, 0xc616, 0xbdb4, 0xb592, 0xb592, 0xb572, 0xbdb3, 0xbdb3, 0xc5f5, 0xce36, 
	0xd678, 0xd678, 0xdeb9, 0xdeb9, 0xdeb9, 0xdeda, 0xded9, 0xded9, 0xded9, 0xded9, 0xded9, 0xd6b9, 0xd6b9, 0xd6b9, 0xded9, 0xded9, 
	0xded9, 0xde99, 0xdeb9, 0xdeb9, 0xde98, 0xde77, 0xde77, 0xde76, 0xd656, 0xd656, 0xd635, 0xd613, 0xcdf2, 0xcdf2, 0xcdb0, 0xc56e, 
	0xc56e, 0xc54d, 0xc52d, 0xc52d, 0xc50d, 0xcdd2, 0xcdd2, 0xde98, 0xded9, 0xded9, 0xdef9, 0xe6fa, 0xe6fa, 0xe6fa, 0xded9, 0xded9, 
	0xded9, 0xe6d9, 0xe6d9, 0xe6d9, 0xe6d9, 0xded9, 0xded9, 0xe6fa, 0xe6fa, 0xe6fa, 0xded9, 0xe6da, 0xe6da, 0xded9, 0xded9, 0xded9, 
	0xdeb9, 0xdeb9, 0xdeb9, 0xdeb9, 0xdeb9, 0xdeb9, 0xdeb9, 0xdeb9, 0xdeb9, 0xdeb9, 0xdeb9, 0xdeb9, 0xdeb9, 0xdeb9, 0xdeb9, 0xdeb9, 
	0xcdb4, 0xcdd4, 0xcdd4, 0xcdd4, 0xcdd4, 0xcdd4, 0xcdd4, 0xcdd4, 0xcdd4, 0xcdd4, 0xcdd4, 0xcdd4, 0xcdd4, 0xcdd4, 0xcdd4, 0xcdd4, 
	0xcdf4, 0xcdf4, 0xcdf3, 0xcdf3, 0xcdf3, 0xcdf3, 0xcdf3, 0xcdf3, 0xcdf4, 0xd5f5, 0xd5f5, 0xd5f5, 0xd5f5, 0xd5f5, 0xd5f5, 0xd5f5, 
	0xd5f5, 0xd5f5, 0xd5f5, 0xd5f5, 0xd5f5, 0xd5f5, 0xd5f5, 0xd5f5, 0xd615, 0xd615, 0xd615, 0xd615, 0xd615, 0xd615, 0xd615, 0xd615, 
	0xd615, 0xd615, 0xd635, 0xd635, 0xd635, 0xd635, 0xde14, 0xde14, 0xde13, 0xe634, 0xe634, 0xee34, 0xee54, 0xee54, 0xee74, 0xf6b6, 
	0xf6b6, 0xf6f6, 0xeef7, 0xeef7, 0xeef8, 0xef18, 0xef18, 0xeef8, 0xe6d8, 0xe6d8, 0xe6b8, 0xdeb7, 0xdeb7, 0xde96, 0xde76, 0xde76, 
	0xd676, 0xd656, 0xd656, 0xd656, 0xd656, 0xd635, 0xd635, 0xd635, 0xce15, 0xce15, 0xcdf4, 0xcdd3, 0xcdd3, 0xcdb3, 0xc592, 0xc592, 
	0xc592, 0xbd51, 0xbd51, 0xb530, 0xc571, 0xc571, 0xc572, 0xc571, 0xc571, 0xbd51, 0xb50f, 0xb50f, 0xb50f, 0xb50f, 0xb530, 0xb530, 
	0xbd52, 0xc5d4, 0xc5d4, 0xcdd4, 0xc5b3, 0xc5b3, 0xc5f4, 0xc5f4, 0xc5f4, 0xc5d4, 0xbdd3, 0xbdd3, 0xbdb3, 0xc5d4, 0xc5d4, 0xcdd5, 
	0xc594, 0xc594, 0xc594, 0xcdf5, 0xcdf5, 0xce15, 0xc5f5, 0xc5f5, 0xc5f5, 0xc615, 0xce15, 0xce15, 0xd656, 0xce56, 0xce56, 0xce36, 
	0xce15, 0xce15, 0xce57, 0xd698, 0xd698, 0xd698, 0xd678, 0xd678, 0xd657, 0xde98, 0xde98, 0xdeb8, 0xd697, 0xd697, 0xce36, 0xce37, 
	0xd678, 0xd678, 0xd6b9, 0xdefa, 0xdefa, 0xdeda, 0xd6b9, 0xd6b9, 0xd6b9, 0xdeb9, 0xdeb9, 0xdeb9, 0xded9, 0xded9, 0xded9, 0xded9, 
	0xded9, 0xdeb9, 0xded9, 0xded9, 0xde98, 0xd676, 0xd676, 0xd635, 0xce14, 0xce14, 0xd5f3, 0xd5f3, 0xd5d2, 0xd5d2, 0xcd6f, 0xc54d, 
	0xc54d, 0xc54c, 0xc50b, 0xc50b, 0xc4ec, 0xd5b2, 0xd5b2, 0xde97, 0xdeb9, 0xdeb9, 0xe6d9, 0xded9, 0xded9, 0xded9, 0xded9, 0xded9, 
	0xded9, 0xded9, 0xded9, 0xdeb9, 0xdeb9, 0xdeb9, 0xdeb9, 0xded9, 0xded9, 0xded9, 0xded9, 0xe6da, 0xe6da, 0xded9, 0xdeb9, 0xdeb9, 
	0xdeb9, 0xdeb9, 0xdeb9, 0xdeb9, 0xdeb9, 0xdeb9, 0xdeb9, 0xdeb9, 0xdeb9, 0xdeb9, 0xdeb9, 0xdeb9, 0xdeb9, 0xdeb9, 0xdeb9, 0xdeb9, 
	0xcdb4, 0xcdd4, 0xcdd4, 0xcdd4, 0xcdd4, 0xcdd4, 0xcdd4, 0xcdd4, 0xcdd4, 0xcdd4, 0xcdd4, 0xcdd4, 0xcdd4, 0xcdd4, 0xcdd4, 0xcdd4, 
	0xcdf4, 0xcdf4, 0xcdf3, 0xcdf3, 0xcdf3, 0xcdf3, 0xcdf3, 0xcdf3, 0xcdf4, 0xd5f5, 0xd5f5, 0xd5f5, 0xd5f5, 0xd5f5, 0xd5f5, 0xd5f5, 
	0xd5f5, 0xd5f5, 0xd5f5, 0xd5f5, 0xd5f5, 0xd5f5, 0xd5f5, 0xd5f5, 0xd615, 0xd615, 0xd615, 0xd615, 0xd615, 0xd615, 0xd615, 0xd615, 
	0xd615, 0xd615, 0xd635, 0xd635, 0xd635, 0xd635, 0xde14, 0xde14, 0xde13, 0xe634, 0xe634, 0xee34, 0xee54, 0xee54, 0xee74, 0xf6b6, 
	0xf6b6, 0xf6f6, 0xeef7, 0xeef7, 0xeef8, 0xef18, 0xef18, 0xeef8, 0xe6d8, 0xe6d8, 0xe6b8, 0xdeb7, 0xdeb7, 0xde96, 0xde76, 0xde76, 
	0xd676, 0xd656, 0xd656, 0xd656, 0xd656, 0xd635, 0xd635, 0xd635, 0xce15, 0xce15, 0xcdf4, 0xcdd3, 0xcdd3, 0xcdb3, 0xc592, 0xc592, 
	0xc592, 0xbd51, 0xbd51, 0xb530, 0xc571, 0xc571, 0xc572, 0xc571, 0xc571, 0xbd51, 0xb50f, 0xb50f, 0xb50f, 0xb50f, 0xb530, 0xb530, 
	0xbd52, 0xc5d4, 0xc5d4, 0xcdd4, 0xc5b3, 0xc5b3, 0xc5f4, 0xc5f4, 0xc5f4, 0xc5d4, 0xbdd3, 0xbdd3, 0xbdb3, 0xc5d4, 0xc5d4, 0xcdd5, 
	0xc594, 0xc594, 0xc594, 0xcdf5, 0xcdf5, 0xce15, 0xc5f5, 0xc5f5, 0xc5f5, 0xc615, 0xce15, 0xce15, 0xd656, 0xce56, 0xce56, 0xce36, 
	0xce15, 0xce15, 0xce57, 0xd698, 0xd698, 0xd698, 0xd678, 0xd678, 0xd657, 0xde98, 0xde98, 0xdeb8, 0xd697, 0xd697, 0xce36, 0xce37, 
	0xd678, 0xd678, 0xd6b9, 0xdefa, 0xdefa, 0xdeda, 0xd6b9, 0xd6b9, 0xd6b9, 0xdeb9, 0xdeb9, 0xdeb9, 0xded9, 0xded9, 0xded9, 0xded9, 
	0xded9, 0xdeb9, 0xded9, 0xded9, 0xde98, 0xd676, 0xd676, 0xd635, 0xce14, 0xce14, 0xd5f3, 0xd5f3, 0xd5d2, 0xd5d2, 0xcd6f, 0xc54d, 
	0xc54d, 0xc54c, 0xc50b, 0xc50b, 0xc4ec, 0xd5b2, 0xd5b2, 0xde97, 0xdeb9, 0xdeb9, 0xe6d9, 0xded9, 0xded9, 0xded9, 0xded9, 0xded9, 
	0xded9, 0xded9, 0xded9, 0xdeb9, 0xdeb9, 0xdeb9, 0xdeb9, 0xded9, 0xded9, 0xded9, 0xded9, 0xe6da, 0xe6da, 0xded9, 0xdeb9, 0xdeb9, 
	0xdeb9, 0xdeb9, 0xdeb9, 0xdeb9, 0xdeb9, 0xdeb9, 0xdeb9, 0xdeb9, 0xdeb9, 0xdeb9, 0xdeb9, 0xdeb9, 0xdeb9, 0xdeb9, 0xdeb9, 0xdeb9, 
	0xcdb3, 0xcdb4, 0xcdb4, 0xcdb4, 0xcdb4, 0xcdb4, 0xcdb4, 0xcdd4, 0xcdd4, 0xcdd4, 0xcdd4, 0xcdd4, 0xcdd4, 0xcdd4, 0xcdd4, 0xcdd4, 
	0xcdf3, 0xcdf3, 0xcdf3, 0xcdf3, 0xcdf3, 0xcdf3, 0xcdf3, 0xcdf3, 0xcdf4, 0xd5f4, 0xd5f4, 0xd5f4, 0xd5f4, 0xd5f4, 0xd5f4, 0xd5f4, 
	0xd5f4, 0xd5f4, 0xd5f4, 0xd5f4, 0xd5f4, 0xd5f4, 0xd5f5, 0xd5f5, 0xce15, 0xce15, 0xce15, 0xce15, 0xce15, 0xce15, 0xce15, 0xce15, 
	0xce15, 0xce15, 0xd615, 0xd615, 0xd615, 0xd614, 0xde13, 0xde13, 0xe633, 0xee54, 0xee54, 0xf674, 0xf6b5, 0xf6b5, 0xfef6, 0xff17, 
	0xff17, 0xf718, 0xef18, 0xef18, 0xef19, 0xef19, 0xef19, 0xeef8, 0xe6d8, 0xe6d8, 0xe6b8, 0xdeb7, 0xdeb7, 0xde96, 0xde76, 0xde76, 
	0xd656, 0xd656, 0xd635, 0xd635, 0xce35, 0xce15, 0xce15, 0xce15, 0xcdf4, 0xcdf4, 0xc5b3, 0xc592, 0xc592, 0xc593, 0xc572, 0xc572, 
	0xbd50, 0xb510, 0xb510, 0xbd50, 0xc592, 0xc592, 0xc572, 0xbd71, 0xbd71, 0xbd51, 0xb530, 0xb4ef, 0xb4ef, 0xacce, 0xb551, 0xb551, 
	0xbd72, 0xbd72, 0xbd72, 0xbd72, 0xc5d4, 0xc5d4, 0xce35, 0xc614, 0xc614, 0xc5d4, 0xb592, 0xb592, 0xbd93, 0xbd93, 0xbd93, 0xc594, 
	0xc5b4, 0xc5b4, 0xbd94, 0xc5b4, 0xc5b4, 0xcdf5, 0xce16, 0xce36, 0xce36, 0xce15, 0xc5f5, 0xc5f5, 0xce36, 0xc5f5, 0xc5f5, 0xc5f5, 
	0xce36, 0xce36, 0xd677, 0xd698, 0xd698, 0xd698, 0xd698, 0xd698, 0xd698, 0xded9, 0xded9, 0xded9, 0xde98, 0xde98, 0xd677, 0xce58, 
	0xce58, 0xce58, 0xd678, 0xd6d9, 0xd6d9, 0xdefa, 0xdefa, 0xdefa, 0xded9, 0xd678, 0xd678, 0xd658, 0xd678, 0xd678, 0xd678, 0xd678, 
	0xd678, 0xde78, 0xde97, 0xde97, 0xde97, 0xde76, 0xde76, 0xde76, 0xd635, 0xd635, 0xd614, 0xd5f2, 0xcdb0, 0xcdb0, 0xc56e, 0xc54c, 
	0xc54c, 0xc52c, 0xc4eb, 0xc4eb, 0xbccc, 0xcdb2, 0xcdb2, 0xde77, 0xdeb9, 0xdeb9, 0xdeb9, 0xdeb9, 0xdeb9, 0xdeb9, 0xe6da, 0xe6da, 
	0xded9, 0xdeb9, 0xdeb9, 0xdeb9, 0xdeb9, 0xdeb9, 0xdeb9, 0xdeb9, 0xded9, 0xded9, 0xded9, 0xded9, 0xded9, 0xdeb9, 0xdeb9, 0xdeb9, 
	0xdeb9, 0xdeb9, 0xdeb9, 0xdeb9, 0xdeb9, 0xdeb9, 0xdeb9, 0xdeb9, 0xdeb9, 0xdeb9, 0xdeb9, 0xdeb9, 0xdeb9, 0xdeb9, 0xdeb9, 0xd698, 
	0xcdb3, 0xcdb4, 0xcdb4, 0xcdb4, 0xcdb4, 0xcdb4, 0xcdb4, 0xcdd4, 0xcdd4, 0xcdd4, 0xcdd4, 0xcdd4, 0xcdd4, 0xcdd4, 0xcdd4, 0xcdd4, 
	0xcdf3, 0xcdf3, 0xcdf3, 0xcdf3, 0xcdf3, 0xcdf3, 0xcdf3, 0xcdf3, 0xcdf4, 0xd5f4, 0xd5f4, 0xd5f4, 0xd5f4, 0xd5f4, 0xd5f4, 0xd5f4, 
	0xd5f4, 0xd5f4, 0xd5f4, 0xd5f4, 0xd5f4, 0xd5f4, 0xd5f5, 0xd5f5, 0xce15, 0xce15, 0xce15, 0xce15, 0xce15, 0xce15, 0xce15, 0xce15, 
	0xce15, 0xce15, 0xd615, 0xd615, 0xd615, 0xd614, 0xde13, 0xde13, 0xe633, 0xee54, 0xee54, 0xf674, 0xf6b5, 0xf6b5, 0xfef6, 0xff17, 
	0xff17, 0xf718, 0xef18, 0xef18, 0xef19, 0xef19, 0xef19, 0xeef8, 0xe6d8, 0xe6d8, 0xe6b8, 0xdeb7, 0xdeb7, 0xde96, 0xde76, 0xde76, 
	0xd656, 0xd656, 0xd635, 0xd635, 0xce35, 0xce15, 0xce15, 0xce15, 0xcdf4, 0xcdf4, 0xc5b3, 0xc592, 0xc592, 0xc593, 0xc572, 0xc572, 
	0xbd50, 0xb510, 0xb510, 0xbd50, 0xc592, 0xc592, 0xc572, 0xbd71, 0xbd71, 0xbd51, 0xb530, 0xb4ef, 0xb4ef, 0xacce, 0xb551, 0xb551, 
	0xbd72, 0xbd72, 0xbd72, 0xbd72, 0xc5d4, 0xc5d4, 0xce35, 0xc614, 0xc614, 0xc5d4, 0xb592, 0xb592, 0xbd93, 0xbd93, 0xbd93, 0xc594, 
	0xc5b4, 0xc5b4, 0xbd94, 0xc5b4, 0xc5b4, 0xcdf5, 0xce16, 0xce36, 0xce36, 0xce15, 0xc5f5, 0xc5f5, 0xce36, 0xc5f5, 0xc5f5, 0xc5f5, 
	0xce36, 0xce36, 0xd677, 0xd698, 0xd698, 0xd698, 0xd698, 0xd698, 0xd698, 0xded9, 0xded9, 0xded9, 0xde98, 0xde98, 0xd677, 0xce58, 
	0xce58, 0xce58, 0xd678, 0xd6d9, 0xd6d9, 0xdefa, 0xdefa, 0xdefa, 0xded9, 0xd678, 0xd678, 0xd658, 0xd678, 0xd678, 0xd678, 0xd678, 
	0xd678, 0xde78, 0xde97, 0xde97, 0xde97, 0xde76, 0xde76, 0xde76, 0xd635, 0xd635, 0xd614, 0xd5f2, 0xcdb0, 0xcdb0, 0xc56e, 0xc54c, 
	0xc54c, 0xc52c, 0xc4eb, 0xc4eb, 0xbccc, 0xcdb2, 0xcdb2, 0xde77, 0xdeb9, 0xdeb9, 0xdeb9, 0xdeb9, 0xdeb9, 0xdeb9, 0xe6da, 0xe6da, 
	0xded9, 0xdeb9, 0xdeb9, 0xdeb9, 0xdeb9, 0xdeb9, 0xdeb9, 0xdeb9, 0xded9, 0xded9, 0xded9, 0xded9, 0xded9, 0xdeb9, 0xdeb9, 0xdeb9, 
	0xdeb9, 0xdeb9, 0xdeb9, 0xdeb9, 0xdeb9, 0xdeb9, 0xdeb9, 0xdeb9, 0xdeb9, 0xdeb9, 0xdeb9, 0xdeb9, 0xdeb9, 0xdeb9, 0xdeb9, 0xd698, 
	0xcdb3, 0xcdb3, 0xcdb3, 0xcdb3, 0xcdb3, 0xcdb3, 0xcdb4, 0xcdd4, 0xcdd4, 0xcdd4, 0xcdd4, 0xcdd4, 0xcdd4, 0xcdd4, 0xcdd4, 0xcdd4, 
	0xcdd3, 0xcdd3, 0xcdf3, 0xcdf3, 0xcdf3, 0xcdf3, 0xcdf3, 0xcdf3, 0xcdf4, 0xcdd4, 0xcdd4, 0xcdd4, 0xcdd4, 0xcdd4, 0xcdd4, 0xcdd4, 
	0xcdd4, 0xcdd4, 0xcdd4, 0xcdd4, 0xcdd4, 0xcdd4, 0xd5f5, 0xd5f5, 0xcdf4, 0xce15, 0xce15, 0xce15, 0xce15, 0xce15, 0xce15, 0xce14, 
	0xce14, 0xd614, 0xd615, 0xd615, 0xd614, 0xde14, 0xe633, 0xe633, 0xee53, 0xf673, 0xf673, 0xf674, 0xfed6, 0xfed6, 0xff37, 0xff38, 
	0xff38, 0xf759, 0xef39, 0xef39, 0xf73a, 0xef19, 0xef19, 0xeef9, 0xe6d8, 0xe6d8, 0xe6b8, 0xde97, 0xde97, 0xde76, 0xde76, 0xde76, 
	0xd656, 0xd655, 0xd635, 0xd635, 0xce15, 0xd615, 0xd615, 0xce15, 0xcdf4, 0xcdf4, 0xcdd3, 0xc592, 0xc592, 0xcd93, 0xc592, 0xc592, 
	0xbd51, 0xb510, 0xb510, 0xbd71, 0xc592, 0xc592, 0xc592, 0xc592, 0xc592, 0xc592, 0xc591, 0xbd50, 0xbd50, 0xbd50, 0xbd71, 0xbd71, 
	0xbd92, 0xbd72, 0xbd72, 0xc593, 0xcdf4, 0xcdf4, 0xc5f4, 0xc5f4, 0xc5f4, 0xc5f4, 0xbdb3, 0xbdb3, 0xbd93, 0xb572, 0xb572, 0xbd94, 
	0xc5b4, 0xc5b4, 0xc594, 0xcdd5, 0xcdd5, 0xce15, 0xc615, 0xce16, 0xce16, 0xce36, 0xbdb4, 0xbdb4, 0xb573, 0xbdb4, 0xbdb4, 0xc5f5, 
	0xce36, 0xce36, 0xce56, 0xce36, 0xce36, 0xce57, 0xd698, 0xd698, 0xdeb9, 0xdeb8, 0xdeb8, 0xce36, 0xce36, 0xce36, 0xce37, 0xce58, 
	0xd678, 0xd678, 0xd6b9, 0xd6b9, 0xd6b9, 0xded9, 0xded9, 0xded9, 0xdeb9, 0xde78, 0xde78, 0xd658, 0xd658, 0xd658, 0xd658, 0xd658, 
	0xd658, 0xce37, 0xce36, 0xce36, 0xd656, 0xd656, 0xd656, 0xd675, 0xd635, 0xd635, 0xd614, 0xcdb1, 0xc58f, 0xc58f, 0xc54d, 0xbd0b, 
	0xbd0b, 0xbd0b, 0xbccb, 0xbccb, 0xc4ec, 0xd5d2, 0xd5d2, 0xde77, 0xdeb9, 0xdeb9, 0xdeb9, 0xdeb9, 0xdeb9, 0xdeb9, 0xded9, 0xded9, 
	0xdeb9, 0xdeb9, 0xdeb9, 0xdeb9, 0xdeb9, 0xdeb9, 0xdeb9, 0xded9, 0xdeb9, 0xdeb9, 0xdeb9, 0xdeb9, 0xdeb9, 0xdeb9, 0xdeb9, 0xdeb9, 
	0xdeb9, 0xdeb9, 0xdeb9, 0xdeb9, 0xdeb9, 0xdeb9, 0xdeb9, 0xdeb9, 0xdeb9, 0xd6b9, 0xd698, 0xd698, 0xd698, 0xd698, 0xd698, 0xd678, 
	0xcdb3, 0xcdb3, 0xcdb3, 0xcdb3, 0xcdb3, 0xcdb3, 0xcdb4, 0xcdd4, 0xcdd4, 0xcdd4, 0xcdd4, 0xcdd4, 0xcdd4, 0xcdd4, 0xcdd4, 0xcdd4, 
	0xcdd3, 0xcdd3, 0xcdf3, 0xcdf3, 0xcdf3, 0xcdf3, 0xcdf3, 0xcdf3, 0xcdf4, 0xcdd4, 0xcdd4, 0xcdd4, 0xcdd4, 0xcdd4, 0xcdd4, 0xcdd4, 
	0xcdd4, 0xcdd4, 0xcdd4, 0xcdd4, 0xcdd4, 0xcdd4, 0xd5f5, 0xd5f5, 0xcdf4, 0xce15, 0xce15, 0xce15, 0xce15, 0xce15, 0xce15, 0xce14, 
	0xce14, 0xd614, 0xd615, 0xd615, 0xd614, 0xde14, 0xe633, 0xe633, 0xee53, 0xf673, 0xf673, 0xf674, 0xfed6, 0xfed6, 0xff37, 0xff38, 
	0xff38, 0xf759, 0xef39, 0xef39, 0xf73a, 0xef19, 0xef19, 0xeef9, 0xe6d8, 0xe6d8, 0xe6b8, 0xde97, 0xde97, 0xde76, 0xde76, 0xde76, 
	0xd656, 0xd655, 0xd635, 0xd635, 0xce15, 0xd615, 0xd615, 0xce15, 0xcdf4, 0xcdf4, 0xcdd3, 0xc592, 0xc592, 0xcd93, 0xc592, 0xc592, 
	0xbd51, 0xb510, 0xb510, 0xbd71, 0xc592, 0xc592, 0xc592, 0xc592, 0xc592, 0xc592, 0xc591, 0xbd50, 0xbd50, 0xbd50, 0xbd71, 0xbd71, 
	0xbd92, 0xbd72, 0xbd72, 0xc593, 0xcdf4, 0xcdf4, 0xc5f4, 0xc5f4, 0xc5f4, 0xc5f4, 0xbdb3, 0xbdb3, 0xbd93, 0xb572, 0xb572, 0xbd94, 
	0xc5b4, 0xc5b4, 0xc594, 0xcdd5, 0xcdd5, 0xce15, 0xc615, 0xce16, 0xce16, 0xce36, 0xbdb4, 0xbdb4, 0xb573, 0xbdb4, 0xbdb4, 0xc5f5, 
	0xce36, 0xce36, 0xce56, 0xce36, 0xce36, 0xce57, 0xd698, 0xd698, 0xdeb9, 0xdeb8, 0xdeb8, 0xce36, 0xce36, 0xce36, 0xce37, 0xce58, 
	0xd678, 0xd678, 0xd6b9, 0xd6b9, 0xd6b9, 0xded9, 0xded9, 0xded9, 0xdeb9, 0xde78, 0xde78, 0xd658, 0xd658, 0xd658, 0xd658, 0xd658, 
	0xd658, 0xce37, 0xce36, 0xce36, 0xd656, 0xd656, 0xd656, 0xd675, 0xd635, 0xd635, 0xd614, 0xcdb1, 0xc58f, 0xc58f, 0xc54d, 0xbd0b, 
	0xbd0b, 0xbd0b, 0xbccb, 0xbccb, 0xc4ec, 0xd5d2, 0xd5d2, 0xde77, 0xdeb9, 0xdeb9, 0xdeb9, 0xdeb9, 0xdeb9, 0xdeb9, 0xded9, 0xded9, 
	0xdeb9, 0xdeb9, 0xdeb9, 0xdeb9, 0xdeb9, 0xdeb9, 0xdeb9, 0xded9, 0xdeb9, 0xdeb9, 0xdeb9, 0xdeb9, 0xdeb9, 0xdeb9, 0xdeb9, 0xdeb9, 
	0xdeb9, 0xdeb9, 0xdeb9, 0xdeb9, 0xdeb9, 0xdeb9, 0xdeb9, 0xdeb9, 0xdeb9, 0xd6b9, 0xd698, 0xd698, 0xd698, 0xd698, 0xd698, 0xd678, 
	0xcdb3, 0xcdb3, 0xcdb3, 0xcdb3, 0xcdb3, 0xcdb3, 0xcdd3, 0xcdb3, 0xcdb3, 0xcdb3, 0xcdb3, 0xcdb3, 0xcdb3, 0xcdb3, 0xcdb3, 0xcdb3, 
	0xcdb3, 0xcdb3, 0xcdb3, 0xcdd3, 0xcdd3, 0xcdd3, 0xcdd3, 0xcdd3, 0xcdd4, 0xcdd4, 0xcdd4, 0xcdd4, 0xcdd4, 0xcdd4, 0xcdd4, 0xcdd4, 
	0xcdd4, 0xcdd4, 0xcdd4, 0xcdd4, 0xcdd4, 0xcdd4, 0xcdd4, 0xcdd4, 0xcdf4, 0xcdf4, 0xcdf4, 0xce15, 0xce15, 0xce15, 0xce14, 0xd5f4, 
	0xd5f4, 0xd613, 0xde34, 0xde34, 0xde34, 0xe654, 0xee53, 0xee53, 0xf673, 0xee74, 0xee74, 0xf6b5, 0xff16, 0xff16, 0xff38, 0xf759, 
	0xf759, 0xf759, 0xef3a, 0xef3a, 0xef3a, 0xef39, 0xef39, 0xe6f9, 0xe6f8, 0xe6f8, 0xdeb7, 0xde76, 0xde76, 0xde76, 0xde75, 0xde75, 
	0xde55, 0xde55, 0xd634, 0xd634, 0xd614, 0xce14, 0xce14, 0xcdf3, 0xc5d3, 0xc5d3, 0xc592, 0xc5b2, 0xc5b2, 0xc592, 0xc592, 0xc592, 
	0xc592, 0xbd51, 0xbd51, 0xbd71, 0xc592, 0xc592, 0xc572, 0xc572, 0xc572, 0xc572, 0xc592, 0xbd72, 0xbd72, 0xbd72, 0xbd72, 0xbd72, 
	0xc5b3, 0xcdf4, 0xcdf4, 0xcdd4, 0xc5b3, 0xc5b3, 0xc5b3, 0xc5d4, 0xc5d4, 0xcdd4, 0xcdf5, 0xcdf5, 0xce15, 0xc5d4, 0xc5d4, 0xbd93, 
	0xbdb4, 0xbdb4, 0xc615, 0xce15, 0xce15, 0xce15, 0xb573, 0xbdd4, 0xbdd4, 0xce36, 0xc5d5, 0xc5d5, 0xb552, 0xbd93, 0xbd93, 0xbdb4, 
	0xc5f6, 0xc5f6, 0xce36, 0xc5f5, 0xc5f5, 0xc5f6, 0xce57, 0xce57, 0xd678, 0xd678, 0xd678, 0xce57, 0xc616, 0xc616, 0xce17, 0xce37, 
	0xd678, 0xd678, 0xde99, 0xdeb9, 0xdeb9, 0xdeb9, 0xdeb8, 0xdeb8, 0xdeb8, 0xd699, 0xd699, 0xd698, 0xd678, 0xd678, 0xd677, 0xd656, 
	0xd656, 0xce56, 0xce36, 0xce36, 0xce36, 0xce35, 0xce35, 0xce14, 0xcdd2, 0xcdd2, 0xcdb1, 0xcd90, 0xcd6e, 0xcd6e, 0xcd4d, 0xc4eb, 
	0xc4eb, 0xbccb, 0xbcab, 0xbcab, 0xbced, 0xd5f3, 0xd5f3, 0xde56, 0xde98, 0xde98, 0xd6b8, 0xdeb9, 0xdeb9, 0xdeb9, 0xdeb9, 0xdeb9, 
	0xdeb9, 0xdeb9, 0xdeb9, 0xdeb9, 0xdeb9, 0xdeb9, 0xdeb9, 0xdeb9, 0xdeb9, 0xdeb9, 0xdeb9, 0xdeb9, 0xdeb9, 0xdeb9, 0xdeb9, 0xdeb9, 
	0xdeb9, 0xdeb9, 0xdeb9, 0xdeb9, 0xdeb9, 0xdeb9, 0xdeb9, 0xdeb9, 0xdeb9, 0xd6b9, 0xd6b9, 0xd6b9, 0xdeb9, 0xd698, 0xd698, 0xd678, 
	0xc592, 0xc592, 0xc592, 0xc592, 0xcdb3, 0xcdb3, 0xcdb3, 0xcdb3, 0xcdb3, 0xcdb3, 0xcdb3, 0xcdb3, 0xcdb3, 0xcdb3, 0xcdb3, 0xcdb3, 
	0xcdb3, 0xcdb3, 0xcdb3, 0xcdd3, 0xcdd3, 0xcdd3, 0xcdd3, 0xcdd3, 0xcdd3, 0xcdd4, 0xcdd4, 0xcdd4, 0xcdb4, 0xcdb4, 0xcdb4, 0xcdd4, 
	0xcdd4, 0xcdd4, 0xcdd4, 0xcdd4, 0xcdd4, 0xcdd4, 0xcdd4, 0xcdd4, 0xcdf4, 0xcdf4, 0xcdf4, 0xcdf4, 0xce14, 0xce14, 0xcdf3, 0xd5f2, 
	0xd5f2, 0xde13, 0xe654, 0xe654, 0xe654, 0xee53, 0xf653, 0xf653, 0xf673, 0xf694, 0xf694, 0xf6f6, 0xff37, 0xff37, 0xff58, 0xf759, 
	0xf759, 0xf75a, 0xef3a, 0xef3a, 0xef5a, 0xe719, 0xe719, 0xe6f9, 0xe6f8, 0xe6f8, 0xded8, 0xde96, 0xde96, 0xde76, 0xde75, 0xde75, 
	0xde55, 0xde35, 0xd634, 0xd634, 0xce13, 0xcdf3, 0xcdf3, 0xcdf3, 0xcdf3, 0xcdf3, 0xc5d3, 0xcdd3, 0xcdd3, 0xcdb3, 0xcdb3, 0xcdb3, 
	0xc572, 0xbd51, 0xbd51, 0xbd71, 0xc572, 0xc572, 0xbd52, 0xbd51, 0xbd51, 0xc572, 0xc592, 0xc592, 0xc592, 0xbd92, 0xc593, 0xc593, 
	0xc5d3, 0xc5d3, 0xc5d3, 0xc5d3, 0xc5b3, 0xc5b3, 0xbd93, 0xc5d4, 0xc5d4, 0xcdd4, 0xcdf5, 0xcdf5, 0xcdf5, 0xc5f5, 0xc5f5, 0xc5f5, 
	0xc615, 0xc615, 0xc5f5, 0xce15, 0xce15, 0xbdb4, 0xbdb4, 0xc5f5, 0xc5f5, 0xce36, 0xce36, 0xce36, 0xce36, 0xd657, 0xd657, 0xce16, 
	0xc5f6, 0xc5f6, 0xce36, 0xce36, 0xce36, 0xc616, 0xce36, 0xce36, 0xd677, 0xce57, 0xce57, 0xce37, 0xc5f6, 0xc5f6, 0xc5d6, 0xc616, 
	0xce37, 0xce37, 0xd678, 0xd678, 0xd678, 0xd698, 0xd698, 0xd698, 0xd698, 0xd698, 0xd698, 0xde99, 0xd698, 0xd698, 0xd697, 0xd696, 
	0xd696, 0xde76, 0xd656, 0xd656, 0xd635, 0xce14, 0xce14, 0xce13, 0xcdd2, 0xcdd2, 0xcdb0, 0xc56f, 0xc54d, 0xc54d, 0xbd0c, 0xbcca, 
	0xbcca, 0xbcaa, 0xb48a, 0xb48a, 0xbced, 0xd5b2, 0xd5b2, 0xd615, 0xd677, 0xd677, 0xd6b8, 0xd698, 0xd698, 0xd698, 0xdeb9, 0xdeb9, 
	0xdeb9, 0xdeb9, 0xdeb9, 0xdeb9, 0xdeb9, 0xdeb9, 0xdeb9, 0xd6b9, 0xdeb9, 0xdeb9, 0xdeb9, 0xdeb9, 0xdeb9, 0xdeb9, 0xdeb9, 0xdeb9, 
	0xdeb9, 0xdeb9, 0xdeb9, 0xd6b9, 0xd6b9, 0xd6b9, 0xd698, 0xd698, 0xd698, 0xd698, 0xd6b9, 0xd6b9, 0xd698, 0xd678, 0xd678, 0xd678, 
	0xc592, 0xc592, 0xc592, 0xc592, 0xcdb3, 0xcdb3, 0xcdb3, 0xcdb3, 0xcdb3, 0xcdb3, 0xcdb3, 0xcdb3, 0xcdb3, 0xcdb3, 0xcdb3, 0xcdb3, 
	0xcdb3, 0xcdb3, 0xcdb3, 0xcdd3, 0xcdd3, 0xcdd3, 0xcdd3, 0xcdd3, 0xcdd3, 0xcdd4, 0xcdd4, 0xcdd4, 0xcdb4, 0xcdb4, 0xcdb4, 0xcdd4, 
	0xcdd4, 0xcdd4, 0xcdd4, 0xcdd4, 0xcdd4, 0xcdd4, 0xcdd4, 0xcdd4, 0xcdf4, 0xcdf4, 0xcdf4, 0xcdf4, 0xce14, 0xce14, 0xcdf3, 0xd5f2, 
	0xd5f2, 0xde13, 0xe654, 0xe654, 0xe654, 0xee53, 0xf653, 0xf653, 0xf673, 0xf694, 0xf694, 0xf6f6, 0xff37, 0xff37, 0xff58, 0xf759, 
	0xf759, 0xf75a, 0xef3a, 0xef3a, 0xef5a, 0xe719, 0xe719, 0xe6f9, 0xe6f8, 0xe6f8, 0xded8, 0xde96, 0xde96, 0xde76, 0xde75, 0xde75, 
	0xde55, 0xde35, 0xd634, 0xd634, 0xce13, 0xcdf3, 0xcdf3, 0xcdf3, 0xcdf3, 0xcdf3, 0xc5d3, 0xcdd3, 0xcdd3, 0xcdb3, 0xcdb3, 0xcdb3, 
	0xc572, 0xbd51, 0xbd51, 0xbd71, 0xc572, 0xc572, 0xbd52, 0xbd51, 0xbd51, 0xc572, 0xc592, 0xc592, 0xc592, 0xbd92, 0xc593, 0xc593, 
	0xc5d3, 0xc5d3, 0xc5d3, 0xc5d3, 0xc5b3, 0xc5b3, 0xbd93, 0xc5d4, 0xc5d4, 0xcdd4, 0xcdf5, 0xcdf5, 0xcdf5, 0xc5f5, 0xc5f5, 0xc5f5, 
	0xc615, 0xc615, 0xc5f5, 0xce15, 0xce15, 0xbdb4, 0xbdb4, 0xc5f5, 0xc5f5, 0xce36, 0xce36, 0xce36, 0xce36, 0xd657, 0xd657, 0xce16, 
	0xc5f6, 0xc5f6, 0xce36, 0xce36, 0xce36, 0xc616, 0xce36, 0xce36, 0xd677, 0xce57, 0xce57, 0xce37, 0xc5f6, 0xc5f6, 0xc5d6, 0xc616, 
	0xce37, 0xce37, 0xd678, 0xd678, 0xd678, 0xd698, 0xd698, 0xd698, 0xd698, 0xd698, 0xd698, 0xde99, 0xd698, 0xd698, 0xd697, 0xd696, 
	0xd696, 0xde76, 0xd656, 0xd656, 0xd635, 0xce14, 0xce14, 0xce13, 0xcdd2, 0xcdd2, 0xcdb0, 0xc56f, 0xc54d, 0xc54d, 0xbd0c, 0xbcca, 
	0xbcca, 0xbcaa, 0xb48a, 0xb48a, 0xbced, 0xd5b2, 0xd5b2, 0xd615, 0xd677, 0xd677, 0xd6b8, 0xd698, 0xd698, 0xd698, 0xdeb9, 0xdeb9, 
	0xdeb9, 0xdeb9, 0xdeb9, 0xdeb9, 0xdeb9, 0xdeb9, 0xdeb9, 0xd6b9, 0xdeb9, 0xdeb9, 0xdeb9, 0xdeb9, 0xdeb9, 0xdeb9, 0xdeb9, 0xdeb9, 
	0xdeb9, 0xdeb9, 0xdeb9, 0xd6b9, 0xd6b9, 0xd6b9, 0xd698, 0xd698, 0xd698, 0xd698, 0xd6b9, 0xd6b9, 0xd698, 0xd678, 0xd678, 0xd678, 
	0xc592, 0xc592, 0xc592, 0xc592, 0xcdb3, 0xcdb3, 0xcdb3, 0xcdb3, 0xcdb3, 0xcdb3, 0xcdb3, 0xcdb3, 0xcdb3, 0xcdb3, 0xcdb3, 0xcdb3, 
	0xcdb3, 0xcdb3, 0xcdb3, 0xcdb3, 0xcdb3, 0xcdb3, 0xcdb3, 0xcdb3, 0xcdb3, 0xcdb3, 0xcdb3, 0xcdb3, 0xcdb3, 0xcdb3, 0xcdb3, 0xcdd4, 
	0xcdd4, 0xcdd4, 0xcdd4, 0xcdd4, 0xcdd4, 0xcdd4, 0xcdd4, 0xcdd4, 0xcdf4, 0xcdf4, 0xcdf4, 0xcdf4, 0xcdf3, 0xcdf3, 0xcdf3, 0xde33, 
	0xde33, 0xee74, 0xee95, 0xee95, 0xee74, 0xf674, 0xf694, 0xf694, 0xf6b4, 0xf6d5, 0xf6d5, 0xff17, 0xff58, 0xff58, 0xff59, 0xff7a, 
	0xff7a, 0xf75a, 0xf75a, 0xf75a, 0xef3a, 0xe719, 0xe719, 0xe6f8, 0xe6f8, 0xe6f8, 0xded8, 0xde96, 0xde96, 0xde96, 0xde55, 0xde55, 
	0xde35, 0xd614, 0xce13, 0xce13, 0xcdf3, 0xcdd3, 0xcdd3, 0xcdd3, 0xcdf3, 0xcdf3, 0xcdf4, 0xcdf4, 0xcdf4, 0xcdd4, 0xcdb3, 0xcdb3, 
	0xc572, 0xc571, 0xc571, 0xc591, 0xbd71, 0xbd71, 0xc572, 0xc572, 0xc572, 0xc572, 0xbd92, 0xc5b3, 0xc5b3, 0xc5b3, 0xbd92, 0xbd92, 
	0xbd72, 0xbd72, 0xbd72, 0xc5b3, 0xbd72, 0xbd72, 0xbd72, 0xc593, 0xc593, 0xc5b4, 0xcdd5, 0xcdd5, 0xcdf5, 0xce16, 0xce16, 0xd656, 
	0xce16, 0xce16, 0xce15, 0xc5d5, 0xc5d5, 0xbdb4, 0xce36, 0xce36, 0xce36, 0xce36, 0xce15, 0xce15, 0xd656, 0xd697, 0xd697, 0xce36, 
	0xce37, 0xce37, 0xce56, 0xce36, 0xce36, 0xce36, 0xce36, 0xce36, 0xce56, 0xd678, 0xd678, 0xd678, 0xd658, 0xd658, 0xce58, 0xce37, 
	0xce57, 0xce57, 0xd658, 0xd678, 0xd678, 0xd677, 0xd677, 0xd677, 0xd657, 0xd657, 0xd657, 0xd657, 0xd677, 0xd677, 0xd677, 0xd676, 
	0xd676, 0xde76, 0xde55, 0xde55, 0xd635, 0xd614, 0xd614, 0xcdf3, 0xcdd1, 0xcdd1, 0xcd90, 0xc54e, 0xc52d, 0xc52d, 0xbceb, 0xbcca, 
	0xbcca, 0xbc8a, 0xb48a, 0xb48a, 0xbcac, 0xcd92, 0xcd92, 0xd615, 0xd677, 0xd677, 0xd6b8, 0xd698, 0xd698, 0xd698, 0xd698, 0xd698, 
	0xdeb9, 0xde99, 0xde99, 0xdeb9, 0xdeb9, 0xdeb9, 0xdeb9, 0xd6b9, 0xd6b9, 0xd6b9, 0xd6b9, 0xd6b9, 0xd6b9, 0xd6b9, 0xd6b9, 0xd6b9, 
	0xd6b9, 0xd698, 0xd698, 0xd698, 0xd698, 0xd698, 0xd698, 0xd678, 0xd678, 0xd678, 0xd698, 0xd698, 0xd678, 0xd678, 0xd678, 0xd678, 
	0xc592, 0xc592, 0xc592, 0xc592, 0xcdb3, 0xcdb3, 0xcdb3, 0xcdb3, 0xcdb3, 0xcdb3, 0xcdb3, 0xcdb3, 0xcdb3, 0xcdb3, 0xcdb3, 0xcdb3, 
	0xcdb3, 0xcdb3, 0xcdb3, 0xcdb3, 0xcdb3, 0xcdb3, 0xcdb3, 0xcdb3, 0xcdb3, 0xcdb3, 0xcdb3, 0xcdb3, 0xcdb3, 0xcdb3, 0xcdb3, 0xcdd4, 
	0xcdd4, 0xcdd4, 0xcdd4, 0xcdd4, 0xcdd4, 0xcdd4, 0xcdd4, 0xcdd4, 0xcdf4, 0xcdf4, 0xcdf4, 0xcdf4, 0xcdf3, 0xcdf3, 0xcdf3, 0xde33, 
	0xde33, 0xee74, 0xee95, 0xee95, 0xee74, 0xf674, 0xf694, 0xf694, 0xf6b4, 0xf6d5, 0xf6d5, 0xff17, 0xff58, 0xff58, 0xff59, 0xff7a, 
	0xff7a, 0xf75a, 0xf75a, 0xf75a, 0xef3a, 0xe719, 0xe719, 0xe6f8, 0xe6f8, 0xe6f8, 0xded8, 0xde96, 0xde96, 0xde96, 0xde55, 0xde55, 
	0xde35, 0xd614, 0xce13, 0xce13, 0xcdf3, 0xcdd3, 0xcdd3, 0xcdd3, 0xcdf3, 0xcdf3, 0xcdf4, 0xcdf4, 0xcdf4, 0xcdd4, 0xcdb3, 0xcdb3, 
	0xc572, 0xc571, 0xc571, 0xc591, 0xbd71, 0xbd71, 0xc572, 0xc572, 0xc572, 0xc572, 0xbd92, 0xc5b3, 0xc5b3, 0xc5b3, 0xbd92, 0xbd92, 
	0xbd72, 0xbd72, 0xbd72, 0xc5b3, 0xbd72, 0xbd72, 0xbd72, 0xc593, 0xc593, 0xc5b4, 0xcdd5, 0xcdd5, 0xcdf5, 0xce16, 0xce16, 0xd656, 
	0xce16, 0xce16, 0xce15, 0xc5d5, 0xc5d5, 0xbdb4, 0xce36, 0xce36, 0xce36, 0xce36, 0xce15, 0xce15, 0xd656, 0xd697, 0xd697, 0xce36, 
	0xce37, 0xce37, 0xce56, 0xce36, 0xce36, 0xce36, 0xce36, 0xce36, 0xce56, 0xd678, 0xd678, 0xd678, 0xd658, 0xd658, 0xce58, 0xce37, 
	0xce57, 0xce57, 0xd658, 0xd678, 0xd678, 0xd677, 0xd677, 0xd677, 0xd657, 0xd657, 0xd657, 0xd657, 0xd677, 0xd677, 0xd677, 0xd676, 
	0xd676, 0xde76, 0xde55, 0xde55, 0xd635, 0xd614, 0xd614, 0xcdf3, 0xcdd1, 0xcdd1, 0xcd90, 0xc54e, 0xc52d, 0xc52d, 0xbceb, 0xbcca, 
	0xbcca, 0xbc8a, 0xb48a, 0xb48a, 0xbcac, 0xcd92, 0xcd92, 0xd615, 0xd677, 0xd677, 0xd6b8, 0xd698, 0xd698, 0xd698, 0xd698, 0xd698, 
	0xdeb9, 0xde99, 0xde99, 0xdeb9, 0xdeb9, 0xdeb9, 0xdeb9, 0xd6b9, 0xd6b9, 0xd6b9, 0xd6b9, 0xd6b9, 0xd6b9, 0xd6b9, 0xd6b9, 0xd6b9, 
	0xd6b9, 0xd698, 0xd698, 0xd698, 0xd698, 0xd698, 0xd698, 0xd678, 0xd678, 0xd678, 0xd698, 0xd698, 0xd678, 0xd678, 0xd678, 0xd678, 
	0xc592, 0xc592, 0xc592, 0xc592, 0xcdb2, 0xcdb2, 0xcdb2, 0xcdb2, 0xcdb2, 0xcdb2, 0xcdb3, 0xcdb3, 0xcdb2, 0xcdb2, 0xcdb2, 0xcdb3, 
	0xcdb3, 0xcdb3, 0xcdb3, 0xcdb3, 0xcdb3, 0xcdb3, 0xcdb3, 0xcdb3, 0xcdb3, 0xcdb3, 0xcdb3, 0xcdb3, 0xcdb3, 0xcdb3, 0xcdb3, 0xcdb3, 
	0xcdb3, 0xcdb3, 0xcdb3, 0xcdb3, 0xcdb3, 0xcdb3, 0xcdd4, 0xcdd4, 0xcdd4, 0xcdd4, 0xcdd4, 0xcdf4, 0xd5d3, 0xd5d3, 0xde13, 0xee54, 
	0xee54, 0xee74, 0xf694, 0xf694, 0xf694, 0xf694, 0xf6b5, 0xf6b5, 0xf6d5, 0xf6f7, 0xf6f7, 0xf739, 0xff5a, 0xff5a, 0xff7a, 0xf75b, 
	0xf75b, 0xf77b, 0xf77b, 0xf77b, 0xef3a, 0xe719, 0xe719, 0xe6d8, 0xded8, 0xded8, 0xdeb8, 0xde97, 0xde97, 0xde76, 0xd634, 0xd634, 
	0xd614, 0xd613, 0xd613, 0xd613, 0xd5f3, 0xcdf3, 0xcdf3, 0xcdd3, 0xcdf3, 0xcdf3, 0xcdf4, 0xcdf4, 0xcdf4, 0xcdd3, 0xcdb2, 0xcdb2, 
	0xcdb2, 0xcdb2, 0xcdb2, 0xc591, 0xbd71, 0xbd71, 0xbd52, 0xc572, 0xc572, 0xbd72, 0xbd72, 0xc5d3, 0xc5d3, 0xc5d3, 0xbd93, 0xbd93, 
	0xbd92, 0xc5b3, 0xc5b3, 0xc5b3, 0xc5b3, 0xc5b3, 0xc593, 0xbd93, 0xbd93, 0xc5b4, 0xcdd5, 0xcdd5, 0xc5b5, 0xcdf5, 0xcdf5, 0xce15, 
	0xc5f5, 0xc5f5, 0xc5f5, 0xc5f5, 0xc5f5, 0xd656, 0xd656, 0xce36, 0xce36, 0xc5d5, 0xce56, 0xce56, 0xce56, 0xce15, 0xce15, 0xd657, 
	0xd657, 0xd657, 0xce56, 0xce36, 0xce36, 0xce56, 0xce56, 0xce56, 0xce36, 0xce37, 0xce37, 0xd658, 0xd698, 0xd698, 0xd699, 0xd678, 
	0xce37, 0xce37, 0xce16, 0xce16, 0xce16, 0xce36, 0xce56, 0xce56, 0xd677, 0xd677, 0xd677, 0xde98, 0xde77, 0xde77, 0xde76, 0xd656, 
	0xd656, 0xd614, 0xce13, 0xce13, 0xcdf2, 0xcdf2, 0xcdf2, 0xcdb1, 0xcd90, 0xcd90, 0xcd6f, 0xc52d, 0xc52d, 0xc52d, 0xc4ec, 0xc4cb, 
	0xc4cb, 0xbc6a, 0xb46a, 0xb46a, 0xbcac, 0xd591, 0xd591, 0xd5f5, 0xd657, 0xd657, 0xd698, 0xd698, 0xd698, 0xd699, 0xd698, 0xd698, 
	0xd698, 0xd698, 0xd698, 0xd698, 0xd698, 0xd698, 0xd698, 0xd698, 0xd698, 0xd698, 0xd698, 0xd698, 0xd698, 0xd698, 0xd698, 0xd698, 
	0xd698, 0xd698, 0xd698, 0xd678, 0xd678, 0xd678, 0xd678, 0xd678, 0xd678, 0xd698, 0xd698, 0xd698, 0xd698, 0xd678, 0xd678, 0xd678, 
	0xc592, 0xc592, 0xc592, 0xc592, 0xcdb2, 0xcdb2, 0xcdb2, 0xcdb2, 0xcdb2, 0xcdb2, 0xcdb3, 0xcdb3, 0xcdb2, 0xcdb2, 0xcdb2, 0xcdb3, 
	0xcdb3, 0xcdb3, 0xcdb3, 0xcdb3, 0xcdb3, 0xcdb3, 0xcdb3, 0xcdb3, 0xcdb3, 0xcdb3, 0xcdb3, 0xcdb3, 0xcdb3, 0xcdb3, 0xcdb3, 0xcdb3, 
	0xcdb3, 0xcdb3, 0xcdb3, 0xcdb3, 0xcdb3, 0xcdb3, 0xcdd4, 0xcdd4, 0xcdd4, 0xcdd4, 0xcdd4, 0xcdf4, 0xd5d3, 0xd5d3, 0xde13, 0xee54, 
	0xee54, 0xee74, 0xf694, 0xf694, 0xf694, 0xf694, 0xf6b5, 0xf6b5, 0xf6d5, 0xf6f7, 0xf6f7, 0xf739, 0xff5a, 0xff5a, 0xff7a, 0xf75b, 
	0xf75b, 0xf77b, 0xf77b, 0xf77b, 0xef3a, 0xe719, 0xe719, 0xe6d8, 0xded8, 0xded8, 0xdeb8, 0xde97, 0xde97, 0xde76, 0xd634, 0xd634, 
	0xd614, 0xd613, 0xd613, 0xd613, 0xd5f3, 0xcdf3, 0xcdf3, 0xcdd3, 0xcdf3, 0xcdf3, 0xcdf4, 0xcdf4, 0xcdf4, 0xcdd3, 0xcdb2, 0xcdb2, 
	0xcdb2, 0xcdb2, 0xcdb2, 0xc591, 0xbd71, 0xbd71, 0xbd52, 0xc572, 0xc572, 0xbd72, 0xbd72, 0xc5d3, 0xc5d3, 0xc5d3, 0xbd93, 0xbd93, 
	0xbd92, 0xc5b3, 0xc5b3, 0xc5b3, 0xc5b3, 0xc5b3, 0xc593, 0xbd93, 0xbd93, 0xc5b4, 0xcdd5, 0xcdd5, 0xc5b5, 0xcdf5, 0xcdf5, 0xce15, 
	0xc5f5, 0xc5f5, 0xc5f5, 0xc5f5, 0xc5f5, 0xd656, 0xd656, 0xce36, 0xce36, 0xc5d5, 0xce56, 0xce56, 0xce56, 0xce15, 0xce15, 0xd657, 
	0xd657, 0xd657, 0xce56, 0xce36, 0xce36, 0xce56, 0xce56, 0xce56, 0xce36, 0xce37, 0xce37, 0xd658, 0xd698, 0xd698, 0xd699, 0xd678, 
	0xce37, 0xce37, 0xce16, 0xce16, 0xce16, 0xce36, 0xce56, 0xce56, 0xd677, 0xd677, 0xd677, 0xde98, 0xde77, 0xde77, 0xde76, 0xd656, 
	0xd656, 0xd614, 0xce13, 0xce13, 0xcdf2, 0xcdf2, 0xcdf2, 0xcdb1, 0xcd90, 0xcd90, 0xcd6f, 0xc52d, 0xc52d, 0xc52d, 0xc4ec, 0xc4cb, 
	0xc4cb, 0xbc6a, 0xb46a, 0xb46a, 0xbcac, 0xd591, 0xd591, 0xd5f5, 0xd657, 0xd657, 0xd698, 0xd698, 0xd698, 0xd699, 0xd698, 0xd698, 
	0xd698, 0xd698, 0xd698, 0xd698, 0xd698, 0xd698, 0xd698, 0xd698, 0xd698, 0xd698, 0xd698, 0xd698, 0xd698, 0xd698, 0xd698, 0xd698, 
	0xd698, 0xd698, 0xd698, 0xd678, 0xd678, 0xd678, 0xd678, 0xd678, 0xd678, 0xd698, 0xd698, 0xd698, 0xd698, 0xd678, 0xd678, 0xd678, 
	0xc592, 0xc592, 0xc592, 0xc592, 0xc592, 0xc592, 0xc592, 0xc592, 0xc592, 0xc592, 0xc592, 0xc592, 0xcdb2, 0xcdb2, 0xcdb2, 0xcdb2, 
	0xcdb3, 0xcdb3, 0xcdb3, 0xcdb3, 0xcdb3, 0xcdb3, 0xcdb3, 0xcdb3, 0xcdb3, 0xcdb3, 0xcdb3, 0xcdb3, 0xcdb3, 0xcdb3, 0xcdb3, 0xcdb3, 
	0xcdb3, 0xcdb3, 0xcdb3, 0xcdb3, 0xcdb3, 0xcdb3, 0xcdd4, 0xcdd4, 0xcdd4, 0xcdd3, 0xcdd3, 0xd5d3, 0xde14, 0xde14, 0xee74, 0xf694, 
	0xf694, 0xee74, 0xee74, 0xee74, 0xf694, 0xf6b4, 0xf6d5, 0xf6d5, 0xf717, 0xff59, 0xff59, 0xf75a, 0xf77a, 0xf77a, 0xf77a, 0xf79b, 
	0xf79b, 0xf79b, 0xf75b, 0xf75b, 0xef3a, 0xe6f9, 0xe6f9, 0xe6d8, 0xded8, 0xded8, 0xdeb7, 0xde96, 0xde96, 0xde75, 0xd634, 0xd634, 
	0xd614, 0xd613, 0xd613, 0xd613, 0xd613, 0xcdf3, 0xcdf3, 0xcdd3, 0xcdf3, 0xcdf3, 0xd5f3, 0xd5f4, 0xd5f4, 0xcdd3, 0xcdb2, 0xcdb2, 
	0xc592, 0xc592, 0xc592, 0xc591, 0xc572, 0xc572, 0xbd72, 0xc572, 0xc572, 0xc572, 0xbd72, 0xc5b2, 0xc5b2, 0xc5d3, 0xc5b3, 0xc5b3, 
	0xc5d3, 0xc5d3, 0xc5d3, 0xbd92, 0xbd92, 0xbd92, 0xc5b4, 0xcdf5, 0xcdf5, 0xcdf5, 0xc5b4, 0xc5b4, 0xc5b4, 0xbd94, 0xbd94, 0xbdb4, 
	0xc5d4, 0xc5d4, 0xc5f5, 0xd656, 0xd656, 0xc5f5, 0xce15, 0xce36, 0xce36, 0xc615, 0xce15, 0xce15, 0xc615, 0xc5f5, 0xc5f5, 0xce36, 
	0xce16, 0xce16, 0xce16, 0xce36, 0xce36, 0xce57, 0xce56, 0xce56, 0xce57, 0xce57, 0xce57, 0xd658, 0xd678, 0xd678, 0xdeb9, 0xdeb9, 
	0xdeb9, 0xdeb9, 0xde99, 0xd678, 0xd678, 0xd636, 0xd656, 0xd656, 0xd677, 0xd677, 0xd677, 0xd677, 0xde77, 0xde77, 0xde76, 0xd655, 
	0xd655, 0xd5d3, 0xcd91, 0xcd91, 0xc590, 0xc56f, 0xc56f, 0xc54f, 0xbd4e, 0xbd4e, 0xc52d, 0xc50d, 0xbd0c, 0xbd0c, 0xbceb, 0xbcaa, 
	0xbcaa, 0xbc6a, 0xb44a, 0xb44a, 0xbcac, 0xd591, 0xd591, 0xd5f4, 0xd656, 0xd656, 0xd698, 0xd698, 0xd698, 0xd698, 0xd698, 0xd698, 
	0xd698, 0xd698, 0xd698, 0xd698, 0xd698, 0xd678, 0xd678, 0xd678, 0xd678, 0xd678, 0xd678, 0xd678, 0xd678, 0xd678, 0xd678, 0xd678, 
	0xd678, 0xd678, 0xd678, 0xd678, 0xd678, 0xd678, 0xd678, 0xd678, 0xd678, 0xd678, 0xd678, 0xd678, 0xd678, 0xd658, 0xd658, 0xd658, 
	0xc592, 0xc592, 0xc592, 0xc592, 0xc592, 0xc592, 0xc592, 0xc592, 0xc592, 0xc592, 0xc592, 0xc592, 0xc592, 0xc592, 0xc592, 0xc592, 
	0xc592, 0xc592, 0xc592, 0xc5b2, 0xc5b2, 0xcdb3, 0xcdb3, 0xcdb3, 0xc593, 0xc593, 0xc593, 0xcd93, 0xcd93, 0xcdb3, 0xcdb3, 0xcdb3, 
	0xcdb3, 0xcdb3, 0xcdb3, 0xcdb3, 0xcdb3, 0xcdb3, 0xcdd4, 0xcdd4, 0xcdd4, 0xd5f3, 0xd5f3, 0xe633, 0xee74, 0xee74, 0xf695, 0xf694, 
	0xf694, 0xee73, 0xee74, 0xee74, 0xee94, 0xf6d5, 0xf6f6, 0xf6f6, 0xff59, 0xff9b, 0xff9b, 0xf77b, 0xf77b, 0xf77b, 0xf77b, 0xff9b, 
	0xff9b, 0xff9b, 0xf75b, 0xf75b, 0xef3a, 0xef19, 0xef19, 0xe6f8, 0xe6f8, 0xe6f8, 0xdeb7, 0xde96, 0xde96, 0xde76, 0xd655, 0xd655, 
	0xd614, 0xd613, 0xd613, 0xd613, 0xd5f3, 0xd5f3, 0xd5f3, 0xcdf3, 0xcdf3, 0xcdf3, 0xd5f3, 0xd5f4, 0xd5f4, 0xcdd3, 0xcdb2, 0xcdb2, 
	0xc592, 0xbd51, 0xbd51, 0xc571, 0xc592, 0xc592, 0xc592, 0xc592, 0xc592, 0xc592, 0xc592, 0xc5d3, 0xc5d3, 0xc5d3, 0xc5d3, 0xc5d3, 
	0xcdf4, 0xcdf4, 0xcdf4, 0xc5b3, 0xbdb3, 0xbdb3, 0xc5b4, 0xc5b4, 0xc5b4, 0xc5d5, 0xcdf5, 0xcdf5, 0xcdf5, 0xc5d4, 0xc5d4, 0xc5f5, 
	0xc5f5, 0xc5f5, 0xc5f5, 0xbdd4, 0xbdd4, 0xbd94, 0xc5f5, 0xc5d4, 0xc5d4, 0xb593, 0xad32, 0xad32, 0xbd93, 0xbd93, 0xbd93, 0xbd73, 
	0xc5d5, 0xc5d5, 0xc5f5, 0xce36, 0xce36, 0xd678, 0xd658, 0xd658, 0xd678, 0xd678, 0xd678, 0xd698, 0xdeb9, 0xdeb9, 0xdeb9, 0xdeb9, 
	0xdeb9, 0xdeb9, 0xdeb9, 0xd698, 0xd698, 0xd677, 0xd677, 0xd677, 0xd657, 0xce56, 0xce56, 0xce36, 0xd636, 0xd636, 0xd635, 0xce34, 
	0xce34, 0xd5d2, 0xcd91, 0xcd91, 0xcd90, 0xcd6f, 0xcd6f, 0xc54e, 0xbd2d, 0xbd2d, 0xbd0c, 0xbd0c, 0xbcec, 0xbcec, 0xbccb, 0xbcaa, 
	0xbcaa, 0xb46a, 0xb46a, 0xb46a, 0xbcab, 0xcd90, 0xcd90, 0xcdd3, 0xce36, 0xce36, 0xd678, 0xd698, 0xd698, 0xd678, 0xd678, 0xd678, 
	0xd678, 0xd698, 0xd698, 0xd678, 0xd678, 0xd678, 0xd678, 0xd678, 0xd678, 0xd678, 0xd678, 0xd678, 0xd678, 0xd678, 0xd678, 0xd678, 
	0xd678, 0xd678, 0xd678, 0xd678, 0xd678, 0xd678, 0xd678, 0xd678, 0xd678, 0xd698, 0xd698, 0xd698, 0xd657, 0xce57, 0xce57, 0xd658, 
	0xc592, 0xc592, 0xc592, 0xc592, 0xc592, 0xc592, 0xc592, 0xc592, 0xc592, 0xc592, 0xc592, 0xc592, 0xc592, 0xc592, 0xc592, 0xc592, 
	0xc592, 0xc592, 0xc592, 0xc5b2, 0xc5b2, 0xcdb3, 0xcdb3, 0xcdb3, 0xc593, 0xc593, 0xc593, 0xcd93, 0xcd93, 0xcdb3, 0xcdb3, 0xcdb3, 
	0xcdb3, 0xcdb3, 0xcdb3, 0xcdb3, 0xcdb3, 0xcdb3, 0xcdd4, 0xcdd4, 0xcdd4, 0xd5f3, 0xd5f3, 0xe633, 0xee74, 0xee74, 0xf695, 0xf694, 
	0xf694, 0xee73, 0xee74, 0xee74, 0xee94, 0xf6d5, 0xf6f6, 0xf6f6, 0xff59, 0xff9b, 0xff9b, 0xf77b, 0xf77b, 0xf77b, 0xf77b, 0xff9b, 
	0xff9b, 0xff9b, 0xf75b, 0xf75b, 0xef3a, 0xef19, 0xef19, 0xe6f8, 0xe6f8, 0xe6f8, 0xdeb7, 0xde96, 0xde96, 0xde76, 0xd655, 0xd655, 
	0xd614, 0xd613, 0xd613, 0xd613, 0xd5f3, 0xd5f3, 0xd5f3, 0xcdf3, 0xcdf3, 0xcdf3, 0xd5f3, 0xd5f4, 0xd5f4, 0xcdd3, 0xcdb2, 0xcdb2, 
	0xc592, 0xbd51, 0xbd51, 0xc571, 0xc592, 0xc592, 0xc592, 0xc592, 0xc592, 0xc592, 0xc592, 0xc5d3, 0xc5d3, 0xc5d3, 0xc5d3, 0xc5d3, 
	0xcdf4, 0xcdf4, 0xcdf4, 0xc5b3, 0xbdb3, 0xbdb3, 0xc5b4, 0xc5b4, 0xc5b4, 0xc5d5, 0xcdf5, 0xcdf5, 0xcdf5, 0xc5d4, 0xc5d4, 0xc5f5, 
	0xc5f5, 0xc5f5, 0xc5f5, 0xbdd4, 0xbdd4, 0xbd94, 0xc5f5, 0xc5d4, 0xc5d4, 0xb593, 0xad32, 0xad32, 0xbd93, 0xbd93, 0xbd93, 0xbd73, 
	0xc5d5, 0xc5d5, 0xc5f5, 0xce36, 0xce36, 0xd678, 0xd658, 0xd658, 0xd678, 0xd678, 0xd678, 0xd698, 0xdeb9, 0xdeb9, 0xdeb9, 0xdeb9, 
	0xdeb9, 0xdeb9, 0xdeb9, 0xd698, 0xd698, 0xd677, 0xd677, 0xd677, 0xd657, 0xce56, 0xce56, 0xce36, 0xd636, 0xd636, 0xd635, 0xce34, 
	0xce34, 0xd5d2, 0xcd91, 0xcd91, 0xcd90, 0xcd6f, 0xcd6f, 0xc54e, 0xbd2d, 0xbd2d, 0xbd0c, 0xbd0c, 0xbcec, 0xbcec, 0xbccb, 0xbcaa, 
	0xbcaa, 0xb46a, 0xb46a, 0xb46a, 0xbcab, 0xcd90, 0xcd90, 0xcdd3, 0xce36, 0xce36, 0xd678, 0xd698, 0xd698, 0xd678, 0xd678, 0xd678, 
	0xd678, 0xd698, 0xd698, 0xd678, 0xd678, 0xd678, 0xd678, 0xd678, 0xd678, 0xd678, 0xd678, 0xd678, 0xd678, 0xd678, 0xd678, 0xd678, 
	0xd678, 0xd678, 0xd678, 0xd678, 0xd678, 0xd678, 0xd678, 0xd678, 0xd678, 0xd698, 0xd698, 0xd698, 0xd657, 0xce57, 0xce57, 0xd658, 
	0xc592, 0xc592, 0xc592, 0xc592, 0xc592, 0xc592, 0xc592, 0xc592, 0xc592, 0xc591, 0xc591, 0xc591, 0xc591, 0xc591, 0xc591, 0xc591, 
	0xc591, 0xc591, 0xc592, 0xc5b2, 0xc5b2, 0xcdb2, 0xcdb2, 0xcdb2, 0xc592, 0xc592, 0xc592, 0xcdb3, 0xcdb3, 0xcdb3, 0xcdb3, 0xcdb3, 
	0xcdb3, 0xcdb3, 0xcdb3, 0xcdb3, 0xcdb3, 0xcdd4, 0xd614, 0xd614, 0xde35, 0xe634, 0xe634, 0xe675, 0xee74, 0xee74, 0xf6b5, 0xf694, 
	0xf694, 0xee74, 0xf694, 0xf694, 0xf6b5, 0xf6f6, 0xff38, 0xff38, 0xff9a, 0xffbb, 0xffbb, 0xf79b, 0xf75b, 0xf75b, 0xf77b, 0xf7bc, 
	0xf7bc, 0xf79b, 0xf77b, 0xf77b, 0xef3a, 0xe719, 0xe719, 0xe6f9, 0xe6d8, 0xe6d8, 0xdeb7, 0xde96, 0xde96, 0xde76, 0xd655, 0xd655, 
	0xd634, 0xd613, 0xd613, 0xd613, 0xd613, 0xd5f3, 0xd5f3, 0xd5f3, 0xcdd2, 0xcdd2, 0xcdd3, 0xcdd3, 0xcdd3, 0xcdd3, 0xcdb2, 0xcdb2, 
	0xc591, 0xbd50, 0xbd50, 0xbd51, 0xc592, 0xc592, 0xc592, 0xc572, 0xc572, 0xc572, 0xc593, 0xcdd4, 0xcdd4, 0xcdf4, 0xcdf4, 0xcdf4, 
	0xcdd4, 0xc5d4, 0xc5d4, 0xbdb3, 0xbdb3, 0xbdb3, 0xc5d4, 0xc5d4, 0xc5d4, 0xc5d4, 0xce15, 0xce15, 0xce15, 0xce15, 0xce15, 0xce16, 
	0xce15, 0xce15, 0xc5f5, 0xc5d5, 0xc5d5, 0xc5d4, 0xc5f5, 0xce15, 0xce15, 0xc5d4, 0xb552, 0xb552, 0xb552, 0xad11, 0xad11, 0xb531, 
	0xbdb3, 0xbdb3, 0xce16, 0xd657, 0xd657, 0xd658, 0xd658, 0xd658, 0xd678, 0xd678, 0xd678, 0xd698, 0xdeb9, 0xdeb9, 0xdeb9, 0xd6b8, 
	0xd698, 0xd698, 0xd698, 0xd677, 0xd677, 0xd657, 0xd677, 0xd677, 0xd677, 0xd636, 0xd636, 0xd636, 0xd635, 0xd635, 0xce14, 0xcdf3, 
	0xcdf3, 0xcdd2, 0xcd91, 0xcd91, 0xcd50, 0xcd6f, 0xcd6f, 0xc52d, 0xc4ec, 0xc4ec, 0xc4cb, 0xc4cb, 0xbccb, 0xbccb, 0xbccb, 0xbcab, 
	0xbcab, 0xbcaa, 0xb48a, 0xb48a, 0xbcab, 0xcd70, 0xcd70, 0xcdd3, 0xd615, 0xd615, 0xd657, 0xd678, 0xd678, 0xd678, 0xd678, 0xd678, 
	0xd698, 0xd698, 0xd698, 0xd678, 0xd658, 0xd658, 0xd658, 0xd658, 0xd678, 0xd678, 0xd678, 0xd678, 0xd678, 0xd678, 0xd678, 0xd678, 
	0xd678, 0xd658, 0xd658, 0xd678, 0xd678, 0xd678, 0xd678, 0xd678, 0xd678, 0xd678, 0xce57, 0xce57, 0xce57, 0xce57, 0xce57, 0xd658, 
	0xc592, 0xc592, 0xc592, 0xc592, 0xc592, 0xc592, 0xc592, 0xc592, 0xc592, 0xc591, 0xc591, 0xc591, 0xc591, 0xc591, 0xc591, 0xc591, 
	0xc591, 0xc591, 0xc592, 0xc5b2, 0xc5b2, 0xcdb2, 0xcdb2, 0xcdb2, 0xc592, 0xc592, 0xc592, 0xcdb3, 0xcdb3, 0xcdb3, 0xcdb3, 0xcdb3, 
	0xcdb3, 0xcdb3, 0xcdb3, 0xcdb3, 0xcdb3, 0xcdd4, 0xd614, 0xd614, 0xde35, 0xe634, 0xe634, 0xe675, 0xee74, 0xee74, 0xf6b5, 0xf694, 
	0xf694, 0xee74, 0xf694, 0xf694, 0xf6b5, 0xf6f6, 0xff38, 0xff38, 0xff9a, 0xffbb, 0xffbb, 0xf79b, 0xf75b, 0xf75b, 0xf77b, 0xf7bc, 
	0xf7bc, 0xf79b, 0xf77b, 0xf77b, 0xef3a, 0xe719, 0xe719, 0xe6f9, 0xe6d8, 0xe6d8, 0xdeb7, 0xde96, 0xde96, 0xde76, 0xd655, 0xd655, 
	0xd634, 0xd613, 0xd613, 0xd613, 0xd613, 0xd5f3, 0xd5f3, 0xd5f3, 0xcdd2, 0xcdd2, 0xcdd3, 0xcdd3, 0xcdd3, 0xcdd3, 0xcdb2, 0xcdb2, 
	0xc591, 0xbd50, 0xbd50, 0xbd51, 0xc592, 0xc592, 0xc592, 0xc572, 0xc572, 0xc572, 0xc593, 0xcdd4, 0xcdd4, 0xcdf4, 0xcdf4, 0xcdf4, 
	0xcdd4, 0xc5d4, 0xc5d4, 0xbdb3, 0xbdb3, 0xbdb3, 0xc5d4, 0xc5d4, 0xc5d4, 0xc5d4, 0xce15, 0xce15, 0xce15, 0xce15, 0xce15, 0xce16, 
	0xce15, 0xce15, 0xc5f5, 0xc5d5, 0xc5d5, 0xc5d4, 0xc5f5, 0xce15, 0xce15, 0xc5d4, 0xb552, 0xb552, 0xb552, 0xad11, 0xad11, 0xb531, 
	0xbdb3, 0xbdb3, 0xce16, 0xd657, 0xd657, 0xd658, 0xd658, 0xd658, 0xd678, 0xd678, 0xd678, 0xd698, 0xdeb9, 0xdeb9, 0xdeb9, 0xd6b8, 
	0xd698, 0xd698, 0xd698, 0xd677, 0xd677, 0xd657, 0xd677, 0xd677, 0xd677, 0xd636, 0xd636, 0xd636, 0xd635, 0xd635, 0xce14, 0xcdf3, 
	0xcdf3, 0xcdd2, 0xcd91, 0xcd91, 0xcd50, 0xcd6f, 0xcd6f, 0xc52d, 0xc4ec, 0xc4ec, 0xc4cb, 0xc4cb, 0xbccb, 0xbccb, 0xbccb, 0xbcab, 
	0xbcab, 0xbcaa, 0xb48a, 0xb48a, 0xbcab, 0xcd70, 0xcd70, 0xcdd3, 0xd615, 0xd615, 0xd657, 0xd678, 0xd678, 0xd678, 0xd678, 0xd678, 
	0xd698, 0xd698, 0xd698, 0xd678, 0xd658, 0xd658, 0xd658, 0xd658, 0xd678, 0xd678, 0xd678, 0xd678, 0xd678, 0xd678, 0xd678, 0xd678, 
	0xd678, 0xd658, 0xd658, 0xd678, 0xd678, 0xd678, 0xd678, 0xd678, 0xd678, 0xd678, 0xce57, 0xce57, 0xce57, 0xce57, 0xce57, 0xd658, 
	0xc591, 0xc572, 0xc572, 0xc572, 0xc572, 0xc572, 0xc572, 0xc572, 0xc572, 0xc571, 0xc571, 0xc571, 0xc571, 0xc571, 0xc571, 0xc571, 
	0xc591, 0xc591, 0xc592, 0xc592, 0xc592, 0xc592, 0xc592, 0xc592, 0xc592, 0xc592, 0xc592, 0xc592, 0xc592, 0xc592, 0xc592, 0xc593, 
	0xcdb3, 0xcdb3, 0xcdb3, 0xcdf4, 0xcdf4, 0xde35, 0xde55, 0xde55, 0xee96, 0xeeb5, 0xeeb5, 0xeeb5, 0xf695, 0xf695, 0xf6b5, 0xf694, 
	0xf694, 0xee73, 0xf694, 0xf694, 0xf6d6, 0xf717, 0xff79, 0xff79, 0xffbb, 0xffbc, 0xffbc, 0xffbc, 0xef5b, 0xef5b, 0xef5b, 0xffbc, 
	0xffbc, 0xf79c, 0xef5b, 0xef5b, 0xef3a, 0xe71a, 0xe71a, 0xe6f9, 0xe6d8, 0xe6d8, 0xde98, 0xde76, 0xde76, 0xde56, 0xd635, 0xd635, 
	0xd634, 0xd613, 0xd5f3, 0xd5f3, 0xd5f3, 0xcdd2, 0xcdd2, 0xcdb2, 0xcdb2, 0xcdb2, 0xcdb2, 0xcdb2, 0xcdb2, 0xcdb2, 0xcd92, 0xcd92, 
	0xc571, 0xbd51, 0xbd51, 0xc592, 0xcdd3, 0xcdd3, 0xc592, 0xc572, 0xc572, 0xc572, 0xc5b3, 0xc5b3, 0xc5b3, 0xc5d3, 0xc5d4, 0xc5d4, 
	0xc5b3, 0xc5d4, 0xc5d4, 0xbdd3, 0xc614, 0xc614, 0xc5d4, 0xc5f5, 0xc5f5, 0xc615, 0xce15, 0xce15, 0xce15, 0xce36, 0xce36, 0xd656, 
	0xce16, 0xce16, 0xc615, 0xce36, 0xce36, 0xce36, 0xce56, 0xce36, 0xce36, 0xc5f5, 0xc5d5, 0xc5d5, 0xbd93, 0xbd72, 0xbd72, 0xbd93, 
	0xbd73, 0xbd73, 0xb552, 0xce15, 0xce15, 0xce36, 0xce36, 0xce36, 0xd657, 0xd678, 0xd678, 0xd698, 0xd698, 0xd698, 0xde98, 0xdeb9, 
	0xdeb8, 0xdeb8, 0xd698, 0xce57, 0xce57, 0xce56, 0xce36, 0xce36, 0xd636, 0xd635, 0xd635, 0xd636, 0xd614, 0xd614, 0xd5f3, 0xcdf3, 
	0xcdf3, 0xcdd1, 0xcd70, 0xcd70, 0xcd70, 0xcd4e, 0xcd4e, 0xc52d, 0xbccb, 0xbccb, 0xbcab, 0xbcab, 0xbcaa, 0xbcaa, 0xb48a, 0xbcab, 
	0xbcab, 0xbccb, 0xbccb, 0xbccb, 0xc4cc, 0xcd70, 0xcd70, 0xcdd3, 0xd615, 0xd615, 0xd656, 0xd657, 0xd657, 0xd678, 0xd678, 0xd678, 
	0xd698, 0xd678, 0xd678, 0xce58, 0xce58, 0xd658, 0xd658, 0xd658, 0xd658, 0xd658, 0xd678, 0xd678, 0xd678, 0xd658, 0xce57, 0xce57, 
	0xce57, 0xd657, 0xd657, 0xd657, 0xd657, 0xd657, 0xd657, 0xd678, 0xd678, 0xd678, 0xd658, 0xd658, 0xce57, 0xce57, 0xce57, 0xd658, 
	0xc591, 0xc572, 0xc572, 0xc572, 0xc572, 0xc572, 0xc572, 0xc572, 0xc572, 0xc571, 0xc571, 0xc571, 0xc571, 0xc571, 0xc571, 0xc571, 
	0xc591, 0xc591, 0xc592, 0xc592, 0xc592, 0xc592, 0xc592, 0xc592, 0xc592, 0xc592, 0xc592, 0xc592, 0xc592, 0xc592, 0xc592, 0xc593, 
	0xcdb3, 0xcdb3, 0xcdb3, 0xcdf4, 0xcdf4, 0xde35, 0xde55, 0xde55, 0xee96, 0xeeb5, 0xeeb5, 0xeeb5, 0xf695, 0xf695, 0xf6b5, 0xf694, 
	0xf694, 0xee73, 0xf694, 0xf694, 0xf6d6, 0xf717, 0xff79, 0xff79, 0xffbb, 0xffbc, 0xffbc, 0xffbc, 0xef5b, 0xef5b, 0xef5b, 0xffbc, 
	0xffbc, 0xf79c, 0xef5b, 0xef5b, 0xef3a, 0xe71a, 0xe71a, 0xe6f9, 0xe6d8, 0xe6d8, 0xde98, 0xde76, 0xde76, 0xde56, 0xd635, 0xd635, 
	0xd634, 0xd613, 0xd5f3, 0xd5f3, 0xd5f3, 0xcdd2, 0xcdd2, 0xcdb2, 0xcdb2, 0xcdb2, 0xcdb2, 0xcdb2, 0xcdb2, 0xcdb2, 0xcd92, 0xcd92, 
	0xc571, 0xbd51, 0xbd51, 0xc592, 0xcdd3, 0xcdd3, 0xc592, 0xc572, 0xc572, 0xc572, 0xc5b3, 0xc5b3, 0xc5b3, 0xc5d3, 0xc5d4, 0xc5d4, 
	0xc5b3, 0xc5d4, 0xc5d4, 0xbdd3, 0xc614, 0xc614, 0xc5d4, 0xc5f5, 0xc5f5, 0xc615, 0xce15, 0xce15, 0xce15, 0xce36, 0xce36, 0xd656, 
	0xce16, 0xce16, 0xc615, 0xce36, 0xce36, 0xce36, 0xce56, 0xce36, 0xce36, 0xc5f5, 0xc5d5, 0xc5d5, 0xbd93, 0xbd72, 0xbd72, 0xbd93, 
	0xbd73, 0xbd73, 0xb552, 0xce15, 0xce15, 0xce36, 0xce36, 0xce36, 0xd657, 0xd678, 0xd678, 0xd698, 0xd698, 0xd698, 0xde98, 0xdeb9, 
	0xdeb8, 0xdeb8, 0xd698, 0xce57, 0xce57, 0xce56, 0xce36, 0xce36, 0xd636, 0xd635, 0xd635, 0xd636, 0xd614, 0xd614, 0xd5f3, 0xcdf3, 
	0xcdf3, 0xcdd1, 0xcd70, 0xcd70, 0xcd70, 0xcd4e, 0xcd4e, 0xc52d, 0xbccb, 0xbccb, 0xbcab, 0xbcab, 0xbcaa, 0xbcaa, 0xb48a, 0xbcab, 
	0xbcab, 0xbccb, 0xbccb, 0xbccb, 0xc4cc, 0xcd70, 0xcd70, 0xcdd3, 0xd615, 0xd615, 0xd656, 0xd657, 0xd657, 0xd678, 0xd678, 0xd678, 
	0xd698, 0xd678, 0xd678, 0xce58, 0xce58, 0xd658, 0xd658, 0xd658, 0xd658, 0xd658, 0xd678, 0xd678, 0xd678, 0xd658, 0xce57, 0xce57, 
	0xce57, 0xd657, 0xd657, 0xd657, 0xd657, 0xd657, 0xd657, 0xd678, 0xd678, 0xd678, 0xd658, 0xd658, 0xce57, 0xce57, 0xce57, 0xd658, 
	0xc571, 0xbd71, 0xbd71, 0xbd71, 0xbd71, 0xbd71, 0xbd71, 0xc571, 0xc571, 0xc571, 0xbd71, 0xbd71, 0xc571, 0xbd71, 0xbd71, 0xc571, 
	0xc571, 0xc571, 0xc571, 0xc571, 0xc571, 0xc592, 0xc592, 0xc592, 0xc592, 0xc592, 0xc592, 0xc592, 0xc592, 0xc572, 0xc572, 0xc572, 
	0xcdb3, 0xcdb3, 0xd5f4, 0xde55, 0xde55, 0xe696, 0xeeb6, 0xeeb6, 0xeeb6, 0xeeb5, 0xeeb5, 0xf6b5, 0xf695, 0xf695, 0xee74, 0xee74, 
	0xee74, 0xee94, 0xf6b5, 0xf6b5, 0xf6f7, 0xff59, 0xff7a, 0xff7a, 0xf7bc, 0xf79c, 0xf79c, 0xf79c, 0xf79c, 0xf79c, 0xf79c, 0xffbd, 
	0xffbd, 0xf79c, 0xef5b, 0xef5b, 0xef3b, 0xe6fa, 0xe6fa, 0xe6d9, 0xe6b9, 0xe6b9, 0xde78, 0xde76, 0xde76, 0xde76, 0xd635, 0xd635, 
	0xd634, 0xd613, 0xcdd2, 0xcdd2, 0xcdd2, 0xcdb1, 0xcdb1, 0xc591, 0xc591, 0xc591, 0xcd91, 0xcdb2, 0xcdb2, 0xcdb2, 0xc591, 0xc591, 
	0xbd50, 0xbd71, 0xbd71, 0xc592, 0xcdb2, 0xcdb2, 0xc592, 0xc592, 0xc592, 0xcdb3, 0xc5b3, 0xc5b3, 0xc5b3, 0xc5d3, 0xcdd4, 0xcdd4, 
	0xc5d4, 0xcdf4, 0xcdf4, 0xce15, 0xce15, 0xce15, 0xc5f5, 0xce15, 0xce15, 0xce16, 0xc5f5, 0xc5f5, 0xce36, 0xd656, 0xd656, 0xce36, 
	0xc5d5, 0xc5d5, 0xce36, 0xce56, 0xce56, 0xce56, 0xce36, 0xc5f5, 0xc5f5, 0xce15, 0xce16, 0xce16, 0xbdb4, 0xc5d4, 0xc5d4, 0xc5f4, 
	0xc5b3, 0xc5b3, 0xad31, 0xbdb3, 0xbdb3, 0xbdd4, 0xce36, 0xce36, 0xce36, 0xce57, 0xce57, 0xd657, 0xd678, 0xd678, 0xd678, 0xd678, 
	0xd698, 0xd698, 0xdeb8, 0xdeb8, 0xdeb8, 0xdeb8, 0xd677, 0xd677, 0xd636, 0xd615, 0xd615, 0xd615, 0xd5f4, 0xd5f4, 0xd5f3, 0xcdf2, 
	0xcdf2, 0xd5d2, 0xd5b1, 0xd5b1, 0xcd90, 0xc54e, 0xc54e, 0xbd0c, 0xbccb, 0xbccb, 0xbcab, 0xb48a, 0xb469, 0xb469, 0xb46a, 0xbc8a, 
	0xbc8a, 0xbccb, 0xbccb, 0xbccb, 0xc4ec, 0xcd70, 0xcd70, 0xd5d3, 0xd615, 0xd615, 0xd636, 0xce57, 0xce57, 0xce57, 0xd658, 0xd658, 
	0xd678, 0xd678, 0xd678, 0xd678, 0xd658, 0xd658, 0xd658, 0xd658, 0xce58, 0xce58, 0xce58, 0xd678, 0xd678, 0xd658, 0xce37, 0xce37, 
	0xce57, 0xce57, 0xce57, 0xce57, 0xce57, 0xce57, 0xce57, 0xd658, 0xd658, 0xd678, 0xd658, 0xd658, 0xce37, 0xce37, 0xce37, 0xce57, 
	0xc571, 0xbd71, 0xbd71, 0xbd71, 0xbd71, 0xbd71, 0xbd71, 0xc571, 0xc571, 0xc571, 0xc571, 0xc571, 0xbd71, 0xbd71, 0xbd71, 0xbd71, 
	0xc570, 0xc570, 0xc570, 0xc570, 0xc570, 0xc571, 0xc571, 0xc571, 0xc571, 0xc571, 0xc571, 0xc572, 0xc572, 0xc572, 0xc572, 0xc571, 
	0xcd92, 0xcd92, 0xde14, 0xe676, 0xe676, 0xf6d7, 0xf6b6, 0xf6b6, 0xf6b6, 0xf695, 0xf695, 0xf695, 0xee94, 0xee94, 0xee74, 0xee74, 
	0xee74, 0xee94, 0xf6d6, 0xf6d6, 0xff17, 0xff5a, 0xff9c, 0xff9c, 0xf7bd, 0xf79c, 0xf79c, 0xf79c, 0xf77b, 0xf77b, 0xffbc, 0xf79c, 
	0xf79c, 0xf77c, 0xef5b, 0xef5b, 0xef3b, 0xef1a, 0xef1a, 0xe6d9, 0xe6b8, 0xe6b8, 0xde98, 0xde76, 0xde76, 0xde76, 0xde56, 0xde56, 
	0xd635, 0xd613, 0xcdf3, 0xcdf3, 0xcdf2, 0xcdd1, 0xcdd1, 0xcdb1, 0xc590, 0xc590, 0xc590, 0xc590, 0xc590, 0xc591, 0xc591, 0xc591, 
	0xbd50, 0xbd50, 0xbd50, 0xbd50, 0xc571, 0xc571, 0xc5b2, 0xcdd3, 0xcdd3, 0xcdd3, 0xcdf4, 0xcdd3, 0xcdd3, 0xc5b3, 0xc593, 0xc593, 
	0xbd72, 0xc5d4, 0xc5d4, 0xce36, 0xce15, 0xce15, 0xc5f5, 0xc5f5, 0xc5f5, 0xce16, 0xce16, 0xce16, 0xce36, 0xc5f5, 0xc5f5, 0xc615, 
	0xc615, 0xc615, 0xce56, 0xce56, 0xce56, 0xce36, 0xc615, 0xce56, 0xce56, 0xce16, 0xce56, 0xce56, 0xc616, 0xce56, 0xce56, 0xce56, 
	0xc5f4, 0xc5f4, 0xbdb3, 0xbdb3, 0xbdb3, 0xbd93, 0xc5f4, 0xc5f4, 0xce15, 0xce36, 0xce36, 0xce36, 0xd677, 0xd677, 0xd657, 0xd657, 
	0xd677, 0xd677, 0xde98, 0xdeb8, 0xdeb8, 0xde97, 0xde76, 0xde76, 0xd636, 0xd5f5, 0xd5f5, 0xcdd4, 0xcdd3, 0xcdd3, 0xcdd2, 0xcdd2, 
	0xcdd2, 0xd5d2, 0xd5d2, 0xd5d2, 0xd5b1, 0xcd6f, 0xcd6f, 0xc50d, 0xbccb, 0xbccb, 0xbcab, 0xb48a, 0xb46a, 0xb46a, 0xb469, 0xb46a, 
	0xb46a, 0xbcab, 0xbccb, 0xbccb, 0xc4ec, 0xcd70, 0xcd70, 0xcdd3, 0xce15, 0xce15, 0xd636, 0xce57, 0xce57, 0xce57, 0xd658, 0xd658, 
	0xd678, 0xd678, 0xd678, 0xd678, 0xd658, 0xd658, 0xd658, 0xce58, 0xce38, 0xce38, 0xce38, 0xd657, 0xd657, 0xd658, 0xce37, 0xce37, 
	0xce57, 0xce57, 0xce57, 0xce57, 0xce57, 0xce57, 0xce57, 0xd657, 0xd657, 0xd657, 0xd657, 0xd657, 0xce37, 0xce37, 0xce37, 0xce37, 
	0xc571, 0xbd71, 0xbd71, 0xbd71, 0xbd71, 0xbd71, 0xbd71, 0xc571, 0xc571, 0xc571, 0xc571, 0xc571, 0xbd71, 0xbd71, 0xbd71, 0xbd71, 
	0xc570, 0xc570, 0xc570, 0xc570, 0xc570, 0xc571, 0xc571, 0xc571, 0xc571, 0xc571, 0xc571, 0xc572, 0xc572, 0xc572, 0xc572, 0xc571, 
	0xcd92, 0xcd92, 0xde14, 0xe676, 0xe676, 0xf6d7, 0xf6b6, 0xf6b6, 0xf6b6, 0xf695, 0xf695, 0xf695, 0xee94, 0xee94, 0xee74, 0xee74, 
	0xee74, 0xee94, 0xf6d6, 0xf6d6, 0xff17, 0xff5a, 0xff9c, 0xff9c, 0xf7bd, 0xf79c, 0xf79c, 0xf79c, 0xf77b, 0xf77b, 0xffbc, 0xf79c, 
	0xf79c, 0xf77c, 0xef5b, 0xef5b, 0xef3b, 0xef1a, 0xef1a, 0xe6d9, 0xe6b8, 0xe6b8, 0xde98, 0xde76, 0xde76, 0xde76, 0xde56, 0xde56, 
	0xd635, 0xd613, 0xcdf3, 0xcdf3, 0xcdf2, 0xcdd1, 0xcdd1, 0xcdb1, 0xc590, 0xc590, 0xc590, 0xc590, 0xc590, 0xc591, 0xc591, 0xc591, 
	0xbd50, 0xbd50, 0xbd50, 0xbd50, 0xc571, 0xc571, 0xc5b2, 0xcdd3, 0xcdd3, 0xcdd3, 0xcdf4, 0xcdd3, 0xcdd3, 0xc5b3, 0xc593, 0xc593, 
	0xbd72, 0xc5d4, 0xc5d4, 0xce36, 0xce15, 0xce15, 0xc5f5, 0xc5f5, 0xc5f5, 0xce16, 0xce16, 0xce16, 0xce36, 0xc5f5, 0xc5f5, 0xc615, 
	0xc615, 0xc615, 0xce56, 0xce56, 0xce56, 0xce36, 0xc615, 0xce56, 0xce56, 0xce16, 0xce56, 0xce56, 0xc616, 0xce56, 0xce56, 0xce56, 
	0xc5f4, 0xc5f4, 0xbdb3, 0xbdb3, 0xbdb3, 0xbd93, 0xc5f4, 0xc5f4, 0xce15, 0xce36, 0xce36, 0xce36, 0xd677, 0xd677, 0xd657, 0xd657, 
	0xd677, 0xd677, 0xde98, 0xdeb8, 0xdeb8, 0xde97, 0xde76, 0xde76, 0xd636, 0xd5f5, 0xd5f5, 0xcdd4, 0xcdd3, 0xcdd3, 0xcdd2, 0xcdd2, 
	0xcdd2, 0xd5d2, 0xd5d2, 0xd5d2, 0xd5b1, 0xcd6f, 0xcd6f, 0xc50d, 0xbccb, 0xbccb, 0xbcab, 0xb48a, 0xb46a, 0xb46a, 0xb469, 0xb46a, 
	0xb46a, 0xbcab, 0xbccb, 0xbccb, 0xc4ec, 0xcd70, 0xcd70, 0xcdd3, 0xce15, 0xce15, 0xd636, 0xce57, 0xce57, 0xce57, 0xd658, 0xd658, 
	0xd678, 0xd678, 0xd678, 0xd678, 0xd658, 0xd658, 0xd658, 0xce58, 0xce38, 0xce38, 0xce38, 0xd657, 0xd657, 0xd658, 0xce37, 0xce37, 
	0xce57, 0xce57, 0xce57, 0xce57, 0xce57, 0xce57, 0xce57, 0xd657, 0xd657, 0xd657, 0xd657, 0xd657, 0xce37, 0xce37, 0xce37, 0xce37, 
	0xbd71, 0xbd70, 0xbd70, 0xbd70, 0xbd71, 0xbd71, 0xbd71, 0xbd71, 0xbd71, 0xbd71, 0xbd71, 0xbd71, 0xbd50, 0xbd50, 0xbd50, 0xbd51, 
	0xbd70, 0xbd70, 0xbd50, 0xbd70, 0xbd70, 0xbd50, 0xc571, 0xc571, 0xbd71, 0xbd51, 0xbd51, 0xc571, 0xc571, 0xc572, 0xc572, 0xc592, 
	0xcdb3, 0xcdb3, 0xde35, 0xeeb7, 0xeeb7, 0xf6f8, 0xf6d7, 0xf6d7, 0xf695, 0xf674, 0xf674, 0xee74, 0xee74, 0xee74, 0xee74, 0xee94, 
	0xee94, 0xeeb5, 0xf6f7, 0xf6f7, 0xff39, 0xff9b, 0xffdd, 0xffdd, 0xffdd, 0xf79c, 0xf79c, 0xf77b, 0xf77b, 0xf77b, 0xffbc, 0xf79c, 
	0xf79c, 0xf79c, 0xef5b, 0xef5b, 0xef1b, 0xe71a, 0xe71a, 0xe6f9, 0xe6d8, 0xe6d8, 0xdeb8, 0xde77, 0xde77, 0xde56, 0xd635, 0xd635, 
	0xde35, 0xd614, 0xd5f3, 0xd5f3, 0xcdd2, 0xc5b0, 0xc5b0, 0xc590, 0xc570, 0xc570, 0xc570, 0xc590, 0xc590, 0xc590, 0xc590, 0xc590, 
	0xc570, 0xbd70, 0xbd70, 0xc571, 0xc592, 0xc592, 0xcdb2, 0xcdb3, 0xcdb3, 0xcdb2, 0xc5b3, 0xc5b3, 0xc5b3, 0xc5b3, 0xbd52, 0xbd52, 
	0xbd72, 0xc5d4, 0xc5d4, 0xce15, 0xce15, 0xce15, 0xc5f5, 0xc5d4, 0xc5d4, 0xce15, 0xce15, 0xce15, 0xc5d5, 0xc5f5, 0xc5f5, 0xce56, 
	0xce56, 0xce56, 0xce56, 0xce56, 0xce56, 0xce56, 0xce56, 0xc615, 0xc615, 0xce16, 0xce36, 0xce36, 0xce56, 0xce56, 0xce56, 0xd677, 
	0xce56, 0xce56, 0xce15, 0xc5f4, 0xc5f4, 0xbd93, 0xbdd3, 0xbdd3, 0xc615, 0xd656, 0xd656, 0xde97, 0xd676, 0xd676, 0xd676, 0xd656, 
	0xd656, 0xd656, 0xd657, 0xd656, 0xd656, 0xd636, 0xd636, 0xd636, 0xd636, 0xd615, 0xd615, 0xd5f5, 0xcdd3, 0xcdd3, 0xcdb2, 0xcdb1, 
	0xcdb1, 0xcdd2, 0xd5f2, 0xd5f2, 0xd5d2, 0xcd90, 0xcd90, 0xc54e, 0xbcec, 0xbcec, 0xbcaa, 0xb46a, 0xb46a, 0xb46a, 0xb449, 0xb46a, 
	0xb46a, 0xb48a, 0xbcab, 0xbcab, 0xbccc, 0xcd50, 0xcd50, 0xcdb3, 0xcdf5, 0xcdf5, 0xce36, 0xce57, 0xce57, 0xce57, 0xce57, 0xce57, 
	0xce58, 0xce78, 0xce78, 0xce78, 0xce58, 0xce58, 0xce58, 0xce58, 0xce58, 0xce58, 0xce58, 0xd657, 0xd657, 0xce57, 0xce37, 0xce37, 
	0xce37, 0xce57, 0xce57, 0xce37, 0xce57, 0xce57, 0xce57, 0xce57, 0xce57, 0xce57, 0xce57, 0xce57, 0xce37, 0xce37, 0xce37, 0xce37, 
	0xbd71, 0xbd70, 0xbd70, 0xbd70, 0xbd71, 0xbd71, 0xbd71, 0xbd71, 0xbd71, 0xbd71, 0xbd71, 0xbd71, 0xbd50, 0xbd50, 0xbd50, 0xbd51, 
	0xbd70, 0xbd70, 0xbd50, 0xbd70, 0xbd70, 0xbd50, 0xc571, 0xc571, 0xbd71, 0xbd51, 0xbd51, 0xc571, 0xc571, 0xc572, 0xc572, 0xc592, 
	0xcdb3, 0xcdb3, 0xde35, 0xeeb7, 0xeeb7, 0xf6f8, 0xf6d7, 0xf6d7, 0xf695, 0xf674, 0xf674, 0xee74, 0xee74, 0xee74, 0xee74, 0xee94, 
	0xee94, 0xeeb5, 0xf6f7, 0xf6f7, 0xff39, 0xff9b, 0xffdd, 0xffdd, 0xffdd, 0xf79c, 0xf79c, 0xf77b, 0xf77b, 0xf77b, 0xffbc, 0xf79c, 
	0xf79c, 0xf79c, 0xef5b, 0xef5b, 0xef1b, 0xe71a, 0xe71a, 0xe6f9, 0xe6d8, 0xe6d8, 0xdeb8, 0xde77, 0xde77, 0xde56, 0xd635, 0xd635, 
	0xde35, 0xd614, 0xd5f3, 0xd5f3, 0xcdd2, 0xc5b0, 0xc5b0, 0xc590, 0xc570, 0xc570, 0xc570, 0xc590, 0xc590, 0xc590, 0xc590, 0xc590, 
	0xc570, 0xbd70, 0xbd70, 0xc571, 0xc592, 0xc592, 0xcdb2, 0xcdb3, 0xcdb3, 0xcdb2, 0xc5b3, 0xc5b3, 0xc5b3, 0xc5b3, 0xbd52, 0xbd52, 
	0xbd72, 0xc5d4, 0xc5d4, 0xce15, 0xce15, 0xce15, 0xc5f5, 0xc5d4, 0xc5d4, 0xce15, 0xce15, 0xce15, 0xc5d5, 0xc5f5, 0xc5f5, 0xce56, 
	0xce56, 0xce56, 0xce56, 0xce56, 0xce56, 0xce56, 0xce56, 0xc615, 0xc615, 0xce16, 0xce36, 0xce36, 0xce56, 0xce56, 0xce56, 0xd677, 
	0xce56, 0xce56, 0xce15, 0xc5f4, 0xc5f4, 0xbd93, 0xbdd3, 0xbdd3, 0xc615, 0xd656, 0xd656, 0xde97, 0xd676, 0xd676, 0xd676, 0xd656, 
	0xd656, 0xd656, 0xd657, 0xd656, 0xd656, 0xd636, 0xd636, 0xd636, 0xd636, 0xd615, 0xd615, 0xd5f5, 0xcdd3, 0xcdd3, 0xcdb2, 0xcdb1, 
	0xcdb1, 0xcdd2, 0xd5f2, 0xd5f2, 0xd5d2, 0xcd90, 0xcd90, 0xc54e, 0xbcec, 0xbcec, 0xbcaa, 0xb46a, 0xb46a, 0xb46a, 0xb449, 0xb46a, 
	0xb46a, 0xb48a, 0xbcab, 0xbcab, 0xbccc, 0xcd50, 0xcd50, 0xcdb3, 0xcdf5, 0xcdf5, 0xce36, 0xce57, 0xce57, 0xce57, 0xce57, 0xce57, 
	0xce58, 0xce78, 0xce78, 0xce78, 0xce58, 0xce58, 0xce58, 0xce58, 0xce58, 0xce58, 0xce58, 0xd657, 0xd657, 0xce57, 0xce37, 0xce37, 
	0xce37, 0xce57, 0xce57, 0xce37, 0xce57, 0xce57, 0xce57, 0xce57, 0xce57, 0xce57, 0xce57, 0xce57, 0xce37, 0xce37, 0xce37, 0xce37, 
	0xbd50, 0xbd50, 0xbd50, 0xbd50, 0xbd50, 0xbd50, 0xbd50, 0xbd50, 0xbd50, 0xbd50, 0xbd50, 0xbd50, 0xbd50, 0xbd50, 0xbd50, 0xbd50, 
	0xbd50, 0xbd50, 0xbd50, 0xbd50, 0xbd50, 0xbd50, 0xbd50, 0xbd50, 0xbd50, 0xbd51, 0xbd51, 0xbd51, 0xbd51, 0xbd51, 0xbd51, 0xc592, 
	0xd5d3, 0xd5d3, 0xe656, 0xeeb7, 0xeeb7, 0xf6d7, 0xf6b6, 0xf6b6, 0xee74, 0xee73, 0xee73, 0xee53, 0xee73, 0xee73, 0xee74, 0xee95, 
	0xee95, 0xeed6, 0xf738, 0xf738, 0xff9b, 0xffdd, 0xf7de, 0xf7de, 0xf7dd, 0xf77b, 0xf77b, 0xef5b, 0xf77b, 0xf77b, 0xffbc, 0xf77c, 
	0xf77c, 0xef5b, 0xef3b, 0xef3b, 0xef1a, 0xe71a, 0xe71a, 0xe6d9, 0xe6b8, 0xe6b8, 0xde98, 0xde76, 0xde76, 0xde56, 0xd635, 0xd635, 
	0xd614, 0xd5f3, 0xcdd3, 0xcdd3, 0xcdd2, 0xc5b1, 0xc5b1, 0xcdb0, 0xcdb1, 0xcdb1, 0xc570, 0xc570, 0xc570, 0xc590, 0xc570, 0xc570, 
	0xc570, 0xc570, 0xc570, 0xc591, 0xc5b2, 0xc5b2, 0xcdb2, 0xcdb2, 0xcdb2, 0xcdb2, 0xc5b3, 0xc592, 0xc592, 0xc593, 0xbd93, 0xbd93, 
	0xc5b3, 0xcdf5, 0xcdf5, 0xc615, 0xce16, 0xce16, 0xc5d5, 0xbd93, 0xbd93, 0xc5d5, 0xc5f5, 0xc5f5, 0xc5d4, 0xc615, 0xc615, 0xce36, 
	0xce36, 0xce36, 0xce36, 0xce56, 0xce56, 0xce56, 0xce56, 0xce16, 0xce16, 0xce36, 0xc616, 0xc616, 0xce36, 0xce36, 0xce36, 0xd657, 
	0xd677, 0xd677, 0xd676, 0xd676, 0xd676, 0xc5f4, 0xbd93, 0xbd93, 0xce15, 0xce35, 0xce35, 0xd656, 0xd676, 0xd676, 0xd676, 0xd676, 
	0xd676, 0xd676, 0xd656, 0xd656, 0xd656, 0xd636, 0xd656, 0xd656, 0xd656, 0xd636, 0xd636, 0xd635, 0xd5f4, 0xd5f4, 0xcdd2, 0xcdb2, 
	0xcdb2, 0xcdf3, 0xd613, 0xd613, 0xcdf3, 0xcdd2, 0xcdd2, 0xc570, 0xc50d, 0xc50d, 0xb48a, 0xb46a, 0xb46a, 0xb46a, 0xb46a, 0xb46a, 
	0xb46a, 0xb48a, 0xb46a, 0xb46a, 0xbcec, 0xc54f, 0xc54f, 0xcdb2, 0xcdf5, 0xcdf5, 0xce36, 0xce57, 0xce57, 0xce37, 0xce37, 0xce37, 
	0xce37, 0xce37, 0xce37, 0xce57, 0xce57, 0xce57, 0xce57, 0xce37, 0xce57, 0xce57, 0xce57, 0xce57, 0xce57, 0xce37, 0xce37, 0xce37, 
	0xce37, 0xce37, 0xce37, 0xce37, 0xce37, 0xce37, 0xce37, 0xce37, 0xce37, 0xce37, 0xce37, 0xce37, 0xce37, 0xce36, 0xce36, 0xce37, 
	0xbd50, 0xbd50, 0xbd50, 0xbd50, 0xbd50, 0xbd50, 0xbd50, 0xbd50, 0xbd50, 0xbd50, 0xbd50, 0xbd50, 0xbd50, 0xbd50, 0xbd50, 0xbd50, 
	0xbd50, 0xbd50, 0xbd50, 0xbd50, 0xbd50, 0xbd50, 0xbd50, 0xbd50, 0xbd50, 0xbd51, 0xbd51, 0xbd51, 0xbd51, 0xbd51, 0xbd51, 0xc592, 
	0xd5d3, 0xd5d3, 0xe656, 0xeeb7, 0xeeb7, 0xf6d7, 0xf6b6, 0xf6b6, 0xee74, 0xee73, 0xee73, 0xee53, 0xee73, 0xee73, 0xee74, 0xee95, 
	0xee95, 0xeed6, 0xf738, 0xf738, 0xff9b, 0xffdd, 0xf7de, 0xf7de, 0xf7dd, 0xf77b, 0xf77b, 0xef5b, 0xf77b, 0xf77b, 0xffbc, 0xf77c, 
	0xf77c, 0xef5b, 0xef3b, 0xef3b, 0xef1a, 0xe71a, 0xe71a, 0xe6d9, 0xe6b8, 0xe6b8, 0xde98, 0xde76, 0xde76, 0xde56, 0xd635, 0xd635, 
	0xd614, 0xd5f3, 0xcdd3, 0xcdd3, 0xcdd2, 0xc5b1, 0xc5b1, 0xcdb0, 0xcdb1, 0xcdb1, 0xc570, 0xc570, 0xc570, 0xc590, 0xc570, 0xc570, 
	0xc570, 0xc570, 0xc570, 0xc591, 0xc5b2, 0xc5b2, 0xcdb2, 0xcdb2, 0xcdb2, 0xcdb2, 0xc5b3, 0xc592, 0xc592, 0xc593, 0xbd93, 0xbd93, 
	0xc5b3, 0xcdf5, 0xcdf5, 0xc615, 0xce16, 0xce16, 0xc5d5, 0xbd93, 0xbd93, 0xc5d5, 0xc5f5, 0xc5f5, 0xc5d4, 0xc615, 0xc615, 0xce36, 
	0xce36, 0xce36, 0xce36, 0xce56, 0xce56, 0xce56, 0xce56, 0xce16, 0xce16, 0xce36, 0xc616, 0xc616, 0xce36, 0xce36, 0xce36, 0xd657, 
	0xd677, 0xd677, 0xd676, 0xd676, 0xd676, 0xc5f4, 0xbd93, 0xbd93, 0xce15, 0xce35, 0xce35, 0xd656, 0xd676, 0xd676, 0xd676, 0xd676, 
	0xd676, 0xd676, 0xd656, 0xd656, 0xd656, 0xd636, 0xd656, 0xd656, 0xd656, 0xd636, 0xd636, 0xd635, 0xd5f4, 0xd5f4, 0xcdd2, 0xcdb2, 
	0xcdb2, 0xcdf3, 0xd613, 0xd613, 0xcdf3, 0xcdd2, 0xcdd2, 0xc570, 0xc50d, 0xc50d, 0xb48a, 0xb46a, 0xb46a, 0xb46a, 0xb46a, 0xb46a, 
	0xb46a, 0xb48a, 0xb46a, 0xb46a, 0xbcec, 0xc54f, 0xc54f, 0xcdb2, 0xcdf5, 0xcdf5, 0xce36, 0xce57, 0xce57, 0xce37, 0xce37, 0xce37, 
	0xce37, 0xce37, 0xce37, 0xce57, 0xce57, 0xce57, 0xce57, 0xce37, 0xce57, 0xce57, 0xce57, 0xce57, 0xce57, 0xce37, 0xce37, 0xce37, 
	0xce37, 0xce37, 0xce37, 0xce37, 0xce37, 0xce37, 0xce37, 0xce37, 0xce37, 0xce37, 0xce37, 0xce37, 0xce37, 0xce36, 0xce36, 0xce37, 
	0xbd50, 0xbd50, 0xbd50, 0xbd50, 0xbd50, 0xbd50, 0xbd50, 0xbd50, 0xbd50, 0xbd50, 0xbd50, 0xbd50, 0xbd50, 0xbd50, 0xbd50, 0xbd50, 
	0xbd50, 0xbd50, 0xbd50, 0xbd50, 0xbd50, 0xbd50, 0xbd50, 0xbd50, 0xbd50, 0xbd50, 0xbd50, 0xbd50, 0xbd50, 0xbd50, 0xbd50, 0xcd92, 
	0xd5f4, 0xd5f4, 0xe656, 0xee96, 0xee96, 0xf696, 0xee75, 0xee75, 0xee53, 0xee73, 0xee73, 0xee73, 0xee73, 0xee73, 0xee74, 0xee95, 
	0xee95, 0xeef7, 0xf75a, 0xf75a, 0xffbd, 0xf7de, 0xf7de, 0xf7de, 0xf7bd, 0xef5b, 0xef5b, 0xef59, 0xff9b, 0xff9b, 0xf79c, 0xf79c, 
	0xf79c, 0xef7b, 0xef5a, 0xef5a, 0xef3a, 0xe719, 0xe719, 0xe6d8, 0xe6b8, 0xe6b8, 0xde97, 0xde56, 0xde56, 0xde36, 0xd615, 0xd615, 
	0xd5f4, 0xd5f4, 0xcdd3, 0xcdd3, 0xcdd2, 0xcdb1, 0xcdb1, 0xcdb1, 0xcdb1, 0xcdb1, 0xc590, 0xc590, 0xc590, 0xc590, 0xc570, 0xc570, 
	0xc590, 0xc590, 0xc590, 0xc590, 0xcdb2, 0xcdb2, 0xc5b2, 0xc592, 0xc592, 0xcdb2, 0xc5d3, 0xcdd3, 0xcdd3, 0xc5b3, 0xc5b3, 0xc5b3, 
	0xc5b3, 0xc5b4, 0xc5b4, 0xc5d4, 0xc5d5, 0xc5d5, 0xbdb4, 0xbdd4, 0xbdd4, 0xce15, 0xce36, 0xce36, 0xce36, 0xc5f5, 0xc5f5, 0xc5f5, 
	0xc615, 0xc615, 0xce36, 0xce56, 0xce56, 0xd656, 0xce56, 0xce36, 0xce36, 0xce36, 0xc615, 0xc615, 0xce16, 0xd657, 0xd657, 0xd697, 
	0xd677, 0xd677, 0xd677, 0xd657, 0xd657, 0xce15, 0xc5b3, 0xc5b3, 0xcdf4, 0xd635, 0xd635, 0xd635, 0xd635, 0xd635, 0xd656, 0xd656, 
	0xce35, 0xce35, 0xce15, 0xcdf5, 0xcdf5, 0xd615, 0xce15, 0xce15, 0xce15, 0xce15, 0xce15, 0xce15, 0xd615, 0xd615, 0xcdf4, 0xcdd3, 
	0xcdd3, 0xcdf3, 0xce14, 0xce14, 0xce14, 0xcdf3, 0xcdf3, 0xcdb1, 0xc54f, 0xc54f, 0xbceb, 0xb48a, 0xb46a, 0xb46a, 0xb46a, 0xb46a, 
	0xb46a, 0xb469, 0xb469, 0xb469, 0xbd0c, 0xc56f, 0xc56f, 0xc5b2, 0xc5f4, 0xc5f4, 0xce16, 0xce37, 0xce37, 0xce37, 0xce37, 0xce37, 
	0xce37, 0xce57, 0xce57, 0xce57, 0xce57, 0xce57, 0xce57, 0xce37, 0xce57, 0xce57, 0xce57, 0xce37, 0xce37, 0xce37, 0xce37, 0xce37, 
	0xce36, 0xce37, 0xce37, 0xce37, 0xce37, 0xce37, 0xce37, 0xce37, 0xce37, 0xce37, 0xce37, 0xce37, 0xce17, 0xce17, 0xce17, 0xce37, 
	0xbd50, 0xbd50, 0xbd50, 0xbd50, 0xbd30, 0xbd30, 0xbd50, 0xbd50, 0xbd50, 0xbd50, 0xbd50, 0xbd50, 0xbd50, 0xbd50, 0xbd50, 0xbd50, 
	0xbd50, 0xbd50, 0xbd50, 0xbd50, 0xbd50, 0xbd50, 0xbd50, 0xbd50, 0xbd50, 0xbd50, 0xbd50, 0xbd50, 0xbd30, 0xbd50, 0xbd50, 0xc571, 
	0xd5f3, 0xd5f3, 0xe675, 0xee76, 0xee76, 0xee75, 0xee74, 0xee74, 0xe653, 0xee53, 0xee53, 0xee73, 0xe653, 0xe653, 0xee74, 0xeeb6, 
	0xeeb6, 0xf719, 0xf77b, 0xf77b, 0xffdd, 0xf7dd, 0xefbd, 0xefbd, 0xf77c, 0xef3a, 0xef3a, 0xf739, 0xf75b, 0xf75b, 0xf79c, 0xf79b, 
	0xf79b, 0xef5b, 0xef3a, 0xef3a, 0xe719, 0xe6f9, 0xe6f9, 0xe6d8, 0xe6b7, 0xe6b7, 0xde77, 0xde56, 0xde56, 0xde35, 0xd615, 0xd615, 
	0xd5f4, 0xd5f4, 0xcdf3, 0xcdf3, 0xcdd2, 0xcdb1, 0xcdb1, 0xcdb1, 0xcdb1, 0xcdb1, 0xc570, 0xbd6f, 0xbd6f, 0xc570, 0xc570, 0xc570, 
	0xc590, 0xcd90, 0xcd90, 0xcdb1, 0xcdb2, 0xcdb2, 0xc591, 0xc592, 0xc592, 0xc5b2, 0xc5d3, 0xc5d3, 0xc5d3, 0xc5b2, 0xcdd4, 0xcdd4, 
	0xc5d4, 0xbd93, 0xbd93, 0xbdb4, 0xc615, 0xc615, 0xce15, 0xce15, 0xce15, 0xce36, 0xce36, 0xce36, 0xce15, 0xc615, 0xc615, 0xc5f5, 
	0xc615, 0xc615, 0xce36, 0xce56, 0xce56, 0xce36, 0xc615, 0xce36, 0xce36, 0xce36, 0xc5f4, 0xc5f4, 0xce36, 0xd677, 0xd677, 0xd677, 
	0xd657, 0xd657, 0xd657, 0xd657, 0xd657, 0xd636, 0xc5b4, 0xc5b4, 0xc5b3, 0xce15, 0xce15, 0xd655, 0xd635, 0xd635, 0xce35, 0xce35, 
	0xce15, 0xce15, 0xd615, 0xd635, 0xd635, 0xce14, 0xcdf4, 0xcdf4, 0xcdf4, 0xce14, 0xce14, 0xce14, 0xd655, 0xd655, 0xd656, 0xd635, 
	0xd635, 0xce14, 0xce14, 0xce14, 0xd635, 0xd634, 0xd634, 0xcdd2, 0xc54f, 0xc54f, 0xbceb, 0xbcab, 0xb48a, 0xb48a, 0xb46a, 0xb46a, 
	0xb46a, 0xb469, 0xb46a, 0xb46a, 0xc50d, 0xcd70, 0xcd70, 0xcdb2, 0xc5d4, 0xc5d4, 0xc5f6, 0xce17, 0xce17, 0xce17, 0xce16, 0xce16, 
	0xce37, 0xce57, 0xce57, 0xce57, 0xce37, 0xc637, 0xc637, 0xce37, 0xce58, 0xce58, 0xce58, 0xce37, 0xce37, 0xce37, 0xce36, 0xce36, 
	0xce36, 0xce36, 0xce36, 0xce37, 0xce37, 0xce37, 0xce37, 0xce37, 0xce37, 0xce37, 0xc616, 0xc616, 0xce16, 0xce16, 0xce16, 0xce37, 
	0xbd50, 0xbd50, 0xbd50, 0xbd50, 0xbd30, 0xbd30, 0xbd50, 0xbd50, 0xbd50, 0xbd50, 0xbd50, 0xbd50, 0xbd50, 0xbd50, 0xbd50, 0xbd50, 
	0xbd50, 0xbd50, 0xbd50, 0xbd50, 0xbd50, 0xbd50, 0xbd50, 0xbd50, 0xbd50, 0xbd50, 0xbd50, 0xbd50, 0xbd30, 0xbd50, 0xbd50, 0xc571, 
	0xd5f3, 0xd5f3, 0xe675, 0xee76, 0xee76, 0xee75, 0xee74, 0xee74, 0xe653, 0xee53, 0xee53, 0xee73, 0xe653, 0xe653, 0xee74, 0xeeb6, 
	0xeeb6, 0xf719, 0xf77b, 0xf77b, 0xffdd, 0xf7dd, 0xefbd, 0xefbd, 0xf77c, 0xef3a, 0xef3a, 0xf739, 0xf75b, 0xf75b, 0xf79c, 0xf79b, 
	0xf79b, 0xef5b, 0xef3a, 0xef3a, 0xe719, 0xe6f9, 0xe6f9, 0xe6d8, 0xe6b7, 0xe6b7, 0xde77, 0xde56, 0xde56, 0xde35, 0xd615, 0xd615, 
	0xd5f4, 0xd5f4, 0xcdf3, 0xcdf3, 0xcdd2, 0xcdb1, 0xcdb1, 0xcdb1, 0xcdb1, 0xcdb1, 0xc570, 0xbd6f, 0xbd6f, 0xc570, 0xc570, 0xc570, 
	0xc590, 0xcd90, 0xcd90, 0xcdb1, 0xcdb2, 0xcdb2, 0xc591, 0xc592, 0xc592, 0xc5b2, 0xc5d3, 0xc5d3, 0xc5d3, 0xc5b2, 0xcdd4, 0xcdd4, 
	0xc5d4, 0xbd93, 0xbd93, 0xbdb4, 0xc615, 0xc615, 0xce15, 0xce15, 0xce15, 0xce36, 0xce36, 0xce36, 0xce15, 0xc615, 0xc615, 0xc5f5, 
	0xc615, 0xc615, 0xce36, 0xce56, 0xce56, 0xce36, 0xc615, 0xce36, 0xce36, 0xce36, 0xc5f4, 0xc5f4, 0xce36, 0xd677, 0xd677, 0xd677, 
	0xd657, 0xd657, 0xd657, 0xd657, 0xd657, 0xd636, 0xc5b4, 0xc5b4, 0xc5b3, 0xce15, 0xce15, 0xd655, 0xd635, 0xd635, 0xce35, 0xce35, 
	0xce15, 0xce15, 0xd615, 0xd635, 0xd635, 0xce14, 0xcdf4, 0xcdf4, 0xcdf4, 0xce14, 0xce14, 0xce14, 0xd655, 0xd655, 0xd656, 0xd635, 
	0xd635, 0xce14, 0xce14, 0xce14, 0xd635, 0xd634, 0xd634, 0xcdd2, 0xc54f, 0xc54f, 0xbceb, 0xbcab, 0xb48a, 0xb48a, 0xb46a, 0xb46a, 
	0xb46a, 0xb469, 0xb46a, 0xb46a, 0xc50d, 0xcd70, 0xcd70, 0xcdb2, 0xc5d4, 0xc5d4, 0xc5f6, 0xce17, 0xce17, 0xce17, 0xce16, 0xce16, 
	0xce37, 0xce57, 0xce57, 0xce57, 0xce37, 0xc637, 0xc637, 0xce37, 0xce58, 0xce58, 0xce58, 0xce37, 0xce37, 0xce37, 0xce36, 0xce36, 
	0xce36, 0xce36, 0xce36, 0xce37, 0xce37, 0xce37, 0xce37, 0xce37, 0xce37, 0xce37, 0xc616, 0xc616, 0xce16, 0xce16, 0xce16, 0xce37, 
	0xbd50, 0xbd50, 0xbd50, 0xbd50, 0xbd30, 0xbd30, 0xbd50, 0xbd50, 0xbd50, 0xbd50, 0xbd50, 0xbd50, 0xbd50, 0xbd50, 0xbd50, 0xbd50, 
	0xbd4f, 0xbd4f, 0xbd4f, 0xbd50, 0xbd50, 0xbd4f, 0xbd4f, 0xbd4f, 0xbd30, 0xbd30, 0xbd30, 0xbd30, 0xbd30, 0xbd50, 0xbd50, 0xbd50, 
	0xcdb2, 0xcdb2, 0xde54, 0xe654, 0xe654, 0xe634, 0xe653, 0xe653, 0xe633, 0xe633, 0xe633, 0xe632, 0xe633, 0xe633, 0xee74, 0xf6d7, 
	0xf6d7, 0xf75a, 0xf7bc, 0xf7bc, 0xffdd, 0xf7dd, 0xf79d, 0xf79d, 0xef5b, 0xeef9, 0xeef9, 0xf719, 0xf73a, 0xf73a, 0xf77b, 0xef7b, 
	0xef7b, 0xef5a, 0xe73a, 0xe73a, 0xe6f9, 0xe6d8, 0xe6d8, 0xe6b8, 0xe6b7, 0xe6b7, 0xde76, 0xde55, 0xde55, 0xd635, 0xd614, 0xd614, 
	0xd614, 0xd5f4, 0xcdf3, 0xcdf3, 0xcdd2, 0xcdd2, 0xcdd2, 0xcdb1, 0xcdb1, 0xcdb1, 0xc590, 0xc570, 0xc570, 0xc570, 0xbd4f, 0xbd4f, 
	0xc570, 0xcd90, 0xcd90, 0xcd91, 0xc591, 0xc591, 0xbd71, 0xc592, 0xc592, 0xc592, 0xc5b2, 0xc5b2, 0xc5b2, 0xbd92, 0xbd93, 0xbd93, 
	0xcdf4, 0xc5d4, 0xc5d4, 0xcdf5, 0xce16, 0xce16, 0xd656, 0xd677, 0xd677, 0xce36, 0xc5f5, 0xc5f5, 0xc615, 0xce36, 0xce36, 0xce16, 
	0xce36, 0xce36, 0xce36, 0xc5f5, 0xc5f5, 0xbdb4, 0xbdb4, 0xc5f5, 0xc5f5, 0xcdf5, 0xc5d4, 0xc5d4, 0xce15, 0xce16, 0xce16, 0xce16, 
	0xce16, 0xce16, 0xce16, 0xce36, 0xce36, 0xd636, 0xd636, 0xd636, 0xcdd4, 0xc5d4, 0xc5d4, 0xd635, 0xd655, 0xd655, 0xd635, 0xd635, 
	0xd615, 0xd615, 0xde35, 0xde55, 0xde55, 0xde56, 0xde76, 0xde76, 0xde56, 0xce15, 0xce15, 0xcdf4, 0xce15, 0xce15, 0xd656, 0xd656, 
	0xd656, 0xd655, 0xd635, 0xd635, 0xd655, 0xd655, 0xd655, 0xd5f4, 0xc56f, 0xc56f, 0xbceb, 0xbceb, 0xbcab, 0xbcab, 0xbc8a, 0xbc8a, 
	0xbc8a, 0xb46a, 0xb48a, 0xb48a, 0xc50d, 0xc54f, 0xc54f, 0xc591, 0xc5d4, 0xc5d4, 0xc5f6, 0xce17, 0xce17, 0xce16, 0xce16, 0xce16, 
	0xc616, 0xc616, 0xc616, 0xc616, 0xce37, 0xc637, 0xc637, 0xc637, 0xce37, 0xce37, 0xce37, 0xce37, 0xce37, 0xce36, 0xce36, 0xce36, 
	0xce36, 0xce37, 0xce37, 0xce37, 0xce37, 0xce37, 0xce37, 0xce37, 0xce37, 0xce36, 0xc616, 0xc616, 0xc616, 0xce16, 0xce16, 0xce16, 
	0xbd50, 0xbd50, 0xbd50, 0xbd50, 0xbd30, 0xbd30, 0xbd50, 0xbd50, 0xbd50, 0xbd50, 0xbd50, 0xbd50, 0xbd50, 0xbd50, 0xbd50, 0xbd50, 
	0xbd4f, 0xbd4f, 0xbd4f, 0xbd50, 0xbd50, 0xbd4f, 0xbd4f, 0xbd4f, 0xbd30, 0xbd30, 0xbd30, 0xbd30, 0xbd30, 0xbd50, 0xbd50, 0xbd50, 
	0xcdb2, 0xcdb2, 0xde54, 0xe654, 0xe654, 0xe634, 0xe653, 0xe653, 0xe633, 0xe633, 0xe633, 0xe632, 0xe633, 0xe633, 0xee74, 0xf6d7, 
	0xf6d7, 0xf75a, 0xf7bc, 0xf7bc, 0xffdd, 0xf7dd, 0xf79d, 0xf79d, 0xef5b, 0xeef9, 0xeef9, 0xf719, 0xf73a, 0xf73a, 0xf77b, 0xef7b, 
	0xef7b, 0xef5a, 0xe73a, 0xe73a, 0xe6f9, 0xe6d8, 0xe6d8, 0xe6b8, 0xe6b7, 0xe6b7, 0xde76, 0xde55, 0xde55, 0xd635, 0xd614, 0xd614, 
	0xd614, 0xd5f4, 0xcdf3, 0xcdf3, 0xcdd2, 0xcdd2, 0xcdd2, 0xcdb1, 0xcdb1, 0xcdb1, 0xc590, 0xc570, 0xc570, 0xc570, 0xbd4f, 0xbd4f, 
	0xc570, 0xcd90, 0xcd90, 0xcd91, 0xc591, 0xc591, 0xbd71, 0xc592, 0xc592, 0xc592, 0xc5b2, 0xc5b2, 0xc5b2, 0xbd92, 0xbd93, 0xbd93, 
	0xcdf4, 0xc5d4, 0xc5d4, 0xcdf5, 0xce16, 0xce16, 0xd656, 0xd677, 0xd677, 0xce36, 0xc5f5, 0xc5f5, 0xc615, 0xce36, 0xce36, 0xce16, 
	0xce36, 0xce36, 0xce36, 0xc5f5, 0xc5f5, 0xbdb4, 0xbdb4, 0xc5f5, 0xc5f5, 0xcdf5, 0xc5d4, 0xc5d4, 0xce15, 0xce16, 0xce16, 0xce16, 
	0xce16, 0xce16, 0xce16, 0xce36, 0xce36, 0xd636, 0xd636, 0xd636, 0xcdd4, 0xc5d4, 0xc5d4, 0xd635, 0xd655, 0xd655, 0xd635, 0xd635, 
	0xd615, 0xd615, 0xde35, 0xde55, 0xde55, 0xde56, 0xde76, 0xde76, 0xde56, 0xce15, 0xce15, 0xcdf4, 0xce15, 0xce15, 0xd656, 0xd656, 
	0xd656, 0xd655, 0xd635, 0xd635, 0xd655, 0xd655, 0xd655, 0xd5f4, 0xc56f, 0xc56f, 0xbceb, 0xbceb, 0xbcab, 0xbcab, 0xbc8a, 0xbc8a, 
	0xbc8a, 0xb46a, 0xb48a, 0xb48a, 0xc50d, 0xc54f, 0xc54f, 0xc591, 0xc5d4, 0xc5d4, 0xc5f6, 0xce17, 0xce17, 0xce16, 0xce16, 0xce16, 
	0xc616, 0xc616, 0xc616, 0xc616, 0xce37, 0xc637, 0xc637, 0xc637, 0xce37, 0xce37, 0xce37, 0xce37, 0xce37, 0xce36, 0xce36, 0xce36, 
	0xce36, 0xce37, 0xce37, 0xce37, 0xce37, 0xce37, 0xce37, 0xce37, 0xce37, 0xce36, 0xc616, 0xc616, 0xc616, 0xce16, 0xce16, 0xce16
};


